source_entry_id,word_simplified,pinyin,part_of_speech_zh,hsk2_2015_level,hsk3_2025_band,hsk3_2025_order
w00001,爱,ài,动,1,1,1
w00002,八,bā,数,1,1,2
w00003,爸爸,bàba,名,1,1,3
w00004,吧,ba,助,2,1,4
w00005,白天,báitiān,名,,1,5
w00006,百,bǎi,数,2,1,6
w00007,半,bàn,数、（副）,3,1,7
w00008,包子,bāozi,名,4,1,8
w00009,杯子,bēizi,名,1,1,9
w00010,本,běn,量,1,1,10
w00011,边,biān,名、后缀,,1,11
w00012,病,bìng,名、动,,1,12
w00013,不,bù,副,1,1,13
w00014,不客气,bú kèqi,,1,1,14
w00015,不要,búyào,副,,1,15
w00016,菜,cài,名,1,1,16
w00017,茶,chá,名,1,1,17
w00018,唱,chàng,动,,1,18
w00019,超市,chāoshì,名,3,1,19
w00020,车,chē,名,,1,20
w00021,吃,chī,动,1,1,21
w00022,出租车,chūzūchē,名,1,1,22
w00023,穿,chuān,动,2,1,23
w00024,打电话,dǎ diànhuà,,1,1,24
w00025,大,dà,形,1,1,25
w00026,大家,dàjiā,代,2,1,26
w00027,大学,dàxué,名,,1,27
w00028,大学生,dàxuéshēng,名,,1,28
w00029,到,dào,动,2,1,29
w00030,的,de,助,1,1,30
w00031,第,dì,前缀,,1,31
w00032,弟弟,dìdi,名,2,1,32
w00033,点,diǎn,量、（名）,1,1,33
w00034,店,diàn,名,,1,34
w00035,电话,diànhuà,名,,1,35
w00036,电脑,diànnǎo,名,1,1,36
w00037,电视,diànshì,名,1,1,37
w00038,电影,diànyǐng,名,1,1,38
w00039,电影院,diànyǐngyuàn,名,,1,39
w00040,东西,dōngxi,名,1,1,40
w00041,都,dōu,副,1,1,41
w00042,读,dú,动,1,1,42
w00043,读书,dúshū,动,,1,43
w00044,对,duì,形、介、（动、量）,2,1,44
w00045,对不起,duìbuqǐ,动,1,1,45
w00046,多,duō,形、动、代、（数、副）,1,1,46
w00047,多少,duōshao,代,1,1,47
w00048,儿子,érzi,名,1,1,48
w00049,二,èr,数,1,1,49
w00050,饭,fàn,名,,1,50
w00051,饭店,fàndiàn,名,1,1,51
w00052,房间,fángjiān,名,2,1,52
w00053,非常,fēicháng,副,2,1,53
w00054,飞机,fēijī,名,1,1,54
w00055,分,fēn,量、（动、名）,3,1,55
w00056,分钟,fēnzhōng,量,1,1,56
w00057,高兴,gāoxìng,形,1,1,57
w00058,歌,gē,名,,1,58
w00059,哥哥,gēge,名,2,1,59
w00060,个,gè,量,1,1,60
w00061,给,gěi,动、（介）,2,1,61
w00062,公司,gōngsī,名,2,1,62
w00063,工作,gōngzuò,动、名,1,1,63
w00064,狗,gǒu,名,1,1,64
w00065,贵,guì,形,2,1,65
w00066,国,guó,名,,1,66
w00067,还,hái,副,2,1,67
w00068,孩子,háizi,名,2,1,68
w00069,汉语,Hànyǔ,名,1,1,69
w00070,汉字,Hànzì,名,,1,70
w00071,好,hǎo,形、（副）、（动）,1,1,71
w00072,好吃,hǎochī,形,2,1,72
w00073,好看,hǎokàn,形,,1,73
w00074,好听,hǎotīng,形,,1,74
w00075,好玩儿,hǎowánr,形,,1,75
w00076,号,hào,名、量,1,1,76
w00077,喝,hē,动,1,1,77
w00078,和,hé,介、连,1,1,78
w00079,很,hěn,副,1,1,79
w00080,后,hòu,名,,1,80
w00081,回,huí,动、（量）,1,1,81
w00082,会,huì,动,1,1,82
w00083,火车,huǒchē,名,,1,83
w00084,鸡蛋,jīdàn,名,2,1,84
w00085,几,jǐ,代、数,1,1,85
w00086,家,jiā,名、量、（后缀）,1,1,86
w00087,家人,jiārén,名,,1,87
w00088,见,jiàn,动,,1,88
w00089,件,jiàn,量,2,1,89
w00090,饺子,jiǎozi,名,4,1,90
w00091,叫,jiào,动、（介）,1,1,91
w00092,姐姐,jiějie,名,2,1,92
w00093,今年,jīnnián,名,,1,93
w00094,今天,jīntiān,名,1,1,94
w00095,九,jiǔ,数,1,1,95
w00096,觉得,juéde,动,2,1,96
w00097,开,kāi,动,1,1,97
w00098,开车,kāichē,动,,1,98
w00099,看,kàn,动,1,1,99
w00100,看病,kànbìng,动,,1,100
w00101,看见,kànjiàn,动,1,1,101
w00102,可以,kěyǐ,动、形,2,1,102
w00103,课,kè,名,2,1,103
w00104,口,kǒu,名、量,3,1,104
w00105,块,kuài,量,1,1,105
w00106,来,lái,动,1,1,106
w00107,老师,lǎoshī,名,1,1,107
w00108,了,le,助,1,1,108
w00109,冷,lěng,形,1,1,109
w00110,里,lǐ,名,1,1,110
w00111,两,liǎng,数,2,1,111
w00112,零,líng,数,2,1,112
w00113,六,liù,数,1,1,113
w00114,妈妈,māma,名,1,1,114
w00115,吗,ma,助,1,1,115
w00116,买,mǎi,动,1,1,116
w00117,卖,mài,动,2,1,117
w00118,忙,máng,形、动,2,1,118
w00119,猫,māo,名,1,1,119
w00120,没关系,méi guānxi,,1,1,120
w00121,没事,méishì,动,,1,121
w00122,没有,méiyǒu,动、副,1,1,122
w00123,妹妹,mèimei,名,2,1,123
w00124,们,men,后缀,,1,124
w00125,米饭,mǐfàn,名,1,1,125
w00126,面包,miànbāo,名,3,1,126
w00127,面条儿,miàntiáor,名,,1,127
w00128,明年,míngnián,名,,1,128
w00129,明天,míngtiān,名,1,1,129
w00130,名字,míngzi,名,1,1,130
w00131,哪,nǎ,代,1,1,131
w00132,哪个,nǎge,代,,1,132
w00133,哪里,nǎlǐ,代,,1,133
w00134,哪儿,nǎr,代,1,1,134
w00135,哪些,nǎxiē,代,,1,135
w00136,那,nà,代、（连）,1,1,136
w00137,那边,nàbiān,代,,1,137
w00138,那个,nàge,代,,1,138
w00139,那里,nàlǐ,代,,1,139
w00140,那儿,nàr,代,,1,140
w00141,那些,nàxiē,代,,1,141
w00142,男,nán,形,2,1,142
w00143,男朋友,nánpéngyou,名,,1,143
w00144,呢,ne,助,1,1,144
w00145,能,néng,动,1,1,145
w00146,你,nǐ,代,1,1,146
w00147,你好,nǐ hǎo,,,1,147
w00148,你们,nǐmen,代,,1,148
w00149,年,nián,名、量,1,1,149
w00150,您,nín,代,2,1,150
w00151,牛奶,niúnǎi,名,2,1,151
w00152,女,nǚ,形,2,1,152
w00153,女儿,nǚ’ér,名,1,1,153
w00154,女朋友,nǚpéngyou,名,,1,154
w00155,女士,nǚshì,名,5,1,155
w00156,朋友,péngyou,名,1,1,156
w00157,便宜,piányi,形,2,1,157
w00158,漂亮,piàoliang,形,1,1,158
w00159,苹果,píngguǒ,名,1,1,159
w00160,七,qī,数,1,1,160
w00161,起床,qǐchuáng,动,2,1,161
w00162,千,qiān,数,2,1,162
w00163,前,qián,名,,1,163
w00164,钱,qián,名,1,1,164
w00165,请,qǐng,动,1,1,165
w00166,请问,qǐngwèn,动,,1,166
w00167,去,qù,动,1,1,167
w00168,去年,qùnián,名,2,1,168
w00169,热,rè,形,1,1,169
w00170,人,rén,名,1,1,170
w00171,认识,rènshi,动,1,1,171
w00172,日,rì,量、（名）,2,1,172
w00173,三,sān,数,1,1,173
w00174,商店,shāngdiàn,名,1,1,174
w00175,上,shàng,名、动,1,1,175
w00176,上班,shàngbān,动,2,1,176
w00177,上课,shàngkè,动,,1,177
w00178,上午,shàngwǔ,名,1,1,178
w00179,上学,shàngxué,动,,1,179
w00180,少,shǎo,形、动,1,1,180
w00181,谁,shéi/shuí,代,1,1,181
w00182,什么,shénme,代,1,1,182
w00183,生病,shēngbìng,动,2,1,183
w00184,十,shí,数,1,1,184
w00185,时候,shíhou,名,1,1,185
w00186,时间,shíjiān,名,2,1,186
w00187,事,shì,名,,1,187
w00188,是,shì,动,1,1,188
w00189,手机,shǒujī,名,2,1,189
w00190,书,shū,名,1,1,190
w00191,书店,shūdiàn,名,,1,191
w00192,水,shuǐ,名,1,1,192
w00193,水果,shuǐguǒ,名,1,1,193
w00194,睡,shuì,动,,1,194
w00195,睡觉,shuìjiào,动,1,1,195
w00196,说,shuō,动,1,1,196
w00197,说话,shuōhuà,动,2,1,197
w00198,四,sì,数,1,1,198
w00199,岁,suì,量,1,1,199
w00200,他,tā,代,1,1,200
w00201,它,tā,代,2,1,201
w00202,她,tā,代,1,1,202
w00203,他们,tāmen,代,,1,203
w00204,它们,tāmen,代,,1,204
w00205,她们,tāmen,代,,1,205
w00206,太,tài,副,1,1,206
w00207,天,tiān,名、量,,1,207
w00208,天气,tiānqì,名,1,1,208
w00209,听,tīng,动,1,1,209
w00210,听见,tīngjiàn,动,,1,210
w00211,同学,tóngxué,名,1,1,211
w00212,外,wài,名,2,1,212
w00213,外边,wàibian,名,,1,213
w00214,玩,wán,动,2,1,214
w00215,晚,wǎn,形,,1,215
w00216,晚饭,wǎnfàn,名,,1,216
w00217,晚上,wǎnshang,名,2,1,217
w00218,喂,wèi,叹,1,1,218
w00219,问,wèn,动,2,1,219
w00220,问题,wèntí,名,2,1,220
w00221,我,wǒ,代,1,1,221
w00222,我们,wǒmen,代,1,1,222
w00223,五,wǔ,数,1,1,223
w00224,午饭,wǔfàn,名,,1,224
w00225,喜欢,xǐhuan,动,1,1,225
w00226,下,xià,名、动、量,1,1,226
w00227,下雨,xià yǔ,,1,1,227
w00228,下班,xiàbān,动,,1,228
w00229,下课,xiàkè,动,,1,229
w00230,下午,xiàwǔ,名,1,1,230
w00231,先生,xiānsheng,名,1,1,231
w00232,现在,xiànzài,名,1,1,232
w00233,想,xiǎng,动,1,1,233
w00234,小,xiǎo,形、前缀,1,1,234
w00235,小朋友,xiǎopéngyǒu,名,,1,235
w00236,小时,xiǎoshí,名,2,1,236
w00237,小学,xiǎoxué,名,,1,237
w00238,小学生,xiǎoxuéshēng,名,,1,238
w00239,些,xiē,量,1,1,239
w00240,写,xiě,动,1,1,240
w00241,谢谢,xièxie,动,1,1,241
w00242,新,xīn,形,2,1,242
w00243,星期,xīngqī,名,1,1,243
w00244,星期日,xīngqīrì,名,,1,244
w00245,星期天,xīngqītiān,名,,1,245
w00246,休息,xiūxi,动,2,1,246
w00247,学,xué,动,,1,247
w00248,学生,xuéshēng,名,1,1,248
w00249,学习,xuéxí,动,1,1,249
w00250,学校,xuéxiào,名,1,1,250
w00251,雪,xuě,名,2,1,251
w00252,要,yào,动,2,1,252
w00253,也,yě,副,2,1,253
w00254,一,yī,数,1,1,254
w00255,衣服,yīfu,名,1,1,255
w00256,医生,yīshēng,名,1,1,256
w00257,医院,yīyuàn,名,1,1,257
w00258,一半,yíbàn,数,,1,258
w00259,一下,yíxià,数量、（副）,2,1,259
w00260,椅子,yǐzi,名,1,1,260
w00261,一点儿,yìdiǎnr,数量,1,1,261
w00262,一些,yìxiē,数量,,1,262
w00263,有,yǒu,动,1,1,263
w00264,有的,yǒude,代,,1,264
w00265,有点儿,yǒudiǎnr,副,,1,265
w00266,有些,yǒuxiē,代、（副）,,1,266
w00267,雨,yǔ,名,,1,267
w00268,元,yuán,量,3,1,268
w00269,月,yuè,名,1,1,269
w00270,再,zài,副,2,1,270
w00271,在,zài,动、介、副,1,1,271
w00272,再见,zàijiàn,动,1,1,272
w00273,早,zǎo,形,,1,273
w00274,早饭,zǎofàn,名,,1,274
w00275,早上,zǎoshang,名,2,1,275
w00276,怎么,zěnme,代,1,1,276
w00277,怎么样,zěnmeyàng,代,1,1,277
w00278,找,zhǎo,动,2,1,278
w00279,这,zhè,代,1,1,279
w00280,这边,zhèbiān,代,,1,280
w00281,这个,zhège,代,,1,281
w00282,这里,zhèlǐ,代,,1,282
w00283,这儿,zhèr,代,,1,283
w00284,这些,zhèxiē,代,,1,284
w00285,真,zhēn,副、（形）,2,1,285
w00286,正在,zhèngzài,副,2,1,286
w00287,只,zhī,量,2,1,287
w00288,知道,zhīdào,动,2,1,288
w00289,中国,Zhōngguó,名,1,1,289
w00290,中文,Zhōngwén,名,3,1,290
w00291,中午,zhōngwǔ,名,1,1,291
w00292,中学,zhōngxué,名,,1,292
w00293,中学生,zhōngxuéshēng,名,,1,293
w00294,住,zhù,动,1,1,294
w00295,桌子,zhuōzi,名,1,1,295
w00296,字,zì,名,1,1,296
w00297,昨天,zuótiān,名,1,1,297
w00298,坐,zuò,动,1,1,298
w00299,做,zuò,动,1,1,299
w00300,做饭,zuò fàn,,,1,300
w00301,啊,a,助,3,2,301
w00302,爱好,àihào,动、名,3,2,302
w00303,白色,báisè,名,,2,303
w00304,班,bān,名、（量）,3,2,304
w00305,帮,bāng,动,,2,305
w00306,帮忙,bāngmáng,动,3,2,306
w00307,包,bāo,动、名、量,3,2,307
w00308,本子,běnzi,名,,2,308
w00309,比,bǐ,动、介,2,2,309
w00310,笔,bǐ,名、（量）,,2,310
w00311,别,bié,副,2,2,311
w00312,不错,búcuò,形,,2,312
w00313,不好意思,bù hǎoyìsi,,,2,313
w00314,长,cháng,形,2,2,314
w00315,车站,chēzhàn,名,,2,315
w00316,出,chū,动,2,2,316
w00317,出国,chūguó,动,,2,317
w00318,出来,chūlái,动,,2,318
w00319,出门,chūmén,动,,2,319
w00320,出去,chūqù,动,,2,320
w00321,床,chuáng,名,,2,321
w00322,词,cí,名,,2,322
w00323,次,cì,量、（形）,2,2,323
w00324,从,cóng,介、（副）,2,2,324
w00325,从小,cóngxiǎo,副,,2,325
w00326,错,cuò,形,2,2,326
w00327,打,dǎ,动,,2,327
w00328,打车,dǎchē,动,,2,328
w00329,打开,dǎkāi,动,,2,329
w00330,但,dàn,连、（副）,,2,330
w00331,但是,dànshì,连,,2,331
w00332,得,de,助,2,2,332
w00333,地,de,助,3,2,333
w00334,等,děng,动、（介）,2,2,334
w00335,地铁,dìtiě,名,3,2,335
w00336,点,diǎn,动、（名、量）,,2,336
w00337,懂,dǒng,动,2,2,337
w00338,动,dòng,动,,2,338
w00339,饭馆,fànguǎn,名,,2,339
w00340,飞,fēi,动,,2,340
w00341,高,gāo,形、名,2,2,341
w00342,高中,gāozhōng,名,,2,342
w00343,告诉,gàosu,动,2,2,343
w00344,个子,gèzi,名,3,2,344
w00345,跟,gēn,介、连、（名、动）,3,2,345
w00346,公交车,gōngjiāochē,名,,2,346
w00347,过,guò,动,3,2,347
w00348,过来,guòlái,动,,2,348
w00349,过年,guònián,动,,2,349
w00350,过去,guòqù,动,3,2,350
w00351,过,guo,助,2,2,351
w00352,还是,háishi,副、连,3,2,352
w00353,黑色,hēisè,名,,2,353
w00354,红茶,hóngchá,名,,2,354
w00355,红色,hóngsè,名,,2,355
w00356,后面,hòumiàn,名,1,2,356
w00357,花,huā,动,3,2,357
w00358,花,huā,名、（形）,3,2,358
w00359,画,huà,动、名,3,2,359
w00360,坏,huài,形,3,2,360
w00361,回来,huílái,动,,2,361
w00362,回去,huíqù,动,,2,362
w00363,机场,jīchǎng,名,2,2,363
w00364,机票,jīpiào,名,,2,364
w00365,记得,jìde,动,3,2,365
w00366,间,jiān,量、（名）,,2,366
w00367,教,jiāo,动,3,2,367
w00368,教室,jiàoshì,名,2,2,368
w00369,介绍,jièshào,动,2,2,369
w00370,进,jìn,动,2,2,370
w00371,近,jìn,形,2,2,371
w00372,进来,jìnlái,动,,2,372
w00373,进去,jìnqù,动,,2,373
w00374,经常,jīngcháng,副,3,2,374
w00375,酒店,jiǔdiàn,名,,2,375
w00376,就,jiù,副、（介）,2,2,376
w00377,咖啡,kāfēi,名,2,2,377
w00378,开始,kāishǐ,动、名,2,2,378
w00379,开学,kāixué,动,,2,379
w00380,考,kǎo,动,,2,380
w00381,考试,kǎoshì,动、名,2,2,381
w00382,可能,kěnéng,形、名、动,2,2,382
w00383,裤子,kùzi,名,3,2,383
w00384,快,kuài,形、副,2,2,384
w00385,快乐,kuàilè,形,2,2,385
w00386,快要,kuàiyào,副,,2,386
w00387,篮球,lánqiú,名,,2,387
w00388,累,lèi,形、动,2,2,388
w00389,离,lí,动,2,2,389
w00390,里面,lǐmiàn,名,,2,390
w00391,楼,lóu,名,3,2,391
w00392,路,lù,名,2,2,392
w00393,路上,lùshang,名,,2,393
w00394,旅游,lǚyóu,动,2,2,394
w00395,绿茶,lǜchá,名,,2,395
w00396,绿色,lǜsè,名、（形）,,2,396
w00397,慢,màn,形,2,2,397
w00398,没意思,méi yìsi,,,2,398
w00399,每,měi,代、（副）,2,2,399
w00400,门,mén,名,2,2,400
w00401,门口,ménkǒu,名,,2,401
w00402,门票,ménpiào,名,,2,402
w00403,面,miàn,后缀、（动、名、量）,,2,403
w00404,名,míng,名、量,,2,404
w00405,拿,ná,动,3,2,405
w00406,那么,nàme,代、连,,2,406
w00407,那样,nàyàng,代,,2,407
w00408,奶茶,nǎichá,名,,2,408
w00409,奶奶,nǎinai,名,3,2,409
w00410,男孩儿,nánháir,名,,2,410
w00411,鸟,niǎo,名,3,2,411
w00412,女孩儿,nǚháir,名,,2,412
w00413,旁边,pángbiān,名,2,2,413
w00414,跑,pǎo,动,,2,414
w00415,跑步,pǎobù,动,2,2,415
w00416,票,piào,名,2,2,416
w00417,妻子,qīzi,名,2,2,417
w00418,起来,qǐlái,动,3,2,418
w00419,前面,qiánmiàn,名,1,2,419
w00420,晴,qíng,形,2,2,420
w00421,球,qiú,名,,2,421
w00422,让,ràng,动、（介）,2,2,422
w00423,肉,ròu,名,,2,423
w00424,商场,shāngchǎng,名,,2,424
w00425,上来,shànglái,动,,2,425
w00426,上面,shàngmiàn,名,,2,426
w00427,上去,shàngqù,动,,2,427
w00428,上网,shàngwǎng,动,3,2,428
w00429,身体,shēntǐ,名,2,2,429
w00430,生日,shēngrì,名,2,2,430
w00431,时,shí,名、（量）,,2,431
w00432,事情,shìqing,名,2,2,432
w00433,手,shǒu,名,,2,433
w00434,手表,shǒubiǎo,名,2,2,434
w00435,书包,shūbāo,名,,2,435
w00436,舒服,shūfu,形,3,2,436
w00437,送,sòng,动,2,2,437
w00438,虽然,suīrán,连,,2,438
w00439,所以,suǒyǐ,连,,2,439
w00440,疼,téng,形、（动）,3,2,440
w00441,踢,tī,动,,2,441
w00442,题,tí,名,2,2,442
w00443,条,tiáo,量、（名）,3,2,443
w00444,跳舞,tiàowǔ,动,2,2,444
w00445,头,tóu,名、（量）、（形）,,2,445
w00446,外国,wàiguó,名,,2,446
w00447,外面,wàimiàn,名,,2,447
w00448,完,wán,动,2,2,448
w00449,万,wàn,数,3,2,449
w00450,往,wǎng,动、介,2,2,450
w00451,网上,wǎngshang,名,,2,451
w00452,忘,wàng,动,,2,452
w00453,位,wèi,量,3,2,453
w00454,为什么,wèi shénme,,2,2,454
w00455,希望,xīwàng,动,2,2,455
w00456,洗,xǐ,动,2,2,456
w00457,洗手间,xǐshǒujiān,名,3,2,457
w00458,下来,xiàlái,动,,2,458
w00459,下面,xiàmiàn,名,,2,459
w00460,下去,xiàqù,动,,2,460
w00461,小孩儿,xiǎoháir,名,,2,461
w00462,小时候,xiǎoshíhou,名,,2,462
w00463,笑,xiào,动,2,2,463
w00464,姓,xìng,名、动,2,2,464
w00465,姓名,xìngmíng,名,,2,465
w00466,颜色,yánsè,名,2,2,466
w00467,眼睛,yǎnjing,名,2,2,467
w00468,药,yào,名,2,2,468
w00469,药店,yàodiàn,名,,2,469
w00470,爷爷,yéye,名,3,2,470
w00471,一会儿,yíhuìr,数量、（副）,3,2,471
w00472,已经,yǐjīng,副,2,2,472
w00473,一起,yìqǐ,副,2,2,473
w00474,意思,yìsi,名,2,2,474
w00475,阴,yīn,形,2,2,475
w00476,因为,yīnwèi,介、连,,2,476
w00477,游,yóu,动,,2,477
w00478,游泳,yóuyǒng,动,2,2,478
w00479,有意思,yǒu yìsi,,,2,479
w00480,有时,yǒushí,副,,2,480
w00481,右,yòu,名,,2,481
w00482,右边,yòubian,名,2,2,482
w00483,鱼,yú,名,2,2,483
w00484,远,yuǎn,形,2,2,484
w00485,运动,yùndòng,动、名,2,2,485
w00486,站,zhàn,名,3,2,486
w00487,丈夫,zhàngfu,名,2,2,487
w00488,这么,zhème,代,,2,488
w00489,这样,zhèyàng,代,,2,489
w00490,着,zhe,助,2,2,490
w00491,正,zhèng,副、（形）,5,2,491
w00492,周,zhōu,名、（量）,,2,492
w00493,准备,zhǔnbèi,动,2,2,493
w00494,自己,zìjǐ,代,3,2,494
w00495,走,zǒu,动,2,2,495
w00496,走路,zǒulù,动,,2,496
w00497,足球,zúqiú,名,,2,497
w00498,最,zuì,副,2,2,498
w00499,左,zuǒ,名,,2,499
w00500,左边,zuǒbian,名,2,2,500
w00501,阿姨,āyí,名,3,3,501
w00502,矮,ǎi,形,3,3,502
w00503,爱人,àiren,名,,3,503
w00504,安静,ānjìng,形,3,3,504
w00505,安全,ānquán,形,4,3,505
w00506,把,bǎ,量、介,3,3,506
w00507,搬,bān,动,3,3,507
w00508,班级,bānjí,名,,3,508
w00509,搬家,bānjiā,动,,3,509
w00510,办,bàn,动,,3,510
w00511,办法,bànfǎ,名,3,3,511
w00512,办公室,bàngōngshì,名,3,3,512
w00513,半天,bàntiān,数量,,3,513
w00514,帮助,bāngzhù,动,2,3,514
w00515,饱,bǎo,形,3,3,515
w00516,报纸,bàozhǐ,名,2,3,516
w00517,北,běi,名,,3,517
w00518,北方,běifāng,名,3,3,518
w00519,被,bèi,介,3,3,519
w00520,笔记,bǐjì,名,,3,520
w00521,比较,bǐjiào,动、介、副,3,3,521
w00522,笔记本,bǐjìběn,名,3,3,522
w00523,比如,bǐrú,动,4,3,523
w00524,比赛,bǐsài,动、名,3,3,524
w00525,必须,bìxū,副,3,3,525
w00526,变,biàn,动,,3,526
w00527,遍,biàn,量,4,3,527
w00528,变成,biànchéng,动,,3,528
w00529,变化,biànhuà,动、名,3,3,529
w00530,表演,biǎoyǎn,动,4,3,530
w00531,别的,biéde,代,,3,531
w00532,别人,biérén,代,3,3,532
w00533,宾馆,bīnguǎn,名,2,3,533
w00534,冰,bīng,名、（动）,,3,534
w00535,冰激凌,bīngjīlíng,名,5,3,535
w00536,冰箱,bīngxiāng,名,3,3,536
w00537,病人,bìngrén,名,,3,537
w00538,不但,búdàn,连,,3,538
w00539,不见,bújiàn,动,,3,539
w00540,不用,búyòng,副,,3,540
w00541,不同,bù tóng,,,3,541
w00542,不久,bùjiǔ,形,,3,542
w00543,不行,bùxíng,动、形,,3,543
w00544,才,cái,副,,3,544
w00545,菜单,càidān,名,3,3,545
w00546,参加,cānjiā,动,3,3,546
w00547,草,cǎo,名,3,3,547
w00548,草地,cǎodì,名,,3,548
w00549,层,céng,量,3,3,549
w00550,查,chá,动,,3,550
w00551,差,chà,形、动,3,3,551
w00552,差不多,chàbuduō,形、副,4,3,552
w00553,尝,cháng,动,3,3,553
w00554,常,cháng,副,,3,554
w00555,常见,cháng jiàn,,,3,555
w00556,常用,cháng yòng,,,3,556
w00557,常常,chángcháng,副,,3,557
w00558,衬衫,chènshān,名,3,3,558
w00559,成绩,chéngjì,名,3,3,559
w00560,城市,chéngshì,名,3,3,560
w00561,迟到,chídào,动,3,3,561
w00562,出发,chūfā,动,4,3,562
w00563,出生,chūshēng,动,4,3,563
w00564,出院,chūyuàn,动,,3,564
w00565,初中,chūzhōng,名,,3,565
w00566,除了,chúle,介,3,3,566
w00567,船,chuán,名,3,3,567
w00568,春天,chūntiān,名,,3,568
w00569,词典,cídiǎn,名,3,3,569
w00570,聪明,cōngmíng,形,3,3,570
w00571,打扫,dǎsǎo,动,3,3,571
w00572,打算,dǎsuàn,动、名,3,3,572
w00573,大概,dàgài,形、副、（名）,4,3,573
w00574,大人,dàren,名,,3,574
w00575,大小,dàxiǎo,名,,3,575
w00576,大熊猫,dàxióngmāo,名,,3,576
w00577,大衣,dàyī,名,,3,577
w00578,带,dài,动、（名）,3,3,578
w00579,担心,dānxīn,动,3,3,579
w00580,蛋糕,dàngāo,名,3,3,580
w00581,当然,dāngrán,副,3,3,581
w00582,到处,dàochù,副,4,3,582
w00583,得,dé,动,4,3,583
w00584,得到,dédào,动,,3,584
w00585,得分,défēn,动、名,,3,585
w00586,的话,dehuà,助,,3,586
w00587,得,děi,动,,3,587
w00588,灯,dēng,名,3,3,588
w00589,地,dì,名,,3,589
w00590,地点,dìdiǎn,名,4,3,590
w00591,地方,dìfang,名,3,3,591
w00592,地图,dìtú,名,3,3,592
w00593,电,diàn,名、（动）,,3,593
w00594,电梯,diàntī,名,3,3,594
w00595,电子书,diànzǐshū,名,,3,595
w00596,丢,diū,动,4,3,596
w00597,东,dōng,名,3,3,597
w00598,东北,dōngběi,名,,3,598
w00599,东方,dōngfāng,名,,3,599
w00600,东南,dōngnán,名,,3,600
w00601,冬天,dōngtiān,名,,3,601
w00602,懂得,dǒngde,动,,3,602
w00603,动物,dòngwù,名,3,3,603
w00604,动物园,dòngwùyuán,名,,3,604
w00605,短,duǎn,形,3,3,605
w00606,短裤,duǎnkù,名,,3,606
w00607,段,duàn,量,3,3,607
w00608,锻炼,duànliàn,动,3,3,608
w00609,对话,duìhuà,动,4,3,609
w00610,饿,è,形,3,3,610
w00611,而且,érqiě,连,,3,611
w00612,耳朵,ěrduo,名,3,3,612
w00613,耳机,ěrjī,名,,3,613
w00614,发,fā,动,3,3,614
w00615,发烧,fāshāo,动,3,3,615
w00616,发生,fāshēng,动,4,3,616
w00617,发现,fāxiàn,动,3,3,617
w00618,发展,fāzhǎn,动,4,3,618
w00619,方便,fāngbiàn,形,3,3,619
w00620,方便面,fāngbiànmiàn,名,,3,620
w00621,方法,fāngfǎ,名,4,3,621
w00622,方向,fāngxiàng,名,4,3,622
w00623,房子,fángzi,名,,3,623
w00624,放,fàng,动,3,3,624
w00625,放假,fàngjià,动,,3,625
w00626,放心,fàngxīn,动,3,3,626
w00627,放学,fàngxué,动,,3,627
w00628,分开,fēnkāi,动,,3,628
w00629,风,fēng,名,,3,629
w00630,封,fēng,量、（动）,,3,630
w00631,夫妻,fūqī,名,,3,631
w00632,服务,fúwù,动,,3,632
w00633,附近,fùjìn,名,3,3,633
w00634,复习,fùxí,动,3,3,634
w00635,该,gāi,动,,3,635
w00636,干净,gānjìng,形,3,3,636
w00637,感兴趣,gǎn xìngqù,,3,3,637
w00638,感到,gǎndào,动,,3,638
w00639,感冒,gǎnmào,名、动,3,3,639
w00640,干,gàn,动,4,3,640
w00641,刚,gāng,副,4,3,641
w00642,刚才,gāngcái,名,3,3,642
w00643,刚刚,gānggāng,副,,3,643
w00644,高铁,gāotiě,名,,3,644
w00645,根据,gēnjù,动、介、（名）,3,3,645
w00646,更,gèng,副,3,3,646
w00647,公斤,gōngjīn,量,3,3,647
w00648,公园,gōngyuán,名,3,3,648
w00649,工作日,gōngzuòrì,名,,3,649
w00650,故事,gùshi,名,3,3,650
w00651,刮,guā,动,,3,651
w00652,关,guān,动、（名）,3,3,652
w00653,关机,guānjī,动,,3,653
w00654,关系,guānxì,名、（动）,3,3,654
w00655,关心,guānxīn,动,3,3,655
w00656,关于,guānyú,介,3,3,656
w00657,关注,guānzhù,动,,3,657
w00658,国家,guójiā,名,3,3,658
w00659,过节,guòjié,动,,3,659
w00660,过去,guòqù,名,,3,660
w00661,海,hǎi,名,,3,661
w00662,害怕,hàipà,动,3,3,662
w00663,好多,hǎoduō,数,,3,663
w00664,好久,hǎojiǔ,形,,3,664
w00665,好像,hǎoxiàng,动、副,4,3,665
w00666,号码,hàomǎ,名,4,3,666
w00667,河,hé,名,,3,667
w00668,合适,héshì,形,4,3,668
w00669,黑板,hēibǎn,名,3,3,669
w00670,红绿灯,hóng-lǜdēng,名,,3,670
w00671,后来,hòulái,名,3,3,671
w00672,后年,hòunián,名,,3,672
w00673,后天,hòutiān,名,,3,673
w00674,护照,hùzhào,名,3,3,674
w00675,花园,huāyuán,名,,3,675
w00676,画家,huàjiā,名,,3,676
w00677,欢迎,huānyíng,动,3,3,677
w00678,还,huán,动,3,3,678
w00679,环境,huánjìng,名,3,3,679
w00680,换,huàn,动,3,3,680
w00681,黄色,huángsè,名,,3,681
w00682,回答,huídá,动,3,3,682
w00683,会,huì,名,,3,683
w00684,会议,huìyì,名,3,3,684
w00685,或,huò,连、（副）,,3,685
w00686,或者,huòzhě,连,3,3,686
w00687,鸡,jī,名,,3,687
w00688,几乎,jīhū,副,3,3,688
w00689,机会,jīhuì,名,3,3,689
w00690,极,jí,副,3,3,690
w00691,急,jí,形、动,,3,691
w00692,记,jì,动,,3,692
w00693,季,jì,名,,3,693
w00694,季节,jìjié,名,3,3,694
w00695,加,jiā,动,,3,695
w00696,假期,jiàqī,名,,3,696
w00697,坚持,jiānchí,动,4,3,697
w00698,检查,jiǎnchá,动,3,3,698
w00699,简单,jiǎndān,形,3,3,699
w00700,检票,jiǎnpiào,动,,3,700
w00701,健康,jiànkāng,形,3,3,701
w00702,见面,jiànmiàn,动,3,3,702
w00703,讲,jiǎng,动,3,3,703
w00704,角,jiǎo,量,3,3,704
w00705,脚,jiǎo,名,3,3,705
w00706,接,jiē,动,3,3,706
w00707,街,jiē,名,,3,707
w00708,节,jié,量、名、（动）,4,3,708
w00709,结婚,jiéhūn,动,3,3,709
w00710,节目,jiémù,名,3,3,710
w00711,节日,jiérì,名,3,3,711
w00712,结束,jiéshù,动,3,3,712
w00713,解决,jiějué,动,3,3,713
w00714,姐妹,jiěmèi,名,,3,714
w00715,借,jiè,动,3,3,715
w00716,斤,jīn,量,,3,716
w00717,经过,jīngguò,动、名,3,3,717
w00718,经理,jīnglǐ,名,3,3,718
w00719,久,jiǔ,形,3,3,719
w00720,酒,jiǔ,名,,3,720
w00721,旧,jiù,形,3,3,721
w00722,句,jù,量,,3,722
w00723,句子,jùzi,名,3,3,723
w00724,决定,juédìng,动、名,3,3,724
w00725,卡,kǎ,名,,3,725
w00726,开花,kāihuā,动,,3,726
w00727,开会,kāihuì,动,,3,727
w00728,开机,kāijī,动,,3,728
w00729,开心,kāixīn,形,4,3,729
w00730,看来,kànlái,动,,3,730
w00731,可,kě,连、（副）,,3,731
w00732,渴,kě,形,3,3,732
w00733,可爱,kě’ài,形,3,3,733
w00734,可是,kěshì,连,4,3,734
w00735,刻,kè,量、（动）,3,3,735
w00736,课本,kèběn,名,,3,736
w00737,客人,kèrén,名,3,3,737
w00738,课文,kèwén,名,,3,738
w00739,空调,kōngtiáo,名,3,3,739
w00740,哭,kū,动,3,3,740
w00741,筷子,kuàizi,名,3,3,741
w00742,矿泉水,kuàngquánshuǐ,名,4,3,742
w00743,来自,láizì,动,4,3,743
w00744,蓝,lán,形,3,3,744
w00745,老,lǎo,形、前缀、（副）,3,3,745
w00746,老人,lǎorén,名,,3,746
w00747,离开,líkāi,动,3,3,747
w00748,礼物,lǐwù,名,3,3,748
w00749,历史,lìshǐ,名,3,3,749
w00750,脸,liǎn,名,3,3,750
w00751,练,liàn,动,,3,751
w00752,练习,liànxí,动、名,3,3,752
w00753,凉快,liángkuai,形,4,3,753
w00754,辆,liàng,量,3,3,754
w00755,聊,liáo,动,,3,755
w00756,聊天儿,liáotiānr,动,,3,756
w00757,了解,liǎojiě,动,3,3,757
w00758,邻居,línjū,名,3,3,758
w00759,留学,liúxué,动,3,3,759
w00760,留学生,liúxuéshēng,名,,3,760
w00761,楼梯,lóutī,名,,3,761
w00762,路边,lùbiān,名,,3,762
w00763,路口,lùkǒu,名,,3,763
w00764,马,mǎ,名,3,3,764
w00765,马路,mǎlù,名,,3,765
w00766,马上,mǎshàng,副,3,3,766
w00767,满意,mǎnyì,动,3,3,767
w00768,毛,máo,量、（名）,4,3,768
w00769,米,mǐ,量,3,3,769
w00770,面前,miànqián,名,,3,770
w00771,明白,míngbai,形、动,3,3,771
w00772,名单,míngdān,名,,3,772
w00773,名人,míngrén,名,,3,773
w00774,南,nán,名,3,3,774
w00775,难,nán,形、（动）,3,3,775
w00776,南方,nánfāng,名,,3,776
w00777,难过,nánguò,形,3,3,777
w00778,难看,nánkàn,形,,3,778
w00779,男人,nánrén,名,,3,779
w00780,男生,nánshēng,名,,3,780
w00781,难题,nántí,名,,3,781
w00782,难听,nántīng,形,,3,782
w00783,年级,niánjí,名,3,3,783
w00784,年轻,niánqīng,形,3,3,784
w00785,牛,niú,名、（形）,,3,785
w00786,努力,nǔlì,动、形,3,3,786
w00787,女人,nǚrén,名,,3,787
w00788,女生,nǚshēng,名,,3,788
w00789,爬,pá,动,,3,789
w00790,怕,pà,动、（副）,,3,790
w00791,拍照,pāizhào,动,,3,791
w00792,盘子,pánzi,名,3,3,792
w00793,胖,pàng,形,3,3,793
w00794,啤酒,píjiǔ,名,3,3,794
w00795,平时,píngshí,名,4,3,795
w00796,瓶子,píngzi,名,3,3,796
w00797,骑,qí,动,3,3,797
w00798,奇怪,qíguài,形,3,3,798
w00799,其实,qíshí,副,3,3,799
w00800,其他,qítā,代,3,3,800
w00801,起,qǐ,动、（量）,,3,801
w00802,起飞,qǐfēi,动,3,3,802
w00803,汽车,qìchē,名,,3,803
w00804,铅笔,qiānbǐ,名,2,3,804
w00805,前年,qiánnián,名,,3,805
w00806,前天,qiántiān,名,,3,806
w00807,清楚,qīngchu,形、动,3,3,807
w00808,请假,qǐngjià,动,3,3,808
w00809,请客,qǐngkè,动,,3,809
w00810,秋天,qiūtiān,名,,3,810
w00811,球场,qiúchǎng,名,,3,811
w00812,裙子,qúnzi,名,3,3,812
w00813,然后,ránhòu,连,3,3,813
w00814,热情,rèqíng,形,3,3,814
w00815,认得,rènde,动,,3,815
w00816,认为,rènwéi,动,3,3,816
w00817,认真,rènzhēn,形,3,3,817
w00818,容易,róngyì,形,3,3,818
w00819,如果,rúguǒ,连,3,3,819
w00820,伞,sǎn,名,3,3,820
w00821,扫,sǎo,动,,3,821
w00822,沙发,shāfā,名,4,3,822
w00823,山,shān,名,,3,823
w00824,上衣,shàngyī,名,,3,824
w00825,勺子,sháozi,名,4,3,825
w00826,身边,shēnbiān,名,,3,826
w00827,身高,shēngāo,名,,3,827
w00828,声,shēng,名、量,,3,828
w00829,生活,shēnghuó,名、动,4,3,829
w00830,生气,shēngqì,动,3,3,830
w00831,声音,shēngyīn,名,3,3,831
w00832,市,shì,名,,3,832
w00833,试,shì,动,3,3,833
w00834,室,shì,名,,3,834
w00835,世界,shìjiè,名,3,3,835
w00836,收,shōu,动,4,3,836
w00837,收到,shōudào,动,,3,837
w00838,受,shòu,动,,3,838
w00839,瘦,shòu,形,3,3,839
w00840,受到,shòudào,动,4,3,840
w00841,叔叔,shūshu,名,3,3,841
w00842,树,shù,名,3,3,842
w00843,数学,shùxué,名,3,3,843
w00844,刷,shuā,动,,3,844
w00845,双,shuāng,量,3,3,845
w00846,水平,shuǐpíng,名,3,3,846
w00847,司机,sījī,名,3,3,847
w00848,四季,sìjì,名,,3,848
w00849,太阳,tàiyáng,名,3,3,849
w00850,糖,táng,名,4,3,850
w00851,特别,tèbié,形、副,3,3,851
w00852,提高,tígāo,动,3,3,852
w00853,体育,tǐyù,名,3,3,853
w00854,体育馆,tǐyùguǎn,名,,3,854
w00855,甜,tián,形,3,3,855
w00856,跳,tiào,动,,3,856
w00857,听说,tīngshuō,动,,3,857
w00858,挺,tǐng,副、（动）,4,3,858
w00859,同事,tóngshì,名,3,3,859
w00860,同意,tóngyì,动,3,3,860
w00861,头发,tóufa,名,3,3,861
w00862,突然,tūrán,形,3,3,862
w00863,图书馆,túshūguǎn,名,3,3,863
w00864,腿,tuǐ,名,3,3,864
w00865,外地,wàidì,名,,3,865
w00866,外卖,wàimài,动、名,,3,866
w00867,外语,wàiyǔ,名,,3,867
w00868,完成,wánchéng,动,3,3,868
w00869,碗,wǎn,名,3,3,869
w00870,晚点,wǎndiǎn,动,,3,870
w00871,晚会,wǎnhuì,名,,3,871
w00872,网球,wǎngqiú,名,4,3,872
w00873,网站,wǎngzhàn,名,4,3,873
w00874,忘记,wàngjì,动,3,3,874
w00875,为,wèi,介,3,3,875
w00876,为了,wèile,介,3,3,876
w00877,卫生间,wèishēngjiān,名,4,3,877
w00878,文化,wénhuà,名,3,3,878
w00879,屋子,wūzi,名,5,3,879
w00880,西,xī,名,3,3,880
w00881,西北,xīběi,名,,3,881
w00882,西方,xīfāng,名,,3,882
w00883,西瓜,xīguā,名,2,3,883
w00884,西南,xīnán,名,,3,884
w00885,习惯,xíguàn,动、名,3,3,885
w00886,喜爱,xǐ’ài,动,,3,886
w00887,洗衣机,xǐyījī,名,,3,887
w00888,洗澡,xǐzǎo,动,3,3,888
w00889,夏天,xiàtiān,名,,3,889
w00890,先,xiān,副,3,3,890
w00891,香蕉,xiāngjiāo,名,3,3,891
w00892,相信,xiāngxìn,动,3,3,892
w00893,箱子,xiāngzi,名,,3,893
w00894,向,xiàng,动、介,3,3,894
w00895,像,xiàng,动、（副）、（名）,3,3,895
w00896,相机,xiàngjī,名,,3,896
w00897,小区,xiǎoqū,名,,3,897
w00898,小心,xiǎoxīn,动、形,3,3,898
w00899,校园,xiàoyuán,名,,3,899
w00900,校长,xiàozhǎng,名,3,3,900
w00901,鞋,xié,名,,3,901
w00902,心里,xīnlǐ,名,,3,902
w00903,新年,xīnnián,名,,3,903
w00904,新闻,xīnwén,名,3,3,904
w00905,新鲜,xīnxiān,形,3,3,905
w00906,信,xìn,动、名,,3,906
w00907,信用卡,xìnyòngkǎ,名,3,3,907
w00908,行,xíng,动、形,4,3,908
w00909,行李,xíngli,名,,3,909
w00910,兴趣,xìngqù,名,,3,910
w00911,休假,xiūjià,动,,3,911
w00912,需要,xūyào,动、名,3,3,912
w00913,选,xuǎn,动,,3,913
w00914,选择,xuǎnzé,动,3,3,914
w00915,学期,xuéqī,名,4,3,915
w00916,牙,yá,名,,3,916
w00917,牙刷,yáshuā,名,,3,917
w00918,羊,yáng,名,,3,918
w00919,养,yǎng,动,,3,919
w00920,要求,yāoqiú,动、名,3,3,920
w00921,页,yè,量,4,3,921
w00922,一定,yídìng,形、副,3,3,922
w00923,一共,yígòng,副,3,3,923
w00924,一块儿,yíkuàir,名、副,,3,924
w00925,一样,yíyàng,形,3,3,925
w00926,以后,yǐhòu,名,,3,926
w00927,以前,yǐqián,名,3,3,927
w00928,以上,yǐshàng,名,,3,928
w00929,以外,yǐwài,名,,3,929
w00930,以为,yǐwéi,动,4,3,930
w00931,以下,yǐxià,名,,3,931
w00932,一般,yìbān,形,3,3,932
w00933,一边,yìbiān,副,3,3,933
w00934,一直,yìzhí,副,3,3,934
w00935,音乐,yīnyuè,名,3,3,935
w00936,银行,yínháng,名,3,3,936
w00937,银行卡,yínhángkǎ,名,,3,937
w00938,饮料,yǐnliào,名,3,3,938
w00939,应该,yīnggāi,动,3,3,939
w00940,影响,yǐngxiǎng,动、名,3,3,940
w00941,用,yòng,动,3,3,941
w00942,邮件,yóujiàn,名,,3,942
w00943,游客,yóukè,名,,3,943
w00944,游戏,yóuxì,名,3,3,944
w00945,邮箱,yóuxiāng,名,,3,945
w00946,有关,yǒuguān,动、介,,3,946
w00947,有名,yǒumíng,形,3,3,947
w00948,有用,yǒuyòng,动,,3,948
w00949,又,yòu,副,3,3,949
w00950,羽毛球,yǔmáoqiú,名,4,3,950
w00951,语言,yǔyán,名,4,3,951
w00952,雨衣,yǔyī,名,,3,952
w00953,遇到,yùdào,动,3,3,953
w00954,遇见,yùjiàn,动,,3,954
w00955,园,yuán,名,,3,955
w00956,员,yuán,后缀,,3,956
w00957,愿意,yuànyì,动,3,3,957
w00958,越,yuè,副,3,3,958
w00959,月亮,yuèliang,名,3,3,959
w00960,运动会,yùndònghuì,名,,3,960
w00961,运动员,yùndòngyuán,名,,3,961
w00962,咱们,zánmen,代,4,3,962
w00963,脏,zāng,形,4,3,963
w00964,怎么办,zěnme bàn,,,3,964
w00965,怎样,zěnyàng,代,,3,965
w00966,站,zhàn,动,,3,966
w00967,张,zhāng,动、量,3,3,967
w00968,长,zhǎng,动、后缀,3,3,968
w00969,着急,zháojí,形,3,3,969
w00970,照,zhào,动,4,3,970
w00971,照顾,zhàogù,动,3,3,971
w00972,照片,zhàopiàn,名,3,3,972
w00973,照相,zhàoxiàng,动,,3,973
w00974,直到,zhídào,动,,3,974
w00975,只,zhǐ,副,3,3,975
w00976,纸,zhǐ,名,,3,976
w00977,只能,zhǐ néng,,,3,977
w00978,只是,zhǐshì,副、连,,3,978
w00979,只要,zhǐyào,连,4,3,979
w00980,只有,zhǐyǒu,连,,3,980
w00981,中,zhōng,名,,3,981
w00982,中间,zhōngjiān,名,3,3,982
w00983,终于,zhōngyú,副,3,3,983
w00984,种,zhǒng,量,3,3,984
w00985,重要,zhòngyào,形,3,3,985
w00986,周末,zhōumò,名,3,3,986
w00987,主要,zhǔyào,形,3,3,987
w00988,注意,zhùyì,动,3,3,988
w00989,住院,zhùyuàn,动,,3,989
w00990,字典,zìdiǎn,名,,3,990
w00991,自行车,zìxíngchē,名,3,3,991
w00992,子,zi,后缀,,3,992
w00993,总,zǒng,副、（动、形）,,3,993
w00994,总是,zǒngshì,副,3,3,994
w00995,嘴,zuǐ,名,3,3,995
w00996,最好,zuìhǎo,副,4,3,996
w00997,最后,zuìhòu,名,3,3,997
w00998,最近,zuìjìn,名,3,3,998
w00999,做客,zuòkè,动,,3,999
w01000,作业,zuòyè,名,3,3,1000
w01001,啊,ā,叹,,4,1001
w01002,爱情,àiqíng,名,4,4,1002
w01003,爱心,àixīn,名,5,4,1003
w01004,安检,ānjiǎn,动,,4,1004
w01005,安排,ānpái,动,4,4,1005
w01006,按,àn,动、介,,4,1006
w01007,按时,ànshí,副,4,4,1007
w01008,按照,ànzhào,介,4,4,1008
w01009,白酒,báijiǔ,名,,4,1009
w01010,办公,bàngōng,动,,4,1010
w01011,办理,bànlǐ,动,5,4,1011
w01012,办事,bànshì,动,,4,1012
w01013,棒,bàng,形、（名）,4,4,1013
w01014,保护,bǎohù,动,4,4,1014
w01015,保证,bǎozhèng,动、名,4,4,1015
w01016,抱,bào,动,4,4,1016
w01017,报考,bàokǎo,动,,4,1017
w01018,报名,bàomíng,动,4,4,1018
w01019,抱歉,bàoqiàn,形,4,4,1019
w01020,背,bēi,动,5,4,1020
w01021,背包,bēibāo,名,,4,1021
w01022,北部,běibù,名,,4,1022
w01023,倍,bèi,量,4,4,1023
w01024,本科,běnkē,名,5,4,1024
w01025,本来,běnlái,形、副,4,4,1025
w01026,笨,bèn,形,4,4,1026
w01027,鼻子,bízi,名,3,4,1027
w01028,笔试,bǐshì,动,,4,1028
w01029,毕业,bìyè,动,4,4,1029
w01030,毕业生,bìyèshēng,名,,4,1030
w01031,便于,biànyú,动,6,4,1031
w01032,标准,biāozhǔn,名、形,4,4,1032
w01033,表,biǎo,名、（动）,,4,1033
w01034,表格,biǎogé,名,4,4,1034
w01035,表示,biǎoshì,动,4,4,1035
w01036,表现,biǎoxiàn,动,5,4,1036
w01037,表扬,biǎoyáng,动,4,4,1037
w01038,饼干,bǐnggān,名,4,4,1038
w01039,并,bìng,动、副、连,,4,1039
w01040,并且,bìngqiě,连,4,4,1040
w01041,播放,bōfàng,动,5,4,1041
w01042,博士,bóshì,名,4,4,1042
w01043,不必,búbì,副,,4,1043
w01044,不便,búbiàn,形、动,,4,1044
w01045,不断,búduàn,动、副,5,4,1045
w01046,不够,búgòu,动、副,,4,1046
w01047,不过,búguò,连、（副）,4,4,1047
w01048,不论,búlùn,连,,4,1048
w01049,步,bù,名,,4,1049
w01050,部,bù,名、量,,4,1050
w01051,不得不,bùdébù,副,4,4,1051
w01052,部分,bùfen,名,4,4,1052
w01053,不管,bùguǎn,连,4,4,1053
w01054,不光,bùguāng,副、连,,4,1054
w01055,不仅,bùjǐn,连,4,4,1055
w01056,不满,bùmǎn,形,,4,1056
w01057,部门,bùmén,名,5,4,1057
w01058,不如,bùrú,动,5,4,1058
w01059,擦,cā,动,4,4,1059
w01060,猜,cāi,动,4,4,1060
w01061,材料,cáiliào,名,4,4,1061
w01062,参观,cānguān,动,4,4,1062
w01063,参赛,cānsài,动,,4,1063
w01064,餐厅,cāntīng,名,4,4,1064
w01065,操场,cāochǎng,名,5,4,1065
w01066,厕所,cèsuǒ,名,4,4,1066
w01067,查看,chákàn,动,,4,1067
w01068,茶叶,cháyè,名,,4,1068
w01069,查找,cházhǎo,动,,4,1069
w01070,差点儿,chàdiǎnr,形、副,,4,1070
w01071,产生,chǎnshēng,动,5,4,1071
w01072,厂,chǎng,名,,4,1072
w01073,场,chǎng,量,4,4,1073
w01074,超过,chāoguò,动,4,4,1074
w01075,车速,chēsù,名,,4,1075
w01076,车位,chēwèi,名,,4,1076
w01077,城,chéng,名,,4,1077
w01078,乘,chéng,动,6,4,1078
w01079,成功,chénggōng,动、形,4,4,1079
w01080,乘客,chéngkè,名,,4,1080
w01081,诚实,chéngshí,形,4,4,1081
w01082,成为,chéngwéi,动,4,4,1082
w01083,乘坐,chéngzuò,动,4,4,1083
w01084,吃惊,chījīng,动,4,4,1084
w01085,迟,chí,形,,4,1085
w01086,重,chóng,副、（动）,4,4,1086
w01087,重新,chóngxīn,副,4,4,1087
w01088,出差,chūchāi,动,4,4,1088
w01089,出口,chūkǒu,名、（动）,5,4,1089
w01090,出现,chūxiàn,动,4,4,1090
w01091,出行,chūxíng,动,,4,1091
w01092,出租,chūzū,动,,4,1092
w01093,厨房,chúfáng,名,4,4,1093
w01094,厨师,chúshī,名,,4,1094
w01095,窗,chuāng,名,,4,1095
w01096,窗户,chuānghu,名,4,4,1096
w01097,吹,chuī,动,5,4,1097
w01098,词语,cíyǔ,名,4,4,1098
w01099,此,cǐ,代,,4,1099
w01100,此次,cǐ cì,,,4,1100
w01101,此外,cǐwài,连,5,4,1101
w01102,从此,cóngcǐ,副,5,4,1102
w01103,从来,cónglái,副,4,4,1103
w01104,从中,cóngzhōng,副,,4,1104
w01105,粗,cū,形,,4,1105
w01106,粗心,cūxīn,形,4,4,1106
w01107,村,cūn,名,,4,1107
w01108,存,cún,动,4,4,1108
w01109,错过,cuòguò,动,,4,1109
w01110,错误,cuòwù,形、名,4,4,1110
w01111,答应,dāying,动,5,4,1111
w01112,答,dá,动,,4,1112
w01113,答案,dá’àn,名,4,4,1113
w01114,达到,dádào,动,5,4,1114
w01115,打招呼,dǎ zhāohu,,4,4,1115
w01116,打败,dǎbài,动,,4,1116
w01117,打工,dǎgōng,动,5,4,1117
w01118,打扰,dǎrǎo,动,4,4,1118
w01119,打印,dǎyìn,动,4,4,1119
w01120,打印机,dǎyìnjī,名,,4,1120
w01121,打折,dǎzhé,动,4,4,1121
w01122,打针,dǎzhēn,动,4,4,1122
w01123,大巴,dàbā,名,,4,1123
w01124,大大,dàdà,副,,4,1124
w01125,大夫,dàifu,名,4,4,1125
w01126,大量,dàliàng,形,,4,1126
w01127,大赛,dàsài,名,,4,1127
w01128,大厅,dàtīng,名,,4,1128
w01129,大约,dàyuē,副,4,4,1129
w01130,大自然,dàzìrán,名,,4,1130
w01131,待,dāi,动,,4,1131
w01132,戴,dài,动,4,4,1132
w01133,袋子,dàizi,名,,4,1133
w01134,单位,dānwèi,名,5,4,1134
w01135,当,dāng,动、介,4,4,1135
w01136,当时,dāngshí,名,4,4,1136
w01137,刀,dāo,名,4,4,1137
w01138,导游,dǎoyóu,动、名,4,4,1138
w01139,倒,dào,动、（副）,4,4,1139
w01140,道,dào,名、量,,4,1140
w01141,到底,dàodǐ,副,4,4,1141
w01142,到来,dàolái,动,,4,1142
w01143,道路,dàolù,名,,4,1143
w01144,道歉,dàoqiàn,动,4,4,1144
w01145,得意,déyì,形,4,4,1145
w01146,登机,dēngjī,动,,4,1146
w01147,等,děng,助、（名、量）,4,4,1147
w01148,等到,děngdào,介,,4,1148
w01149,低,dī,形、动,4,4,1149
w01150,低价,dījià,名,,4,1150
w01151,低温,dīwēn,名,,4,1151
w01152,低于,dīyú,动,,4,1152
w01153,底,dǐ,名,4,4,1153
w01154,底下,dǐxia,名,,4,1154
w01155,地球,dìqiú,名,4,4,1155
w01156,地址,dìzhǐ,名,4,4,1156
w01157,点名,diǎnmíng,动,,4,1157
w01158,点头,diǎntóu,动,,4,1158
w01159,电动车,diàndòngchē,名,,4,1159
w01160,电视剧,diànshìjù,名,,4,1160
w01161,掉,diào,动,4,4,1161
w01162,调查,diàochá,动,4,4,1162
w01163,订,dìng,动,,4,1163
w01164,定,dìng,动,,4,1164
w01165,东部,dōngbù,名,,4,1165
w01166,动车,dòngchē,名,,4,1166
w01167,动作,dòngzuò,名,4,4,1167
w01168,读者,dúzhě,名,,4,1168
w01169,堵车,dǔchē,动,4,4,1169
w01170,度假,dùjià,动,,4,1170
w01171,肚子,dùzi,名,4,4,1171
w01172,短信,duǎnxìn,名,4,4,1172
w01173,队,duì,名、（量）,,4,1173
w01174,对方,duìfāng,名,5,4,1174
w01175,对面,duìmiàn,名,4,4,1175
w01176,对于,duìyú,介,4,4,1176
w01177,队员,duìyuán,名,,4,1177
w01178,队长,duìzhǎng,名,,4,1178
w01179,顿,dùn,量、（动）,5,4,1179
w01180,多么,duōme,副,3,4,1180
w01181,多数,duōshù,名,,4,1181
w01182,多样,duōyàng,形,,4,1182
w01183,而,ér,连,4,4,1183
w01184,儿童,értóng,名,4,4,1184
w01185,发出,fāchū,动,,4,1185
w01186,发送,fāsòng,动,,4,1186
w01187,法,fǎ,名,,4,1187
w01188,法律,fǎlǜ,名,4,4,1188
w01189,翻译,fānyì,动、名,4,4,1189
w01190,烦,fán,形、动,,4,1190
w01191,烦恼,fánnǎo,形,4,4,1191
w01192,反对,fǎnduì,动,4,4,1192
w01193,方面,fāngmiàn,名,4,4,1193
w01194,方式,fāngshì,名,4,4,1194
w01195,房东,fángdōng,名,4,4,1195
w01196,房租,fángzū,名,,4,1196
w01197,放弃,fàngqì,动,4,4,1197
w01198,放松,fàngsōng,动,4,4,1198
w01199,费,fèi,名、动,,4,1199
w01200,费用,fèiyong,名,,4,1200
w01201,分数,fēnshù,名,,4,1201
w01202,分为,fēnwéi,动,,4,1202
w01203,份,fèn,量,4,4,1203
w01204,丰富,fēngfù,形,4,4,1204
w01205,风景,fēngjǐng,名,5,4,1205
w01206,否则,fǒuzé,连,4,4,1206
w01207,幅,fú,量,5,4,1207
w01208,符合,fúhé,动,4,4,1208
w01209,付,fù,动,,4,1209
w01210,父母,fùmǔ,名,,4,1210
w01211,父女,fùnǚ,名,,4,1211
w01212,父亲,fùqīn,名,4,4,1212
w01213,复印,fùyìn,动,4,4,1213
w01214,复杂,fùzá,形,4,4,1214
w01215,负责,fùzé,动、形,4,4,1215
w01216,负责人,fùzérén,名,,4,1216
w01217,父子,fùzǐ,名,,4,1217
w01218,改,gǎi,动,,4,1218
w01219,改变,gǎibiàn,动,4,4,1219
w01220,干,gān,形、（名）,,4,1220
w01221,干杯,gānbēi,动,4,4,1221
w01222,赶,gǎn,动,4,4,1222
w01223,敢,gǎn,动,4,4,1223
w01224,感,gǎn,后缀,,4,1224
w01225,感动,gǎndòng,形、动,4,4,1225
w01226,赶紧,gǎnjǐn,副,5,4,1226
w01227,感觉,gǎnjué,名、动,4,4,1227
w01228,赶快,gǎnkuài,副,5,4,1228
w01229,感情,gǎnqíng,名,4,4,1229
w01230,感人,gǎnrén,形,,4,1230
w01231,赶上,gǎnshàng,动,,4,1231
w01232,感受,gǎnshòu,动、名,5,4,1232
w01233,感谢,gǎnxiè,动,4,4,1233
w01234,干活儿,gànhuór,动,5,4,1234
w01235,钢琴,gāngqín,名,,4,1235
w01236,高价,gāojià,名,,4,1236
w01237,高考,gāokǎo,名,,4,1237
w01238,高速,gāosù,形,,4,1238
w01239,高温,gāowēn,名,,4,1239
w01240,高于,gāoyú,动,,4,1240
w01241,胳膊,gēbo,名,4,4,1241
w01242,歌声,gēshēng,名,,4,1242
w01243,歌手,gēshǒu,名,,4,1243
w01244,各,gè,代、副,4,4,1244
w01245,各地,gèdì,名,,4,1245
w01246,各个,gègè,代、副,,4,1246
w01247,各位,gèwèi,代,,4,1247
w01248,各种,gèzhǒng,代,,4,1248
w01249,更加,gèngjiā,副,,4,1249
w01250,工厂,gōngchǎng,名,5,4,1250
w01251,功夫,gōngfu,名,4,4,1251
w01252,公共,gōnggòng,形,,4,1252
w01253,功课,gōngkè,名,,4,1253
w01254,公里,gōnglǐ,量,4,4,1254
w01255,公路,gōnglù,名,,4,1255
w01256,工人,gōngrén,名,5,4,1256
w01257,工资,gōngzī,名,4,4,1257
w01258,共,gòng,副,,4,1258
w01259,共同,gòngtóng,形,4,4,1259
w01260,够,gòu,动、副,4,4,1260
w01261,购买,gòumǎi,动,,4,1261
w01262,购物,gòuwù,动,4,4,1262
w01263,估计,gūjì,动,4,4,1263
w01264,姑娘,gūniang,名,5,4,1264
w01265,鼓励,gǔlì,动,4,4,1265
w01266,顾客,gùkè,名,4,4,1266
w01267,故意,gùyì,副,4,4,1267
w01268,挂,guà,动,4,4,1268
w01269,关键,guānjiàn,名、形,4,4,1269
w01270,观看,guānkàn,动,,4,1270
w01271,观众,guānzhòng,名,4,4,1271
w01272,管,guǎn,动、（名、量）,,4,1272
w01273,管理,guǎnlǐ,动,4,4,1273
w01274,光,guāng,名、形、动、副,4,4,1274
w01275,广播,guǎngbō,动、名,4,4,1275
w01276,广告,guǎnggào,名,4,4,1276
w01277,逛,guàng,动,4,4,1277
w01278,规定,guīdìng,动、名,4,4,1278
w01279,国籍,guójí,名,4,4,1279
w01280,国际,guójì,形、名,4,4,1280
w01281,果汁,guǒzhī,名,4,4,1281
w01282,过程,guòchéng,名,4,4,1282
w01283,海洋,hǎiyáng,名,4,4,1283
w01284,害羞,hàixiū,形,4,4,1284
w01285,寒假,hánjià,名,4,4,1285
w01286,寒冷,hánlěng,形,,4,1286
w01287,喊,hǎn,动,5,4,1287
w01288,汗,hàn,名,4,4,1288
w01289,航班,hángbān,名,4,4,1289
w01290,好处,hǎochu,名,4,4,1290
w01291,好好,hǎohǎo,形、副,,4,1291
w01292,好笑,hǎoxiào,形,,4,1292
w01293,合格,hégé,形,4,4,1293
w01294,盒子,hézi,名,4,4,1294
w01295,红包,hóngbāo,名,,4,1295
w01296,厚,hòu,形,4,4,1296
w01297,后悔,hòuhuǐ,动,4,4,1297
w01298,忽然,hūrán,副,5,4,1298
w01299,互联网,hùliánwǎng,名,4,4,1299
w01300,护士,hùshi,名,4,4,1300
w01301,互相,hùxiāng,副,4,4,1301
w01302,话剧,huàjù,名,,4,1302
w01303,怀疑,huáiyí,动,4,4,1303
w01304,坏处,huàichù,名,,4,1304
w01305,环保,huánbǎo,名、形,,4,1305
w01306,换乘,huànchéng,动,,4,1306
w01307,回复,huífù,动,,4,1307
w01308,回信,huíxìn,动、名,,4,1308
w01309,回忆,huíyì,动,4,4,1309
w01310,会员,huìyuán,名,,4,1310
w01311,活,huó,动、形、名,,4,1311
w01312,活动,huódòng,动、名,4,4,1312
w01313,活泼,huópō,形,4,4,1313
w01314,火,huǒ,名、形,4,4,1314
w01315,货,huò,名,,4,1315
w01316,获得,huòdé,动,4,4,1316
w01317,获奖,huòjiǎng,动,,4,1317
w01318,获取,huòqǔ,动,,4,1318
w01319,基本,jīběn,形、副,5,4,1319
w01320,基本上,jīběnshàng,副,,4,1320
w01321,基础,jīchǔ,名,4,4,1321
w01322,激动,jīdòng,形、动,4,4,1322
w01323,积极,jījí,形,4,4,1323
w01324,积累,jīlěi,动,4,4,1324
w01325,及时,jíshí,形、副,4,4,1325
w01326,即使,jíshǐ,连,4,4,1326
w01327,既,jì,副、连,,4,1327
w01328,寄,jì,动,4,4,1328
w01329,计划,jìhuà,名、动,4,4,1329
w01330,既然,jìrán,连,4,4,1330
w01331,技术,jìshù,名,4,4,1331
w01332,继续,jìxù,动,4,4,1332
w01333,记者,jìzhě,名,4,4,1333
w01334,加班,jiābān,动,4,4,1334
w01335,家具,jiājù,名,4,4,1335
w01336,加快,jiākuài,动,,4,1336
w01337,加强,jiāqiáng,动,,4,1337
w01338,加入,jiārù,动,,4,1338
w01339,加上,jiāshàng,连,,4,1339
w01340,家庭,jiātíng,名,5,4,1340
w01341,家乡,jiāxiāng,名,5,4,1341
w01342,加油,jiāyóu,动,,4,1342
w01343,加油站,jiāyóuzhàn,名,4,4,1343
w01344,家长,jiāzhǎng,名,,4,1344
w01345,假,jiǎ,形,4,4,1345
w01346,价格,jiàgé,名,4,4,1346
w01347,价钱,jiàqián,名,,4,1347
w01348,假日,jiàrì,名,,4,1348
w01349,减,jiǎn,动,,4,1349
w01350,减轻,jiǎnqīng,动,,4,1350
w01351,减少,jiǎnshǎo,动,4,4,1351
w01352,健身,jiànshēn,动,5,4,1352
w01353,健身房,jiànshēnfáng,名,,4,1353
w01354,建议,jiànyì,动、名,4,4,1354
w01355,江,jiāng,名,,4,1355
w01356,将,jiāng,介、副,,4,1356
w01357,将来,jiānglái,名,4,4,1357
w01358,将要,jiāngyào,副,,4,1358
w01359,奖,jiǎng,名、（动）,,4,1359
w01360,奖金,jiǎngjīn,名,4,4,1360
w01361,奖学金,jiǎngxuéjīn,名,,4,1361
w01362,降,jiàng,动,,4,1362
w01363,降低,jiàngdī,动,4,4,1363
w01364,降价,jiàngjià,动,,4,1364
w01365,降落,jiàngluò,动,4,4,1365
w01366,降温,jiàngwēn,动,,4,1366
w01367,交,jiāo,动、（名）,4,4,1367
w01368,骄傲,jiāo’ào,形、名,4,4,1368
w01369,交警,jiāojǐng,名,,4,1369
w01370,交流,jiāoliú,动,4,4,1370
w01371,郊区,jiāoqū,名,4,4,1371
w01372,交通,jiāotōng,名,4,4,1372
w01373,教练,jiàoliàn,名,5,4,1373
w01374,教师,jiàoshī,名,,4,1374
w01375,教授,jiàoshòu,名,4,4,1375
w01376,教学,jiàoxué,名,,4,1376
w01377,教育,jiàoyù,名、动,4,4,1377
w01378,叫作,jiàozuò,动,,4,1378
w01379,街道,jiēdào,名,3,4,1379
w01380,接受,jiēshòu,动,4,4,1380
w01381,接着,jiēzhe,动、副,4,4,1381
w01382,结果,jiéguǒ,名、连,4,4,1382
w01383,节假日,jiéjiàrì,名,,4,1383
w01384,节约,jiéyuē,动,4,4,1384
w01385,结账,jiézhàng,动,5,4,1385
w01386,解释,jiěshì,动,4,4,1386
w01387,今后,jīnhòu,名,,4,1387
w01388,仅,jǐn,副,,4,1388
w01389,尽管,jǐnguǎn,副、连,4,4,1389
w01390,仅仅,jǐnjǐn,副,,4,1390
w01391,紧张,jǐnzhāng,形,4,4,1391
w01392,进入,jìnrù,动,,4,1392
w01393,进行,jìnxíng,动,4,4,1393
w01394,禁止,jìnzhǐ,动,4,4,1394
w01395,精彩,jīngcǎi,形,4,4,1395
w01396,经济,jīngjì,名、（形）,4,4,1396
w01397,京剧,jīngjù,名,4,4,1397
w01398,经历,jīnglì,动、名,4,4,1398
w01399,经验,jīngyàn,名,4,4,1399
w01400,警察,jǐngchá,名,4,4,1400
w01401,景点,jǐngdiǎn,名,,4,1401
w01402,景区,jǐngqū,名,,4,1402
w01403,景色,jǐngsè,名,4,4,1403
w01404,竟然,jìngrán,副,4,4,1404
w01405,竞争,jìngzhēng,动,4,4,1405
w01406,镜子,jìngzi,名,4,4,1406
w01407,究竟,jiūjìng,副、（名）,4,4,1407
w01408,就是,jiùshì,助、副、连,,4,1408
w01409,举,jǔ,动,4,4,1409
w01410,举办,jǔbàn,动,4,4,1410
w01411,举例,jǔlì,动,,4,1411
w01412,举行,jǔxíng,动,4,4,1412
w01413,聚,jù,动,,4,1413
w01414,聚餐,jùcān,动,,4,1414
w01415,聚会,jùhuì,动、名,4,4,1415
w01416,拒绝,jùjué,动,4,4,1416
w01417,距离,jùlí,动、名,4,4,1417
w01418,剧院,jùyuàn,名,,4,1418
w01419,开玩笑,kāi wánxiào,,4,4,1419
w01420,看法,kànfǎ,名,4,4,1420
w01421,烤,kǎo,动,,4,1421
w01422,考虑,kǎolǜ,动,4,4,1422
w01423,考生,kǎoshēng,名,,4,1423
w01424,棵,kē,量,4,4,1424
w01425,科技,kējì,名,,4,1425
w01426,科学,kēxué,名、形,4,4,1426
w01427,咳,ké,动,,4,1427
w01428,咳嗽,késou,动,4,4,1428
w01429,可惜,kěxī,形,4,4,1429
w01430,克,kè,量,5,4,1430
w01431,课程,kèchéng,名,5,4,1431
w01432,客气,kèqi,形、动,,4,1432
w01433,课堂,kètáng,名,,4,1433
w01434,客厅,kètīng,名,4,4,1434
w01435,肯定,kěndìng,动、形、副,4,4,1435
w01436,空,kōng,形、（副）,4,4,1436
w01437,空气,kōngqì,名,4,4,1437
w01438,恐怕,kǒngpà,动、副,4,4,1438
w01439,空,kòng,动、形、名,,4,1439
w01440,口语,kǒuyǔ,名,,4,1440
w01441,苦,kǔ,形,4,4,1441
w01442,快餐,kuàicān,名,,4,1442
w01443,快递,kuàidì,名,,4,1443
w01444,快速,kuàisù,形,,4,1444
w01445,困,kùn,形、（动）,4,4,1445
w01446,困难,kùnnan,形、名,4,4,1446
w01447,拉,lā,动,4,4,1447
w01448,垃圾,lājī,名,,4,1448
w01449,辣,là,形,4,4,1449
w01450,来不及,láibují,动,4,4,1450
w01451,来得及,láidejí,动,4,4,1451
w01452,懒,lǎn,形,4,4,1452
w01453,浪费,làngfèi,动,4,4,1453
w01454,浪漫,làngmàn,形,4,4,1454
w01455,老虎,lǎohǔ,名,4,4,1455
w01456,老家,lǎojiā,名,,4,1456
w01457,老年,lǎonián,名,,4,1457
w01458,老是,lǎoshì,副,,4,1458
w01459,冷静,lěngjìng,形,4,4,1459
w01460,理发,lǐfà,动,4,4,1460
w01461,理解,lǐjiě,动,4,4,1461
w01462,礼貌,lǐmào,名、形,4,4,1462
w01463,理想,lǐxiǎng,名、形,4,4,1463
w01464,厉害,lìhai,形,4,4,1464
w01465,力气,lìqi,名,4,4,1465
w01466,例如,lìrú,动,4,4,1466
w01467,例子,lìzi,名,,4,1467
w01468,俩,liǎ,数量,4,4,1468
w01469,连,lián,介、（动、副）,4,4,1469
w01470,联系,liánxì,动,4,4,1470
w01471,凉,liáng,形,,4,1471
w01472,量,liáng,动,,4,1472
w01473,两,liǎng,量,,4,1473
w01474,亮,liàng,形、动,5,4,1474
w01475,列,liè,动、量,,4,1475
w01476,零下,líng xià,,,4,1476
w01477,零花钱,línghuāqián,名,,4,1477
w01478,零钱,língqián,名,4,4,1478
w01479,零食,língshí,名,5,4,1479
w01480,另,lìng,代、（副）,,4,1480
w01481,另外,lìngwài,代、副、连,4,4,1481
w01482,留,liú,动,4,4,1482
w01483,流,liú,动,,4,1483
w01484,流利,liúlì,形,4,4,1484
w01485,留下,liúxia,动,,4,1485
w01486,流行,liúxíng,动,4,4,1486
w01487,路过,lùguò,动,,4,1487
w01488,旅馆,lǚguǎn,名,,4,1488
w01489,旅客,lǚkè,名,,4,1489
w01490,旅行,lǚxíng,动,4,4,1490
w01491,律师,lǜshī,名,4,4,1491
w01492,乱,luàn,形、副,4,4,1492
w01493,落,luò,动,,4,1493
w01494,麻烦,máfan,形、动、名,4,4,1494
w01495,馒头,mántou,名,5,4,1495
w01496,满,mǎn,形、动,4,4,1496
w01497,毛巾,máojīn,名,4,4,1497
w01498,毛衣,máoyī,名,,4,1498
w01499,帽子,màozi,名,3,4,1499
w01500,美,měi,形,,4,1500
w01501,美好,měihǎo,形,,4,1501
w01502,美景,měijǐng,名,,4,1502
w01503,美丽,měilì,形,4,4,1503
w01504,美食,měishí,名,,4,1504
w01505,梦,mèng,名、动,4,4,1505
w01506,梦想,mèngxiǎng,动、名,5,4,1506
w01507,密码,mìmǎ,名,4,4,1507
w01508,免费,miǎnfèi,动,4,4,1508
w01509,面对,miànduì,动,5,4,1509
w01510,面试,miànshì,动,,4,1510
w01511,秒,miǎo,量,4,4,1511
w01512,民族,mínzú,名,4,4,1512
w01513,末,mò,名,,4,1513
w01514,母女,mǔnǚ,名,,4,1514
w01515,母亲,mǔqīn,名,4,4,1515
w01516,母子,mǔzǐ,名,,4,1516
w01517,目标,mùbiāo,名,5,4,1517
w01518,目的,mùdì,名,4,4,1518
w01519,目的地,mùdìdì,名,,4,1519
w01520,目前,mùqián,名,5,4,1520
w01521,耐心,nàixīn,形、名,4,4,1521
w01522,南部,nánbù,名,,4,1522
w01523,难道,nándào,副,4,4,1523
w01524,男士,nánshì,名,,4,1524
w01525,难受,nánshòu,形,4,4,1525
w01526,难忘,nánwàng,动,,4,1526
w01527,男性,nánxìng,名,,4,1527
w01528,内,nèi,名,4,4,1528
w01529,内容,nèiróng,名,4,4,1529
w01530,内心,nèixīn,名,,4,1530
w01531,能否,néng fǒu,,,4,1531
w01532,能够,nénggòu,动,,4,1532
w01533,能力,nénglì,名,4,4,1533
w01534,嗯,ǹg,叹,5,4,1534
w01535,年底,niándǐ,名,,4,1535
w01536,年龄,niánlíng,名,4,4,1536
w01537,农村,nóngcūn,名,5,4,1537
w01538,弄,nòng,动,4,4,1538
w01539,女性,nǚxìng,名,,4,1539
w01540,暖和,nuǎnhuo,形、动,4,4,1540
w01541,偶尔,ǒu’ěr,副、形,4,4,1541
w01542,拍,pāi,动、名,5,4,1542
w01543,排,pái,动、名、量,,4,1543
w01544,牌,pái,名,,4,1544
w01545,排队,páiduì,动,4,4,1545
w01546,排球,páiqiú,名,,4,1546
w01547,牌子,páizi,名,,4,1547
w01548,判断,pànduàn,动,4,4,1548
w01549,陪,péi,动,4,4,1549
w01550,批评,pīpíng,动,4,4,1550
w01551,皮肤,pífū,名,4,4,1551
w01552,脾气,píqi,名,4,4,1552
w01553,皮鞋,píxié,名,3,4,1553
w01554,篇,piān,名、量,4,4,1554
w01555,片,piàn,名、量,5,4,1555
w01556,乒乓球,pīngpāngqiú,名,4,4,1556
w01557,平常,píngcháng,形、名,5,4,1557
w01558,破,pò,动、形,4,4,1558
w01559,葡萄,pútao,名,4,4,1559
w01560,葡萄酒,pútaojiǔ,名,,4,1560
w01561,普遍,pǔbiàn,形,4,4,1561
w01562,普通,pǔtōng,形,,4,1562
w01563,普通话,pǔtōnghuà,名,4,4,1563
w01564,期,qī,量,,4,1564
w01565,期末,qīmò,名,,4,1565
w01566,期中,qīzhōng,名,,4,1566
w01567,其次,qícì,代,4,4,1567
w01568,其中,qízhōng,名,4,4,1568
w01569,起到,qǐdào,动,,4,1569
w01570,气,qì,名、动,,4,1570
w01571,气候,qìhòu,名,4,4,1571
w01572,汽水,qìshuǐ,名,,4,1572
w01573,气温,qìwēn,名,,4,1573
w01574,千克,qiānkè,量,,4,1574
w01575,千万,qiānwàn,副,4,4,1575
w01576,签证,qiānzhèng,动、名,4,4,1576
w01577,前方,qiánfāng,名,,4,1577
w01578,前后,qiánhòu,名,,4,1578
w01579,强,qiáng,形,,4,1579
w01580,敲,qiāo,动,4,4,1580
w01581,桥,qiáo,名,4,4,1581
w01582,巧,qiǎo,形,,4,1582
w01583,巧克力,qiǎokèlì,名,4,4,1583
w01584,亲戚,qīnqi,名,4,4,1584
w01585,琴,qín,名,,4,1585
w01586,轻,qīng,形,4,4,1586
w01587,青年,qīngnián,名,,4,1587
w01588,轻松,qīngsōng,形,4,4,1588
w01589,情况,qíngkuàng,名,4,4,1589
w01590,庆祝,qìngzhù,动,5,4,1590
w01591,球队,qiúduì,名,,4,1591
w01592,球迷,qiúmí,名,5,4,1592
w01593,区,qū,名,,4,1593
w01594,区别,qūbié,动、名,4,4,1594
w01595,取,qǔ,动,4,4,1595
w01596,取得,qǔdé,动,,4,1596
w01597,取消,qǔxiāo,动,5,4,1597
w01598,全,quán,形、副,,4,1598
w01599,全部,quánbù,名,4,4,1599
w01600,全都,quándōu,副,,4,1600
w01601,全球,quánqiú,名,,4,1601
w01602,全身,quánshēn,名,,4,1602
w01603,缺,quē,动,,4,1603
w01604,缺点,quēdiǎn,名,4,4,1604
w01605,缺少,quēshǎo,动,4,4,1605
w01606,却,què,副,4,4,1606
w01607,确实,quèshí,副,4,4,1607
w01608,然而,rán’ér,连,4,4,1608
w01609,热闹,rènao,形、动、名,4,4,1609
w01610,人生,rénshēng,名,5,4,1610
w01611,人数,rénshù,名,,4,1611
w01612,人员,rényuán,名,5,4,1612
w01613,任何,rènhé,代,4,4,1613
w01614,任务,rènwu,名,4,4,1614
w01615,扔,rēng,动,4,4,1615
w01616,仍,réng,副,,4,1616
w01617,仍然,réngrán,副,4,4,1617
w01618,日常,rìcháng,形,5,4,1618
w01619,日记,rìjì,名,4,4,1619
w01620,日期,rìqī,名,5,4,1620
w01621,日子,rìzi,名,5,4,1621
w01622,入,rù,动,,4,1622
w01623,入口,rùkǒu,名,4,4,1623
w01624,入学,rùxué,动,,4,1624
w01625,入住,rùzhù,动,,4,1625
w01626,散步,sànbù,动,4,4,1626
w01627,扫码,sǎomǎ,动,,4,1627
w01628,森林,sēnlín,名,4,4,1628
w01629,商量,shāngliang,动,4,4,1629
w01630,商品,shāngpǐn,名,5,4,1630
w01631,伤心,shāngxīn,形,4,4,1631
w01632,上门,shàngmén,动,,4,1632
w01633,稍,shāo,副,,4,1633
w01634,稍微,shāowēi,副,4,4,1634
w01635,少见,shǎojiàn,形,,4,1635
w01636,少量,shǎoliàng,形,,4,1636
w01637,少数,shǎoshù,名,,4,1637
w01638,少年,shàonián,名,,4,1638
w01639,社会,shèhuì,名,4,4,1639
w01640,摄氏度,shèshìdù,量,6,4,1640
w01641,身,shēn,名、量,,4,1641
w01642,深,shēn,形、（副）,4,4,1642
w01643,身份证,shēnfènzhèng,名,,4,1643
w01644,申请,shēnqǐng,动,4,4,1644
w01645,甚至,shènzhì,连,4,4,1645
w01646,生,shēng,动,,4,1646
w01647,生,shēng,形、（副）,,4,1647
w01648,生命,shēngmìng,名,4,4,1648
w01649,生意,shēngyi,名,4,4,1649
w01650,省,shěng,名,4,4,1650
w01651,剩,shèng,动,4,4,1651
w01652,失败,shībài,动、形,4,4,1652
w01653,师傅,shīfu,名,4,4,1653
w01654,失去,shīqù,动,5,4,1654
w01655,师生,shīshēng,名,,4,1655
w01656,失望,shīwàng,动、形,4,4,1656
w01657,十分,shífēn,副,4,4,1657
w01658,实际,shíjì,名、形,4,4,1658
w01659,时间表,shíjiānbiǎo,名,,4,1659
w01660,实际上,shíjìshàng,副,,4,1660
w01661,食品,shípǐn,名,,4,1661
w01662,食堂,shítáng,名,,4,1662
w01663,食物,shíwù,名,5,4,1663
w01664,实在,shízài,形、副,4,4,1664
w01665,十字路口,shízì lùkǒu,,,4,1665
w01666,使,shǐ,动,4,4,1666
w01667,使馆,shǐguǎn,名,,4,1667
w01668,使用,shǐyòng,动,4,4,1668
w01669,市场,shìchǎng,名,5,4,1669
w01670,是否,shìfǒu,副,4,4,1670
w01671,适合,shìhé,动,4,4,1671
w01672,世纪,shìjì,名,4,4,1672
w01673,视频,shìpín,名,6,4,1673
w01674,市区,shìqū,名,,4,1674
w01675,试题,shìtí,名,,4,1675
w01676,适应,shìyìng,动,4,4,1676
w01677,收费,shōufèi,动,,4,1677
w01678,收入,shōurù,动、名,4,4,1678
w01679,收拾,shōushi,动,4,4,1679
w01680,收听,shōutīng,动,,4,1680
w01681,首,shǒu,量,5,4,1681
w01682,首都,shǒudū,名,4,4,1682
w01683,首先,shǒuxiān,副、代,4,4,1683
w01684,受不了,shòubuliǎo,动,4,4,1684
w01685,售票员,shòupiàoyuán,名,,4,1685
w01686,受伤,shòushāng,动,5,4,1686
w01687,输,shū,动,4,4,1687
w01688,熟,shú/shóu,形,,4,1688
w01689,熟悉,shúxi,动,4,4,1689
w01690,暑假,shǔjià,名,,4,1690
w01691,数,shù,名、数,5,4,1691
w01692,数量,shùliàng,名,4,4,1692
w01693,树林,shùlín,名,,4,1693
w01694,数字,shùzì,名,4,4,1694
w01695,帅,shuài,形,4,4,1695
w01696,顺便,shùnbiàn,副,4,4,1696
w01697,顺利,shùnlì,形,4,4,1697
w01698,顺序,shùnxù,名,4,4,1698
w01699,说法,shuōfǎ,名,,4,1699
w01700,说明,shuōmíng,动、名,4,4,1700
w01701,说明书,shuōmíngshū,名,,4,1701
w01702,硕士,shuòshì,名,4,4,1702
w01703,死,sǐ,动、形、（副）,4,4,1703
w01704,速度,sùdù,名,4,4,1704
w01705,塑料,sùliào,名,,4,1705
w01706,酸,suān,形,4,4,1706
w01707,酸奶,suānnǎi,名,,4,1707
w01708,算,suàn,动、副,,4,1708
w01709,随便,suíbiàn,动、形、连,4,4,1709
w01710,随着,suízhe,介,4,4,1710
w01711,孙女,sūnnǚ,名,,4,1711
w01712,孙子,sūnzi,名,4,4,1712
w01713,所有,suǒyǒu,形、（动、名）,4,4,1713
w01714,台,tái,量、（名）,4,4,1714
w01715,抬,tái,动,4,4,1715
w01716,抬头,táitóu,动,,4,1716
w01717,态度,tàidù,名,4,4,1717
w01718,弹,tán,动,,4,1718
w01719,谈,tán,动,4,4,1719
w01720,汤,tāng,名,4,4,1720
w01721,躺,tǎng,动,4,4,1721
w01722,趟,tàng,量,4,4,1722
w01723,讨论,tǎolùn,动,4,4,1723
w01724,讨厌,tǎoyàn,形、动,4,4,1724
w01725,特点,tèdiǎn,名,4,4,1725
w01726,提,tí,动,4,4,1726
w01727,提出,tíchū,动,,4,1727
w01728,提到,tídào,动,,4,1728
w01729,提供,tígōng,动,4,4,1729
w01730,提前,tíqián,动,4,4,1730
w01731,提醒,tíxǐng,动,4,4,1731
w01732,体检,tǐjiǎn,动,,4,1732
w01733,体温,tǐwēn,名,,4,1733
w01734,体重,tǐzhòng,名,,4,1734
w01735,填写,tiánxiě,动,,4,1735
w01736,条件,tiáojiàn,名,4,4,1736
w01737,听力,tīnglì,名,,4,1737
w01738,听众,tīngzhòng,名,,4,1738
w01739,停,tíng,动,4,4,1739
w01740,停车,tíngchē,动,,4,1740
w01741,停车场,tíngchēchǎng,名,,4,1741
w01742,停止,tíngzhǐ,动,,4,1742
w01743,通,tōng,动、形、（量）,,4,1743
w01744,通过,tōngguò,动、介,4,4,1744
w01745,通知,tōngzhī,动、名,4,4,1745
w01746,童年,tóngnián,名,,4,1746
w01747,同时,tóngshí,名、连,4,4,1747
w01748,同样,tóngyàng,形,,4,1748
w01749,桶,tǒng,名,,4,1749
w01750,痛,tòng,形、（副）,,4,1750
w01751,头痛,tóutòng,形,,4,1751
w01752,图,tú,名、（动）,,4,1752
w01753,图片,túpiàn,名,,4,1753
w01754,土,tǔ,名、（形）,,4,1754
w01755,推,tuī,动,4,4,1755
w01756,推迟,tuīchí,动,4,4,1756
w01757,推出,tuīchū,动,,4,1757
w01758,脱,tuō,动,4,4,1758
w01759,袜子,wàzi,名,4,4,1759
w01760,外出,wàichū,动,,4,1760
w01761,外套,wàitào,名,,4,1761
w01762,完全,wánquán,形、副,4,4,1762
w01763,晚安,wǎn’ān,动,,4,1763
w01764,晚餐,wǎncān,名,,4,1764
w01765,网购,wǎnggòu,动,,4,1765
w01766,往往,wǎngwǎng,副,4,4,1766
w01767,网页,wǎngyè,名,,4,1767
w01768,网友,wǎngyǒu,名,,4,1768
w01769,网址,wǎngzhǐ,名,,4,1769
w01770,危险,wēixiǎn,形、名,4,4,1770
w01771,为,wéi,动,,4,1771
w01772,味,wèi,名,,4,1772
w01773,味道,wèidào,名,4,4,1773
w01774,卫生,wèishēng,形、名,,4,1774
w01775,温度,wēndù,名,4,4,1775
w01776,闻,wén,动,5,4,1776
w01777,文件,wénjiàn,名,5,4,1777
w01778,文章,wénzhāng,名,4,4,1778
w01779,文字,wénzì,名,5,4,1779
w01780,污染,wūrǎn,动,4,4,1780
w01781,无,wú,动,4,4,1781
w01782,无法,wúfǎ,动,,4,1782
w01783,无聊,wúliáo,形,4,4,1783
w01784,无论,wúlùn,连,4,4,1784
w01785,午餐,wǔcān,名,,4,1785
w01786,误会,wùhuì,动、名,4,4,1786
w01787,吸,xī,动,,4,1787
w01788,西部,xībù,名,,4,1788
w01789,西红柿,xīhóngshì,名,4,4,1789
w01790,吸引,xīyǐn,动,4,4,1790
w01791,细,xì,形,,4,1791
w01792,细心,xìxīn,形,,4,1792
w01793,下降,xiàjiàng,动,,4,1793
w01794,鲜,xiān,形,,4,1794
w01795,鲜花,xiānhuā,名,,4,1795
w01796,咸,xián,形,4,4,1796
w01797,现金,xiànjīn,名,4,4,1797
w01798,羡慕,xiànmù,动,4,4,1798
w01799,线上,xiànshàng,名,,4,1799
w01800,线下,xiànxià,名,,4,1800
w01801,现有,xiànyǒu,动、形,,4,1801
w01802,香,xiāng,形,4,4,1802
w01803,相比,xiāngbǐ,动,,4,1803
w01804,相反,xiāngfǎn,形、连,4,4,1804
w01805,相互,xiānghù,副,,4,1805
w01806,相同,xiāngtóng,形,4,4,1806
w01807,详细,xiángxì,形,4,4,1807
w01808,响,xiǎng,动、形,4,4,1808
w01809,想法,xiǎngfǎ,名,,4,1809
w01810,项,xiàng,量,5,4,1810
w01811,消息,xiāoxi,名,4,4,1811
w01812,小吃,xiǎochī,名,4,4,1812
w01813,小伙子,xiǎohuǒzi,名,4,4,1813
w01814,小说,xiǎoshuō,名,4,4,1814
w01815,小组,xiǎozǔ,名,,4,1815
w01816,效果,xiàoguǒ,名,4,4,1816
w01817,笑话,xiàohua,名、动,4,4,1817
w01818,血,xiě,名,5,4,1818
w01819,心,xīn,名,,4,1819
w01820,辛苦,xīnkǔ,形、动,4,4,1820
w01821,心情,xīnqíng,名,4,4,1821
w01822,信号,xìnhào,名,5,4,1822
w01823,信息,xìnxī,名,4,4,1823
w01824,信心,xìnxīn,名,4,4,1824
w01825,兴奋,xīngfèn,形、动,4,4,1825
w01826,星星,xīngxing,名,,4,1826
w01827,醒,xǐng,动,4,4,1827
w01828,性,xìng,后缀,,4,1828
w01829,性别,xìngbié,名,4,4,1829
w01830,幸福,xìngfú,名、形,4,4,1830
w01831,性格,xìnggé,名,4,4,1831
w01832,兄弟,xiōngdì,名,5,4,1832
w01833,熊,xióng,名,,4,1833
w01834,修,xiū,动,,4,1834
w01835,修理,xiūlǐ,动,4,4,1835
w01836,许多,xǔduō,数,4,4,1836
w01837,学费,xuéfèi,名,,4,1837
w01838,学院,xuéyuàn,名,,4,1838
w01839,压,yā,动,,4,1839
w01840,压力,yālì,名,4,4,1840
w01841,牙膏,yágāo,名,4,4,1841
w01842,亚洲,Yàzhōu,名,4,4,1842
w01843,烟,yān,名,,4,1843
w01844,盐,yán,名,4,4,1844
w01845,严格,yángé,形、动,4,4,1845
w01846,研究,yánjiū,动,4,4,1846
w01847,研究生,yánjiūshēng,名,,4,1847
w01848,严重,yánzhòng,形,4,4,1848
w01849,演,yǎn,动,,4,1849
w01850,演唱,yǎnchàng,动,,4,1850
w01851,演出,yǎnchū,动,4,4,1851
w01852,眼镜,yǎnjìng,名,4,4,1852
w01853,眼前,yǎnqián,名,,4,1853
w01854,演员,yǎnyuán,名,4,4,1854
w01855,阳光,yángguāng,名,4,4,1855
w01856,养成,yǎngchéng,动,4,4,1856
w01857,样子,yàngzi,名,4,4,1857
w01858,邀请,yāoqǐng,动,4,4,1858
w01859,要是,yàoshi,连,4,4,1859
w01860,钥匙,yàoshi,名,4,4,1860
w01861,也许,yěxǔ,副,4,4,1861
w01862,夜,yè,名、量,5,4,1862
w01863,夜晚,yèwǎn,名,,4,1863
w01864,叶子,yèzi,名,4,4,1864
w01865,一切,yíqiè,代,4,4,1865
w01866,已,yǐ,副,,4,1866
w01867,以内,yǐnèi,名,,4,1867
w01868,意见,yìjiàn,名,4,4,1868
w01869,一生,yìshēng,名,,4,1869
w01870,艺术,yìshù,名,4,4,1870
w01871,因此,yīncǐ,连,4,4,1871
w01872,引起,yǐnqǐ,动,4,4,1872
w01873,印象,yìnxiàng,名,4,4,1873
w01874,赢,yíng,动,4,4,1874
w01875,赢得,yíngdé,动,,4,1875
w01876,应聘,yìngpìn,动,4,4,1876
w01877,勇敢,yǒnggǎn,形,4,4,1877
w01878,永远,yǒngyuǎn,副、名,4,4,1878
w01879,用来,yònglái,动,,4,1879
w01880,用于,yòngyú,动,,4,1880
w01881,优点,yōudiǎn,名,4,4,1881
w01882,幽默,yōumò,形,4,4,1882
w01883,优秀,yōuxiù,形,4,4,1883
w01884,由,yóu,介,4,4,1884
w01885,油,yóu,名,,4,1885
w01886,尤其,yóuqí,副,4,4,1886
w01887,游玩,yóuwán,动,,4,1887
w01888,由于,yóuyú,介、连,4,4,1888
w01889,友好,yǒuhǎo,形,4,4,1889
w01890,友情,yǒuqíng,名,,4,1890
w01891,有趣,yǒuqù,形,4,4,1891
w01892,有效,yǒuxiào,动,,4,1892
w01893,友谊,yǒuyì,名,4,4,1893
w01894,有着,yǒuzhe,动,,4,1894
w01895,愉快,yúkuài,形,4,4,1895
w01896,于是,yúshì,连,4,4,1896
w01897,与,yǔ,介、连,4,4,1897
w01898,语法,yǔfǎ,名,4,4,1898
w01899,预习,yùxí,动,4,4,1899
w01900,原来,yuánlái,名、形、副,4,4,1900
w01901,原谅,yuánliàng,动,4,4,1901
w01902,原因,yuányīn,名,4,4,1902
w01903,远离,yuǎnlí,动,,4,1903
w01904,院长,yuànzhǎng,名,,4,1904
w01905,院子,yuànzi,名,,4,1905
w01906,约,yuē,动、副,,4,1906
w01907,约会,yuēhuì,动、名,4,4,1907
w01908,月饼,yuèbing,名,,4,1908
w01909,阅读,yuèdú,动,4,4,1909
w01910,月份,yuèfèn,名,,4,1910
w01911,云,yún,名,4,4,1911
w01912,允许,yǔnxǔ,动,4,4,1912
w01913,杂志,zázhì,名,4,4,1913
w01914,再次,zàicì,副,,4,1914
w01915,再说,zàishuō,动、连,,4,1915
w01916,暂时,zànshí,形,4,4,1916
w01917,暂停,zàntíng,动,,4,1917
w01918,早餐,zǎocān,名,,4,1918
w01919,早晨,zǎochen,名,,4,1919
w01920,责任,zérèn,名,4,4,1920
w01921,增加,zēngjiā,动,4,4,1921
w01922,增长,zēngzhǎng,动,,4,1922
w01923,招聘,zhāopìn,动,4,4,1923
w01924,着,zháo,动,,4,1924
w01925,着火,zháohuǒ,动,5,4,1925
w01926,者,zhě,助,,4,1926
w01927,真正,zhēnzhèng,形、副,4,4,1927
w01928,整,zhěng,形,,4,1928
w01929,整个,zhěnggè,形,5,4,1929
w01930,整理,zhěnglǐ,动,4,4,1930
w01931,证,zhèng,名,,4,1931
w01932,正常,zhèngcháng,形,4,4,1932
w01933,正好,zhènghǎo,形、副,4,4,1933
w01934,证件,zhèngjiàn,名,5,4,1934
w01935,证明,zhèngmíng,动、名,4,4,1935
w01936,正确,zhèngquè,形,4,4,1936
w01937,正式,zhèngshì,形,4,4,1937
w01938,之,zhī,助,4,4,1938
w01939,支持,zhīchí,动,4,4,1939
w01940,支付,zhīfù,动,,4,1940
w01941,之后,zhīhòu,名,,4,1941
w01942,之间,zhījiān,名,,4,1942
w01943,之前,zhīqián,名,,4,1943
w01944,知识,zhīshi,名,4,4,1944
w01945,之中,zhīzhōng,名,,4,1945
w01946,值,zhí,动、形,,4,1946
w01947,值得,zhídé,动,4,4,1947
w01948,直接,zhíjiē,形,4,4,1948
w01949,植物,zhíwù,名,4,4,1949
w01950,职业,zhíyè,名,4,4,1950
w01951,指,zhǐ,动,4,4,1951
w01952,指出,zhǐchū,动,,4,1952
w01953,只好,zhǐhǎo,副,4,4,1953
w01954,纸巾,zhǐjīn,名,,4,1954
w01955,质量,zhìliàng,名,4,4,1955
w01956,至少,zhìshǎo,副,4,4,1956
w01957,中餐,zhōngcān,名,,4,1957
w01958,中年,zhōngnián,名,,4,1958
w01959,种,zhòng,动,,4,1959
w01960,重,zhòng,名、形,,4,1960
w01961,重点,zhòngdiǎn,名、副,4,4,1961
w01962,重视,zhòngshì,动,4,4,1962
w01963,周围,zhōuwéi,名,4,4,1963
w01964,主意,zhǔyi,名,4,4,1964
w01965,祝,zhù,动,,4,1965
w01966,祝贺,zhùhè,动,4,4,1966
w01967,著名,zhùmíng,形,4,4,1967
w01968,专门,zhuānmén,副、形,4,4,1968
w01969,专业,zhuānyè,名、形,4,4,1969
w01970,转,zhuǎn,动,4,4,1970
w01971,转发,zhuǎnfā,动,,4,1971
w01972,转机,zhuǎnjī,动,,4,1972
w01973,赚,zhuàn,动,4,4,1973
w01974,装,zhuāng,动,5,4,1974
w01975,准,zhǔn,形、（副）,,4,1975
w01976,准确,zhǔnquè,形,4,4,1976
w01977,准时,zhǔnshí,形,4,4,1977
w01978,资料,zīliào,名,5,4,1978
w01979,仔细,zǐxì,形,4,4,1979
w01980,自,zì,介,,4,1980
w01981,自然,zìrán,名、形、副,4,4,1981
w01982,自习,zìxí,动,,4,1982
w01983,自信,zìxìn,动、名、形,4,4,1983
w01984,自学,zìxué,动,,4,1984
w01985,总结,zǒngjié,动、名,4,4,1985
w01986,租,zū,动,4,4,1986
w01987,组,zǔ,名、（动、量）,5,4,1987
w01988,最终,zuìzhōng,名,,4,1988
w01989,尊重,zūnzhòng,动、形,4,4,1989
w01990,左右,zuǒyòu,名、（动）,4,4,1990
w01991,座,zuò,名、量,4,4,1991
w01992,做法,zuòfǎ,名,,4,1992
w01993,作家,zuòjiā,名,4,4,1993
w01994,做梦,zuòmèng,动,,4,1994
w01995,作品,zuòpǐn,名,5,4,1995
w01996,作为,zuòwéi,动、介,5,4,1996
w01997,座位,zuòwèi,名,4,4,1997
w01998,作文,zuòwén,动、名,5,4,1998
w01999,作用,zuòyòng,名、（动）,4,4,1999
w02000,作者,zuòzhě,名,4,4,2000
w02001,哎,āi,叹,5,5,2001
w02002,哎呀,āiyā,叹,,5,2002
w02003,唉,ài,叹,5,5,2003
w02004,爱护,àihù,动,5,5,2004
w02005,安,ān,形、动,,5,2005
w02006,安全带,ānquándài,名,,5,2006
w02007,安慰,ānwèi,动、形,5,5,2007
w02008,安装,ānzhuāng,动,5,5,2008
w02009,暗,àn,形,5,5,2009
w02010,熬夜,áoyè,动,5,5,2010
w02011,把握,bǎwò,动、名,5,5,2011
w02012,白,bái,形、副,2,5,2012
w02013,半夜,bànyè,数量、名,,5,2013
w02014,傍晚,bàngwǎn,名,5,5,2014
w02015,包裹,bāoguǒ,动、名,5,5,2015
w02016,包含,bāohán,动,5,5,2016
w02017,包括,bāokuò,动,5,5,2017
w02018,包装,bāozhuāng,动、名,6,5,2018
w02019,薄,báo,形,5,5,2019
w02020,宝,bǎo,名,,5,2020
w02021,保,bǎo,动、名,,5,2021
w02022,保安,bǎo’ān,动、名,,5,2022
w02023,宝贝,bǎobèi,名,5,5,2023
w02024,保持,bǎochí,动,5,5,2024
w02025,保存,bǎocún,动,5,5,2025
w02026,宝贵,bǎoguì,形,5,5,2026
w02027,保留,bǎoliú,动,5,5,2027
w02028,保险,bǎoxiǎn,名、形,5,5,2028
w02029,保质期,bǎozhìqī,名,,5,2029
w02030,报到,bàodào,动,5,5,2030
w02031,报道,bàodào,动、名,5,5,2031
w02032,报告,bàogào,动、名,5,5,2032
w02033,报警,bàojǐng,动,6,5,2033
w02034,暴雨,bàoyǔ,名,,5,2034
w02035,抱怨,bàoyuàn,动,5,5,2035
w02036,背,bèi,名、动、形,,5,2036
w02037,背后,bèihòu,名,,5,2037
w02038,背景,bèijǐng,名,5,5,2038
w02039,被子,bèizi,名,5,5,2039
w02040,本,běn,副、代,,5,2040
w02041,本地,běndì,名,,5,2041
w02042,本领,běnlǐng,名,5,5,2042
w02043,本人,běnrén,代,6,5,2043
w02044,本质,běnzhì,名,5,5,2044
w02045,彼此,bǐcǐ,代,5,5,2045
w02046,比分,bǐfēn,名,,5,2046
w02047,比例,bǐlì,名,5,5,2047
w02048,比喻,bǐyù,动、名,6,5,2048
w02049,必,bì,副,,5,2049
w02050,毕竟,bìjìng,副,5,5,2050
w02051,避免,bìmiǎn,动,5,5,2051
w02052,闭幕式,bìmùshì,名,,5,2052
w02053,必然,bìrán,形、名,5,5,2053
w02054,必需,bìxū,动,,5,2054
w02055,必要,bìyào,形,5,5,2055
w02056,便,biàn,副,5,5,2056
w02057,变动,biàndòng,动,,5,2057
w02058,便利,biànlì,形、动,6,5,2058
w02059,便利店,biànlìdiàn,名,,5,2059
w02060,标题,biāotí,名,6,5,2060
w02061,标志,biāozhì,名、动,5,5,2061
w02062,表达,biǎodá,动,5,5,2062
w02063,表面,biǎomiàn,名,5,5,2063
w02064,表明,biǎomíng,动,5,5,2064
w02065,表情,biǎoqíng,名,5,5,2065
w02066,别,bié,动,,5,2066
w02067,饼,bǐng,名,,5,2067
w02068,病房,bìngfáng,名,,5,2068
w02069,病情,bìngqíng,名,,5,2069
w02070,拨打,bōdǎ,动,,5,2070
w02071,玻璃,bōli,名,5,5,2071
w02072,博物馆,bówùguǎn,名,5,5,2072
w02073,不利,búlì,形,,5,2073
w02074,不幸,búxìng,形、名,,5,2074
w02075,不要紧,búyàojǐn,形,5,5,2075
w02076,补充,bǔchōng,动,5,5,2076
w02077,不得了,bùdéliǎo,形,5,5,2077
w02078,不符,bùfú,动,,5,2078
w02079,不良,bùliáng,形,,5,2079
w02080,不然,bùrán,连、（形）,5,5,2080
w02081,步行,bùxíng,动,,5,2081
w02082,不足,bùzú,动、名,5,5,2082
w02083,才,cái,名,,5,2083
w02084,裁判,cáipàn,动、名,6,5,2084
w02085,采访,cǎifǎng,动,5,5,2085
w02086,采取,cǎiqǔ,动,5,5,2086
w02087,彩色,cǎisè,名,,5,2087
w02088,采用,cǎiyòng,动,,5,2088
w02089,参考,cānkǎo,动,5,5,2089
w02090,餐饮,cānyǐn,名,,5,2090
w02091,参与,cānyù,动,5,5,2091
w02092,藏,cáng,动,,5,2092
w02093,操作,cāozuò,动,6,5,2093
w02094,册,cè,量,5,5,2094
w02095,测,cè,动,,5,2095
w02096,测试,cèshì,动,,5,2096
w02097,曾,céng,副,,5,2097
w02098,曾经,céngjīng,副,5,5,2098
w02099,插,chā,动,5,5,2099
w02100,差别,chābié,名,5,5,2100
w02101,差距,chājù,名,5,5,2101
w02102,叉子,chāzi,名,5,5,2102
w02103,拆,chāi,动,5,5,2103
w02104,产,chǎn,动,,5,2104
w02105,产量,chǎnliàng,名,,5,2105
w02106,产品,chǎnpǐn,名,5,5,2106
w02107,产业,chǎnyè,名,6,5,2107
w02108,长处,chángchù,名,,5,2108
w02109,长度,chángdù,名,,5,2109
w02110,长久,chángjiǔ,形,,5,2110
w02111,长期,chángqī,名、形,,5,2111
w02112,常识,chángshí,名,5,5,2112
w02113,尝试,chángshì,动,6,5,2113
w02114,长途,chángtú,形,5,5,2114
w02115,长远,chángyuǎn,形,,5,2115
w02116,场所,chǎngsuǒ,名,6,5,2116
w02117,超,chāo,动,,5,2117
w02118,超出,chāochū,动,,5,2118
w02119,超级,chāojí,形,5,5,2119
w02120,超速,chāosù,动,,5,2120
w02121,朝,cháo,动、介,5,5,2121
w02122,吵,chǎo,形、动,5,5,2122
w02123,炒,chǎo,动,5,5,2123
w02124,车祸,chēhuò,名,,5,2124
w02125,车库,chēkù,名,5,5,2125
w02126,车辆,chēliàng,名,,5,2126
w02127,车厢,chēxiāng,名,5,5,2127
w02128,车主,chēzhǔ,名,,5,2128
w02129,彻底,chèdǐ,形,5,5,2129
w02130,沉,chén,动、形,,5,2130
w02131,沉默,chénmò,动,5,5,2131
w02132,称,chēng,动,5,5,2132
w02133,称,chēng,动,,5,2133
w02134,称为,chēngwéi,动,,5,2134
w02135,称赞,chēngzàn,动,5,5,2135
w02136,成本,chéngběn,名,6,5,2136
w02137,承担,chéngdān,动,5,5,2137
w02138,程度,chéngdù,名,5,5,2138
w02139,成分,chéngfèn,名,5,5,2139
w02140,成果,chéngguǒ,名,5,5,2140
w02141,成就,chéngjiù,名、动,5,5,2141
w02142,成立,chénglì,动,5,5,2142
w02143,成年,chéngnián,动,,5,2143
w02144,城区,chéngqū,名,,5,2144
w02145,成人,chéngrén,动、名,5,5,2145
w02146,承认,chéngrèn,动,5,5,2146
w02147,承受,chéngshòu,动,5,5,2147
w02148,成熟,chéngshú,动、形,5,5,2148
w02149,乘务员,chéngwùyuán,名,,5,2149
w02150,程序,chéngxù,名,5,5,2150
w02151,成员,chéngyuán,名,6,5,2151
w02152,成长,chéngzhǎng,动,5,5,2152
w02153,橙子,chéngzi,名,,5,2153
w02154,池,chí,名,,5,2154
w02155,持续,chíxù,动,5,5,2155
w02156,尺子,chǐzi,名,5,5,2156
w02157,翅膀,chìbǎng,名,5,5,2157
w02158,冲,chōng,动,5,5,2158
w02159,充电,chōngdiàn,动,,5,2159
w02160,充分,chōngfèn,形,5,5,2160
w02161,充满,chōngmǎn,动,5,5,2161
w02162,充值,chōngzhí,动,,5,2162
w02163,充足,chōngzú,形,6,5,2163
w02164,重复,chóngfù,动,5,5,2164
w02165,虫子,chóngzi,名,,5,2165
w02166,宠物,chǒngwù,名,5,5,2166
w02167,抽,chōu,动,,5,2167
w02168,丑,chǒu,形,5,5,2168
w02169,臭,chòu,形,5,5,2169
w02170,初,chū,名、副、前缀,,5,2170
w02171,出版,chūbǎn,动,5,5,2171
w02172,初级,chūjí,形,5,5,2172
w02173,初期,chūqī,名,,5,2173
w02174,出色,chūsè,形,5,5,2174
w02175,出售,chūshòu,动,,5,2175
w02176,出席,chūxí,动,5,5,2176
w02177,出自,chūzì,动,,5,2177
w02178,除夕,chúxī,名,5,5,2178
w02179,处,chǔ,动,,5,2179
w02180,处理,chǔlǐ,动,5,5,2180
w02181,处于,chǔyú,动,,5,2181
w02182,处,chù,名,,5,2182
w02183,传,chuán,动,,5,2183
w02184,传播,chuánbō,动,5,5,2184
w02185,传递,chuándì,动,,5,2185
w02186,传说,chuánshuō,动、名,5,5,2186
w02187,传统,chuántǒng,名、形,5,5,2187
w02188,窗台,chuāngtái,名,,5,2188
w02189,床单,chuángdān,名,6,5,2189
w02190,创新,chuàngxīn,动、名,6,5,2190
w02191,创业,chuàngyè,动,6,5,2191
w02192,创造,chuàngzào,动,5,5,2192
w02193,创作,chuàngzuò,动、名,6,5,2193
w02194,词汇,cíhuì,名,5,5,2194
w02195,辞职,cízhí,动,5,5,2195
w02196,此后,cǐhòu,名,,5,2196
w02197,此前,cǐqián,名,,5,2197
w02198,此时,cǐshí,名,,5,2198
w02199,刺激,cìjī,动、名,5,5,2199
w02200,从不,cóng bù,,,5,2200
w02201,从而,cóng’ér,连,5,5,2201
w02202,从前,cóngqián,名,5,5,2202
w02203,从事,cóngshì,动,5,5,2203
w02204,促进,cùjìn,动,5,5,2204
w02205,促使,cùshǐ,动,5,5,2205
w02206,促销,cùxiāo,动,,5,2206
w02207,催,cuī,动,5,5,2207
w02208,存放,cúnfàng,动,,5,2208
w02209,存款,cúnkuǎn,动、名,,5,2209
w02210,存在,cúnzài,动,5,5,2210
w02211,措施,cuòshī,名,5,5,2211
w02212,达成,dáchéng,动,6,5,2212
w02213,打扮,dǎban,动,4,5,2213
w02214,打包,dǎbāo,动,6,5,2214
w02215,打断,dǎduàn,动,,5,2215
w02216,打破,dǎpò,动,,5,2216
w02217,打听,dǎting,动,5,5,2217
w02218,大胆,dàdǎn,形,,5,2218
w02219,大多,dàduō,副,,5,2219
w02220,大会,dàhuì,名,,5,2220
w02221,大力,dàlì,名、副,,5,2221
w02222,大妈,dàmā,名,,5,2222
w02223,大米,dàmǐ,名,,5,2223
w02224,大脑,dànǎo,名,,5,2224
w02225,大批,dàpī,形,,5,2225
w02226,大厦,dàshà,名,5,5,2226
w02227,大事,dàshì,名,,5,2227
w02228,大象,dàxiàng,名,5,5,2228
w02229,大型,dàxíng,形,5,5,2229
w02230,大爷,dàye,名,,5,2230
w02231,大于,dàyú,动,,5,2231
w02232,大众,dàzhòng,名,,5,2232
w02233,代,dài,动、名,,5,2233
w02234,代表,dàibiǎo,名、动,5,5,2234
w02235,带动,dàidòng,动,,5,2235
w02236,代替,dàitì,动,5,5,2236
w02237,待遇,dàiyù,名,5,5,2237
w02238,单,dān,形、副、名、量,,5,2238
w02239,单独,dāndú,副,5,5,2239
w02240,担任,dānrèn,动,5,5,2240
w02241,单一,dānyī,形,,5,2241
w02242,单元,dānyuán,名,5,5,2242
w02243,胆小,dǎnxiǎo,形,,5,2243
w02244,淡,dàn,形,5,5,2244
w02245,当地,dāngdì,名,5,5,2245
w02246,当年,dāngnián,名,,5,2246
w02247,当前,dāngqián,动、名,6,5,2247
w02248,当中,dāngzhōng,名,,5,2248
w02249,挡,dǎng,动,5,5,2249
w02250,当,dàng,动,,5,2250
w02251,当成,dàngchéng,动,,5,2251
w02252,当作,dàngzuò,动,,5,2252
w02253,倒,dǎo,动,,5,2253
w02254,导演,dǎoyǎn,动、名,5,5,2254
w02255,导致,dǎozhì,动,5,5,2255
w02256,到达,dàodá,动,5,5,2256
w02257,道理,dàolǐ,名,5,5,2257
w02258,到期,dàoqī,动,,5,2258
w02259,登,dēng,动,,5,2259
w02260,灯光,dēngguāng,名,,5,2260
w02261,登记,dēngjì,动,5,5,2261
w02262,登录,dēnglù,动,6,5,2262
w02263,等待,děngdài,动,5,5,2263
w02264,等候,děnghòu,动,6,5,2264
w02265,等于,děngyú,动,5,5,2265
w02266,低头,dītóu,动,,5,2266
w02267,的确,díquè,副,5,5,2267
w02268,敌人,dírén,名,5,5,2268
w02269,递,dì,动,5,5,2269
w02270,地理,dìlǐ,名,5,5,2270
w02271,地面,dìmiàn,名,,5,2271
w02272,地区,dìqū,名,5,5,2272
w02273,地位,dìwèi,名,5,5,2273
w02274,地下,dìxià,名、形,,5,2274
w02275,地震,dìzhèn,动,5,5,2275
w02276,点心,diǎnxin,名,5,5,2276
w02277,点赞,diǎnzàn,动,,5,2277
w02278,电池,diànchí,名,5,5,2278
w02279,电动,diàndòng,形,,5,2279
w02280,电器,diànqì,名,,5,2280
w02281,电商,diànshāng,名,,5,2281
w02282,电视台,diànshìtái,名,,5,2282
w02283,电子版,diànzǐbǎn,名,,5,2283
w02284,调,diào,动,,5,2284
w02285,调研,diàoyán,动,,5,2285
w02286,定期,dìngqī,动、形,6,5,2286
w02287,丢失,diūshī,动,,5,2287
w02288,冻,dòng,动,5,5,2288
w02289,洞,dòng,名,5,5,2289
w02290,动画,dònghuà,名,,5,2290
w02291,动人,dòngrén,形,,5,2291
w02292,动手,dòngshǒu,动,6,5,2292
w02293,豆腐,dòufu,名,5,5,2293
w02294,豆浆,dòujiāng,名,,5,2294
w02295,独立,dúlì,动、形,5,5,2295
w02296,独特,dútè,形,5,5,2296
w02297,读音,dúyīn,名,,5,2297
w02298,独自,dúzì,副,,5,2298
w02299,堵,dǔ,动、形、量,,5,2299
w02300,度,dù,量、名、动、后缀,,5,2300
w02301,短处,duǎnchù,名,,5,2301
w02302,短期,duǎnqī,名、形,,5,2302
w02303,断,duàn,动,5,5,2303
w02304,堆,duī,动、名、量,5,5,2304
w02305,对比,duìbǐ,动、名,5,5,2305
w02306,对待,duìdài,动,5,5,2306
w02307,对手,duìshǒu,名,5,5,2307
w02308,队伍,duìwu,名,6,5,2308
w02309,对象,duìxiàng,名,5,5,2309
w02310,吨,dūn,量,5,5,2310
w02311,朵,duǒ,量,5,5,2311
w02312,躲,duǒ,动,,5,2312
w02313,儿女,érnǚ,名,,5,2313
w02314,二手,èrshǒu,形,,5,2314
w02315,二维码,èrwéimǎ,名,,5,2315
w02316,发表,fābiǎo,动,5,5,2316
w02317,发布,fābù,动,6,5,2317
w02318,发达,fādá,形、动,5,5,2318
w02319,发挥,fāhuī,动,5,5,2319
w02320,发明,fāmíng,动、名,5,5,2320
w02321,发起,fāqǐ,动,,5,2321
w02322,发言,fāyán,动、名,5,5,2322
w02323,发音,fāyīn,动、名,,5,2323
w02324,罚,fá,动,,5,2324
w02325,罚款,fákuǎn,动、名,5,5,2325
w02326,法院,fǎyuàn,名,5,5,2326
w02327,翻,fān,动,5,5,2327
w02328,番茄,fānqié,名,,5,2328
w02329,繁荣,fánróng,形、动,5,5,2329
w02330,反,fǎn,形、动、副,,5,2330
w02331,反而,fǎn’ér,副,5,5,2331
w02332,反复,fǎnfù,副、动、名,5,5,2332
w02333,返回,fǎnhuí,动,,5,2333
w02334,反应,fǎnyìng,动、名,5,5,2334
w02335,反映,fǎnyìng,动,5,5,2335
w02336,反正,fǎnzhèng,副,5,5,2336
w02337,范围,fànwéi,名,5,5,2337
w02338,方,fāng,形、名,5,5,2338
w02339,方案,fāng’àn,名,5,5,2339
w02340,防,fáng,动,,5,2340
w02341,房屋,fángwū,名,,5,2341
w02342,防止,fángzhǐ,动,6,5,2342
w02343,仿佛,fǎngfú,副,5,5,2343
w02344,访问,fǎngwèn,动,6,5,2344
w02345,飞行,fēixíng,动,,5,2345
w02346,飞行员,fēixíngyuán,名,,5,2346
w02347,非洲,Fēizhōu,名,,5,2347
w02348,分别,fēnbié,动、副、名,5,5,2348
w02349,分布,fēnbù,动,5,5,2349
w02350,纷纷,fēnfēn,形、副,5,5,2350
w02351,分类,fēnlèi,动,,5,2351
w02352,分离,fēnlí,动,,5,2352
w02353,分配,fēnpèi,动,5,5,2353
w02354,分手,fēnshǒu,动,5,5,2354
w02355,分析,fēnxī,动,5,5,2355
w02356,分享,fēnxiǎng,动,,5,2356
w02357,奋斗,fèndòu,动,5,5,2357
w02358,丰富多彩,fēngfù-duōcǎi,,,5,2358
w02359,风格,fēnggé,名,5,5,2359
w02360,疯狂,fēngkuáng,形,5,5,2360
w02361,风俗,fēngsú,名,5,5,2361
w02362,风险,fēngxiǎn,名,5,5,2362
w02363,否定,fǒudìng,动、形,5,5,2363
w02364,否认,fǒurèn,动,5,5,2364
w02365,夫妇,fūfù,名,6,5,2365
w02366,扶,fú,动,5,5,2366
w02367,福,fú,名,,5,2367
w02368,服装,fúzhuāng,名,5,5,2368
w02369,副,fù,量,6,5,2369
w02370,富,fù,形,4,5,2370
w02371,付出,fùchū,动,,5,2371
w02372,负担,fùdān,动、名,6,5,2372
w02373,妇女,fùnǚ,名,5,5,2373
w02374,富有,fùyǒu,形、动,,5,2374
w02375,复制,fùzhì,动,5,5,2375
w02376,改革,gǎigé,动,5,5,2376
w02377,改进,gǎijìn,动,5,5,2377
w02378,改善,gǎishàn,动,5,5,2378
w02379,改天,gǎitiān,副,,5,2379
w02380,改正,gǎizhèng,动,5,5,2380
w02381,盖,gài,名、动,5,5,2381
w02382,概括,gàikuò,动、形,5,5,2382
w02383,概念,gàiniàn,名,5,5,2383
w02384,敢于,gǎnyú,动,,5,2384
w02385,刚好,gānghǎo,形、副,,5,2385
w02386,高大,gāodà,形,,5,2386
w02387,高档,gāodàng,形,5,5,2387
w02388,高度,gāodù,名、形,,5,2388
w02389,高级,gāojí,形,5,5,2389
w02390,高科技,gāokējì,名,,5,2390
w02391,高效,gāoxiào,形,,5,2391
w02392,搞,gǎo,动,5,5,2392
w02393,告别,gàobié,动,5,5,2393
w02394,歌词,gēcí,名,,5,2394
w02395,歌曲,gēqǔ,名,,5,2395
w02396,隔,gé,动,,5,2396
w02397,格外,géwài,副,5,5,2397
w02398,个别,gèbié,副、形,5,5,2398
w02399,各行各业,gèháng-gèyè,,,5,2399
w02400,个人,gèrén,名,5,5,2400
w02401,个性,gèxìng,名,5,5,2401
w02402,各自,gèzì,代,5,5,2402
w02403,根,gēn,名、量,5,5,2403
w02404,根本,gēnběn,名、形、副,5,5,2404
w02405,更换,gēnghuàn,动,,5,2405
w02406,更新,gēngxīn,动,6,5,2406
w02407,公布,gōngbù,动,5,5,2407
w02408,工程,gōngchéng,名,,5,2408
w02409,工程师,gōngchéngshī,名,5,5,2409
w02410,工具,gōngjù,名,5,5,2410
w02411,功能,gōngnéng,名,5,5,2411
w02412,公平,gōngpíng,形,5,5,2412
w02413,公务员,gōngwùyuán,名,,5,2413
w02414,恭喜,gōngxǐ,动,5,5,2414
w02415,工业,gōngyè,名,5,5,2415
w02416,工艺,gōngyì,名,,5,2416
w02417,公寓,gōngyù,名,5,5,2417
w02418,贡献,gòngxiàn,动、名,5,5,2418
w02419,共享,gòngxiǎng,动,,5,2419
w02420,沟通,gōutōng,动,5,5,2420
w02421,构成,gòuchéng,动、名,5,5,2421
w02422,古,gǔ,形,,5,2422
w02423,鼓,gǔ,名、动、形,,5,2423
w02424,古代,gǔdài,名,5,5,2424
w02425,古老,gǔlǎo,形,,5,2425
w02426,鼓掌,gǔzhǎng,动,5,5,2426
w02427,固定,gùdìng,动,5,5,2427
w02428,故乡,gùxiāng,名,6,5,2428
w02429,挂号,guàhào,动,5,5,2429
w02430,怪,guài,形、动、副,,5,2430
w02431,关闭,guānbì,动,5,5,2431
w02432,观察,guānchá,动,5,5,2432
w02433,观点,guāndiǎn,名,5,5,2433
w02434,观念,guānniàn,名,5,5,2434
w02435,冠军,guànjūn,名,5,5,2435
w02436,光临,guānglín,动,5,5,2436
w02437,光明,guāngmíng,名、形,5,5,2437
w02438,光线,guāngxiàn,名,,5,2438
w02439,广,guǎng,形,,5,2439
w02440,广场,guǎngchǎng,名,5,5,2440
w02441,广大,guǎngdà,形,5,5,2441
w02442,广泛,guǎngfàn,形,5,5,2442
w02443,规律,guīlǜ,名、形,5,5,2443
w02444,规模,guīmó,名,5,5,2444
w02445,规则,guīzé,名、形,5,5,2445
w02446,贵姓,guìxìng,名,,5,2446
w02447,柜子,guìzi,名,,5,2447
w02448,滚,gǔn,动,5,5,2448
w02449,锅,guō,名,5,5,2449
w02450,国画,guóhuà,名,,5,2450
w02451,国庆,guóqìng,名,,5,2451
w02452,果然,guǒrán,副,5,5,2452
w02453,果实,guǒshí,名,5,5,2453
w02454,过度,guòdù,形,6,5,2454
w02455,过分,guòfèn,形,5,5,2455
w02456,过敏,guòmǐn,动,5,5,2456
w02457,过期,guòqī,动,5,5,2457
w02458,过于,guòyú,副,6,5,2458
w02459,哈,hā,拟声、叹,5,5,2459
w02460,海关,hǎiguān,名,5,5,2460
w02461,海外,hǎiwài,名,,5,2461
w02462,海鲜,hǎixiān,名,5,5,2462
w02463,含,hán,动,,5,2463
w02464,含量,hánliàng,名,,5,2464
w02465,含有,hányǒu,动,,5,2465
w02466,汗水,hànshuǐ,名,,5,2466
w02467,行,háng,名、量,,5,2467
w02468,行业,hángyè,名,5,5,2468
w02469,好评,hǎopíng,名,,5,2469
w02470,好运,hǎoyùn,名,,5,2470
w02471,好转,hǎozhuǎn,动,,5,2471
w02472,好,hào,动,,5,2472
w02473,好奇,hàoqí,形,5,5,2473
w02474,合,hé,动,,5,2474
w02475,合法,héfǎ,形,5,5,2475
w02476,盒饭,héfàn,名,,5,2476
w02477,合理,hélǐ,形,5,5,2477
w02478,河流,héliú,名,,5,2478
w02479,合同,hétóng,名,5,5,2479
w02480,合影,héyǐng,动、名,5,5,2480
w02481,合作,hézuò,动,5,5,2481
w02482,黑,hēi,形,2,5,2482
w02483,红,hóng,形,2,5,2483
w02484,猴子,hóuzi,名,5,5,2484
w02485,厚度,hòudù,名,,5,2485
w02486,后果,hòuguǒ,名,5,5,2486
w02487,忽视,hūshì,动,5,5,2487
w02488,呼吸,hūxī,动,5,5,2488
w02489,湖,hú,名,,5,2489
w02490,蝴蝶,húdié,名,5,5,2490
w02491,胡同,hútòng,名,5,5,2491
w02492,互动,hùdòng,动,,5,2492
w02493,户外,hùwài,名,,5,2493
w02494,花费,huāfèi,动,,5,2494
w02495,滑,huá,形、动,5,5,2495
w02496,划,huá,动,5,5,2496
w02497,化,huà,后缀、（动）,,5,2497
w02498,话费,huàfèi,名,,5,2498
w02499,画面,huàmiàn,名,,5,2499
w02500,话题,huàtí,名,5,5,2500
w02501,化学,huàxué,名,5,5,2501
w02502,环节,huánjié,名,6,5,2502
w02503,缓解,huǎnjiě,动,5,5,2503
w02504,缓慢,huǎnmàn,形,,5,2504
w02505,黄瓜,huángguā,名,,5,2505
w02506,黄金,huángjīn,名,5,5,2506
w02507,灰,huī,名、形,5,5,2507
w02508,挥,huī,动,5,5,2508
w02509,恢复,huīfù,动,5,5,2509
w02510,灰色,huīsè,名、形,,5,2510
w02511,回收,huíshōu,动,6,5,2511
w02512,汇率,huìlǜ,名,5,5,2512
w02513,婚礼,hūnlǐ,名,5,5,2513
w02514,伙,huǒ,量,,5,2514
w02515,伙伴,huǒbàn,名,5,5,2515
w02516,火锅,huǒguō,名,,5,2516
w02517,或是,huòshì,副、连,,5,2517
w02518,货物,huòwù,名,,5,2518
w02519,或许,huòxǔ,副,5,5,2519
w02520,机构,jīgòu,名,6,5,2520
w02521,激烈,jīliè,形,5,5,2521
w02522,机器,jīqì,名,5,5,2522
w02523,机器人,jīqìrén,名,,5,2523
w02524,肌肉,jīròu,名,5,5,2524
w02525,及,jí,连,,5,2525
w02526,级,jí,名、量,,5,2526
w02527,集,jí,名、量,,5,2527
w02528,疾病,jíbìng,名,6,5,2528
w02529,及格,jígé,动,5,5,2529
w02530,集合,jíhé,动,5,5,2530
w02531,即将,jíjiāng,副,6,5,2531
w02532,急忙,jímáng,副,5,5,2532
w02533,极其,jíqí,副,5,5,2533
w02534,集体,jítǐ,名,5,5,2534
w02535,急需,jíxū,动,,5,2535
w02536,急诊,jízhěn,动、名,5,5,2536
w02537,集中,jízhōng,动、形,5,5,2537
w02538,挤,jǐ,动、形,,5,2538
w02539,系,jì,动,5,5,2539
w02540,季度,jìdù,名,6,5,2540
w02541,记录,jìlù,动、名,5,5,2541
w02542,纪录,jìlù,名,5,5,2542
w02543,纪录片,jìlùpiàn,名,,5,2543
w02544,技能,jìnéng,名,,5,2544
w02545,纪念,jìniàn,动、名,5,5,2545
w02546,纪念日,jìniànrì,名,,5,2546
w02547,计算,jìsuàn,动,5,5,2547
w02548,计算机,jìsuànjī,名,,5,2548
w02549,记忆,jìyì,动、名,5,5,2549
w02550,记载,jìzǎi,动,6,5,2550
w02551,嘉宾,jiābīn,名,5,5,2551
w02552,家电,jiādiàn,名,,5,2552
w02553,加工,jiāgōng,动,6,5,2553
w02554,加热,jiārè,动,,5,2554
w02555,加深,jiāshēn,动,,5,2555
w02556,加速,jiāsù,动,,5,2556
w02557,家务,jiāwù,名,5,5,2557
w02558,甲,jiǎ,名,5,5,2558
w02559,假如,jiǎrú,连,5,5,2559
w02560,架,jià,名、动、量,,5,2560
w02561,驾驶,jiàshǐ,动,5,5,2561
w02562,驾照,jiàzhào,名,,5,2562
w02563,价值,jiàzhí,名,5,5,2563
w02564,艰苦,jiānkǔ,形,5,5,2564
w02565,坚强,jiānqiáng,形,5,5,2565
w02566,捡,jiǎn,动,5,5,2566
w02567,剪,jiǎn,动,,5,2567
w02568,剪刀,jiǎndāo,名,5,5,2568
w02569,减肥,jiǎnféi,动,4,5,2569
w02570,简历,jiǎnlì,名,5,5,2570
w02571,简直,jiǎnzhí,副,5,5,2571
w02572,建,jiàn,动,,5,2572
w02573,键,jiàn,名,,5,2573
w02574,渐渐,jiànjiàn,副,,5,2574
w02575,建立,jiànlì,动,5,5,2575
w02576,键盘,jiànpán,名,5,5,2576
w02577,建设,jiànshè,动,5,5,2577
w02578,建造,jiànzào,动,,5,2578
w02579,建筑,jiànzhù,动、名,5,5,2579
w02580,将近,jiāngjìn,副,6,5,2580
w02581,讲话,jiǎnghuà,名,,5,2581
w02582,讲究,jiǎngjiu,动、形,5,5,2582
w02583,奖励,jiǎnglì,动,6,5,2583
w02584,讲述,jiǎngshù,动,,5,2584
w02585,讲座,jiǎngzuò,名,5,5,2585
w02586,降水,jiàngshuǐ,动,,5,2586
w02587,浇,jiāo,动,5,5,2587
w02588,交换,jiāohuàn,动,5,5,2588
w02589,交往,jiāowǎng,动,5,5,2589
w02590,交易,jiāoyì,动、名,6,5,2590
w02591,脚步,jiǎobù,名,,5,2591
w02592,角度,jiǎodù,名,5,5,2592
w02593,较,jiào,介、副,,5,2593
w02594,教材,jiàocái,名,5,5,2594
w02595,接触,jiēchù,动,5,5,2595
w02596,接待,jiēdài,动,5,5,2596
w02597,阶段,jiēduàn,名,5,5,2597
w02598,接近,jiējìn,动,5,5,2598
w02599,接收,jiēshōu,动,,5,2599
w02600,结,jié,动、名,,5,2600
w02601,结构,jiégòu,名,5,5,2601
w02602,结合,jiéhé,动,5,5,2602
w02603,结论,jiélùn,名,5,5,2603
w02604,节省,jiéshěng,动,5,5,2604
w02605,届,jiè,量,5,5,2605
w02606,今日,jīnrì,名,,5,2606
w02607,紧,jǐn,形、动,,5,2607
w02608,紧急,jǐnjí,形,5,5,2608
w02609,尽快,jǐnkuài,副,5,5,2609
w02610,尽量,jǐnliàng,副,5,5,2610
w02611,紧密,jǐnmì,形,,5,2611
w02612,谨慎,jǐnshèn,形,5,5,2612
w02613,进步,jìnbù,动、形,5,5,2613
w02614,近代,jìndài,名,5,5,2614
w02615,进口,jìnkǒu,动,5,5,2615
w02616,尽力,jìnlì,动,5,5,2616
w02617,近年来,jìnnián lái,,,5,2617
w02618,近期,jìnqī,名,,5,2618
w02619,近日,jìnrì,名,,5,2619
w02620,进一步,jìnyíbù,副,,5,2620
w02621,经典,jīngdiǎn,名、形,5,5,2621
w02622,精力,jīnglì,名,5,5,2622
w02623,精神,jīngshen,名、形,5,5,2623
w02624,惊喜,jīngxǐ,形,,5,2624
w02625,经营,jīngyíng,动,5,5,2625
w02626,静,jìng,形、动,,5,2626
w02627,酒吧,jiǔbā,名,5,5,2627
w02628,久远,jiǔyuǎn,形,,5,2628
w02629,救,jiù,动,5,5,2629
w02630,救护车,jiùhùchē,名,5,5,2630
w02631,就业,jiùyè,动,6,5,2631
w02632,居民,jūmín,名,6,5,2632
w02633,居然,jūrán,副,5,5,2633
w02634,居住,jūzhù,动,6,5,2634
w02635,橘子,júzi,名,,5,2635
w02636,据,jù,介,,5,2636
w02637,距,jù,动,,5,2637
w02638,具备,jùbèi,动,5,5,2638
w02639,剧场,jùchǎng,名,,5,2639
w02640,巨大,jùdà,形,5,5,2640
w02641,据说,jùshuō,动,5,5,2641
w02642,具体,jùtǐ,形、动,5,5,2642
w02643,具有,jùyǒu,动,,5,2643
w02644,捐,juān,动,5,5,2644
w02645,绝对,juéduì,形、副,5,5,2645
w02646,决赛,juésài,动、名,5,5,2646
w02647,角色,juésè,名,5,5,2647
w02648,决心,juéxīn,名、动,5,5,2648
w02649,开发,kāifā,动,5,5,2649
w02650,开放,kāifàng,动、形,5,5,2650
w02651,开幕,kāimù,动,,5,2651
w02652,开幕式,kāimùshì,名,5,5,2652
w02653,开水,kāishuǐ,名,5,5,2653
w02654,开通,kāitōng,动,,5,2654
w02655,开业,kāiyè,动,,5,2655
w02656,开展,kāizhǎn,动,6,5,2656
w02657,看,kān,动,,5,2657
w02658,看望,kànwàng,动,5,5,2658
w02659,看作,kànzuò,动,,5,2659
w02660,靠,kào,动,5,5,2660
w02661,靠近,kàojìn,动,,5,2661
w02662,颗,kē,量,5,5,2662
w02663,科研,kēyán,动,,5,2663
w02664,可见,kějiàn,连,5,5,2664
w02665,可靠,kěkào,形,5,5,2665
w02666,可怕,kěpà,形,5,5,2666
w02667,克服,kèfú,动,5,5,2667
w02668,客服,kèfú,形,,5,2668
w02669,客观,kèguān,形,5,5,2669
w02670,客户,kèhù,名,6,5,2670
w02671,空间,kōngjiān,名,5,5,2671
w02672,空中,kōngzhōng,名、形,,5,2672
w02673,控制,kòngzhì,动,5,5,2673
w02674,口袋,kǒudai,名,,5,2674
w02675,口味,kǒuwèi,名,5,5,2675
w02676,库,kù,名,,5,2676
w02677,宽,kuān,形、名、（动）,5,5,2677
w02678,宽度,kuāndù,名,,5,2678
w02679,亏,kuī,动,,5,2679
w02680,昆虫,kūnchóng,名,5,5,2680
w02681,扩大,kuòdà,动,5,5,2681
w02682,来源,láiyuán,名、动,6,5,2682
w02683,劳动,láodòng,名、动,5,5,2683
w02684,老百姓,lǎobǎixìng,名,5,5,2684
w02685,老板,lǎobǎn,名,5,5,2685
w02686,老公,lǎogōng,名,,5,2686
w02687,姥姥,lǎolao,名,5,5,2687
w02688,老婆,lǎopo,名,5,5,2688
w02689,姥爷,lǎoye,名,,5,2689
w02690,乐观,lèguān,形,5,5,2690
w02691,乐趣,lèqù,名,6,5,2691
w02692,泪,lèi,名,,5,2692
w02693,类,lèi,名、量,,5,2693
w02694,泪水,lèishuǐ,名,,5,2694
w02695,类似,lèisì,动,6,5,2695
w02696,类型,lèixíng,名,5,5,2696
w02697,梨,lí,名,5,5,2697
w02698,离婚,líhūn,动,5,5,2698
w02699,厘米,límǐ,量,5,5,2699
w02700,离职,lízhí,动,,5,2700
w02701,理论,lǐlùn,名、动,5,5,2701
w02702,里头,lǐtou,名,,5,2702
w02703,理由,lǐyóu,名,5,5,2703
w02704,力,lì,名、后缀,,5,2704
w02705,立即,lìjí,副,5,5,2705
w02706,立刻,lìkè,副,5,5,2706
w02707,力量,lìliàng,名,5,5,2707
w02708,利润,lìrùn,名,5,5,2708
w02709,利益,lìyì,名,5,5,2709
w02710,利用,lìyòng,动,5,5,2710
w02711,联合,liánhé,动、形,5,5,2711
w02712,连接,liánjiē,动,,5,2712
w02713,连忙,liánmáng,副,5,5,2713
w02714,连续,liánxù,动,5,5,2714
w02715,脸色,liǎnsè,名,,5,2715
w02716,恋爱,liàn’ài,动、名,5,5,2716
w02717,良好,liánghǎo,形,5,5,2717
w02718,粮食,liángshi,名,5,5,2718
w02719,量,liàng,名,,5,2719
w02720,了不起,liǎobuqǐ,形,5,5,2720
w02721,列车,lièchē,名,5,5,2721
w02722,临时,línshí,副、形,5,5,2722
w02723,铃,líng,名,5,5,2723
w02724,灵活,línghuó,形,5,5,2724
w02725,领,lǐng,名、动,,5,2725
w02726,领带,lǐngdài,名,,5,2726
w02727,领导,lǐngdǎo,动、名,5,5,2727
w02728,领取,lǐngqǔ,动,,5,2728
w02729,领先,lǐngxiān,动,6,5,2729
w02730,领域,lǐngyù,名,5,5,2730
w02731,令,lìng,动、名,,5,2731
w02732,流传,liúchuán,动,5,5,2732
w02733,流感,liúgǎn,名,,5,2733
w02734,浏览,liúlǎn,动,5,5,2734
w02735,留言,liúyán,动、名,,5,2735
w02736,龙,lóng,名,5,5,2736
w02737,漏,lòu,动,5,5,2737
w02738,录,lù,动,,5,2738
w02739,陆地,lùdì,名,5,5,2739
w02740,录取,lùqǔ,动,5,5,2740
w02741,路人,lùrén,名,,5,2741
w02742,路线,lùxiàn,名,,5,2742
w02743,陆续,lùxù,副,5,5,2743
w02744,录音,lùyīn,动、名,5,5,2744
w02745,旅行社,lǚxíngshè,名,,5,2745
w02746,论文,lùnwén,名,5,5,2746
w02747,逻辑,luójí,名,5,5,2747
w02748,骂,mà,动,5,5,2748
w02749,买卖,mǎimai,名,,5,2749
w02750,满足,mǎnzú,动,5,5,2750
w02751,忙碌,mánglù,形,6,5,2751
w02752,毛笔,máobǐ,名,,5,2752
w02753,毛病,máobìng,名,5,5,2753
w02754,矛盾,máodùn,名、动、形,5,5,2754
w02755,没法儿,méifǎr,动,,5,2755
w02756,玫瑰,méigui,名,,5,2756
w02757,媒体,méitǐ,名,5,5,2757
w02758,美术,měishù,名,5,5,2758
w02759,美味,měiwèi,名,,5,2759
w02760,魅力,mèilì,名,5,5,2760
w02761,门诊,ménzhěn,动,,5,2761
w02762,迷,mí,动,,5,2762
w02763,迷路,mílù,动,4,5,2763
w02764,秘密,mìmì,形、名,5,5,2764
w02765,密切,mìqiè,形、动,5,5,2765
w02766,秘书,mìshū,名,5,5,2766
w02767,面,miàn,名,,5,2767
w02768,面积,miànjī,名,5,5,2768
w02769,面临,miànlín,动,5,5,2769
w02770,面向,miànxiàng,动,,5,2770
w02771,描述,miáoshù,动,,5,2771
w02772,敏感,mǐngǎn,形,5,5,2772
w02773,名称,míngchēng,名,,5,2773
w02774,名牌,míngpái,名,5,5,2774
w02775,名片,míngpiàn,名,5,5,2775
w02776,明确,míngquè,形、动,5,5,2776
w02777,明显,míngxiǎn,形,5,5,2777
w02778,明星,míngxīng,名,5,5,2778
w02779,命,mìng,名,,5,2779
w02780,命运,mìngyùn,名,5,5,2780
w02781,摸,mō,动,5,5,2781
w02782,模糊,móhu,形、动,5,5,2782
w02783,模式,móshì,名,6,5,2783
w02784,陌生,mòshēng,形,5,5,2784
w02785,某,mǒu,代,5,5,2785
w02786,目光,mùguāng,名,6,5,2786
w02787,木头,mùtou,名,5,5,2787
w02788,哪怕,nǎpà,连,5,5,2788
w02789,难得,nándé,形,6,5,2789
w02790,难度,nándù,名,,5,2790
w02791,难以,nányǐ,动,,5,2791
w02792,男子,nánzǐ,名,,5,2792
w02793,闹,nào,形、动,,5,2793
w02794,闹钟,nàozhōng,名,,5,2794
w02795,内部,nèibù,名,5,5,2795
w02796,能干,nénggàn,形,5,5,2796
w02797,年初,niánchū,名,,5,2797
w02798,年代,niándài,名,5,5,2798
w02799,年纪,niánjì,名,5,5,2799
w02800,年夜饭,niányèfàn,名,,5,2800
w02801,念,niàn,动,5,5,2801
w02802,牛仔裤,niúzǎikù,名,5,5,2802
w02803,浓,nóng,形,5,5,2803
w02804,农民,nóngmín,名,5,5,2804
w02805,农业,nóngyè,名,5,5,2805
w02806,女子,nǚzǐ,名,,5,2806
w02807,哦,ò,叹,6,5,2807
w02808,欧洲,Ōuzhōu,名,5,5,2808
w02809,偶然,ǒurán,形,5,5,2809
w02810,拍摄,pāishè,动,,5,2810
w02811,排列,páiliè,动,4,5,2811
w02812,派,pài,动、（名、量）,5,5,2812
w02813,派出所,pàichūsuǒ,名,,5,2813
w02814,跑道,pǎodào,名,,5,2814
w02815,赔,péi,动,,5,2815
w02816,陪伴,péibàn,动,,5,2816
w02817,培训,péixùn,动,5,5,2817
w02818,培养,péiyǎng,动,5,5,2818
w02819,配,pèi,动、形,,5,2819
w02820,配合,pèihé,动,5,5,2820
w02821,配送,pèisòng,动,,5,2821
w02822,盆,pén,名,5,5,2822
w02823,碰,pèng,动,5,5,2823
w02824,碰见,pèngjiàn,动,,5,2824
w02825,批,pī,量,5,5,2825
w02826,批,pī,动,,5,2826
w02827,批准,pīzhǔn,动,5,5,2827
w02828,匹,pǐ,量,5,5,2828
w02829,骗,piàn,动,4,5,2829
w02830,拼,pīn,动,,5,2830
w02831,拼音,pīnyīn,动,5,5,2831
w02832,品,pǐn,后缀、（动）,,5,2832
w02833,品牌,pǐnpái,名,,5,2833
w02834,品质,pǐnzhì,名,6,5,2834
w02835,品种,pǐnzhǒng,名,6,5,2835
w02836,聘请,pìnqǐng,动,,5,2836
w02837,平,píng,形、（动）,5,5,2837
w02838,评,píng,动,,5,2838
w02839,凭,píng,动、介,5,5,2839
w02840,平安,píng’ān,形,5,5,2840
w02841,平衡,pínghéng,形、动,5,5,2841
w02842,评价,píngjià,动、名,5,5,2842
w02843,凭借,píngjiè,动,,5,2843
w02844,平静,píngjìng,形,5,5,2844
w02845,平均,píngjūn,动、形,5,5,2845
w02846,屏幕,píngmù,名,6,5,2846
w02847,平台,píngtái,名,,5,2847
w02848,破坏,pòhuài,动,5,5,2848
w02849,普及,pǔjí,动,6,5,2849
w02850,期待,qīdài,动,5,5,2850
w02851,期间,qījiān,名,5,5,2851
w02852,齐,qí,形、（动、副）,,5,2852
w02853,其,qí,代,,5,2853
w02854,奇迹,qíjì,名,5,5,2854
w02855,其余,qíyú,代,5,5,2855
w02856,企业,qǐyè,名,5,5,2856
w02857,气球,qìqiú,名,,5,2857
w02858,汽油,qìyóu,名,5,5,2858
w02859,签,qiān,动,5,5,2859
w02860,签订,qiāndìng,动,,5,2860
w02861,签名,qiānmíng,动、名,,5,2861
w02862,签字,qiānzì,动、名,,5,2862
w02863,前进,qiánjìn,动,,5,2863
w02864,前来,qiánlái,动,,5,2864
w02865,前途,qiántú,名,5,5,2865
w02866,前往,qiánwǎng,动,,5,2866
w02867,浅,qiǎn,形,5,5,2867
w02868,欠,qiàn,动,5,5,2868
w02869,墙,qiáng,名,5,5,2869
w02870,强大,qiángdà,形,,5,2870
w02871,强调,qiángdiào,动,5,5,2871
w02872,强度,qiángdù,名,,5,2872
w02873,强烈,qiángliè,形,5,5,2873
w02874,抢,qiǎng,动,5,5,2874
w02875,抢救,qiǎngjiù,动,6,5,2875
w02876,悄悄,qiāoqiāo,副,5,5,2876
w02877,切,qiē,动,5,5,2877
w02878,亲,qīn,形、动,,5,2878
w02879,亲爱,qīn’ài,形,5,5,2879
w02880,亲朋好友,qīnpéng-hǎoyǒu,,,5,2880
w02881,亲切,qīnqiè,形,5,5,2881
w02882,亲情,qīnqíng,名,,5,2882
w02883,亲人,qīnrén,名,,5,2883
w02884,亲自,qīnzì,副,5,5,2884
w02885,勤奋,qínfèn,形,5,5,2885
w02886,青,qīng,形,5,5,2886
w02887,轻易,qīngyì,形、副,5,5,2887
w02888,轻重,qīngzhòng,名,,5,2888
w02889,情感,qínggǎn,名,,5,2889
w02890,情景,qíngjǐng,名,5,5,2890
w02891,情绪,qíngxù,名,5,5,2891
w02892,请教,qǐngjiào,动,6,5,2892
w02893,请求,qǐngqiú,动、名,5,5,2893
w02894,穷,qióng,形,4,5,2894
w02895,趋势,qūshì,名,5,5,2895
w02896,区域,qūyù,名,6,5,2896
w02897,去世,qùshì,动,5,5,2897
w02898,权,quán,名、（副）,,5,2898
w02899,权利,quánlì,名,5,5,2899
w02900,全力,quánlì,名、副,,5,2900
w02901,全面,quánmiàn,形,5,5,2901
w02902,全体,quántǐ,名,,5,2902
w02903,全新,quánxīn,形,,5,2903
w02904,劝,quàn,动,5,5,2904
w02905,缺乏,quēfá,动,5,5,2905
w02906,确保,quèbǎo,动,6,5,2906
w02907,确定,quèdìng,形、动,5,5,2907
w02908,确认,quèrèn,动,5,5,2908
w02909,群,qún,量、名,5,5,2909
w02910,群体,qúntǐ,名,,5,2910
w02911,燃烧,ránshāo,动,5,5,2911
w02912,绕,rào,动,5,5,2912
w02913,热爱,rè’ài,动,5,5,2913
w02914,热量,rèliàng,名,,5,2914
w02915,热烈,rèliè,形,5,5,2915
w02916,热心,rèxīn,形,5,5,2916
w02917,人才,réncái,名,5,5,2917
w02918,人工,réngōng,形、名,6,5,2918
w02919,人际,rénjì,形,,5,2919
w02920,人口,rénkǒu,名,5,5,2920
w02921,人类,rénlèi,名,5,5,2921
w02922,人力,rénlì,名,,5,2922
w02923,人民,rénmín,名,,5,2923
w02924,人民币,rénmínbì,名,5,5,2924
w02925,人群,rénqún,名,,5,2925
w02926,人体,réntǐ,名,,5,2926
w02927,人物,rénwù,名,5,5,2927
w02928,忍,rěn,动,,5,2928
w02929,认,rèn,动,,5,2929
w02930,日历,rìlì,名,5,5,2930
w02931,日用品,rìyòngpǐn,名,5,5,2931
w02932,如,rú,动、连,,5,2932
w02933,如此,rúcǐ,代,,5,2933
w02934,如何,rúhé,代,5,5,2934
w02935,如今,rújīn,名,5,5,2935
w02936,如同,rútóng,动,,5,2936
w02937,如下,rúxià,动,,5,2937
w02938,软,ruǎn,形,5,5,2938
w02939,软件,ruǎnjiàn,名,5,5,2939
w02940,弱,ruò,形,5,5,2940
w02941,洒,sǎ,动,5,5,2941
w02942,赛场,sàichǎng,名,,5,2942
w02943,色彩,sècǎi,名,5,5,2943
w02944,沙漠,shāmò,名,5,5,2944
w02945,沙子,shāzi,名,,5,2945
w02946,傻,shǎ,形,5,5,2946
w02947,晒,shài,动,5,5,2947
w02948,删,shān,动,,5,2948
w02949,扇,shān,动,,5,2949
w02950,删除,shānchú,动,5,5,2950
w02951,山区,shānqū,名,,5,2951
w02952,擅长,shàncháng,动,6,5,2952
w02953,善良,shànliáng,形,5,5,2953
w02954,善于,shànyú,动,5,5,2954
w02955,扇子,shànzi,名,5,5,2955
w02956,伤,shāng,名、动,,5,2956
w02957,伤害,shānghài,动,5,5,2957
w02958,商家,shāngjiā,名,,5,2958
w02959,商人,shāngrén,名,,5,2959
w02960,商务,shāngwù,名,5,5,2960
w02961,商业,shāngyè,名,5,5,2961
w02962,赏,shǎng,动,,5,2962
w02963,上传,shàngchuán,动,,5,2963
w02964,上升,shàngshēng,动,,5,2964
w02965,上下,shàngxià,名,,5,2965
w02966,上涨,shàngzhǎng,动,,5,2966
w02967,烧,shāo,动、名,,5,2967
w02968,烧烤,shāokǎo,名,,5,2968
w02969,蛇,shé,名,5,5,2969
w02970,舍不得,shěbude,动,5,5,2970
w02971,舍得,shěde,动,,5,2971
w02972,设备,shèbèi,名,5,5,2972
w02973,设计,shèjì,动、名,5,5,2973
w02974,设立,shèlì,动,6,5,2974
w02975,社区,shèqū,名,6,5,2975
w02976,设施,shèshī,名,5,5,2976
w02977,摄影,shèyǐng,动,5,5,2977
w02978,设置,shèzhì,动,6,5,2978
w02979,伸,shēn,动,5,5,2979
w02980,身材,shēncái,名,5,5,2980
w02981,深度,shēndù,名、形,,5,2981
w02982,身份,shēnfèn,名,5,5,2982
w02983,深厚,shēnhòu,形,,5,2983
w02984,深刻,shēnkè,形,5,5,2984
w02985,深入,shēnrù,动、形,,5,2985
w02986,深远,shēnyuǎn,形,,5,2986
w02987,神话,shénhuà,名,5,5,2987
w02988,神秘,shénmì,形,5,5,2988
w02989,升,shēng,动,5,5,2989
w02990,生产,shēngchǎn,动,5,5,2990
w02991,生存,shēngcún,动,6,5,2991
w02992,生动,shēngdòng,形,5,5,2992
w02993,升级,shēngjí,动,,5,2993
w02994,升温,shēngwēn,动,,5,2994
w02995,生物,shēngwù,名,6,5,2995
w02996,生肖,shēngxiào,名,6,5,2996
w02997,生长,shēngzhǎng,动,5,5,2997
w02998,省,shěng,动,,5,2998
w02999,省份,shěngfèn,名,,5,2999
w03000,省会,shěnghuì,名,6,5,3000
w03001,胜,shèng,动,,5,3001
w03002,胜利,shènglì,动,5,5,3002
w03003,诗,shī,名,5,5,3003
w03004,湿,shī,形,,5,3004
w03005,失恋,shīliàn,动,,5,3005
w03006,失眠,shīmián,动,5,5,3006
w03007,诗人,shīrén,名,,5,3007
w03008,失误,shīwù,动、名,6,5,3008
w03009,失业,shīyè,动,5,5,3009
w03010,时差,shíchā,名,5,5,3010
w03011,时常,shícháng,副,6,5,3011
w03012,时代,shídài,名,5,5,3012
w03013,实践,shíjiàn,动,5,5,3013
w03014,时刻,shíkè,名、副,5,5,3014
w03015,实力,shílì,名,6,5,3015
w03016,时期,shíqī,名,5,5,3016
w03017,实施,shíshī,动,6,5,3017
w03018,石头,shítou,名,5,5,3018
w03019,实习,shíxí,动,5,5,3019
w03020,实现,shíxiàn,动,5,5,3020
w03021,实行,shíxíng,动,6,5,3021
w03022,实验,shíyàn,动、名,5,5,3022
w03023,实验室,shíyànshì,名,,5,3023
w03024,实用,shíyòng,形,5,5,3024
w03025,食用,shíyòng,动,,5,3025
w03026,使得,shǐde,动,,5,3026
w03027,始终,shǐzhōng,名、副,5,5,3027
w03028,式,shì,名,,5,3028
w03029,适当,shìdàng,形,,5,3029
w03030,似的,shìde,助,5,5,3030
w03031,事故,shìgù,名,6,5,3031
w03032,事件,shìjiàn,名,6,5,3032
w03033,试卷,shìjuàn,名,5,5,3033
w03034,市民,shìmín,名,,5,3034
w03035,事实,shìshí,名,5,5,3035
w03036,视为,shìwéi,动,,5,3036
w03037,事物,shìwù,名,5,5,3037
w03038,事先,shìxiān,名,5,5,3038
w03039,试验,shìyàn,动,6,5,3039
w03040,事业,shìyè,名,6,5,3040
w03041,试用,shìyòng,动,,5,3041
w03042,适用,shìyòng,形,,5,3042
w03043,收获,shōuhuò,动、名,5,5,3043
w03044,收集,shōují,动,,5,3044
w03045,收看,shōukàn,动,,5,3045
w03046,守,shǒu,动,,5,3046
w03047,首次,shǒucì,数量,,5,3047
w03048,手段,shǒuduàn,名,,5,3048
w03049,手工,shǒugōng,名,5,5,3049
w03050,手术,shǒushù,名、动,5,5,3050
w03051,手套,shǒutào,名,5,5,3051
w03052,手续,shǒuxù,名,5,5,3052
w03053,手指,shǒuzhǐ,名,5,5,3053
w03054,售价,shòujià,名,,5,3054
w03055,蔬菜,shūcài,名,5,5,3055
w03056,书法,shūfǎ,名,6,5,3056
w03057,书房,shūfáng,名,,5,3057
w03058,书架,shūjià,名,5,5,3058
w03059,输入,shūrù,动,5,5,3059
w03060,舒适,shūshì,形,5,5,3060
w03061,熟练,shúliàn,形,5,5,3061
w03062,熟人,shúrén,名,,5,3062
w03063,数,shǔ,动,,5,3063
w03064,鼠标,shǔbiāo,名,5,5,3064
w03065,属于,shǔyú,动,5,5,3065
w03066,束,shù,量,6,5,3066
w03067,数据,shùjù,名,5,5,3067
w03068,树木,shùmù,名,,5,3068
w03069,摔,shuāi,动,,5,3069
w03070,双方,shuāngfāng,名,5,5,3070
w03071,水分,shuǐfèn,名,,5,3071
w03072,税,shuì,名,5,5,3072
w03073,睡眠,shuìmián,名,,5,3073
w03074,顺,shùn,动、介、形,,5,3074
w03075,说不定,shuōbudìng,动、副,5,5,3075
w03076,说服,shuōfú,动,5,5,3076
w03077,思考,sīkǎo,动,5,5,3077
w03078,私人,sīrén,名,5,5,3078
w03079,思维,sīwéi,名、动,6,5,3079
w03080,思想,sīxiǎng,名,5,5,3080
w03081,四处,sìchù,名,,5,3081
w03082,似乎,sìhū,副,5,5,3082
w03083,四周,sìzhōu,名,,5,3083
w03084,搜,sōu,动,,5,3084
w03085,搜索,sōusuǒ,动,5,5,3085
w03086,宿舍,sùshè,名,5,5,3086
w03087,酸甜苦辣,suān-tián-kǔ-là,,,5,3087
w03088,随,suí,动,,5,3088
w03089,随后,suíhòu,副,,5,3089
w03090,随时,suíshí,副,5,5,3090
w03091,随手,suíshǒu,副,5,5,3091
w03092,随意,suíyì,形,6,5,3092
w03093,碎,suì,动、形,5,5,3093
w03094,损害,sǔnhài,动,,5,3094
w03095,损失,sǔnshī,动、名,5,5,3095
w03096,缩短,suōduǎn,动,5,5,3096
w03097,缩小,suōxiǎo,动,,5,3097
w03098,所,suǒ,量、名,5,5,3098
w03099,锁,suǒ,名、动,5,5,3099
w03100,他人,tārén,代,,5,3100
w03101,台灯,táidēng,名,,5,3101
w03102,台阶,táijiē,名,5,5,3102
w03103,太太,tàitai,名,5,5,3103
w03104,谈话,tánhuà,动,,5,3104
w03105,桃,táo,名,5,5,3105
w03106,套,tào,名、动、量,5,5,3106
w03107,特产,tèchǎn,名,,5,3107
w03108,特色,tèsè,名,5,5,3108
w03109,特殊,tèshū,形,5,5,3109
w03110,特有,tèyǒu,形,,5,3110
w03111,特征,tèzhēng,名,5,5,3111
w03112,疼痛,téngtòng,形,,5,3112
w03113,提倡,tíchàng,动,5,5,3113
w03114,提交,tíjiāo,动,,5,3114
w03115,题目,tímù,名,5,5,3115
w03116,提起,tíqǐ,动,,5,3116
w03117,提升,tíshēng,动,,5,3117
w03118,提问,tíwèn,动,5,5,3118
w03119,体会,tǐhuì,动、名,5,5,3119
w03120,体力,tǐlì,名,,5,3120
w03121,体现,tǐxiàn,动,5,5,3121
w03122,体验,tǐyàn,动,5,5,3122
w03123,替,tì,动、介,,5,3123
w03124,天空,tiānkōng,名,5,5,3124
w03125,天上,tiānshàng,名,,5,3125
w03126,填,tián,动,,5,3126
w03127,甜品,tiánpǐn,名,,5,3127
w03128,挑,tiāo,动,,5,3128
w03129,挑选,tiāoxuǎn,动,,5,3129
w03130,调,tiáo,动,,5,3130
w03131,调皮,tiáopí,形,5,5,3131
w03132,调整,tiáozhěng,动,5,5,3132
w03133,挑战,tiǎozhàn,动、名,5,5,3133
w03134,跳高,tiàogāo,动,,5,3134
w03135,跳远,tiàoyuǎn,动,,5,3135
w03136,贴,tiē,动,,5,3136
w03137,铁路,tiělù,名,,5,3137
w03138,停留,tíngliú,动,,5,3138
w03139,通常,tōngcháng,形、副,5,5,3139
w03140,通行,tōngxíng,动,,5,3140
w03141,同,tóng,形、动、副、介、连,,5,3141
w03142,同情,tóngqíng,动,4,5,3142
w03143,同一,tóngyī,形,,5,3143
w03144,统计,tǒngjì,动,6,5,3144
w03145,统一,tǒngyī,动、形,5,5,3145
w03146,痛苦,tòngkǔ,形,5,5,3146
w03147,投,tóu,动,,5,3147
w03148,投入,tóurù,动、形、名,5,5,3148
w03149,头,tou,后缀,,5,3149
w03150,突出,tūchū,动、形,5,5,3150
w03151,图画,túhuà,名,,5,3151
w03152,图书,túshū,名,,5,3152
w03153,土地,tǔdì,名,5,5,3153
w03154,土豆,tǔdòu,名,5,5,3154
w03155,兔子,tùzi,名,5,5,3155
w03156,团,tuán,动、名、量,5,5,3156
w03157,团队,tuánduì,名,,5,3157
w03158,推动,tuīdòng,动,,5,3158
w03159,推广,tuīguǎng,动,5,5,3159
w03160,推荐,tuījiàn,动,5,5,3160
w03161,推进,tuījìn,动,,5,3161
w03162,退,tuì,动,5,5,3162
w03163,退出,tuìchū,动,,5,3163
w03164,退还,tuìhuán,动,,5,3164
w03165,退休,tuìxiū,动,5,5,3165
w03166,拖鞋,tuōxié,名,,5,3166
w03167,外部,wàibù,名,,5,3167
w03168,外公,wàigōng,名,5,5,3168
w03169,外观,wàiguān,名,,5,3169
w03170,外婆,wàipó,名,,5,3170
w03171,外形,wàixíng,名,,5,3171
w03172,弯,wān,形、动、名,,5,3172
w03173,玩具,wánjù,名,5,5,3173
w03174,完美,wánměi,形,5,5,3174
w03175,完善,wánshàn,形、动,5,5,3175
w03176,完整,wánzhěng,形,5,5,3176
w03177,万一,wànyī,名、连,5,5,3177
w03178,往返,wǎngfǎn,动,5,5,3178
w03179,网络,wǎngluò,名,5,5,3179
w03180,危害,wēihài,动,5,5,3180
w03181,微笑,wēixiào,动、名,5,5,3181
w03182,威胁,wēixié,动,5,5,3182
w03183,围,wéi,动,,5,3183
w03184,为,wéi,介,,5,3184
w03185,维持,wéichí,动,6,5,3185
w03186,违法,wéifǎ,动,,5,3186
w03187,违反,wéifǎn,动,5,5,3187
w03188,围巾,wéijīn,名,5,5,3188
w03189,围绕,wéirào,动,5,5,3189
w03190,维修,wéixiū,动,5,5,3190
w03191,唯一,wéiyī,形,5,5,3191
w03192,尾巴,wěiba,名,5,5,3192
w03193,伟大,wěidà,形,5,5,3193
w03194,胃,wèi,名,5,5,3194
w03195,喂,wèi,动,6,5,3195
w03196,未来,wèilái,形、名,5,5,3196
w03197,位于,wèiyú,动,5,5,3197
w03198,位置,wèizhì,名,5,5,3198
w03199,温暖,wēnnuǎn,形、动,5,5,3199
w03200,文学,wénxué,名,5,5,3200
w03201,稳定,wěndìng,形、动,5,5,3201
w03202,问卷,wènjuàn,名,,5,3202
w03203,握,wò,动,,5,3203
w03204,卧室,wòshì,名,5,5,3204
w03205,握手,wòshǒu,动,5,5,3205
w03206,无关,wúguān,动,,5,3206
w03207,无奈,wúnài,动、连,5,5,3207
w03208,无数,wúshù,形,5,5,3208
w03209,无限,wúxiàn,形,,5,3209
w03210,无效,wúxiào,动,,5,3210
w03211,舞蹈,wǔdǎo,名,6,5,3211
w03212,武术,wǔshù,名,5,5,3212
w03213,舞台,wǔtái,名,,5,3213
w03214,五颜六色,wǔyán-liùsè,,,5,3214
w03215,雾,wù,名,5,5,3215
w03216,物价,wùjià,名,,5,3216
w03217,物理,wùlǐ,名,5,5,3217
w03218,物品,wùpǐn,名,,5,3218
w03219,物业,wùyè,名,6,5,3219
w03220,物质,wùzhì,名,5,5,3220
w03221,西餐,xīcān,名,,5,3221
w03222,吸管,xīguǎn,名,,5,3222
w03223,吸收,xīshōu,动,5,5,3223
w03224,西装,xīzhuāng,名,,5,3224
w03225,戏,xì,名,,5,3225
w03226,系,xì,名,,5,3226
w03227,细节,xìjié,名,5,5,3227
w03228,戏剧,xìjù,名,5,5,3228
w03229,系统,xìtǒng,名、形,5,5,3229
w03230,下载,xiàzài,动,5,5,3230
w03231,先后,xiānhòu,名、副,,5,3231
w03232,先进,xiānjìn,形、名,6,5,3232
w03233,闲,xián,形,,5,3233
w03234,显得,xiǎnde,动,5,5,3234
w03235,显然,xiǎnrán,形,5,5,3235
w03236,显示,xiǎnshì,动,5,5,3236
w03237,县,xiàn,名,5,5,3237
w03238,现场,xiànchǎng,名,6,5,3238
w03239,现代,xiàndài,名、形,5,5,3239
w03240,现代化,xiàndàihuà,动,,5,3240
w03241,线路,xiànlù,名,,5,3241
w03242,现实,xiànshí,名、形,5,5,3242
w03243,现象,xiànxiàng,名,5,5,3243
w03244,限制,xiànzhì,动、名,5,5,3244
w03245,现状,xiànzhuàng,名,6,5,3245
w03246,乡,xiāng,名,,5,3246
w03247,相处,xiāngchǔ,动,5,5,3247
w03248,乡村,xiāngcūn,名,,5,3248
w03249,相当,xiāngdāng,动、副,5,5,3249
w03250,相对,xiāngduì,动、形,5,5,3250
w03251,相关,xiāngguān,动,5,5,3251
w03252,相似,xiāngsì,形,5,5,3252
w03253,想念,xiǎngniàn,动,5,5,3253
w03254,响声,xiǎngshēng,名,,5,3254
w03255,享受,xiǎngshòu,动,5,5,3255
w03256,想象,xiǎngxiàng,动,5,5,3256
w03257,相册,xiàngcè,名,,5,3257
w03258,项目,xiàngmù,名,5,5,3258
w03259,橡皮,xiàngpí,名,4,5,3259
w03260,向上,xiàngshàng,动,,5,3260
w03261,象征,xiàngzhēng,动、名,5,5,3261
w03262,消费,xiāofèi,动,5,5,3262
w03263,消费者,xiāofèizhě,名,,5,3263
w03264,消化,xiāohuà,动,5,5,3264
w03265,消极,xiāojí,形,5,5,3265
w03266,销量,xiāoliàng,名,,5,3266
w03267,消失,xiāoshī,动,5,5,3267
w03268,销售,xiāoshòu,动,5,5,3268
w03269,小姐,xiǎojiě,名,1,5,3269
w03270,小型,xiǎoxíng,形,,5,3270
w03271,小于,xiǎoyú,动,,5,3271
w03272,效率,xiàolǜ,名,5,5,3272
w03273,斜,xié,形、动,5,5,3273
w03274,协议,xiéyì,动、名,6,5,3274
w03275,写作,xiězuò,动,5,5,3275
w03276,新郎,xīnláng,名,6,5,3276
w03277,心理,xīnlǐ,名,5,5,3277
w03278,新娘,xīnniáng,名,6,5,3278
w03279,新人,xīnrén,名,,5,3279
w03280,欣赏,xīnshǎng,动,5,5,3280
w03281,心态,xīntài,名,6,5,3281
w03282,新型,xīnxíng,形,,5,3282
w03283,信封,xìnfēng,名,4,5,3283
w03284,信任,xìnrèn,动,5,5,3284
w03285,信用,xìnyòng,名,,5,3285
w03286,行程,xíngchéng,名,,5,3286
w03287,形成,xíngchéng,动,5,5,3287
w03288,行动,xíngdòng,动、名,5,5,3288
w03289,行人,xíngrén,名,5,5,3289
w03290,形容,xíngróng,动,5,5,3290
w03291,形式,xíngshì,名,5,5,3291
w03292,形势,xíngshì,名,5,5,3292
w03293,行驶,xíngshǐ,动,,5,3293
w03294,行为,xíngwéi,名,5,5,3294
w03295,形象,xíngxiàng,名、形,5,5,3295
w03296,形状,xíngzhuàng,名,5,5,3296
w03297,行走,xíngzǒu,动,,5,3297
w03298,幸运,xìngyùn,名、形,5,5,3298
w03299,性质,xìngzhì,名,5,5,3299
w03300,修改,xiūgǎi,动,5,5,3300
w03301,修建,xiūjiàn,动,6,5,3301
w03302,休闲,xiūxián,动,5,5,3302
w03303,需,xū,动,,5,3303
w03304,需求,xūqiú,名,6,5,3304
w03305,虚心,xūxīn,形,5,5,3305
w03306,宣布,xuānbù,动,5,5,3306
w03307,宣传,xuānchuán,动,5,5,3307
w03308,选手,xuǎnshǒu,名,6,5,3308
w03309,学分,xuéfēn,名,,5,3309
w03310,学科,xuékē,名,,5,3310
w03311,学历,xuélì,名,5,5,3311
w03312,学年,xuénián,名,,5,3312
w03313,学术,xuéshù,名,5,5,3313
w03314,学者,xuézhě,名,,5,3314
w03315,雪糕,xuěgāo,名,,5,3315
w03316,询问,xúnwèn,动,5,5,3316
w03317,寻找,xúnzhǎo,动,5,5,3317
w03318,训练,xùnliàn,动,5,5,3318
w03319,迅速,xùnsù,形,5,5,3319
w03320,呀,ya,助,4,5,3320
w03321,押金,yājīn,名,5,5,3321
w03322,压岁钱,yāsuìqián,名,6,5,3322
w03323,鸭子,yāzi,名,,5,3323
w03324,牙齿,yáchǐ,名,5,5,3324
w03325,沿,yán,介、动、名,,5,3325
w03326,延长,yáncháng,动,5,5,3326
w03327,研发,yánfā,动,,5,3327
w03328,严肃,yánsù,形、动,5,5,3328
w03329,研制,yánzhì,动,,5,3329
w03330,眼,yǎn,名、量,,5,3330
w03331,演讲,yǎnjiǎng,动,5,5,3331
w03332,眼泪,yǎnlèi,名,,5,3332
w03333,阳台,yángtái,名,5,5,3333
w03334,样式,yàngshì,名,5,5,3334
w03335,腰,yāo,名,5,5,3335
w03336,摇,yáo,动,5,5,3336
w03337,咬,yǎo,动,5,5,3337
w03338,要不,yàobù,连,5,5,3338
w03339,要不是,yàobúshì,连,,5,3339
w03340,药品,yàopǐn,名,,5,3340
w03341,药物,yàowù,名,,5,3341
w03342,夜间,yèjiān,名,,5,3342
w03343,夜市,yèshì,名,,5,3343
w03344,业务,yèwù,名,5,5,3344
w03345,业余,yèyú,形,5,5,3345
w03346,依据,yījù,名、动、介,6,5,3346
w03347,依靠,yīkào,动、名,6,5,3347
w03348,医疗,yīliáo,动,,5,3348
w03349,依然,yīrán,副,5,5,3349
w03350,医学,yīxué,名,,5,3350
w03351,移,yí,动,,5,3351
w03352,一次性,yícìxìng,形,,5,3352
w03353,一代,yídài,名,,5,3353
w03354,一旦,yídàn,副,5,5,3354
w03355,移动,yídòng,动,5,5,3355
w03356,遗憾,yíhàn,名、形,5,5,3356
w03357,一路,yílù,名、副,,5,3357
w03358,一路顺风,yílù-shùnfēng,,,5,3358
w03359,疑问,yíwèn,名,5,5,3359
w03360,一致,yízhì,形、副,5,5,3360
w03361,乙,yǐ,名,5,5,3361
w03362,以,yǐ,介、（连）,4,5,3362
w03363,以及,yǐjí,连,5,5,3363
w03364,以来,yǐlái,名,5,5,3364
w03365,亿,yì,数,5,5,3365
w03366,意识,yìshí,动、名,6,5,3366
w03367,意外,yìwài,形、名,5,5,3367
w03368,意味着,yìwèizhe,动,6,5,3368
w03369,义务,yìwù,名、形,5,5,3369
w03370,意义,yìyì,名,5,5,3370
w03371,因而,yīn’ér,连,5,5,3371
w03372,音量,yīnliàng,名,,5,3372
w03373,因素,yīnsù,名,5,5,3373
w03374,引进,yǐnjìn,动,,5,3374
w03375,饮食,yǐnshí,名,6,5,3375
w03376,印刷,yìnshuā,动,5,5,3376
w03377,应当,yīngdāng,动,,5,3377
w03378,迎,yíng,动,,5,3378
w03379,迎接,yíngjiē,动,5,5,3379
w03380,营养,yíngyǎng,名,5,5,3380
w03381,营业,yíngyè,动,5,5,3381
w03382,影片,yǐngpiàn,名,,5,3382
w03383,影视,yǐngshì,名,,5,3383
w03384,硬,yìng,形、副,5,5,3384
w03385,应对,yìngduì,动,,5,3385
w03386,硬件,yìngjiàn,名,5,5,3386
w03387,应用,yìngyòng,动、形,5,5,3387
w03388,拥抱,yōngbào,动,5,5,3388
w03389,拥有,yōngyǒu,动,6,5,3389
w03390,勇气,yǒngqì,名,5,5,3390
w03391,用法,yòngfǎ,名,,5,3391
w03392,用户,yònghù,名,6,5,3392
w03393,用力,yònglì,动,,5,3393
w03394,用品,yòngpǐn,名,,5,3394
w03395,用途,yòngtú,名,5,5,3395
w03396,优惠,yōuhuì,形,5,5,3396
w03397,悠久,yōujiǔ,形,5,5,3397
w03398,优良,yōuliáng,形,,5,3398
w03399,优美,yōuměi,形,5,5,3399
w03400,优势,yōushì,名,5,5,3400
w03401,优质,yōuzhì,形,,5,3401
w03402,由此,yóu cǐ,,,5,3402
w03403,邮寄,yóujì,动,,5,3403
w03404,邮局,yóujú,名,4,5,3404
w03405,游览,yóulǎn,动,5,5,3405
w03406,邮票,yóupiào,名,,5,3406
w03407,油条,yóutiáo,名,,5,3407
w03408,犹豫,yóuyù,形,5,5,3408
w03409,有害,yǒu hài,,,5,3409
w03410,有力,yǒulì,形,,5,3410
w03411,有利,yǒulì,形,5,5,3411
w03412,有限,yǒuxiàn,形,,5,3412
w03413,有益,yǒuyì,形,,5,3413
w03414,有助于,yǒuzhùyú,动,,5,3414
w03415,幼儿园,yòu’éryuán,名,5,5,3415
w03416,娱乐,yúlè,动、名,5,5,3416
w03417,语气,yǔqì,名,5,5,3417
w03418,雨水,yǔshuǐ,名,,5,3418
w03419,语文,yǔwén,名,,5,3419
w03420,语音,yǔyīn,名,,5,3420
w03421,预报,yùbào,动、名,5,5,3421
w03422,预测,yùcè,动,,5,3422
w03423,预订,yùdìng,动,5,5,3423
w03424,预防,yùfáng,动,5,5,3424
w03425,预计,yùjì,动,,5,3425
w03426,玉米,yùmǐ,名,5,5,3426
w03427,预约,yùyuē,动,,5,3427
w03428,原,yuán,形,,5,3428
w03429,圆,yuán,名、形,5,5,3429
w03430,原有,yuán yǒu,,,5,3430
w03431,元旦,Yuándàn,名,5,5,3431
w03432,员工,yuángōng,名,5,5,3432
w03433,原则,yuánzé,名,5,5,3433
w03434,愿,yuàn,动,,5,3434
w03435,愿望,yuànwàng,名,5,5,3435
w03436,约定,yuēdìng,动,,5,3436
w03437,运,yùn,动,,5,3437
w03438,运费,yùnfèi,名,,5,3438
w03439,运气,yùnqi,名,5,5,3439
w03440,运输,yùnshū,动,5,5,3440
w03441,运用,yùnyòng,动,5,5,3441
w03442,在场,zàichǎng,动,,5,3442
w03443,在乎,zàihu,动,5,5,3443
w03444,在内,zàinèi,动,,5,3444
w03445,在线,zàixiàn,动,,5,3445
w03446,在于,zàiyú,动,5,5,3446
w03447,赞成,zànchéng,动,5,5,3447
w03448,糟,zāo,形,,5,3448
w03449,糟糕,zāogāo,形,5,5,3449
w03450,早期,zǎoqī,名,,5,3450
w03451,早晚,zǎowǎn,名、副,,5,3451
w03452,早已,zǎoyǐ,副,,5,3452
w03453,造,zào,动,,5,3453
w03454,造成,zàochéng,动,5,5,3454
w03455,增,zēng,动,,5,3455
w03456,增进,zēngjìn,动,,5,3456
w03457,增强,zēngqiáng,动,,5,3457
w03458,赠,zèng,动,,5,3458
w03459,赠送,zèngsòng,动,6,5,3459
w03460,炸,zhá,动,,5,3460
w03461,摘,zhāi,动,5,5,3461
w03462,窄,zhǎi,形,5,5,3462
w03463,展出,zhǎnchū,动,,5,3463
w03464,展开,zhǎnkāi,动,5,5,3464
w03465,展览,zhǎnlǎn,动,5,5,3465
w03466,展示,zhǎnshì,动,6,5,3466
w03467,展现,zhǎnxiàn,动,6,5,3467
w03468,占,zhàn,动,5,5,3468
w03469,站台,zhàntái,名,,5,3469
w03470,占线,zhànxiàn,动,4,5,3470
w03471,涨,zhǎng,动,5,5,3471
w03472,涨价,zhǎngjià,动,,5,3472
w03473,掌声,zhǎngshēng,名,,5,3473
w03474,掌握,zhǎngwò,动,5,5,3474
w03475,账号,zhànghào,名,,5,3475
w03476,账户,zhànghù,名,5,5,3476
w03477,着凉,zháoliáng,动,5,5,3477
w03478,召开,zhàokāi,动,5,5,3478
w03479,折扣,zhékòu,名,,5,3479
w03480,哲学,zhéxué,名,5,5,3480
w03481,真诚,zhēnchéng,形,,5,3481
w03482,针对,zhēnduì,动,5,5,3482
w03483,珍贵,zhēnguì,形,6,5,3483
w03484,真实,zhēnshí,形,5,5,3484
w03485,珍惜,zhēnxī,动,5,5,3485
w03486,诊断,zhěnduàn,动,5,5,3486
w03487,阵,zhèn,量,5,5,3487
w03488,争,zhēng,动,,5,3488
w03489,争取,zhēngqǔ,动,5,5,3489
w03490,整齐,zhěngqí,形,5,5,3490
w03491,整体,zhěngtǐ,名,5,5,3491
w03492,整整,zhěngzhěng,副,,5,3492
w03493,挣,zhèng,动,5,5,3493
w03494,政府,zhèngfǔ,名,5,5,3494
w03495,证据,zhèngjù,名,5,5,3495
w03496,正如,zhèngrú,动,,5,3496
w03497,证书,zhèngshū,名,6,5,3497
w03498,政治,zhèngzhì,名,5,5,3498
w03499,支,zhī,量,5,5,3499
w03500,知名,zhīmíng,形,,5,3500
w03501,直,zhí,形、动、副,5,5,3501
w03502,直播,zhíbō,动,6,5,3502
w03503,职场,zhíchǎng,名,,5,3503
w03504,职工,zhígōng,名,,5,3504
w03505,执行,zhíxíng,动、形,6,5,3505
w03506,止,zhǐ,动,,5,3506
w03507,指导,zhǐdǎo,动,5,5,3507
w03508,至,zhì,动,,5,3508
w03509,治,zhì,动,,5,3509
w03510,制订,zhìdìng,动,,5,3510
w03511,制定,zhìdìng,动,5,5,3511
w03512,制度,zhìdù,名,5,5,3512
w03513,智慧,zhìhuì,名,5,5,3513
w03514,至今,zhìjīn,副,5,5,3514
w03515,治疗,zhìliáo,动,5,5,3515
w03516,智能,zhìnéng,名、形,6,5,3516
w03517,志愿者,zhìyuànzhě,名,5,5,3517
w03518,制造,zhìzào,动,5,5,3518
w03519,制作,zhìzuò,动,5,5,3519
w03520,中华,Zhōnghuá,名,,5,3520
w03521,中华民族,Zhōnghuá Mínzú,,,5,3521
w03522,中级,zhōngjí,形,,5,3522
w03523,中介,zhōngjiè,名,5,5,3523
w03524,中期,zhōngqī,名,,5,3524
w03525,中外,zhōngwài,名,,5,3525
w03526,中心,zhōngxīn,名,5,5,3526
w03527,中药,zhōngyào,名,,5,3527
w03528,中医,zhōngyī,名,,5,3528
w03529,种类,zhǒnglèi,名,5,5,3529
w03530,种子,zhǒngzi,名,6,5,3530
w03531,重大,zhòngdà,形,5,5,3531
w03532,众多,zhòngduō,形,,5,3532
w03533,重量,zhòngliàng,名,5,5,3533
w03534,种植,zhòngzhí,动,6,5,3534
w03535,周年,zhōunián,名,6,5,3535
w03536,猪,zhū,名,5,5,3536
w03537,逐步,zhúbù,副,5,5,3537
w03538,逐渐,zhújiàn,副,5,5,3538
w03539,竹子,zhúzi,名,5,5,3539
w03540,煮,zhǔ,动,5,5,3540
w03541,主持,zhǔchí,动,5,5,3541
w03542,主动,zhǔdòng,形,5,5,3542
w03543,主观,zhǔguān,形,5,5,3543
w03544,主人,zhǔrén,名,5,5,3544
w03545,主任,zhǔrèn,名,5,5,3545
w03546,主食,zhǔshí,名,,5,3546
w03547,主题,zhǔtí,名,5,5,3547
w03548,主席,zhǔxí,名,5,5,3548
w03549,注册,zhùcè,动,5,5,3549
w03550,住房,zhùfáng,名,,5,3550
w03551,住宿,zhùsù,动,,5,3551
w03552,住址,zhùzhǐ,名,,5,3552
w03553,注重,zhùzhòng,动,6,5,3553
w03554,抓,zhuā,动,5,5,3554
w03555,抓紧,zhuājǐn,动,5,5,3555
w03556,专家,zhuānjiā,名,5,5,3556
w03557,专心,zhuānxīn,形,5,5,3557
w03558,转变,zhuǎnbiàn,动,5,5,3558
w03559,转告,zhuǎngào,动,5,5,3559
w03560,装饰,zhuāngshì,动、名,5,5,3560
w03561,装修,zhuāngxiū,动,5,5,3561
w03562,撞,zhuàng,动,5,5,3562
w03563,状况,zhuàngkuàng,名,5,5,3563
w03564,状态,zhuàngtài,名,5,5,3564
w03565,追,zhuī,动,5,5,3565
w03566,追求,zhuīqiú,动,5,5,3566
w03567,资格,zīgé,名,5,5,3567
w03568,资金,zījīn,名,5,5,3568
w03569,姿势,zīshì,名,5,5,3569
w03570,咨询,zīxún,动,5,5,3570
w03571,资源,zīyuán,名,5,5,3571
w03572,紫,zǐ,形,5,5,3572
w03573,子女,zǐnǚ,名,,5,3573
w03574,自从,zìcóng,介,5,5,3574
w03575,自动,zìdòng,副、形,5,5,3575
w03576,自觉,zìjué,动、形,5,5,3576
w03577,字母,zìmǔ,名,5,5,3577
w03578,自身,zìshēn,名,,5,3578
w03579,自由,zìyóu,形、名,5,5,3579
w03580,综合,zōnghé,动,5,5,3580
w03581,总部,zǒngbù,名,,5,3581
w03582,总共,zǒnggòng,副,5,5,3582
w03583,总数,zǒngshù,名,,5,3583
w03584,总体,zǒngtǐ,名,,5,3584
w03585,总统,zǒngtǒng,名,5,5,3585
w03586,总之,zǒngzhī,连,5,5,3586
w03587,租金,zūjīn,名,,5,3587
w03588,族,zú,名,,5,3588
w03589,足够,zúgòu,动,,5,3589
w03590,组成,zǔchéng,动,5,5,3590
w03591,组合,zǔhé,动、名,5,5,3591
w03592,阻止,zǔzhǐ,动,5,5,3592
w03593,组织,zǔzhī,动、名,5,5,3593
w03594,嘴巴,zuǐba,名,,5,3594
w03595,醉,zuì,动,5,5,3595
w03596,最初,zuìchū,名,5,5,3596
w03597,最佳,zuìjiā,形,,5,3597
w03598,尊敬,zūnjìng,动、形,5,5,3598
w03599,遵守,zūnshǒu,动,5,5,3599
w03600,作出,zuòchū,动,,5,3600
w03601,岸,àn,名,5,6,3601
w03602,案例,ànlì,名,6,6,3602
w03603,按摩,ànmó,动,6,6,3603
w03604,暗示,ànshì,动,6,6,3604
w03605,昂贵,ángguì,形,6,6,3605
w03606,白白,báibái,副,,6,3606
w03607,白领,báilǐng,名,,6,3607
w03608,摆,bǎi,动,5,6,3608
w03609,摆放,bǎifàng,动,,6,3609
w03610,百分点,bǎifēndiǎn,名,,6,3610
w03611,百货,bǎihuò,名,,6,3611
w03612,摆脱,bǎituō,动,6,6,3612
w03613,败,bài,动,,6,3613
w03614,拜访,bàifǎng,动,6,6,3614
w03615,拜年,bàinián,动,6,6,3615
w03616,版,bǎn,名、量,,6,3616
w03617,版本,bǎnběn,名,6,6,3617
w03618,伴随,bànsuí,动,6,6,3618
w03619,扮演,bànyǎn,动,6,6,3619
w03620,榜样,bǎngyàng,名,6,6,3620
w03621,棒球,bàngqiú,名,,6,3621
w03622,保管,bǎoguǎn,动,6,6,3622
w03623,保健,bǎojiàn,动,,6,3623
w03624,保暖,bǎonuǎn,动,,6,3624
w03625,保修,bǎoxiū,动,,6,3625
w03626,保障,bǎozhàng,动、名,6,6,3626
w03627,爆,bào,动,,6,3627
w03628,爆发,bàofā,动,6,6,3628
w03629,报刊,bàokān,名,,6,3629
w03630,暴力,bàolì,名,6,6,3630
w03631,暴露,bàolù,动,6,6,3631
w03632,报社,bàoshè,名,5,6,3632
w03633,爆炸,bàozhà,动,6,6,3633
w03634,悲观,bēiguān,形,5,6,3634
w03635,悲剧,bēijù,名,,6,3635
w03636,悲伤,bēishāng,形,,6,3636
w03637,北极,běijí,名,6,6,3637
w03638,北美洲,Běiměizhōu,名,,6,3638
w03639,被动,bèidòng,形,6,6,3639
w03640,被迫,bèipò,动,,6,3640
w03641,背心,bèixīn,名,,6,3641
w03642,备用,bèiyòng,动,,6,3642
w03643,倍增,bèizēng,动,,6,3643
w03644,奔跑,bēnpǎo,动,,6,3644
w03645,本能,běnnéng,名、副,6,6,3645
w03646,本身,běnshēn,代,6,6,3646
w03647,本土,běntǔ,名,,6,3647
w03648,逼,bī,动,,6,3648
w03649,比方,bǐfang,动,6,6,3649
w03650,比重,bǐzhòng,名,6,6,3650
w03651,闭,bì,动,,6,3651
w03652,避,bì,动,,6,3652
w03653,必修,bìxiū,形,,6,3653
w03654,编,biān,动,,6,3654
w03655,编辑,biānjí,动、名,5,6,3655
w03656,编写,biānxiě,动,,6,3656
w03657,遍地,biàndì,动、副,,6,3657
w03658,便捷,biànjié,形,,6,3658
w03659,变质,biànzhì,动,6,6,3659
w03660,兵,bīng,名,,6,3660
w03661,病毒,bìngdú,名,5,6,3661
w03662,播,bō,动,,6,3662
w03663,播种,bōzhǒng,动,6,6,3663
w03664,博览会,bólǎnhuì,名,6,6,3664
w03665,薄弱,bóruò,形,6,6,3665
w03666,脖子,bózi,名,5,6,3666
w03667,不耐烦,bú nàifán,,5,6,3667
w03668,不顾,búgù,动,6,6,3668
w03669,不料,búliào,连,6,6,3669
w03670,不适,búshì,形,,6,3670
w03671,不至于,búzhìyú,动,,6,3671
w03672,补,bǔ,动,,6,3672
w03673,捕,bǔ,动,,6,3673
w03674,补偿,bǔcháng,动,6,6,3674
w03675,补课,bǔkè,动,,6,3675
w03676,补贴,bǔtiē,动、名,6,6,3676
w03677,补习,bǔxí,动,,6,3677
w03678,布,bù,名,5,6,3678
w03679,不安,bù’ān,形,5,6,3679
w03680,不曾,bùcéng,副,,6,3680
w03681,不成,bùchéng,动、形、助,,6,3681
w03682,不得,bùdé,动,,6,3682
w03683,部队,bùduì,名,,6,3683
w03684,不禁,bùjīn,副,6,6,3684
w03685,不时,bùshí,副、名,6,6,3685
w03686,部位,bùwèi,名,6,6,3686
w03687,不许,bùxǔ,动,,6,3687
w03688,不宜,bùyí,动,,6,3688
w03689,不已,bùyǐ,动,,6,3689
w03690,布置,bùzhì,动,6,6,3690
w03691,不止,bùzhǐ,动、副,6,6,3691
w03692,步骤,bùzhòu,名,5,6,3692
w03693,猜测,cāicè,动,,6,3693
w03694,财产,cáichǎn,名,5,6,3694
w03695,财富,cáifù,名,6,6,3695
w03696,才华,cáihuá,名,,6,3696
w03697,才能,cáinéng,名,,6,3697
w03698,财务,cáiwù,名,6,6,3698
w03699,财物,cáiwù,名,,6,3699
w03700,材质,cáizhì,名,,6,3700
w03701,踩,cǎi,动,5,6,3701
w03702,采购,cǎigòu,动、名,6,6,3702
w03703,彩虹,cǎihóng,名,5,6,3703
w03704,采集,cǎijí,动,6,6,3704
w03705,采纳,cǎinà,动,6,6,3705
w03706,彩票,cǎipiào,名,6,6,3706
w03707,参展,cānzhǎn,动,,6,3707
w03708,残疾,cánjí,名,6,6,3708
w03709,仓库,cāngkù,名,6,6,3709
w03710,草原,cǎoyuán,名,,6,3710
w03711,侧,cè,名、动,,6,3711
w03712,策划,cèhuà,动,6,6,3712
w03713,测量,cèliáng,动,6,6,3713
w03714,策略,cèlüè,名,6,6,3714
w03715,层次,céngcì,名,6,6,3715
w03716,层面,céngmiàn,名,,6,3716
w03717,叉,chā,名、动,,6,3717
w03718,差异,chāyì,名,,6,3718
w03719,插座,chāzuò,名,6,6,3719
w03720,查询,cháxún,动,,6,3720
w03721,拆除,chāichú,动,,6,3721
w03722,产出,chǎnchū,动,,6,3722
w03723,产地,chǎndì,名,,6,3723
w03724,肠,cháng,名,,6,3724
w03725,长短,chángduǎn,名,,6,3725
w03726,常规,chángguī,名、形,,6,3726
w03727,常年,chángnián,副、名,,6,3727
w03728,长寿,chángshòu,形,,6,3728
w03729,常温,chángwēn,名,,6,3729
w03730,场次,chǎngcì,名,,6,3730
w03731,场地,chǎngdì,名,,6,3731
w03732,场馆,chǎngguǎn,名,,6,3732
w03733,场合,chǎnghé,名,6,6,3733
w03734,厂家,chǎngjiā,名,,6,3734
w03735,场景,chǎngjǐng,名,,6,3735
w03736,场面,chǎngmiàn,名,6,6,3736
w03737,厂商,chǎngshāng,名,,6,3737
w03738,畅通,chàngtōng,形,6,6,3738
w03739,畅销,chàngxiāo,动,6,6,3739
w03740,抄,chāo,动,5,6,3740
w03741,超越,chāoyuè,动,6,6,3741
w03742,朝代,cháodài,名,6,6,3742
w03743,潮流,cháoliú,名,6,6,3743
w03744,潮湿,cháoshī,形,5,6,3744
w03745,嘲笑,cháoxiào,动,6,6,3745
w03746,炒股,chǎogǔ,动,,6,3746
w03747,吵架,chǎojià,动,5,6,3747
w03748,撤回,chèhuí,动,,6,3748
w03749,撤销,chèxiāo,动,6,6,3749
w03750,沉重,chénzhòng,形,6,6,3750
w03751,趁,chèn,介,5,6,3751
w03752,撑,chēng,动,,6,3752
w03753,称号,chēnghào,名,6,6,3753
w03754,称呼,chēnghu,动、名,5,6,3754
w03755,称作,chēngzuò,动,,6,3755
w03756,成,chéng,量,,6,3756
w03757,乘,chéng,动,,6,3757
w03758,盛,chéng,动,6,6,3758
w03759,承办,chéngbàn,动,6,6,3759
w03760,惩罚,chéngfá,动,6,6,3760
w03761,成交,chéngjiāo,动,6,6,3761
w03762,承诺,chéngnuò,动,6,6,3762
w03763,成千上万,chéngqiān-shàngwàn,,,6,3763
w03764,呈现,chéngxiàn,动,6,6,3764
w03765,成效,chéngxiào,名,6,6,3765
w03766,诚信,chéngxìn,形,,6,3766
w03767,成语,chéngyǔ,名,5,6,3767
w03768,城镇,chéngzhèn,名,,6,3768
w03769,持久,chíjiǔ,形,6,6,3769
w03770,持有,chíyǒu,动,,6,3770
w03771,尺,chǐ,量、名,,6,3771
w03772,尺寸,chǐcùn,名,,6,3772
w03773,冲动,chōngdòng,名、形,6,6,3773
w03774,冲击,chōngjī,动,6,6,3774
w03775,充实,chōngshí,形、动,6,6,3775
w03776,冲突,chōngtū,动,6,6,3776
w03777,崇拜,chóngbài,动,6,6,3777
w03778,重建,chóngjiàn,动,,6,3778
w03779,冲,chòng,动、介,,6,3779
w03780,抽奖,chōujiǎng,动,,6,3780
w03781,抽象,chōuxiàng,形,5,6,3781
w03782,愁,chóu,动,,6,3782
w03783,筹备,chóubèi,动,6,6,3783
w03784,初步,chūbù,形,6,6,3784
w03785,出场,chūchǎng,动,,6,3785
w03786,初等,chūděng,形,,6,3786
w03787,出境,chūjìng,动,,6,3787
w03788,出力,chūlì,动,,6,3788
w03789,出名,chūmíng,形,,6,3789
w03790,出入,chūrù,名,,6,3790
w03791,出示,chūshì,动,5,6,3791
w03792,出游,chūyóu,动,,6,3792
w03793,出于,chūyú,动,,6,3793
w03794,除,chú,动、介,6,6,3794
w03795,除非,chúfēi,连,5,6,3795
w03796,储存,chǔcún,动,6,6,3796
w03797,处罚,chǔfá,动,,6,3797
w03798,储蓄,chǔxù,动、名,6,6,3798
w03799,处处,chùchù,副,,6,3799
w03800,穿过,chuānguò,动,,6,3800
w03801,传承,chuánchéng,动,,6,3801
w03802,传达,chuándá,动,6,6,3802
w03803,传染,chuánrǎn,动,5,6,3803
w03804,传染病,chuánrǎnbìng,名,,6,3804
w03805,传授,chuánshòu,动,6,6,3805
w03806,传输,chuánshū,动,,6,3806
w03807,传真,chuánzhēn,名,4,6,3807
w03808,船只,chuánzhī,名,,6,3808
w03809,串,chuàn,名、量,6,6,3809
w03810,窗口,chuāngkǒu,名,,6,3810
w03811,闯,chuǎng,动,5,6,3811
w03812,创办,chuàngbàn,动,,6,3812
w03813,创建,chuàngjiàn,动,,6,3813
w03814,创立,chuànglì,动,6,6,3814
w03815,创意,chuàngyì,名、动,,6,3815
w03816,垂直,chuízhí,动,6,6,3816
w03817,纯,chún,形、副,,6,3817
w03818,瓷器,cíqì,名,,6,3818
w03819,此刻,cǐkè,名,,6,3819
w03820,刺,cì,动、名,6,6,3820
w03821,次数,cìshù,名,,6,3821
w03822,匆匆,cōngcōng,形,,6,3822
w03823,匆忙,cōngmáng,形,5,6,3823
w03824,从未,cóngwèi,副,,6,3824
w03825,从业,cóngyè,动,,6,3825
w03826,醋,cù,名,5,6,3826
w03827,脆,cuì,形,,6,3827
w03828,脆弱,cuìruò,形,6,6,3828
w03829,村庄,cūnzhuāng,名,,6,3829
w03830,存储,cúnchǔ,动,,6,3830
w03831,寸,cùn,量,,6,3831
w03832,挫折,cuòzhé,动,6,6,3832
w03833,搭,dā,动,6,6,3833
w03834,搭配,dāpèi,动、形,6,6,3834
w03835,答复,dáfù,动,6,6,3835
w03836,打交道,dǎ jiāodao,,5,6,3836
w03837,打动,dǎdòng,动,,6,3837
w03838,打击,dǎjī,动,6,6,3838
w03839,打架,dǎjià,动,6,6,3839
w03840,打卡,dǎkǎ,动,,6,3840
w03841,打雷,dǎléi,动,,6,3841
w03842,打造,dǎzào,动,,6,3842
w03843,打仗,dǎzhàng,动,6,6,3843
w03844,大臣,dàchén,名,6,6,3844
w03845,大吃一惊,dàchī-yìjīng,,,6,3845
w03846,大地,dàdì,名,,6,3846
w03847,大都,dàdū,副,,6,3847
w03848,大方,dàfang,形,5,6,3848
w03849,大幅,dàfú,副,,6,3849
w03850,大伙儿,dàhuǒr,代,6,6,3850
w03851,大使,dàshǐ,名,,6,3851
w03852,大师,dàshī,名,,6,3852
w03853,大洋洲,Dàyángzhōu,名,,6,3853
w03854,大致,dàzhì,形、副,6,6,3854
w03855,呆,dāi,形,5,6,3855
w03856,待,dài,动,,6,3856
w03857,代价,dàijià,名,6,6,3857
w03858,贷款,dàikuǎn,动、名,5,6,3858
w03859,代理,dàilǐ,动,6,6,3859
w03860,带领,dàilǐng,动,6,6,3860
w03861,单纯,dānchún,形,5,6,3861
w03862,单调,dāndiào,形,5,6,3862
w03863,耽误,dānwu,动,5,6,3863
w03864,担忧,dānyōu,动,,6,3864
w03865,蛋白质,dànbáizhì,名,6,6,3865
w03866,诞生,dànshēng,动,6,6,3866
w03867,当场,dāngchǎng,副,6,6,3867
w03868,当初,dāngchū,名,6,6,3868
w03869,当代,dāngdài,名,6,6,3869
w03870,当今,dāngjīn,名,,6,3870
w03871,当面,dāngmiàn,副,6,6,3871
w03872,当下,dāngxià,名、副,,6,3872
w03873,当选,dāngxuǎn,动,6,6,3873
w03874,档案,dàng’àn,名,6,6,3874
w03875,当天,dàngtiān,名,,6,3875
w03876,岛,dǎo,名,,6,3876
w03877,倒闭,dǎobì,动,6,6,3877
w03878,倒车,dǎochē,动,,6,3878
w03879,导师,dǎoshī,名,,6,3879
w03880,道德,dàodé,名、形,5,6,3880
w03881,倒是,dàoshì,副,,6,3881
w03882,得了,déle,动、助,,6,3882
w03883,得以,déyǐ,动,,6,3883
w03884,得知,dézhī,动,,6,3884
w03885,灯笼,dēnglong,名,6,6,3885
w03886,等级,děngjí,名,6,6,3886
w03887,滴,dī,动、量,5,6,3887
w03888,低碳,dītàn,形,,6,3888
w03889,抵达,dǐdá,动,6,6,3889
w03890,抵抗,dǐkàng,动,6,6,3890
w03891,地道,dìdao,形,5,6,3891
w03892,地方,dìfāng,名,,6,3892
w03893,地形,dìxíng,名,,6,3893
w03894,地域,dìyù,名,,6,3894
w03895,地质,dìzhì,名,6,6,3895
w03896,点击,diǎnjī,动,,6,3896
w03897,典礼,diǎnlǐ,名,6,6,3897
w03898,点燃,diǎnrán,动,,6,3898
w03899,典型,diǎnxíng,名、形,6,6,3899
w03900,电饭锅,diànfànguō,名,,6,3900
w03901,电力,diànlì,名,,6,3901
w03902,店铺,diànpù,名,,6,3902
w03903,电源,diànyuán,名,6,6,3903
w03904,吊,diào,动,6,6,3904
w03905,调动,diàodòng,动,6,6,3905
w03906,钓鱼,diàoyú,动,,6,3906
w03907,跌,diē,动,6,6,3907
w03908,顶,dǐng,名、动、量,5,6,3908
w03909,订单,dìngdān,名,,6,3909
w03910,订婚,dìnghūn,动,,6,3910
w03911,定价,dìngjià,动、名,,6,3911
w03912,定时,dìngshí,动、名,,6,3912
w03913,定位,dìngwèi,动、名,,6,3913
w03914,定义,dìngyì,名、动,6,6,3914
w03915,定制,dìngzhì,动,,6,3915
w03916,栋,dòng,量,6,6,3916
w03917,动机,dòngjī,名,6,6,3917
w03918,动力,dònglì,名,6,6,3918
w03919,动漫,dòngmàn,名,,6,3919
w03920,动态,dòngtài,名、形,6,6,3920
w03921,动听,dòngtīng,形,,6,3921
w03922,逗,dòu,动、形,5,6,3922
w03923,斗争,dòuzhēng,动、名,6,6,3923
w03924,都市,dūshì,名,,6,3924
w03925,毒,dú,名、动、形,,6,3925
w03926,渡,dù,动,,6,3926
w03927,端,duān,动,6,6,3927
w03928,短缺,duǎnquē,动,,6,3928
w03929,对称,duìchèn,形,6,6,3929
w03930,对接,duìjiē,动,,6,3930
w03931,对抗,duìkàng,动,6,6,3931
w03932,对立,duìlì,动,6,6,3932
w03933,对应,duìyìng,动、形,6,6,3933
w03934,蹲,dūn,动,5,6,3934
w03935,顿时,dùnshí,副,6,6,3935
w03936,多才多艺,duōcái-duōyì,,,6,3936
w03937,多亏,duōkuī,动,5,6,3937
w03938,多媒体,duōméitǐ,名,,6,3938
w03939,多余,duōyú,动、形,5,6,3939
w03940,多元,duōyuán,形,,6,3940
w03941,夺,duó,动,,6,3941
w03942,夺取,duóqǔ,动,,6,3942
w03943,躲避,duǒbì,动,,6,3943
w03944,恶心,ěxin,形、动,6,6,3944
w03945,恶劣,èliè,形,5,6,3945
w03946,儿科,érkē,名,,6,3946
w03947,耳环,ěrhuán,名,5,6,3947
w03948,二氧化碳,èryǎnghuàtàn,名,6,6,3948
w03949,发病,fābìng,动,,6,3949
w03950,发愁,fāchóu,动,5,6,3950
w03951,发电,fādiàn,动,,6,3951
w03952,发动,fādòng,动,6,6,3952
w03953,发放,fāfàng,动,,6,3953
w03954,发光,fāguāng,动,,6,3954
w03955,发票,fāpiào,名,5,6,3955
w03956,发行,fāxíng,动,6,6,3956
w03957,发炎,fāyán,动,6,6,3957
w03958,发育,fāyù,动,6,6,3958
w03959,法定,fǎdìng,形,,6,3959
w03960,法官,fǎguān,名,,6,3960
w03961,法规,fǎguī,名,,6,3961
w03962,番,fān,量,6,6,3962
w03963,繁忙,fánmáng,形,6,6,3963
w03964,凡是,fánshì,副,6,6,3964
w03965,繁殖,fánzhí,动,6,6,3965
w03966,反馈,fǎnkuì,动,6,6,3966
w03967,反思,fǎnsī,动,6,6,3967
w03968,犯,fàn,动,,6,3968
w03969,方方面面,fāngfāngmiànmiàn,名,,6,3969
w03970,方位,fāngwèi,名,6,6,3970
w03971,方言,fāngyán,名,6,6,3971
w03972,妨碍,fáng’ài,动,5,6,3972
w03973,房价,fángjià,名,,6,3973
w03974,防治,fángzhì,动,6,6,3974
w03975,访谈,fǎngtán,动,,6,3975
w03976,放大,fàngdà,动,6,6,3976
w03977,放飞,fàngfēi,动,,6,3977
w03978,飞速,fēisù,副,,6,3978
w03979,肥,féi,形、动、名,,6,3979
w03980,肥胖,féipàng,形,,6,3980
w03981,肥沃,féiwò,形,6,6,3981
w03982,肺,fèi,名,6,6,3982
w03983,肺炎,fèiyán,名,,6,3983
w03984,分工,fēngōng,动,,6,3984
w03985,分级,fēnjí,动,,6,3985
w03986,分期,fēnqī,动,,6,3986
w03987,分散,fēnsàn,形、动,6,6,3987
w03988,氛围,fēnwéi,名,,6,3988
w03989,粉,fěn,名、形,,6,3989
w03990,愤怒,fènnù,形,6,6,3990
w03991,封闭,fēngbì,动,6,6,3991
w03992,风光,fēngguāng,名,6,6,3992
w03993,风力,fēnglì,名,,6,3993
w03994,丰收,fēngshōu,动,6,6,3994
w03995,风雨,fēngyǔ,名,,6,3995
w03996,奉献,fèngxiàn,动,6,6,3996
w03997,夫人,fūrén,名,6,6,3997
w03998,服,fú,动,,6,3998
w03999,浮,fú,动,,6,3999
w04000,服从,fúcóng,动,6,6,4000
w04001,幅度,fúdù,名,6,6,4001
w04002,符号,fúhào,名,6,6,4002
w04003,福利,fúlì,名、动,6,6,4003
w04004,服用,fúyòng,动,,6,4004
w04005,辅导,fǔdǎo,动,5,6,4005
w04006,辅助,fǔzhù,动、形,6,6,4006
w04007,副,fù,形,,6,4007
w04008,覆盖,fùgài,动,6,6,4008
w04009,附件,fùjiàn,名,6,6,4009
w04010,负面,fùmiàn,形,,6,4010
w04011,富裕,fùyù,形、动,6,6,4011
w04012,赋予,fùyǔ,动,6,6,4012
w04013,该,gāi,代,,6,4013
w04014,改编,gǎibiān,动,,6,4014
w04015,改造,gǎizào,动,,6,4015
w04016,概率,gàilǜ,名,,6,4016
w04017,肝,gān,名,,6,4017
w04018,干脆,gāncuì,形、副,5,6,4018
w04019,尴尬,gāngà,形,6,6,4019
w04020,干旱,gānhàn,形,6,6,4020
w04021,干扰,gānrǎo,动,6,6,4021
w04022,干燥,gānzào,形,5,6,4022
w04023,感激,gǎnjī,动,5,6,4023
w04024,赶忙,gǎnmáng,副,,6,4024
w04025,感染,gǎnrǎn,动,6,6,4025
w04026,感想,gǎnxiǎng,名,5,6,4026
w04027,钢笔,gāngbǐ,名,,6,4027
w04028,港口,gǎngkǒu,名,6,6,4028
w04029,岗位,gǎngwèi,名,6,6,4029
w04030,高层,gāocéng,名、形,,6,4030
w04031,高超,gāochāo,形,6,6,4031
w04032,高等,gāoděng,形,,6,4032
w04033,高端,gāoduān,形、名,,6,4033
w04034,高峰,gāofēng,名,6,6,4034
w04035,高尚,gāoshàng,形,6,6,4035
w04036,高手,gāoshǒu,名,,6,4036
w04037,高新技术,gāoxīn-jìshù,,,6,4037
w04038,高原,gāoyuán,名,,6,4038
w04039,稿件,gǎojiàn,名,6,6,4039
w04040,稿子,gǎozi,名,,6,4040
w04041,割,gē,动,6,6,4041
w04042,歌唱,gēchàng,动,,6,4042
w04043,隔壁,gébì,名,5,6,4043
w04044,革命,gémìng,动、形,6,6,4044
w04045,个体,gètǐ,名,6,6,4045
w04046,给予,jǐyǔ,动,6,6,4046
w04047,跟前,gēnqián,名,6,6,4047
w04048,跟随,gēnsuí,动,6,6,4048
w04049,跟踪,gēnzōng,动,6,6,4049
w04050,公,gōng,形,,6,4050
w04051,宫,gōng,名,,6,4051
w04052,公安,gōng’ān,名,,6,4052
w04053,工地,gōngdì,名,,6,4053
w04054,工夫,gōngfu,名,,6,4054
w04055,公告,gōnggào,动、名,6,6,4055
w04056,供给,gōngjǐ,动,6,6,4056
w04057,攻击,gōngjī,动,6,6,4057
w04058,公开,gōngkāi,形、动,5,6,4058
w04059,公民,gōngmín,名,6,6,4059
w04060,公认,gōngrèn,动,6,6,4060
w04061,功效,gōngxiào,名,6,6,4061
w04062,工序,gōngxù,名,,6,4062
w04063,公益,gōngyì,名,,6,4063
w04064,供应,gōngyìng,动,,6,4064
w04065,公元,gōngyuán,名,5,6,4065
w04066,公正,gōngzhèng,形,6,6,4066
w04067,公众,gōngzhòng,名,,6,4067
w04068,公主,gōngzhǔ,名,5,6,4068
w04069,巩固,gǒnggù,形、动,6,6,4069
w04070,共计,gòngjì,动,6,6,4070
w04071,沟,gōu,名,,6,4071
w04072,构造,gòuzào,名,,6,4072
w04073,孤独,gūdú,形,6,6,4073
w04074,姑姑,gūgu,名,5,6,4074
w04075,古典,gǔdiǎn,形,5,6,4075
w04076,古迹,gǔjì,名,,6,4076
w04077,股票,gǔpiào,名,5,6,4077
w04078,古人,gǔrén,名,,6,4078
w04079,股市,gǔshì,名,,6,4079
w04080,骨头,gǔtou,名,5,6,4080
w04081,鼓舞,gǔwǔ,动、形,5,6,4081
w04082,顾,gù,动,,6,4082
w04083,固体,gùtǐ,名,6,6,4083
w04084,顾问,gùwèn,名,6,6,4084
w04085,故障,gùzhàng,名,6,6,4085
w04086,拐,guǎi,动,,6,4086
w04087,拐弯,guǎiwān,动,5,6,4087
w04088,官,guān,名,5,6,4088
w04089,关爱,guān’ài,动,,6,4089
w04090,官方,guānfāng,名,6,6,4090
w04091,观光,guānguāng,动,6,6,4091
w04092,关怀,guānhuái,动,6,6,4092
w04093,关联,guānlián,动,,6,4093
w04094,观赏,guānshǎng,动,,6,4094
w04095,官员,guānyuán,名,,6,4095
w04096,管道,guǎndào,名,,6,4096
w04097,罐,guàn,名,6,6,4097
w04098,广阔,guǎngkuò,形,6,6,4098
w04099,归,guī,动、介,,6,4099
w04100,规范,guīfàn,名、形、动,6,6,4100
w04101,规划,guīhuà,名、动,6,6,4101
w04102,归还,guīhuán,动,6,6,4102
w04103,规矩,guīju,名、形,5,6,4103
w04104,轨道,guǐdào,名,6,6,4104
w04105,跪,guì,动,6,6,4105
w04106,贵重,guìzhòng,形,,6,4106
w04107,棍,gùn,名,,6,4107
w04108,国宝,guóbǎo,名,,6,4108
w04109,国产,guóchǎn,形,,6,4109
w04110,国歌,guógē,名,,6,4110
w04111,国旗,guóqí,名,,6,4111
w04112,国情,guóqíng,名,,6,4112
w04113,国王,guówáng,名,5,6,4113
w04114,过渡,guòdù,动,6,6,4114
w04115,过后,guòhòu,名,,6,4115
w04116,过时,guòshí,动、形,,6,4116
w04117,海内外,hǎi nèiwài,,,6,4117
w04118,海岸,hǎi’àn,名,,6,4118
w04119,海拔,hǎibá,名,6,6,4119
w04120,海面,hǎimiàn,名,,6,4120
w04121,海域,hǎiyù,名,,6,4121
w04122,害,hài,名、动,,6,4122
w04123,寒冬,hándōng,名,,6,4123
w04124,含义,hányì,名,6,6,4124
w04125,罕见,hǎnjiàn,形,6,6,4125
w04126,旱灾,hànzāi,名,,6,4126
w04127,航空,hángkōng,动,6,6,4127
w04128,毫不,háo bù,,,6,4128
w04129,毫无,háo wú,,6,6,4129
w04130,毫米,háomǐ,量,6,6,4130
w04131,毫升,háoshēng,量,,6,4131
w04132,好不,hǎobù,副,,6,4132
w04133,好感,hǎogǎn,名,,6,4133
w04134,好容易,hǎoróngyì,形,,6,4134
w04135,好客,hàokè,形,5,6,4135
w04136,好学,hàoxué,动,,6,4136
w04137,号召,hàozhào,动,6,6,4137
w04138,合并,hébìng,动,6,6,4138
w04139,合成,héchéng,动,6,6,4139
w04140,和平,hépíng,名,5,6,4140
w04141,和谐,héxié,形,6,6,4141
w04142,核心,héxīn,名,5,6,4142
w04143,嘿,hēi,叹,6,6,4143
w04144,黑暗,hēi’àn,形,,6,4144
w04145,痕迹,hénjì,名,6,6,4145
w04146,狠,hěn,形、动、副,,6,4146
w04147,恨,hèn,动,5,6,4147
w04148,横,héng,形、动、名,6,6,4148
w04149,衡量,héngliáng,动,,6,4149
w04150,宏大,hóngdà,形,,6,4150
w04151,洪水,hóngshuǐ,名,6,6,4151
w04152,后代,hòudài,名,6,6,4152
w04153,后期,hòuqī,名,,6,4153
w04154,后人,hòurén,名,,6,4154
w04155,后退,hòutuì,动,,6,4155
w04156,后者,hòuzhě,名,,6,4156
w04157,忽略,hūlüè,动,6,6,4157
w04158,壶,hú,名,5,6,4158
w04159,胡子,húzi,名,,6,4159
w04160,户,hù,量,,6,4160
w04161,互助,hùzhù,动,,6,4161
w04162,花朵,huāduǒ,名,,6,4162
w04163,花生,huāshēng,名,5,6,4163
w04164,滑冰,huábīng,动,,6,4164
w04165,滑行,huáxíng,动,,6,4165
w04166,滑雪,huáxuě,动,,6,4166
w04167,划,huà,动,,6,4167
w04168,划分,huàfēn,动,6,6,4168
w04169,化石,huàshí,名,6,6,4169
w04170,话筒,huàtǒng,名,6,6,4170
w04171,化妆,huàzhuāng,动,6,6,4171
w04172,怀,huái,名、动,,6,4172
w04173,怀念,huáiniàn,动,5,6,4173
w04174,怀孕,huáiyùn,动,5,6,4174
w04175,欢乐,huānlè,形,6,6,4175
w04176,环,huán,名、量、动,,6,4176
w04177,还原,huányuán,动,6,6,4177
w04178,患,huàn,动,,6,4178
w04179,幻想,huànxiǎng,动、名,5,6,4179
w04180,患者,huànzhě,名,6,6,4180
w04181,黄,huáng,形,,6,4181
w04182,皇帝,huángdì,名,6,6,4182
w04183,灰尘,huīchén,名,5,6,4183
w04184,灰心,huīxīn,形,5,6,4184
w04185,回报,huíbào,动,6,6,4185
w04186,回顾,huígù,动,6,6,4186
w04187,回头,huítóu,动、副、连,,6,4187
w04188,汇,huì,动,,6,4188
w04189,汇报,huìbào,动,6,6,4189
w04190,绘画,huìhuà,动,,6,4190
w04191,会见,huìjiàn,动,,6,4191
w04192,汇款,huìkuǎn,动、名,,6,4192
w04193,婚姻,hūnyīn,名,5,6,4193
w04194,混,hùn,动、副,,6,4194
w04195,混合,hùnhé,动,6,6,4195
w04196,混乱,hùnluàn,形,6,6,4196
w04197,活力,huólì,名,6,6,4197
w04198,活跃,huóyuè,形、动,5,6,4198
w04199,火柴,huǒchái,名,5,6,4199
w04200,火灾,huǒzāi,名,,6,4200
w04201,货币,huòbì,名,6,6,4201
w04202,货车,huòchē,名,,6,4202
w04203,击败,jībài,动,,6,4203
w04204,基地,jīdì,名,6,6,4204
w04205,机动车,jīdòngchē,名,,6,4205
w04206,饥饿,jī’è,形,6,6,4206
w04207,激发,jīfā,动,6,6,4207
w04208,基金,jījīn,名,6,6,4208
w04209,激励,jīlì,动,6,6,4209
w04210,激情,jīqíng,名,6,6,4210
w04211,机械,jīxiè,名、形,6,6,4211
w04212,基因,jīyīn,名,6,6,4212
w04213,机遇,jīyù,名,6,6,4213
w04214,机制,jīzhì,名,,6,4214
w04215,即便,jíbiàn,连,6,6,4215
w04216,极端,jíduān,名、副、形,6,6,4216
w04217,急救,jíjiù,动,,6,4217
w04218,急切,jíqiè,形,6,6,4218
w04219,集团,jítuán,名,6,6,4219
w04220,极为,jíwéi,副,,6,4220
w04221,吉祥,jíxiáng,形,6,6,4221
w04222,继承,jìchéng,动,6,6,4222
w04223,季军,jìjūn,名,6,6,4223
w04224,纪律,jìlǜ,名,5,6,4224
w04225,寂寞,jìmò,形,5,6,4225
w04226,技巧,jìqiǎo,名,6,6,4226
w04227,技艺,jìyì,名,,6,4227
w04228,夹,jiā,动,,6,4228
w04229,加倍,jiābèi,动、副,,6,4229
w04230,家常,jiācháng,名,6,6,4230
w04231,家家户户,jiājiāhùhù,名,,6,4231
w04232,加剧,jiājù,动,6,6,4232
w04233,家居,jiājū,名,,6,4233
w04234,家属,jiāshǔ,名,6,6,4234
w04235,加以,jiāyǐ,动、连,,6,4235
w04236,家园,jiāyuán,名,,6,4236
w04237,加重,jiāzhòng,动,,6,4237
w04238,假设,jiǎshè,动、名,5,6,4238
w04239,嫁,jià,动,5,6,4239
w04240,尖,jiān,形、名,,6,4240
w04241,肩膀,jiānbǎng,名,5,6,4241
w04242,监测,jiāncè,动,,6,4242
w04243,坚定,jiāndìng,形、动,6,6,4243
w04244,监督,jiāndū,动,6,6,4244
w04245,坚固,jiāngù,形,6,6,4245
w04246,坚决,jiānjué,形,5,6,4246
w04247,艰难,jiānnán,形,6,6,4247
w04248,艰辛,jiānxīn,形,,6,4248
w04249,坚硬,jiānyìng,形,6,6,4249
w04250,兼职,jiānzhí,动、名,5,6,4250
w04251,检测,jiǎncè,动,,6,4251
w04252,简化,jiǎnhuà,动,6,6,4252
w04253,简介,jiǎnjiè,动、名,,6,4253
w04254,减弱,jiǎnruò,动,,6,4254
w04255,减压,jiǎnyā,动,,6,4255
w04256,检验,jiǎnyàn,动,6,6,4256
w04257,剑,jiàn,名,6,6,4257
w04258,箭,jiàn,名,,6,4258
w04259,鉴定,jiàndìng,动、名,6,6,4259
w04260,间隔,jiàngé,名、动,6,6,4260
w04261,间接,jiànjiē,形,6,6,4261
w04262,健全,jiànquán,形、动,6,6,4262
w04263,建筑物,jiànzhùwù,名,,6,4263
w04264,将军,jiāngjūn,名,6,6,4264
w04265,讲解,jiǎngjiě,动,,6,4265
w04266,奖牌,jiǎngpái,名,,6,4266
w04267,奖品,jiǎngpǐn,名,,6,4267
w04268,酱,jiàng,名、动,,6,4268
w04269,酱油,jiàngyóu,名,5,6,4269
w04270,胶带,jiāodài,名,,6,4270
w04271,焦点,jiāodiǎn,名,6,6,4271
w04272,交际,jiāojì,动,5,6,4272
w04273,焦虑,jiāolǜ,形,,6,4273
w04274,胶水,jiāoshuǐ,名,5,6,4274
w04275,交谈,jiāotán,动,,6,4275
w04276,郊外,jiāowài,名,,6,4276
w04277,角落,jiǎoluò,名,6,6,4277
w04278,脚印,jiǎoyìn,名,,6,4278
w04279,较为,jiàowéi,副,,6,4279
w04280,教训,jiàoxùn,动、名,5,6,4280
w04281,结,jiē,动,,6,4281
w04282,结果,jiēguǒ,动,,6,4282
w04283,接连,jiēlián,动、副,6,6,4283
w04284,结实,jiēshi,形,5,6,4284
w04285,街头,jiētóu,名,,6,4285
w04286,杰出,jiéchū,形,6,6,4286
w04287,节能,jiénéng,动,,6,4287
w04288,结尾,jiéwěi,动、名,,6,4288
w04289,截至,jiézhì,动,6,6,4289
w04290,截止,jiézhǐ,动,6,6,4290
w04291,节奏,jiézòu,名,6,6,4291
w04292,解,jiě,动,,6,4292
w04293,解答,jiědá,动,,6,4293
w04294,解读,jiědú,动,,6,4294
w04295,解放,jiěfàng,动,6,6,4295
w04296,解说,jiěshuō,动,,6,4296
w04297,借鉴,jièjiàn,动,6,6,4297
w04298,戒指,jièzhi,名,5,6,4298
w04299,借助,jièzhù,动,6,6,4299
w04300,金额,jīn’é,名,,6,4300
w04301,金牌,jīnpái,名,,6,4301
w04302,金钱,jīnqián,名,,6,4302
w04303,金融,jīnróng,名,6,6,4303
w04304,金属,jīnshǔ,名,5,6,4304
w04305,金子,jīnzi,名,,6,4305
w04306,尽,jìn,动、（副）,,6,4306
w04307,进而,jìn’ér,连,6,6,4307
w04308,进度,jìndù,名,,6,4308
w04309,进化,jìnhuà,动,6,6,4309
w04310,近来,jìnlái,名,6,6,4310
w04311,近视,jìnshì,形,,6,4311
w04312,进展,jìnzhǎn,动,6,6,4312
w04313,精美,jīngměi,形,,6,4313
w04314,精确,jīngquè,形,6,6,4314
w04315,惊人,jīngrén,形,,6,4315
w04316,经商,jīngshāng,动,5,6,4316
w04317,精通,jīngtōng,动,6,6,4317
w04318,精心,jīngxīn,形,6,6,4318
w04319,惊讶,jīngyà,形,6,6,4319
w04320,精致,jīngzhì,形,6,6,4320
w04321,精准,jīngzhǔn,形,,6,4321
w04322,井,jǐng,名,6,6,4322
w04323,警告,jǐnggào,动,6,6,4323
w04324,景观,jǐngguān,名,,6,4324
w04325,景象,jǐngxiàng,名,,6,4325
w04326,颈椎,jǐngzhuī,名,6,6,4326
w04327,净,jìng,形、副,,6,4327
w04328,竞赛,jìngsài,动,6,6,4328
w04329,镜头,jìngtóu,名,6,6,4329
w04330,纠纷,jiūfēn,名,6,6,4330
w04331,纠正,jiūzhèng,动,6,6,4331
w04332,酒精,jiǔjīng,名,6,6,4332
w04333,酒水,jiǔshuǐ,名,,6,4333
w04334,就读,jiùdú,动,,6,4334
w04335,舅舅,jiùjiu,名,5,6,4335
w04336,救命,jiùmìng,动,,6,4336
w04337,就算,jiùsuàn,连,,6,4337
w04338,救援,jiùyuán,动,,6,4338
w04339,救灾,jiùzāi,动,,6,4339
w04340,救助,jiùzhù,动,,6,4340
w04341,局,jú,量,,6,4341
w04342,局,jú,名,,6,4342
w04343,菊花,júhuā,名,,6,4343
w04344,局面,júmiàn,名,6,6,4344
w04345,局限,júxiàn,动,6,6,4345
w04346,举动,jǔdòng,名,6,6,4346
w04347,剧本,jùběn,名,6,6,4347
w04348,聚集,jùjí,动,,6,4348
w04349,俱乐部,jùlèbù,名,5,6,4349
w04350,剧烈,jùliè,形,6,6,4350
w04351,捐款,juānkuǎn,动、名,,6,4351
w04352,捐赠,juānzèng,动,,6,4352
w04353,卷,juǎn,动、名、量,6,6,4353
w04354,卷,juàn,量、名,,6,4354
w04355,决策,juécè,动、名,6,6,4355
w04356,绝望,juéwàng,动,6,6,4356
w04357,军队,jūnduì,名,6,6,4357
w04358,军人,jūnrén,名,,6,4358
w04359,均匀,jūnyún,形,5,6,4359
w04360,卡片,kǎpiàn,名,,6,4360
w04361,开创,kāichuàng,动,,6,4361
w04362,开关,kāiguān,名,,6,4362
w04363,开启,kāiqǐ,动,,6,4363
w04364,开设,kāishè,动,,6,4364
w04365,开头,kāitóu,动、名,,6,4365
w04366,砍,kǎn,动,5,6,4366
w04367,看不起,kànbuqǐ,动,5,6,4367
w04368,看待,kàndài,动,6,6,4368
w04369,看得起,kàndeqǐ,动,,6,4369
w04370,看好,kànhǎo,动,,6,4370
w04371,看似,kànsì,动,,6,4371
w04372,看中,kànzhòng,动,,6,4372
w04373,看重,kànzhòng,动,,6,4373
w04374,康复,kāngfù,动,,6,4374
w04375,考察,kǎochá,动,6,6,4375
w04376,考古,kǎogǔ,动、名,6,6,4376
w04377,考核,kǎohé,动,6,6,4377
w04378,考验,kǎoyàn,动,6,6,4378
w04379,科,kē,名,,6,4379
w04380,科幻,kēhuàn,名,,6,4380
w04381,科目,kēmù,名,6,6,4381
w04382,科普,kēpǔ,名,,6,4382
w04383,可口,kěkǒu,形,6,6,4383
w04384,可怜,kělián,形、动,4,6,4384
w04385,渴望,kěwàng,动,6,6,4385
w04386,可行,kěxíng,形,6,6,4386
w04387,客车,kèchē,名,,6,4387
w04388,课题,kètí,名,6,6,4388
w04389,肯,kěn,动,,6,4389
w04390,恐惧,kǒngjù,形,6,6,4390
w04391,空地,kòngdì,名,,6,4391
w04392,空闲,kòngxián,形、名,5,6,4392
w04393,口感,kǒugǎn,名,,6,4393
w04394,口号,kǒuhào,名,,6,4394
w04395,口腔,kǒuqiāng,名,6,6,4395
w04396,口头,kǒutóu,名、形,6,6,4396
w04397,扣,kòu,动、名,6,6,4397
w04398,枯燥,kūzào,形,6,6,4398
w04399,酷,kù,形,,6,4399
w04400,夸,kuā,动,5,6,4400
w04401,夸奖,kuājiǎng,动,,6,4401
w04402,夸张,kuāzhāng,形,5,6,4402
w04403,会计,kuàijì,名,5,6,4403
w04404,快捷,kuàijié,形,,6,4404
w04405,款,kuǎn,名、量,,6,4405
w04406,款式,kuǎnshì,名,6,6,4406
w04407,亏损,kuīsǔn,动,6,6,4407
w04408,困扰,kùnrǎo,动,,6,4408
w04409,扩展,kuòzhǎn,动,,6,4409
w04410,落,là,动,,6,4410
w04411,辣椒,làjiāo,名,5,6,4411
w04412,啦,la,助,6,6,4412
w04413,来临,láilín,动,,6,4413
w04414,来往,láiwǎng,动,,6,4414
w04415,赖,lài,形、动,,6,4415
w04416,拦,lán,动,5,6,4416
w04417,栏,lán,名,,6,4417
w04418,兰花,lánhuā,名,,6,4418
w04419,烂,làn,形,5,6,4419
w04420,狼,láng,名,,6,4420
w04421,朗读,lǎngdú,动,5,6,4421
w04422,牢,láo,名、形,,6,4422
w04423,劳动力,láodònglì,名,,6,4423
w04424,老实,lǎoshi,形,5,6,4424
w04425,老鼠,lǎoshǔ,名,5,6,4425
w04426,老太太,lǎotàitai,名,,6,4426
w04427,乐于,lèyú,动,,6,4427
w04428,雷,léi,名,5,6,4428
w04429,类别,lèibié,名,,6,4429
w04430,理,lǐ,名、动,,6,4430
w04431,理财,lǐcái,动,,6,4431
w04432,理科,lǐkē,名,,6,4432
w04433,理念,lǐniàn,名,,6,4433
w04434,理性,lǐxìng,形、名,,6,4434
w04435,立,lì,动,,6,4435
w04436,粒,lì,名、量,6,6,4436
w04437,立场,lìchǎng,名,6,6,4437
w04438,力度,lìdù,名,,6,4438
w04439,历经,lìjīng,动,,6,4439
w04440,历年,lìnián,名,,6,4440
w04441,例外,lìwài,动、名,6,6,4441
w04442,利息,lìxī,名,5,6,4442
w04443,联合国,Liánhéguó,名,,6,4443
w04444,联网,liánwǎng,动,,6,4444
w04445,联想,liánxiǎng,动,6,6,4445
w04446,链接,liànjiē,动,,6,4446
w04447,两岸,liǎng’àn,名,,6,4447
w04448,两极,liǎngjí,名,,6,4448
w04449,晾,liàng,动,6,6,4449
w04450,料,liào,名,,6,4450
w04451,料,liào,动,,6,4451
w04452,淋,lín,动,6,6,4452
w04453,凌晨,língchén,名,6,6,4453
w04454,流程,liúchéng,名,,6,4454
w04455,流动,liúdòng,动,,6,4455
w04456,浏览器,liúlǎnqì,名,,6,4456
w04457,流量,liúliàng,名,,6,4457
w04458,流入,liúrù,动,,6,4458
w04459,流通,liútōng,动,6,6,4459
w04460,楼道,lóudào,名,,6,4460
w04461,露,lòu,动,,6,4461
w04462,漏洞,lòudòng,名,,6,4462
w04463,露,lù,动,,6,4463
w04464,路程,lùchéng,名,,6,4464
w04465,路况,lùkuàng,名,,6,4465
w04466,路面,lùmiàn,名,,6,4466
w04467,录像,lùxiàng,动、名,,6,4467
w04468,录用,lùyòng,动,,6,4468
w04469,录制,lùzhì,动,,6,4469
w04470,旅程,lǚchéng,名,,6,4470
w04471,旅途,lǚtú,名,,6,4471
w04472,履行,lǚxíng,动,6,6,4472
w04473,率,lǜ,后缀,,6,4473
w04474,绿化,lǜhuà,动,,6,4474
w04475,轮,lún,名、动、量,,6,4475
w04476,轮船,lúnchuán,名,6,6,4476
w04477,轮流,lúnliú,动,5,6,4477
w04478,轮椅,lúnyǐ,名,,6,4478
w04479,轮子,lúnzi,名,,6,4479
w04480,论坛,lùntán,名,6,6,4480
w04481,落地,luòdì,动,,6,4481
w04482,落后,luòhòu,动、形,5,6,4482
w04483,马虎,mǎhu,形,4,6,4483
w04484,码头,mǎtóu,名,6,6,4484
w04485,蚂蚁,mǎyǐ,名,6,6,4485
w04486,嘛,ma,助,6,6,4486
w04487,埋,mái,动,,6,4487
w04488,迈,mài,动,6,6,4488
w04489,麦克风,màikèfēng,名,5,6,4489
w04490,漫长,màncháng,形,6,6,4490
w04491,漫画,mànhuà,名,6,6,4491
w04492,盲人,mángrén,名,,6,4492
w04493,冒,mào,动,,6,4493
w04494,冒险,màoxiǎn,动,5,6,4494
w04495,贸易,màoyì,名,5,6,4495
w04496,煤,méi,名,,6,4496
w04497,梅花,méihuā,名,,6,4497
w04498,眉毛,méimao,名,5,6,4498
w04499,美观,měiguān,形,6,6,4499
w04500,弥补,míbǔ,动,6,6,4500
w04501,迷人,mírén,形,6,6,4501
w04502,密,mì,形,,6,4502
w04503,密度,mìdù,名,6,6,4503
w04504,蜜蜂,mìfēng,名,5,6,4504
w04505,密集,mìjí,动、形,,6,4505
w04506,棉,mián,名,,6,4506
w04507,免,miǎn,动,,6,4507
w04508,勉强,miǎnqiǎng,形、动,6,6,4508
w04509,免税,miǎnshuì,动,,6,4509
w04510,免疫,miǎnyì,动,6,6,4510
w04511,面部,miànbù,名,,6,4511
w04512,面粉,miànfěn,名,,6,4512
w04513,面子,miànzi,名,6,6,4513
w04514,描绘,miáohuì,动,6,6,4514
w04515,描写,miáoxiě,动,5,6,4515
w04516,妙,miào,形,,6,4516
w04517,灭,miè,动,,6,4517
w04518,民歌,míngē,名,,6,4518
w04519,民间,mínjiān,名,6,6,4519
w04520,民俗,mínsú,名,,6,4520
w04521,民宿,mínsù,名,,6,4521
w04522,民众,mínzhòng,名,,6,4522
w04523,民主,mínzhǔ,名、形,6,6,4523
w04524,名额,míng’é,名,6,6,4524
w04525,明亮,míngliàng,形,,6,4525
w04526,明明,míngmíng,副,6,6,4526
w04527,名气,míngqi,名,,6,4527
w04528,名胜,míngshèng,名,,6,4528
w04529,命令,mìnglìng,动、名,5,6,4529
w04530,命名,mìngmíng,动,6,6,4530
w04531,模仿,mófǎng,动,5,6,4531
w04532,模拟,mónǐ,动,,6,4532
w04533,模特儿,mótèr,名,,6,4533
w04534,摩托车,mótuōchē,名,5,6,4534
w04535,模型,móxíng,名,6,6,4535
w04536,默默,mòmò,副,6,6,4536
w04537,模样,múyàng,名,6,6,4537
w04538,母,mǔ,形,,6,4538
w04539,母语,mǔyǔ,名,6,6,4539
w04540,木材,mùcái,名,,6,4540
w04541,目录,mùlù,名,5,6,4541
w04542,奶粉,nǎifěn,名,,6,4542
w04543,难点,nándiǎn,名,,6,4543
w04544,南极洲,Nánjízhōu,名,,6,4544
w04545,南美洲,Nánměizhōu,名,,6,4545
w04546,难免,nánmiǎn,形,5,6,4546
w04547,脑袋,nǎodai,名,5,6,4547
w04548,脑子,nǎozi,名,,6,4548
w04549,内涵,nèihán,名,6,6,4549
w04550,内科,nèikē,名,5,6,4550
w04551,内外,nèiwài,名,,6,4551
w04552,内衣,nèiyī,名,,6,4552
w04553,能量,néngliàng,名,6,6,4553
w04554,能源,néngyuán,名,5,6,4554
w04555,泥,ní,名,,6,4555
w04556,年度,niándù,名,6,6,4556
w04557,年终,niánzhōng,名,,6,4557
w04558,念书,niànshū,动,,6,4558
w04559,扭,niǔ,动,,6,4559
w04560,农产品,nóngchǎnpǐn,名,,6,4560
w04561,浓厚,nónghòu,形,6,6,4561
w04562,农田,nóngtián,名,,6,4562
w04563,暖,nuǎn,形、动,,6,4563
w04564,暖气,nuǎnqì,名,,6,4564
w04565,偶像,ǒuxiàng,名,6,6,4565
w04566,排除,páichú,动,6,6,4566
w04567,排放,páifàng,动,6,6,4567
w04568,排练,páiliàn,动,6,6,4568
w04569,排名,páimíng,动,,6,4569
w04570,盘,pán,量、（动）,,6,4570
w04571,盼望,pànwàng,动,5,6,4571
w04572,庞大,pángdà,形,6,6,4572
w04573,抛,pāo,动,,6,4573
w04574,泡,pào,名、动,,6,4574
w04575,赔偿,péicháng,动,5,6,4575
w04576,陪同,péitóng,动,,6,4576
w04577,培育,péiyù,动,6,6,4577
w04578,配备,pèibèi,动、名,6,6,4578
w04579,佩服,pèifú,动,5,6,4579
w04580,配套,pèitào,动,6,6,4580
w04581,喷,pēn,动,,6,4581
w04582,捧,pěng,动、量,6,6,4582
w04583,碰撞,pèngzhuàng,动,,6,4583
w04584,披,pī,动,5,6,4584
w04585,皮,pí,名、形,,6,4585
w04586,疲劳,píláo,形,5,6,4586
w04587,片刻,piànkè,名,6,6,4587
w04588,片面,piànmiàn,形,5,6,4588
w04589,骗子,piànzi,名,,6,4589
w04590,飘,piāo,动、形,5,6,4590
w04591,漂,piāo,动,,6,4591
w04592,频道,píndào,名,5,6,4592
w04593,频繁,pínfán,形,6,6,4593
w04594,贫困,pínkùn,形,6,6,4594
w04595,频率,pínlǜ,名,6,6,4595
w04596,品尝,pǐncháng,动,6,6,4596
w04597,平等,píngděng,形,5,6,4597
w04598,平凡,píngfán,形,6,6,4598
w04599,平方,píngfāng,名、量,5,6,4599
w04600,平方米,píngfāngmǐ,量,,6,4600
w04601,评估,pínggū,动,6,6,4601
w04602,评论,pínglùn,动、名,6,6,4602
w04603,评选,píngxuǎn,动,,6,4603
w04604,坡,pō,名、形,6,6,4604
w04605,泼,pō,动,6,6,4605
w04606,破产,pòchǎn,动,5,6,4606
w04607,迫切,pòqiè,形,5,6,4607
w04608,扑,pū,动,6,6,4608
w04609,铺,pū,动,6,6,4609
w04610,扑灭,pūmiè,动,,6,4610
w04611,朴素,pǔsù,形,6,6,4611
w04612,欺骗,qīpiàn,动,6,6,4612
w04613,期望,qīwàng,动,6,6,4613
w04614,期限,qīxiàn,名,6,6,4614
w04615,其间,qíjiān,名,,6,4615
w04616,齐全,qíquán,形,6,6,4616
w04617,棋子,qízǐ,名,,6,4617
w04618,起初,qǐchū,名,6,6,4618
w04619,起点,qǐdiǎn,名,,6,4619
w04620,启动,qǐdòng,动,,6,4620
w04621,启发,qǐfā,动,5,6,4621
w04622,启示,qǐshì,动、名,6,6,4622
w04623,启事,qǐshì,名,6,6,4623
w04624,起源,qǐyuán,动、名,6,6,4624
w04625,气氛,qìfēn,名,5,6,4625
w04626,气体,qìtǐ,名,,6,4626
w04627,气味,qìwèi,名,6,6,4627
w04628,气质,qìzhì,名,6,6,4628
w04629,恰当,qiàdàng,形,6,6,4629
w04630,恰好,qiàhǎo,副,,6,4630
w04631,恰恰,qiàqià,副,,6,4631
w04632,牵,qiān,动,6,6,4632
w04633,千家万户,qiānjiā-wànhù,,,6,4633
w04634,谦虚,qiānxū,形、动,5,6,4634
w04635,前景,qiánjǐng,名,6,6,4635
w04636,潜力,qiánlì,名,6,6,4636
w04637,前期,qiánqī,名,,6,4637
w04638,前提,qiántí,名,6,6,4638
w04639,前者,qiánzhě,名,,6,4639
w04640,枪,qiāng,名,5,6,4640
w04641,墙壁,qiángbì,名,,6,4641
w04642,强化,qiánghuà,动,,6,4642
w04643,强壮,qiángzhuàng,形、动,,6,4643
w04644,强迫,qiǎngpò,动,6,6,4644
w04645,瞧,qiáo,动,5,6,4645
w04646,桥梁,qiáoliáng,名,6,6,4646
w04647,巧妙,qiǎomiào,形,5,6,4647
w04648,切实,qièshí,形,6,6,4648
w04649,亲密,qīnmì,形,6,6,4649
w04650,亲属,qīnshǔ,名,,6,4650
w04651,勤劳,qínláo,形,6,6,4651
w04652,清,qīng,形、动,,6,4652
w04653,清晨,qīngchén,名,6,6,4653
w04654,青春,qīngchūn,名,5,6,4654
w04655,青春期,qīngchūnqī,名,,6,4655
w04656,清淡,qīngdàn,形,5,6,4656
w04657,清洁,qīngjié,形,6,6,4657
w04658,清理,qīnglǐ,动,6,6,4658
w04659,清扫,qīngsǎo,动,,6,4659
w04660,倾听,qīngtīng,动,6,6,4660
w04661,清洗,qīngxǐ,动,,6,4661
w04662,清晰,qīngxī,形,6,6,4662
w04663,倾向,qīngxiàng,动、名,6,6,4663
w04664,清醒,qīngxǐng,形、动,6,6,4664
w04665,情节,qíngjié,名,6,6,4665
w04666,晴朗,qínglǎng,形,6,6,4666
w04667,情形,qíngxing,名,6,6,4667
w04668,求,qiú,动,,6,4668
w04669,求婚,qiúhūn,动,,6,4669
w04670,求救,qiújiù,动,,6,4670
w04671,求职,qiúzhí,动,,6,4671
w04672,求助,qiúzhù,动,,6,4672
w04673,区分,qūfēn,动,6,6,4673
w04674,渠道,qúdào,名,6,6,4674
w04675,曲,qǔ,名,,6,4675
w04676,娶,qǔ,动,5,6,4676
w04677,取代,qǔdài,动,,6,4677
w04678,趣味,qùwèi,名,6,6,4678
w04679,圈,quān,名、动,5,6,4679
w04680,全程,quánchéng,名,,6,4680
w04681,权力,quánlì,名,5,6,4681
w04682,券,quàn,名,,6,4682
w04683,缺陷,quēxiàn,名,6,6,4683
w04684,确立,quèlì,动,6,6,4684
w04685,群众,qúnzhòng,名,6,6,4685
w04686,燃料,ránliào,名,,6,4686
w04687,染,rǎn,动,6,6,4687
w04688,热点,rèdiǎn,名,,6,4688
w04689,热度,rèdù,名,,6,4689
w04690,热门,rèmén,名,6,6,4690
w04691,热水器,rèshuǐqì,名,,6,4691
w04692,热线,rèxiàn,名,,6,4692
w04693,热议,rèyì,动,,6,4693
w04694,人工智能,réngōng zhìnéng,,,6,4694
w04695,人家,rénjia,代,6,6,4695
w04696,人均,rénjūn,动,,6,4696
w04697,人山人海,rénshān-rénhǎi,,,6,4697
w04698,人士,rénshì,名,6,6,4698
w04699,人事,rénshì,名,5,6,4699
w04700,人为,rénwéi,形,6,6,4700
w04701,人行道,rénxíngdào,名,,6,4701
w04702,忍受,rěnshòu,动,6,6,4702
w04703,认错,rèncuò,动,,6,4703
w04704,认定,rèndìng,动,6,6,4704
w04705,认可,rènkě,动,6,6,4705
w04706,认同,rèntóng,动,,6,4706
w04707,认知,rènzhī,动,,6,4707
w04708,仍旧,réngjiù,副,6,6,4708
w04709,日后,rìhòu,名,,6,4709
w04710,日前,rìqián,名,,6,4710
w04711,日夜,rìyè,名,,6,4711
w04712,日益,rìyì,副,6,6,4712
w04713,融合,rónghé,动,,6,4713
w04714,融化,rónghuà,动,6,6,4714
w04715,容量,róngliàng,名,,6,4715
w04716,融入,róngrù,动,,6,4716
w04717,荣誉,róngyù,名,6,6,4717
w04718,柔软,róuruǎn,形,,6,4718
w04719,入境,rùjìng,动,,6,4719
w04720,入门,rùmén,动、名,,6,4720
w04721,入选,rùxuǎn,动,,6,4721
w04722,弱点,ruòdiǎn,名,6,6,4722
w04723,撒,sǎ,动,,6,4723
w04724,塞,sāi,动、名,,6,4724
w04725,赛事,sàishì,名,,6,4725
w04726,散,sǎn,动,,6,4726
w04727,散文,sǎnwén,名,6,6,4727
w04728,散,sàn,动,,6,4728
w04729,散发,sànfā,动,6,6,4729
w04730,嗓子,sǎngzi,名,5,6,4730
w04731,丧失,sàngshī,动,6,6,4731
w04732,扫描,sǎomiáo,动,,6,4732
w04733,杀,shā,动,5,6,4733
w04734,刹车,shāchē,动、名,6,6,4734
w04735,鲨鱼,shāyú,名,,6,4735
w04736,筛选,shāixuǎn,动,6,6,4736
w04737,山顶,shāndǐng,名,,6,4737
w04738,山峰,shānfēng,名,,6,4738
w04739,山坡,shānpō,名,,6,4739
w04740,闪,shǎn,动,,6,4740
w04741,闪电,shǎndiàn,名,5,6,4741
w04742,扇,shàn,量,,6,4742
w04743,商标,shāngbiāo,名,6,6,4743
w04744,伤口,shāngkǒu,名,,6,4744
w04745,伤亡,shāngwáng,动、名,,6,4745
w04746,伤员,shāngyuán,名,,6,4746
w04747,上当,shàngdàng,动,5,6,4747
w04748,上级,shàngjí,名,6,6,4748
w04749,上进,shàngjìn,动,6,6,4749
w04750,上市,shàngshì,动,,6,4750
w04751,上述,shàngshù,形,,6,4751
w04752,上台,shàngtái,动,,6,4752
w04753,上旬,shàngxún,名,,6,4753
w04754,少儿,shào’ér,名,,6,4754
w04755,舌头,shétou,名,6,6,4755
w04756,社,shè,名,,6,4756
w04757,射,shè,动,,6,4757
w04758,涉及,shèjí,动,6,6,4758
w04759,射击,shèjī,动,5,6,4759
w04760,摄像,shèxiàng,动,,6,4760
w04761,设想,shèxiǎng,动,6,6,4761
w04762,摄像头,shèxiàngtóu,名,,6,4762
w04763,身心,shēnxīn,名,,6,4763
w04764,深夜,shēnyè,名,,6,4764
w04765,神,shén,名、形,,6,4765
w04766,神经,shénjīng,名,6,6,4766
w04767,神奇,shénqí,形,6,6,4767
w04768,审美,shěnměi,动,6,6,4768
w04769,升,shēng,量,,6,4769
w04770,生成,shēngchéng,动,,6,4770
w04771,声调,shēngdiào,名,5,6,4771
w04772,生命力,shēngmìnglì,名,,6,4772
w04773,生态,shēngtài,名,6,6,4773
w04774,升学,shēngxué,动,,6,4774
w04775,剩余,shèngyú,动,,6,4775
w04776,诗词,shīcí,名,,6,4776
w04777,湿度,shīdù,名,,6,4777
w04778,师父,shīfu,名,,6,4778
w04779,诗歌,shīgē,名,,6,4779
w04780,狮子,shīzi,名,5,6,4780
w04781,识,shí,动,,6,4781
w04782,拾,shí,动,6,6,4782
w04783,识别,shíbié,动,6,6,4783
w04784,时光,shíguāng,名,6,6,4784
w04785,实话,shíhuà,名,5,6,4785
w04786,实惠,shíhuì,名、形,6,6,4786
w04787,时机,shíjī,名,6,6,4787
w04788,时尚,shíshàng,名、形,5,6,4788
w04789,实时,shíshí,副,,6,4789
w04790,时速,shísù,名,,6,4790
w04791,石油,shíyóu,名,6,6,4791
w04792,食欲,shíyù,名,,6,4792
w04793,实质,shízhì,名,6,6,4793
w04794,十足,shízú,形,6,6,4794
w04795,使劲,shǐjìn,动,,6,4795
w04796,士兵,shìbīng,名,5,6,4796
w04797,适度,shìdù,形,,6,4797
w04798,示范,shìfàn,动,6,6,4798
w04799,释放,shìfàng,动,6,6,4799
w04800,事后,shìhòu,名,,6,4800
w04801,视觉,shìjué,名,,6,4801
w04802,势力,shìlì,名,6,6,4802
w04803,视力,shìlì,名,6,6,4803
w04804,试图,shìtú,动,6,6,4804
w04805,事务,shìwù,名,6,6,4805
w04806,事项,shìxiàng,名,6,6,4806
w04807,适宜,shìyí,形,6,6,4807
w04808,收藏,shōucáng,动,6,6,4808
w04809,收购,shōugòu,动,,6,4809
w04810,收取,shōuqǔ,动,,6,4810
w04811,收益,shōuyì,名,6,6,4811
w04812,手臂,shǒubì,名,,6,4812
w04813,手法,shǒufǎ,名,6,6,4813
w04814,手势,shǒushì,名,6,6,4814
w04815,首要,shǒuyào,形,6,6,4815
w04816,寿命,shòumìng,名,5,6,4816
w04817,受灾,shòuzāi,动,,6,4817
w04818,输出,shūchū,动,,6,4818
w04819,书画,shūhuà,名,,6,4819
w04820,书籍,shūjí,名,6,6,4820
w04821,书面,shūmiàn,形,6,6,4821
w04822,输送,shūsòng,动,,6,4822
w04823,书写,shūxiě,动,,6,4823
w04824,属,shǔ,动,,6,4824
w04825,薯片,shǔpiàn,名,,6,4825
w04826,竖,shù,形、动、名,6,6,4826
w04827,树立,shùlì,动,6,6,4827
w04828,数目,shùmù,名,,6,4828
w04829,数字化,shùzìhuà,动,,6,4829
w04830,衰老,shuāilǎo,形,6,6,4830
w04831,率领,shuàilǐng,动,6,6,4831
w04832,率先,shuàixiān,副,,6,4832
w04833,水稻,shuǐdào,名,,6,4833
w04834,水库,shuǐkù,名,,6,4834
w04835,水流,shuǐliú,名,,6,4835
w04836,水面,shuǐmiàn,名,,6,4836
w04837,水泥,shuǐní,名,6,6,4837
w04838,瞬间,shùnjiān,名,6,6,4838
w04839,思路,sīlù,名,,6,4839
w04840,思念,sīniàn,动,6,6,4840
w04841,死亡,sǐwáng,动,6,6,4841
w04842,松,sōng,形、动,,6,4842
w04843,艘,sōu,量,6,6,4843
w04844,搜集,sōují,动,,6,4844
w04845,塑造,sùzào,动,6,6,4845
w04846,素质,sùzhì,名,6,6,4846
w04847,算了,suànle,动、助,,6,4847
w04848,算是,suànshì,动、副,,6,4848
w04849,虽,suī,连,,6,4849
w04850,岁数,suìshu,名,,6,4850
w04851,岁月,suìyuè,名,6,6,4851
w04852,损坏,sǔnhuài,动,6,6,4852
w04853,损伤,sǔnshāng,动,,6,4853
w04854,所,suǒ,助,,6,4854
w04855,踏实,tāshi,形,6,6,4855
w04856,塔,tǎ,名,6,6,4856
w04857,台风,táifēng,名,6,6,4857
w04858,台球,táiqiú,名,,6,4858
w04859,太空,tàikōng,名,6,6,4859
w04860,太阳能,tàiyángnéng,名,,6,4860
w04861,谈论,tánlùn,动,,6,4861
w04862,谈判,tánpàn,动,5,6,4862
w04863,弹性,tánxìng,名,6,6,4863
w04864,探索,tànsuǒ,动,6,6,4864
w04865,探讨,tàntǎo,动,6,6,4865
w04866,汤圆,tāngyuán,名,,6,4866
w04867,糖果,tángguǒ,名,,6,4867
w04868,烫,tàng,动、形,5,6,4868
w04869,掏,tāo,动,6,6,4869
w04870,逃,táo,动,5,6,4870
w04871,逃跑,táopǎo,动,,6,4871
w04872,淘气,táoqì,形,5,6,4872
w04873,淘汰,táotài,动,6,6,4873
w04874,套餐,tàocān,名,,6,4874
w04875,特,tè,副,,6,4875
w04876,特长,tècháng,名,6,6,4876
w04877,特地,tèdì,副,,6,4877
w04878,特定,tèdìng,形,6,6,4878
w04879,特性,tèxìng,名,,6,4879
w04880,特意,tèyì,副,6,6,4880
w04881,题材,tícái,名,6,6,4881
w04882,提取,tíqǔ,动,,6,4882
w04883,提示,tíshì,动,6,6,4883
w04884,体操,tǐcāo,名,,6,4884
w04885,体积,tǐjī,名,6,6,4885
w04886,体系,tǐxì,名,6,6,4886
w04887,添,tiān,动,,6,4887
w04888,天才,tiāncái,名,6,6,4888
w04889,添加,tiānjiā,动,,6,4889
w04890,天然,tiānrán,形,,6,4890
w04891,天然气,tiānránqì,名,6,6,4891
w04892,天文,tiānwén,名,6,6,4892
w04893,天下,tiānxià,名,,6,4893
w04894,天真,tiānzhēn,形,5,6,4894
w04895,田,tián,名,,6,4895
w04896,田径,tiánjìng,名,6,6,4896
w04897,调节,tiáojié,动,6,6,4897
w04898,跳水,tiàoshuǐ,动,,6,4898
w04899,贴近,tiējìn,动、形,,6,4899
w04900,听话,tīnghuà,形,,6,4900
w04901,听觉,tīngjué,名,,6,4901
w04902,听取,tīngqǔ,动,,6,4902
w04903,通道,tōngdào,名,,6,4903
w04904,通风,tōngfēng,动,,6,4904
w04905,通话,tōnghuà,动,,6,4905
w04906,通信,tōngxìn,动,,6,4906
w04907,通讯,tōngxùn,名,6,6,4907
w04908,通用,tōngyòng,动,6,6,4908
w04909,铜,tóng,名,6,6,4909
w04910,同伴,tóngbàn,名,,6,4910
w04911,同行,tóngháng,动、名,,6,4911
w04912,童话,tónghuà,名,6,6,4912
w04913,同类,tónglèi,形、名,,6,4913
w04914,铜牌,tóngpái,名,,6,4914
w04915,痛快,tòngkuài,形,5,6,4915
w04916,偷,tōu,动、副,5,6,4916
w04917,偷偷,tōutōu,副,,6,4917
w04918,头脑,tóunǎo,名,,6,4918
w04919,投票,tóupiào,动,6,6,4919
w04920,投诉,tóusù,动,6,6,4920
w04921,投资,tóuzī,动、名,5,6,4921
w04922,透,tòu,动、形,,6,4922
w04923,透过,tòuguò,动,,6,4923
w04924,透露,tòulù,动,6,6,4924
w04925,透明,tòumíng,形,5,6,4925
w04926,突发,tūfā,动,,6,4926
w04927,突破,tūpò,动,6,6,4927
w04928,图案,tú’àn,名,6,6,4928
w04929,图表,túbiǎo,名,,6,4929
w04930,徒弟,túdì,名,6,6,4930
w04931,途径,tújìng,名,6,6,4931
w04932,图像,túxiàng,名,,6,4932
w04933,吐,tǔ,动,5,6,4933
w04934,土壤,tǔrǎng,名,6,6,4934
w04935,吐,tù,动,,6,4935
w04936,团结,tuánjié,动、形,6,6,4936
w04937,团体,tuántǐ,名,6,6,4937
w04938,团圆,tuányuán,动,6,6,4938
w04939,推测,tuīcè,动,6,6,4939
w04940,推销,tuīxiāo,动,6,6,4940
w04941,推行,tuīxíng,动,,6,4941
w04942,退税,tuìshuì,动,,6,4942
w04943,吞,tūn,动,,6,4943
w04944,拖,tuō,动,,6,4944
w04945,拖延,tuōyán,动,6,6,4945
w04946,托运,tuōyùn,动,6,6,4946
w04947,挖,wā,动,,6,4947
w04948,哇,wa,助,6,6,4948
w04949,娃娃,wáwa,名,6,6,4949
w04950,歪,wāi,形,5,6,4950
w04951,外表,wàibiǎo,名,6,6,4951
w04952,外交,wàijiāo,名,5,6,4952
w04953,外界,wàijiè,名,6,6,4953
w04954,外科,wàikē,名,,6,4954
w04955,外来,wàilái,形,,6,4955
w04956,外甥,wàisheng,名,,6,4956
w04957,弯曲,wānqū,形,,6,4957
w04958,顽强,wánqiáng,形,6,6,4958
w04959,万物,wànwù,名,,6,4959
w04960,王子,wángzǐ,名,5,6,4960
w04961,网,wǎng,名、动,,6,4961
w04962,往后,wǎnghòu,名,,6,4962
w04963,往来,wǎnglái,动,,6,4963
w04964,往年,wǎngnián,名,,6,4964
w04965,望,wàng,动,,6,4965
w04966,危机,wēijī,名,6,6,4966
w04967,微小,wēixiǎo,形,,6,4967
w04968,违规,wéiguī,动,,6,4968
w04969,维护,wéihù,动,6,6,4969
w04970,为难,wéinán,形、动,6,6,4970
w04971,围棋,wéiqí,名,,6,4971
w04972,为期,wéiqī,动,6,6,4972
w04973,维生素,wéishēngsù,名,6,6,4973
w04974,为止,wéizhǐ,动,,6,4974
w04975,委屈,wěiqu,形、动,5,6,4975
w04976,委托,wěituō,动,6,6,4976
w04977,未,wèi,副,,6,4977
w04978,未必,wèibì,副,5,6,4978
w04979,未成年人,wèichéngniánrén,名,,6,4979
w04980,为此,wèicǐ,连,,6,4980
w04981,为何,wèihé,副,,6,4981
w04982,味觉,wèijué,名,,6,4982
w04983,胃口,wèikǒu,名,5,6,4983
w04984,温和,wēnhé,形,6,6,4984
w04985,温柔,wēnróu,形,5,6,4985
w04986,文档,wéndàng,名,,6,4986
w04987,文具,wénjù,名,5,6,4987
w04988,文科,wénkē,名,,6,4988
w04989,文明,wénmíng,名、形,5,6,4989
w04990,闻名,wénmíng,动,,6,4990
w04991,文物,wénwù,名,6,6,4991
w04992,文献,wénxiàn,名,6,6,4992
w04993,文艺,wényì,名,6,6,4993
w04994,乌龟,wūguī,名,,6,4994
w04995,污水,wūshuǐ,名,,6,4995
w04996,无所谓,wúsuǒwèi,动,5,6,4996
w04997,无疑,wúyí,动,,6,4997
w04998,武器,wǔqì,名,6,6,4998
w04999,误,wù,动,,6,4999
w05000,误解,wùjiě,动、名,6,6,5000
w05001,物体,wùtǐ,名,,6,5001
w05002,吸取,xīqǔ,动,5,6,5002
w05003,媳妇,xífu,名,6,6,5003
w05004,习俗,xísú,名,6,6,5004
w05005,喜剧,xǐjù,名,,6,5005
w05006,喜事,xǐshì,名,,6,5006
w05007,洗漱,xǐshù,动,,6,5007
w05008,细胞,xìbāo,名,6,6,5008
w05009,细菌,xìjūn,名,6,6,5009
w05010,系列,xìliè,名,6,6,5010
w05011,戏曲,xìqǔ,名,,6,5011
w05012,细致,xìzhì,形,6,6,5012
w05013,吓,xià,动,5,6,5013
w05014,下功夫,xià gōngfu,,,6,5014
w05015,下单,xiàdān,动,,6,5015
w05016,夏令营,xiàlìngyíng,名,5,6,5016
w05017,下线,xiàxiàn,动,,6,5017
w05018,下旬,xiàxún,名,,6,5018
w05019,鲜明,xiānmíng,形,6,6,5019
w05020,先前,xiānqián,名,6,6,5020
w05021,鲜艳,xiānyàn,形,5,6,5021
w05022,嫌,xián,动,6,6,5022
w05023,显,xiǎn,形、动,,6,5023
w05024,险,xiǎn,形、副,,6,5024
w05025,显著,xiǎnzhù,形,6,6,5025
w05026,限,xiàn,动,,6,5026
w05027,线,xiàn,名、量,,6,5027
w05028,现存,xiàncún,动,,6,5028
w05029,限度,xiàndù,名,,6,5029
w05030,现货,xiànhuò,名,,6,5030
w05031,陷入,xiànrù,动,6,6,5031
w05032,线索,xiànsuǒ,名,6,6,5032
w05033,限于,xiànyú,动,,6,5033
w05034,相差,xiāngchà,动,6,6,5034
w05035,香肠,xiāngcháng,名,5,6,5035
w05036,相传,xiāngchuán,动,,6,5036
w05037,相等,xiāngděng,动,6,6,5037
w05038,相连,xiānglián,动,,6,5038
w05039,香水,xiāngshuǐ,名,,6,5039
w05040,相应,xiāngyìng,动,6,6,5040
w05041,项链,xiàngliàn,名,5,6,5041
w05042,象棋,xiàngqí,名,5,6,5042
w05043,相声,xiàngsheng,名,6,6,5043
w05044,向往,xiàngwǎng,动,6,6,5044
w05045,消除,xiāochú,动,6,6,5045
w05046,消毒,xiāodú,动,6,6,5046
w05047,消防,xiāofáng,动,6,6,5047
w05048,消耗,xiāohào,动,6,6,5048
w05049,消灭,xiāomiè,动,6,6,5049
w05050,小麦,xiǎomài,名,5,6,5050
w05051,小气,xiǎoqi,形,5,6,5051
w05052,小偷儿,xiǎotōur,名,,6,5052
w05053,笑容,xiàoróng,名,,6,5053
w05054,效应,xiàoyìng,名,6,6,5054
w05055,歇,xiē,动,5,6,5055
w05056,携带,xiédài,动,6,6,5056
w05057,协会,xiéhuì,名,6,6,5057
w05058,协调,xiétiáo,形、动,6,6,5058
w05059,协助,xiézhù,动,6,6,5059
w05060,心爱,xīn’ài,形,,6,5060
w05061,心底,xīndǐ,名,,6,5061
w05062,新款,xīnkuǎn,名,,6,5062
w05063,心灵,xīnlíng,名,6,6,5063
w05064,新媒体,xīnméitǐ,名,,6,5064
w05065,心目,xīnmù,名,,6,5065
w05066,新能源,xīnnéngyuán,名,,6,5066
w05067,薪水,xīnshui,名,6,6,5067
w05068,心疼,xīnténg,动,6,6,5068
w05069,新兴,xīnxīng,形,,6,5069
w05070,新颖,xīnyǐng,形,6,6,5070
w05071,心愿,xīnyuàn,名,,6,5071
w05072,心脏,xīnzàng,名,5,6,5072
w05073,信赖,xìnlài,动,6,6,5073
w05074,信念,xìnniàn,名,6,6,5074
w05075,兴起,xīngqǐ,动,,6,5075
w05076,型号,xínghào,名,,6,5076
w05077,形态,xíngtài,名,6,6,5077
w05078,性价比,xìngjiàbǐ,名,,6,5078
w05079,性能,xìngnéng,名,6,6,5079
w05080,胸,xiōng,名,5,6,5080
w05081,修订,xiūdìng,动,,6,5081
w05082,修复,xiūfù,动,6,6,5082
w05083,袖子,xiùzi,名,,6,5083
w05084,许可,xǔkě,动,6,6,5084
w05085,叙述,xùshù,动,5,6,5085
w05086,旋转,xuánzhuǎn,动,6,6,5086
w05087,选拔,xuǎnbá,动,6,6,5087
w05088,选修,xuǎnxiū,动,,6,5088
w05089,学会,xuéhuì,名,,6,5089
w05090,学位,xuéwèi,名,6,6,5090
w05091,学问,xuéwen,名,5,6,5091
w05092,学员,xuéyuán,名,,6,5092
w05093,血管,xuèguǎn,名,,6,5093
w05094,血型,xuèxíng,名,,6,5094
w05095,血压,xuèyā,名,6,6,5095
w05096,血液,xuèyè,名,,6,5096
w05097,循环,xúnhuán,动,6,6,5097
w05098,寻求,xúnqiú,动,,6,5098
w05099,压缩,yāsuō,动,6,6,5099
w05100,亚军,yàjūn,名,6,6,5100
w05101,淹,yān,动,,6,5101
w05102,淹没,yānmò,动,6,6,5102
w05103,严,yán,形,,6,5103
w05104,沿海,yánhǎi,名,6,6,5104
w05105,严寒,yánhán,形,6,6,5105
w05106,严禁,yánjìn,动,6,6,5106
w05107,严厉,yánlì,形,6,6,5107
w05108,延期,yánqī,动,6,6,5108
w05109,炎热,yánrè,形,6,6,5109
w05110,延伸,yánshēn,动,6,6,5110
w05111,研讨,yántǎo,动,,6,5111
w05112,延续,yánxù,动,6,6,5112
w05113,言语,yányǔ,名,,6,5113
w05114,炎症,yánzhèng,名,,6,5114
w05115,眼光,yǎnguāng,名,6,6,5115
w05116,眼看,yǎnkàn,副、动,,6,5116
w05117,演奏,yǎnzòu,动,6,6,5117
w05118,宴会,yànhuì,名,5,6,5118
w05119,验证,yànzhèng,动,6,6,5119
w05120,仰,yǎng,动,,6,5120
w05121,痒,yǎng,形,5,6,5121
w05122,养老,yǎnglǎo,动,,6,5122
w05123,养老院,yǎnglǎoyuàn,名,,6,5123
w05124,氧气,yǎngqì,名,6,6,5124
w05125,样,yàng,量,,6,5125
w05126,遥远,yáoyuǎn,形,6,6,5126
w05127,要点,yàodiǎn,名,6,6,5127
w05128,要么,yàome,连,,6,5128
w05129,要素,yàosù,名,6,6,5129
w05130,野,yě,形,,6,5130
w05131,也好,yěhǎo,助,,6,5131
w05132,野生,yěshēng,形,,6,5132
w05133,野外,yěwài,名,,6,5133
w05134,业,yè,后缀,,6,5134
w05135,液体,yètǐ,名,6,6,5135
w05136,依旧,yījiù,动、副,6,6,5136
w05137,依赖,yīlài,动,6,6,5137
w05138,一流,yīliú,形,6,6,5138
w05139,衣食住行,yī-shí-zhù-xíng,,,6,5139
w05140,医药,yīyào,名,,6,5140
w05141,一一,yīyī,副,,6,5141
w05142,姨,yí,名,,6,5142
w05143,一辈子,yíbèizi,名,5,6,5143
w05144,遗产,yíchǎn,名,6,6,5144
w05145,遗传,yíchuán,动,6,6,5145
w05146,一带,yídài,名,,6,5146
w05147,一道,yídào,副,,6,5147
w05148,一贯,yíguàn,形,6,6,5148
w05149,疑惑,yíhuò,动、名,6,6,5149
w05150,一律,yílǜ,副,5,6,5150
w05151,移民,yímín,动、名,5,6,5151
w05152,仪器,yíqì,名,6,6,5152
w05153,仪式,yíshì,名,6,6,5153
w05154,一向,yíxiàng,副,6,6,5154
w05155,一系列,yíxìliè,形,,6,5155
w05156,一再,yízài,副,5,6,5156
w05157,一阵,yízhèn,数量,,6,5157
w05158,遗址,yízhǐ,名,,6,5158
w05159,以便,yǐbiàn,连,6,6,5159
w05160,以免,yǐmiǎn,连,6,6,5160
w05161,以往,yǐwǎng,名,6,6,5161
w05162,异常,yìcháng,形、副,6,6,5162
w05163,益处,yìchù,名,,6,5163
w05164,一帆风顺,yìfān-fēngshùn,,6,6,5164
w05165,一口气,yìkǒuqì,副,,6,5165
w05166,议论,yìlùn,动、名,5,6,5166
w05167,一模一样,yìmú-yíyàng,,,6,5167
w05168,艺人,yìrén,名,,6,5168
w05169,一身,yìshēn,名,,6,5169
w05170,一时,yìshí,名、副,,6,5170
w05171,一同,yìtóng,副,,6,5171
w05172,易于,yìyú,动,,6,5172
w05173,抑制,yìzhì,动,,6,5173
w05174,因,yīn,介、连,,6,5174
w05175,音节,yīnjié,名,,6,5175
w05176,银,yín,名,5,6,5176
w05177,银牌,yínpái,名,,6,5177
w05178,引,yǐn,动,,6,5178
w05179,隐藏,yǐncáng,动,,6,5179
w05180,引导,yǐndǎo,动,6,6,5180
w05181,引发,yǐnfā,动,,6,5181
w05182,引入,yǐnrù,动,,6,5182
w05183,隐私,yǐnsī,名,6,6,5183
w05184,饮用水,yǐnyòngshuǐ,名,,6,5184
w05185,印,yìn,名、动,,6,5185
w05186,婴儿,yīng’ér,名,6,6,5186
w05187,英雄,yīngxióng,名,5,6,5187
w05188,影子,yǐngzi,名,5,6,5188
w05189,拥挤,yōngjǐ,动、形,5,6,5189
w05190,涌现,yǒngxiàn,动,6,6,5190
w05191,勇于,yǒngyú,动,6,6,5191
w05192,用餐,yòngcān,动,,6,5192
w05193,用处,yòngchù,名,,6,5193
w05194,用功,yònggōng,动、形,5,6,5194
w05195,用人,yòngrén,动,,6,5195
w05196,用心,yòngxīn,名,,6,5196
w05197,优化,yōuhuà,动,,6,5197
w05198,优先,yōuxiān,动,6,6,5198
w05199,优异,yōuyì,形,6,6,5199
w05200,由来,yóulái,名,,6,5200
w05201,游人,yóurén,名,,6,5201
w05202,犹如,yóurú,动,6,6,5202
w05203,有机,yǒujī,形,,6,5203
w05204,有劲,yǒujìn,动、形,,6,5204
w05205,有序,yǒuxù,形,,6,5205
w05206,于,yú,介,,6,5206
w05207,余额,yú’é,名,,6,5207
w05208,与其,yǔqí,连,5,6,5208
w05209,羽绒服,yǔróngfú,名,6,6,5209
w05210,预定,yùdìng,动,,6,5210
w05211,预料,yùliào,动、名,6,6,5211
w05212,预期,yùqī,动,6,6,5212
w05213,浴室,yùshì,名,,6,5213
w05214,欲望,yùwàng,名,6,6,5214
w05215,原本,yuánběn,副,,6,5215
w05216,原材料,yuáncáiliào,名,,6,5216
w05217,原理,yuánlǐ,名,6,6,5217
w05218,原料,yuánliào,名,5,6,5218
w05219,园林,yuánlín,名,6,6,5219
w05220,圆满,yuánmǎn,形,6,6,5220
w05221,原始,yuánshǐ,形,6,6,5221
w05222,元素,yuánsù,名,6,6,5222
w05223,原先,yuánxiān,名,6,6,5223
w05224,元宵,yuánxiāo,名,,6,5224
w05225,源于,yuányú,动,,6,5225
w05226,远程,yuǎnchéng,形,,6,5226
w05227,远方,yuǎnfāng,名,,6,5227
w05228,约束,yuēshù,动,6,6,5228
w05229,月光,yuèguāng,名,,6,5229
w05230,乐器,yuèqì,名,5,6,5230
w05231,月球,yuèqiú,名,,6,5231
w05232,乐曲,yuèqǔ,名,,6,5232
w05233,晕,yūn,形、动,5,6,5233
w05234,晕车,yùnchē,动,,6,5234
w05235,运送,yùnsòng,动,,6,5235
w05236,运行,yùnxíng,动,6,6,5236
w05237,运营,yùnyíng,动,,6,5237
w05238,杂,zá,形,,6,5238
w05239,灾,zāi,名,,6,5239
w05240,灾害,zāihài,名,5,6,5240
w05241,灾难,zāinàn,名,6,6,5241
w05242,灾区,zāiqū,名,,6,5242
w05243,再三,zàisān,副,5,6,5243
w05244,再生,zàishēng,动,,6,5244
w05245,在意,zàiyì,动,6,6,5245
w05246,赞赏,zànshǎng,动,,6,5246
w05247,赞同,zàntóng,动,,6,5247
w05248,遭到,zāodào,动,,6,5248
w05249,遭受,zāoshòu,动,6,6,5249
w05250,遭遇,zāoyù,动、名,6,6,5250
w05251,噪声,zàoshēng,名,,6,5251
w05252,造型,zàoxíng,动、名,6,6,5252
w05253,则,zé,连、（助）,5,6,5253
w05254,扎,zhā,动,6,6,5254
w05255,炸,zhà,动,,6,5255
w05256,粘,zhān,动,,6,5256
w05257,粘贴,zhāntiē,动,5,6,5257
w05258,崭新,zhǎnxīn,形,6,6,5258
w05259,占比,zhànbǐ,名,,6,5259
w05260,战斗,zhàndòu,名、动,6,6,5260
w05261,占据,zhànjù,动,6,6,5261
w05262,战胜,zhànshèng,动,,6,5262
w05263,占有,zhànyǒu,动,,6,5263
w05264,战争,zhànzhēng,名,5,6,5264
w05265,章,zhāng,量,,6,5265
w05266,长辈,zhǎngbèi,名,5,6,5266
w05267,障碍,zhàng’ài,名、动,6,6,5267
w05268,账单,zhàngdān,名,,6,5268
w05269,招,zhāo,动,,6,5269
w05270,招待,zhāodài,动,5,6,5270
w05271,招生,zhāoshēng,动,,6,5271
w05272,招手,zhāoshǒu,动,,6,5272
w05273,招收,zhāoshōu,动,6,6,5273
w05274,照明,zhàomíng,动,,6,5274
w05275,折,zhé,动,6,6,5275
w05276,针,zhēn,名,,6,5276
w05277,真相,zhēnxiàng,名,6,6,5277
w05278,珍珠,zhēnzhū,名,6,6,5278
w05279,枕头,zhěntou,名,6,6,5279
w05280,镇,zhèn,动、名,,6,5280
w05281,阵雨,zhènyǔ,名,,6,5281
w05282,睁,zhēng,动,5,6,5282
w05283,争吵,zhēngchǎo,动,,6,5283
w05284,争夺,zhēngduó,动,6,6,5284
w05285,争论,zhēnglùn,动,5,6,5285
w05286,征求,zhēngqiú,动,5,6,5286
w05287,争议,zhēngyì,动,6,6,5287
w05288,政策,zhèngcè,名,6,6,5288
w05289,正规,zhèngguī,形,6,6,5289
w05290,正面,zhèngmiàn,名、形,,6,5290
w05291,证实,zhèngshí,动,6,6,5291
w05292,正义,zhèngyì,名、形,6,6,5292
w05293,症状,zhèngzhuàng,名,6,6,5293
w05294,支,zhī,动,,6,5294
w05295,枝,zhī,名、量,6,6,5295
w05296,支撑,zhīchēng,动,6,6,5296
w05297,支出,zhīchū,动、名,6,6,5297
w05298,脂肪,zhīfáng,名,6,6,5298
w05299,之所以,zhīsuǒyǐ,连,,6,5299
w05300,值班,zhíbān,动,6,6,5300
w05301,职位,zhíwèi,名,6,6,5301
w05302,职务,zhíwù,名,6,6,5302
w05303,职员,zhíyuán,名,,6,5303
w05304,职责,zhízé,名,,6,5304
w05305,侄子,zhízi,名,6,6,5305
w05306,只得,zhǐdé,副,,6,5306
w05307,指定,zhǐdìng,动,6,6,5307
w05308,只顾,zhǐgù,副,,6,5308
w05309,指挥,zhǐhuī,动、名,5,6,5309
w05310,指示,zhǐshì,动、名,6,6,5310
w05311,指责,zhǐzé,动,6,6,5311
w05312,制,zhì,动,,6,5312
w05313,至关重要,zhìguān-zhòngyào,,,6,5313
w05314,智力,zhìlì,名,6,6,5314
w05315,治理,zhìlǐ,动,6,6,5315
w05316,制品,zhìpǐn,名,,6,5316
w05317,秩序,zhìxù,名,5,6,5317
w05318,质疑,zhìyí,动,,6,5318
w05319,至于,zhìyú,动、介,5,6,5319
w05320,中等,zhōngděng,形,,6,5320
w05321,终点,zhōngdiǎn,名,6,6,5321
w05322,中断,zhōngduàn,动,6,6,5322
w05323,终身,zhōngshēn,名,6,6,5323
w05324,钟头,zhōngtóu,名,,6,5324
w05325,中旬,zhōngxún,名,5,6,5325
w05326,中央,zhōngyāng,名,6,6,5326
w05327,肿,zhǒng,动,,6,5327
w05328,中,zhòng,动,,6,5328
w05329,种地,zhòngdì,动,,6,5329
w05330,中毒,zhòngdú,动,,6,5330
w05331,中奖,zhòngjiǎng,动,,6,5331
w05332,众人,zhòngrén,名,,6,5332
w05333,中暑,zhòngshǔ,名、动,,6,5333
w05334,众所周知,zhòngsuǒzhōuzhī,,6,6,5334
w05335,重心,zhòngxīn,名,6,6,5335
w05336,州,zhōu,名,6,6,5336
w05337,粥,zhōu,名,6,6,5337
w05338,周边,zhōubiān,名,6,6,5338
w05339,周到,zhōudào,形,5,6,5339
w05340,周期,zhōuqī,名,6,6,5340
w05341,株,zhū,量,6,6,5341
w05342,珠宝,zhūbǎo,名,,6,5342
w05343,诸多,zhūduō,形,,6,5343
w05344,主办,zhǔbàn,动,6,6,5344
w05345,主播,zhǔbō,动、名,,6,5345
w05346,主导,zhǔdǎo,动、名,6,6,5346
w05347,主管,zhǔguǎn,动、名,6,6,5347
w05348,主角,zhǔjué,名,,6,5348
w05349,主流,zhǔliú,名,6,6,5349
w05350,主演,zhǔyǎn,动、名,,6,5350
w05351,主张,zhǔzhāng,动、名,5,6,5351
w05352,祝福,zhùfú,动,5,6,5352
w05353,助理,zhùlǐ,形、名,6,6,5353
w05354,助手,zhùshǒu,名,6,6,5354
w05355,祝愿,zhùyuàn,动,,6,5355
w05356,住宅,zhùzhái,名,6,6,5356
w05357,著作,zhùzuò,名,6,6,5357
w05358,砖,zhuān,名,6,6,5358
w05359,专科,zhuānkē,名,,6,5359
w05360,专利,zhuānlì,名,6,6,5360
w05361,专题,zhuāntí,名,6,6,5361
w05362,专用,zhuānyòng,动,,6,5362
w05363,专注,zhuānzhù,形,,6,5363
w05364,转换,zhuǎnhuàn,动,,6,5364
w05365,转交,zhuǎnjiāo,动,,6,5365
w05366,转让,zhuǎnràng,动,6,6,5366
w05367,转身,zhuǎnshēn,动,,6,5367
w05368,转移,zhuǎnyí,动,6,6,5368
w05369,转,zhuàn,动,,6,5369
w05370,转动,zhuàndòng,动,,6,5370
w05371,装备,zhuāngbèi,动、名,6,6,5371
w05372,庄稼,zhuāngjia,名,6,6,5372
w05373,追究,zhuījiū,动,6,6,5373
w05374,捉,zhuō,动,,6,5374
w05375,资本,zīběn,名,6,6,5375
w05376,资产,zīchǎn,名,6,6,5376
w05377,自豪,zìháo,形,5,6,5377
w05378,自来水,zìláishuǐ,名,,6,5378
w05379,自律,zìlǜ,动,,6,5379
w05380,字幕,zìmù,名,5,6,5380
w05381,自杀,zìshā,动,,6,5381
w05382,自我,zìwǒ,代,,6,5382
w05383,自言自语,zìyán-zìyǔ,,,6,5383
w05384,自愿,zìyuàn,动,5,6,5384
w05385,自助,zìzhù,动,,6,5385
w05386,棕色,zōngsè,名,6,6,5386
w05387,总裁,zǒngcái,名,5,6,5387
w05388,总计,zǒngjì,动,,6,5388
w05389,总理,zǒnglǐ,名,5,6,5389
w05390,总算,zǒngsuàn,副,5,6,5390
w05391,粽子,zòngzi,名,,6,5391
w05392,走廊,zǒuláng,名,6,6,5392
w05393,足,zú,形、副,,6,5393
w05394,足以,zúyǐ,动,6,6,5394
w05395,阻碍,zǔ’ài,动、名,6,6,5395
w05396,阻挡,zǔdǎng,动,,6,5396
w05397,祖国,zǔguó,名,6,6,5397
w05398,祖先,zǔxiān,名,6,6,5398
w05399,钻,zuān,动,,6,5399
w05400,罪,zuì,名,,6,5400
w05401,挨,āi,动、介,6,7,5401
w05406,癌症,áizhèng,名,6,7,5406
w05407,爱不释手,àibúshìshǒu,,6,7,5407
w05408,爱戴,àidài,动,6,7,5408
w05409,暧昧,àimèi,形,6,7,5409
w05412,爱惜,àixī,动,5,7,5412
w05417,安宁,ānníng,形,6,7,5417
w05419,安详,ānxiáng,形,6,7,5419
w05422,安置,ānzhì,动,6,7,5422
w05424,案件,ànjiàn,名,6,7,5424
w05430,熬,áo,动,6,7,5430
w05433,奥秘,àomì,名,6,7,5433
w05434,扒,bā,动,6,7,5434
w05435,疤,bā,名,6,7,5435
w05436,巴不得,bābudé,动,6,7,5436
w05439,巴结,bājie,动,6,7,5439
w05444,把关,bǎguān,动,6,7,5444
w05445,把手,bǎshou,名,6,7,5445
w05448,霸道,bàdào,形,6,7,5448
w05449,罢工,bàgōng,动,6,7,5449
w05454,掰,bāi,动,6,7,5454
w05463,败坏,bàihuài,动、形,6,7,5463
w05466,拜托,bàituō,动,6,7,5466
w05468,颁布,bānbù,动,6,7,5468
w05470,颁发,bānfā,动,6,7,5470
w05485,伴侣,bànlǚ,名,6,7,5485
w05488,半途而废,bàntú’érfèi,,6,7,5488
w05494,绑架,bǎngjià,动,6,7,5494
w05495,磅,bàng,量、名,6,7,5495
w05498,包庇,bāobì,动,6,7,5498
w05500,包袱,bāofu,名,6,7,5500
w05503,包围,bāowéi,动,6,7,5503
w05505,饱和,bǎohé,动,6,7,5505
w05506,饱经沧桑,bǎojīng-cāngsāng,,6,7,5506
w05510,保密,bǎomì,动,6,7,5510
w05511,保姆,bǎomǔ,名,6,7,5511
w05513,保守,bǎoshǒu,动、形,6,7,5513
w05514,保卫,bǎowèi,动,6,7,5514
w05516,保养,bǎoyǎng,动,6,7,5516
w05519,保重,bǎozhòng,动,6,7,5519
w05523,报酬,bàochou,名,6,7,5523
w05524,报仇,bàochóu,动,6,7,5524
w05525,报答,bàodá,动,6,7,5525
w05528,报复,bàofù,动,6,7,5528
w05529,抱负,bàofù,名,6,7,5529
w05530,曝光,bàoguāng,动,6,7,5530
w05533,报销,bàoxiāo,动,6,7,5533
w05537,悲哀,bēi’āi,形,6,7,5537
w05538,卑鄙,bēibǐ,形,6,7,5538
w05539,悲惨,bēicǎn,形,6,7,5539
w05545,备份,bèifèn,名、动,6,7,5545
w05546,被告,bèigào,名,6,7,5546
w05547,贝壳,bèiké,名,6,7,5547
w05550,背叛,bèipàn,动,6,7,5550
w05551,背诵,bèisòng,动,6,7,5551
w05552,备忘录,bèiwànglù,名,6,7,5552
w05555,奔波,bēnbō,动,6,7,5555
w05556,奔驰,bēnchí,动,6,7,5556
w05559,本钱,běnqián,名,6,7,5559
w05561,本事,běnshi,名,6,7,5561
w05568,笨拙,bènzhuō,形,6,7,5568
w05571,崩溃,bēngkuì,动,6,7,5571
w05572,蹦,bèng,动,6,7,5572
w05573,迸发,bèngfā,动,6,7,5573
w05575,逼迫,bīpò,动,6,7,5575
w05577,鼻涕,bítì,名,6,7,5577
w05581,鄙视,bǐshì,动,6,7,5581
w05582,弊病,bìbìng,名,6,7,5582
w05585,弊端,bìduān,名,6,7,5585
w05594,鞭策,biāncè,动,6,7,5594
w05597,边疆,biānjiāng,名,6,7,5597
w05598,边界,biānjiè,名,6,7,5598
w05599,边境,biānjìng,名,6,7,5599
w05602,鞭炮,biānpào,名,5,7,5602
w05603,边缘,biānyuán,名、形,6,7,5603
w05607,编织,biānzhī,动,6,7,5607
w05608,扁,biǎn,形,6,7,5608
w05609,贬低,biǎndī,动,6,7,5609
w05613,遍布,biànbù,动,6,7,5613
w05617,变故,biàngù,名,6,7,5617
w05618,辩护,biànhù,动,6,7,5618
w05621,辩解,biànjiě,动,6,7,5621
w05622,辩论,biànlùn,动,5,7,5622
w05623,变迁,biànqiān,动,6,7,5623
w05624,辨认,biànrèn,动,6,7,5624
w05629,辩证,biànzhèng,动、形,6,7,5629
w05630,辫子,biànzi,名,6,7,5630
w05633,标本,biāoběn,名,6,7,5633
w05634,标点,biāodiǎn,名,5,7,5634
w05635,标记,biāojì,动、名,6,7,5635
w05643,表决,biǎojué,动,6,7,5643
w05646,表态,biǎotài,动,6,7,5646
w05647,表彰,biǎozhāng,动,6,7,5647
w05648,憋,biē,动、形,6,7,5648
w05651,别墅,biéshù,名,6,7,5651
w05653,别致,biézhì,形,6,7,5653
w05654,别扭,bièniu,形,6,7,5654
w05657,濒临,bīnlín,动,6,7,5657
w05659,冰雹,bīngbáo,名,6,7,5659
w05663,丙,bǐng,名,6,7,5663
w05667,并非,bìngfēi,动,6,7,5667
w05671,并列,bìngliè,动,6,7,5671
w05674,拨,bō,动、量,6,7,5674
w05680,波浪,bōlàng,名,6,7,5680
w05681,波涛,bōtāo,名,6,7,5681
w05682,剥削,bōxuē,动,6,7,5682
w05685,博大精深,bódà-jīngshēn,,6,7,5685
w05686,搏斗,bódòu,动,6,7,5686
w05689,伯母,bómǔ,名,6,7,5689
w05696,不见得,bújiàndé,副,5,7,5696
w05697,不愧,búkuì,副,6,7,5697
w05702,不像话,búxiànghuà,形,6,7,5702
w05713,补救,bǔjiù,动,6,7,5713
w05714,哺乳,bǔrǔ,动,6,7,5714
w05718,捕捉,bǔzhuō,动,6,7,5718
w05725,不得已,bùdéyǐ,形,6,7,5725
w05727,步伐,bùfá,名,6,7,5727
w05729,不妨,bùfáng,副,6,7,5729
w05731,不敢当,bùgǎndāng,动,6,7,5731
w05737,布局,bùjú,动、名,6,7,5737
w05738,不堪,bùkān,动、形,6,7,5738
w05740,不可思议,bùkě-sīyì,,6,7,5740
w05742,不免,bùmiǎn,副,6,7,5742
w05747,部署,bùshǔ,动,6,7,5747
w05748,不惜,bùxī,动,6,7,5748
w05749,不相上下,bùxiāng-shàngxià,,6,7,5749
w05750,不言而喻,bùyán’éryù,,6,7,5750
w05752,不由得,bùyóude,动、副,6,7,5752
w05761,裁缝,cáifeng,名,6,7,5761
w05762,才干,cáigàn,名,6,7,5762
w05766,裁员,cáiyuán,动,6,7,5766
w05767,财政,cáizhèng,名,6,7,5767
w05773,参谋,cānmóu,名、动,6,7,5773
w05774,参照,cānzhào,动,6,7,5774
w05776,残酷,cánkù,形,6,7,5776
w05777,惭愧,cánkuì,形,5,7,5777
w05778,残留,cánliú,动,6,7,5778
w05780,残忍,cánrěn,形,6,7,5780
w05785,灿烂,cànlàn,形,6,7,5785
w05786,舱,cāng,名,6,7,5786
w05787,苍白,cāngbái,形,6,7,5787
w05788,仓促,cāngcù,形,6,7,5788
w05795,操劳,cāoláo,动,6,7,5795
w05796,操练,cāoliàn,动,6,7,5796
w05797,操心,cāoxīn,动,5,7,5797
w05798,操纵,cāozòng,动,6,7,5798
w05799,嘈杂,cáozá,形,6,7,5799
w05800,草案,cǎo’àn,名,6,7,5800
w05803,草率,cǎoshuài,形,6,7,5803
w05806,侧面,cèmiàn,名,6,7,5806
w05808,测验,cèyàn,动、名,5,7,5808
w05810,层出不穷,céngchū-bùqióng,,6,7,5810
w05819,查获,cháhuò,动,6,7,5819
w05823,岔,chà,名、动,6,7,5823
w05824,刹那,chànà,名,6,7,5824
w05825,诧异,chàyì,形,6,7,5825
w05827,柴油,cháiyóu,名,6,7,5827
w05829,搀,chān,动,6,7,5829
w05830,馋,chán,形、动,6,7,5830
w05832,缠绕,chánrào,动,6,7,5832
w05836,阐述,chǎnshù,动,6,7,5836
w05840,颤抖,chàndǒu,动,6,7,5840
w05842,昌盛,chāngshèng,形,6,7,5842
w05843,偿还,chánghuán,动,6,7,5843
w05851,敞开,chǎngkāi,动、副,6,7,5851
w05852,倡导,chàngdǎo,动,6,7,5852
w05855,倡议,chàngyì,动、名,6,7,5855
w05857,钞票,chāopiào,名,6,7,5857
w05863,巢穴,cháoxué,名,6,7,5863
w05869,撤退,chètuì,动,6,7,5869
w05871,沉淀,chéndiàn,动、名,6,7,5871
w05874,陈旧,chénjiù,形,6,7,5874
w05875,陈列,chénliè,动,6,7,5875
w05876,沉闷,chénmèn,形,6,7,5876
w05878,陈述,chénshù,动,6,7,5878
w05880,沉思,chénsī,动,6,7,5880
w05882,沉着,chénzhuó,形,6,7,5882
w05884,衬托,chèntuō,动,6,7,5884
w05885,称心如意,chènxīn-rúyì,,6,7,5885
w05888,承包,chéngbāo,动,6,7,5888
w05893,诚恳,chéngkěn,形,5,7,5893
w05897,澄清,chéngqīng,形、动,6,7,5897
w05900,成天,chéngtiān,副,6,7,5900
w05901,成心,chéngxīn,副,6,7,5901
w05905,诚挚,chéngzhì,形,6,7,5905
w05907,秤,chèng,名,6,7,5907
w05910,吃苦,chīkǔ,动,6,7,5910
w05911,吃亏,chīkuī,动,5,7,5911
w05912,吃力,chīlì,形,6,7,5912
w05917,迟钝,chídùn,形,6,7,5917
w05918,迟缓,chíhuǎn,形,6,7,5918
w05921,池塘,chítáng,名,5,7,5921
w05922,迟疑,chíyí,形,6,7,5922
w05923,迟早,chízǎo,副,5,7,5923
w05928,赤道,chìdào,名,6,7,5928
w05929,赤字,chìzì,名,6,7,5929
w05933,充当,chōngdāng,动,6,7,5933
w05936,充沛,chōngpèi,形,6,7,5936
w05941,重叠,chóngdié,动、名,6,7,5941
w05943,崇高,chónggāo,形,6,7,5943
w05945,崇敬,chóngjìng,动,6,7,5945
w05954,抽屉,chōuti,名,5,7,5954
w05966,稠密,chóumì,形,6,7,5966
w05969,丑恶,chǒu’è,形,6,7,5969
w05980,出路,chūlù,名,6,7,5980
w05981,出卖,chūmài,动,6,7,5981
w05985,出神,chūshén,动,6,7,5985
w05986,出身,chūshēn,动、名,6,7,5986
w05991,出息,chūxi,名,6,7,5991
w06001,储备,chǔbèi,动、名,6,7,6001
w06003,处分,chǔfèn,动、名,6,7,6003
w06004,处境,chǔjìng,名,6,7,6004
w06007,处置,chǔzhì,动,6,7,6007
w06009,触犯,chùfàn,动,6,7,6009
w06018,川流不息,chuānliú-bùxī,,6,7,6018
w06020,穿越,chuānyuè,动,6,7,6020
w06022,船舶,chuánbó,名,6,7,6022
w06023,传单,chuándān,名,6,7,6023
w06032,窗帘,chuānglián,名,5,7,6032
w06037,吹牛,chuīniú,动,6,7,6037
w06038,吹捧,chuīpěng,动,6,7,6038
w06039,炊烟,chuīyān,名,6,7,6039
w06042,锤,chuí,名、动,6,7,6042
w06044,纯粹,chúncuì,形、副,6,7,6044
w06046,纯洁,chúnjié,形、动,6,7,6046
w06054,磁带,cídài,名,6,7,6054
w06056,慈善,císhàn,形,6,7,6056
w06059,慈祥,cíxiáng,形,6,7,6059
w06066,伺候,cìhou,动,6,7,6066
w06068,次品,cìpǐn,名,6,7,6068
w06071,次序,cìxù,名,6,7,6071
w06073,次要,cìyào,形,5,7,6073
w06075,丛,cóng,量,6,7,6075
w06077,从容,cóngróng,形,6,7,6077
w06081,凑合,còuhe,动,6,7,6081
w06084,粗糙,cūcāo,形,5,7,6084
w06085,粗鲁,cūlǔ,形,6,7,6085
w06090,窜,cuàn,动,6,7,6090
w06091,摧残,cuīcán,动,6,7,6091
w06101,搓,cuō,动,6,7,6101
w06102,磋商,cuōshāng,动,6,7,6102
w06110,搭档,dādàng,动、名,6,7,6110
w06112,答辩,dábiàn,动,6,7,6112
w06115,打喷嚏,dǎ pēntì,,5,7,6115
w06124,打量,dǎliang,动,6,7,6124
w06125,打猎,dǎliè,动,6,7,6125
w06128,大不了,dàbuliǎo,形、副,6,7,6128
w06140,大肆,dàsì,副,6,7,6140
w06141,大体,dàtǐ,名、副,6,7,6141
w06145,大意,dàyi,形,6,7,6145
w06150,歹徒,dǎitú,名,6,7,6150
w06151,逮捕,dàibǔ,动,6,7,6151
w06157,怠慢,dàimàn,动,6,7,6157
w06161,担保,dānbǎo,动,6,7,6161
w06171,胆怯,dǎnqiè,形,6,7,6171
w06172,胆小鬼,dǎnxiǎoguǐ,名,5,7,6172
w06174,诞辰,dànchén,名,6,7,6174
w06176,淡季,dànjì,名,6,7,6176
w06177,淡水,dànshuǐ,名,6,7,6177
w06183,当事人,dāngshìrén,名,6,7,6183
w06184,当务之急,dāngwùzhījí,,6,7,6184
w06185,当心,dāngxīn,动,5,7,6185
w06188,党,dǎng,名,6,7,6188
w06189,档次,dàngcì,名,6,7,6189
w06193,导弹,dǎodàn,名,6,7,6193
w06194,导航,dǎoháng,动,6,7,6194
w06196,捣乱,dǎoluàn,动,6,7,6196
w06197,倒霉,dǎoméi,形,5,7,6197
w06199,导向,dǎoxiàng,动、名,6,7,6199
w06200,岛屿,dǎoyǔ,名,5,7,6200
w06208,盗窃,dàoqiè,动,6,7,6208
w06213,得不偿失,débùchángshī,,6,7,6213
w06216,得力,délì,形,6,7,6216
w06220,得天独厚,détiāndúhòu,,6,7,6220
w06224,得罪,dézuì,动,6,7,6224
w06225,蹬,dēng,动,6,7,6225
w06228,登陆,dēnglù,动,6,7,6228
w06230,瞪,dèng,动,6,7,6230
w06233,堤坝,dībà,名,6,7,6233
w06242,敌视,díshì,动,6,7,6242
w06253,抵制,dǐzhì,动,6,7,6253
w06256,地步,dìbù,名,6,7,6256
w06262,地势,dìshì,名,6,7,6262
w06263,地毯,dìtǎn,名,5,7,6263
w06267,递增,dìzēng,动,6,7,6267
w06269,颠簸,diānbǒ,动,6,7,6269
w06270,颠倒,diāndǎo,动,6,7,6270
w06277,点缀,diǎnzhuì,动,6,7,6277
w06279,垫,diàn,动、名,6,7,6279
w06281,奠定,diàndìng,动,6,7,6281
w06283,惦记,diànjì,动,6,7,6283
w06284,电台,diàntái,名,5,7,6284
w06291,叼,diāo,动,6,7,6291
w06293,雕刻,diāokè,动、名,6,7,6293
w06295,雕塑,diāosù,动、名,6,7,6295
w06308,丁,dīng,名,6,7,6308
w06309,盯,dīng,动,6,7,6309
w06310,叮嘱,dīngzhǔ,动,6,7,6310
w06328,丢人,diūrén,动,6,7,6328
w06329,丢三落四,diūsān-làsì,,6,7,6329
w06331,东道主,dōngdàozhǔ,名,6,7,6331
w06332,东张西望,dōngzhāng-xīwàng,,6,7,6332
w06336,董事长,dǒngshìzhǎng,名,6,7,6336
w06338,动荡,dòngdàng,动、形,6,7,6338
w06341,冻结,dòngjié,动,6,7,6341
w06342,动静,dòngjing,名,6,7,6342
w06344,动脉,dòngmài,名,6,7,6344
w06345,动身,dòngshēn,动,6,7,6345
w06351,动员,dòngyuán,动,6,7,6351
w06352,兜,dōu,名、动,6,7,6352
w06356,陡峭,dǒuqiào,形,6,7,6356
w06361,督促,dūcù,动,6,7,6361
w06365,毒品,dúpǐn,名,6,7,6365
w06370,赌博,dǔbó,动,6,7,6370
w06371,堵塞,dǔsè,动,6,7,6371
w06372,杜绝,dùjué,动,6,7,6372
w06373,端正,duānzhèng,形、动,6,7,6373
w06375,断定,duàndìng,动,6,7,6375
w06377,断绝,duànjué,动,6,7,6377
w06382,堆积,duījī,动,6,7,6382
w06387,对策,duìcè,名,6,7,6387
w06389,对付,duìfu,动,6,7,6389
w06390,兑换,duìhuàn,动,5,7,6390
w06391,对联,duìlián,名,6,7,6391
w06394,兑现,duìxiàn,动,6,7,6394
w06397,对照,duìzhào,动,6,7,6397
w06406,哆嗦,duōsuo,动,6,7,6406
w06410,堕落,duòluò,动,6,7,6410
w06413,额外,éwài,形,6,7,6413
w06417,恶化,èhuà,动,6,7,6417
w06422,遏制,èzhì,动,6,7,6422
w06427,恩怨,ēnyuàn,名,6,7,6427
w06428,而已,éryǐ,助,6,7,6428
w06432,发财,fācái,动,6,7,6432
w06433,发呆,fādāi,动,6,7,6433
w06434,发抖,fādǒu,动,5,7,6434
w06437,发觉,fājué,动,6,7,6437
w06442,发射,fāshè,动,6,7,6442
w06443,发誓,fāshì,动,6,7,6443
w06446,发扬,fāyáng,动,6,7,6446
w06454,法人,fǎrén,名,6,7,6454
w06468,繁华,fánhuá,形,6,7,6468
w06470,繁体字,fántǐzì,名,6,7,6470
w06475,反驳,fǎnbó,动,6,7,6475
w06477,反常,fǎncháng,形,6,7,6477
w06479,反感,fǎngǎn,名、形,6,7,6479
w06482,反抗,fǎnkàng,动,6,7,6482
w06483,反面,fǎnmiàn,名、形,6,7,6483
w06484,反射,fǎnshè,动,6,7,6484
w06486,反问,fǎnwèn,动,6,7,6486
w06489,反之,fǎnzhī,连,6,7,6489
w06491,范畴,fànchóu,名,6,7,6491
w06493,泛滥,fànlàn,动,6,7,6493
w06494,贩卖,fànmài,动,6,7,6494
w06498,方圆,fāngyuán,名,6,7,6498
w06499,方针,fāngzhēn,名,6,7,6499
w06505,防守,fángshǒu,动,6,7,6505
w06509,防御,fángyù,动,6,7,6509
w06513,纺织,fǎngzhī,动,6,7,6513
w06516,放射,fàngshè,动,6,7,6516
w06522,非,fēi,动、副、前缀,5,7,6522
w06527,非法,fēifǎ,形,6,7,6527
w06529,飞禽走兽,fēiqín-zǒushòu,,6,7,6529
w06531,飞翔,fēixiáng,动,6,7,6531
w06532,飞跃,fēiyuè,动,6,7,6532
w06534,肥皂,féizào,名,5,7,6534
w06535,诽谤,fěibàng,动,6,7,6535
w06537,废除,fèichú,动,6,7,6537
w06539,废话,fèihuà,名、动,5,7,6539
w06544,废寝忘食,fèiqǐn-wàngshí,,6,7,6544
w06545,沸腾,fèiténg,动,6,7,6545
w06547,废墟,fèixū,名,6,7,6547
w06548,分辨,fēnbiàn,动,6,7,6548
w06550,分寸,fēncun,名,6,7,6550
w06554,吩咐,fēnfù,动,6,7,6554
w06556,分红,fēnhóng,动,6,7,6556
w06558,分解,fēnjiě,动,6,7,6558
w06559,分裂,fēnliè,动,6,7,6559
w06560,分泌,fēnmì,动,6,7,6560
w06561,分明,fēnmíng,形、副,6,7,6561
w06562,分歧,fēnqí,形、名,6,7,6562
w06565,坟墓,fénmù,名,6,7,6565
w06567,粉末,fěnmò,名,6,7,6567
w06570,粉碎,fěnsuì,形、动,6,7,6570
w06575,分量,fènliàng,名,6,7,6575
w06579,风暴,fēngbào,名,6,7,6579
w06585,风度,fēngdù,名,6,7,6585
w06591,封建,fēngjiàn,名、形,6,7,6591
w06594,锋利,fēnglì,形,6,7,6594
w06596,丰满,fēngmǎn,形,6,7,6596
w06600,风气,fēngqì,名,6,7,6600
w06602,风趣,fēngqù,名,6,7,6602
w06605,丰盛,fēngshèng,形,6,7,6605
w06608,封锁,fēngsuǒ,动,6,7,6608
w06609,风土人情,fēngtǔ-rénqíng,,6,7,6609
w06610,风味,fēngwèi,名,6,7,6610
w06615,逢,féng,动,6,7,6615
w06618,讽刺,fěngcì,动,5,7,6618
w06623,否决,fǒujué,动,6,7,6623
w06627,敷衍,fūyǎn,动,6,7,6627
w06632,俘虏,fúlǔ,动、名,6,7,6632
w06633,福气,fúqi,名,6,7,6633
w06634,服气,fúqì,动,6,7,6634
w06635,辐射,fúshè,动,6,7,6635
w06640,腐败,fǔbài,形、动,6,7,6640
w06641,腐烂,fǔlàn,动、形,6,7,6641
w06642,抚摸,fǔmō,动,6,7,6642
w06643,腐蚀,fǔshí,动,6,7,6643
w06644,俯视,fǔshì,动,6,7,6644
w06646,腐朽,fǔxiǔ,动、形,6,7,6646
w06648,抚养,fǔyǎng,动,6,7,6648
w06661,附和,fùhè,动,6,7,6661
w06662,复活,fùhuó,动,6,7,6662
w06665,附属,fùshǔ,形、动,6,7,6665
w06668,腹泻,fùxiè,动,6,7,6668
w06669,复兴,fùxīng,动,6,7,6669
w06677,改良,gǎiliáng,动,6,7,6677
w06681,钙,gài,名,6,7,6681
w06687,干涉,gānshè,动,6,7,6687
w06689,干预,gānyù,动,6,7,6689
w06694,感慨,gǎnkǎi,动,6,7,6694
w06699,干劲,gànjìn,名,6,7,6699
w06702,纲领,gānglǐng,名,6,7,6702
w06703,钢铁,gāngtiě,名、形,5,7,6703
w06706,港湾,gǎngwān,名,6,7,6706
w06707,杠杆,gànggǎn,名,6,7,6707
w06711,高潮,gāocháo,名,6,7,6711
w06717,高明,gāomíng,形、名,6,7,6717
w06721,高涨,gāozhǎng,动、形,6,7,6721
w06725,告辞,gàocí,动,6,7,6725
w06726,告诫,gàojiè,动,6,7,6726
w06730,搁,gē,动,6,7,6730
w06732,疙瘩,gēda,名,6,7,6732
w06735,歌颂,gēsòng,动,6,7,6735
w06739,鸽子,gēzi,名,6,7,6739
w06741,隔阂,géhé,名,6,7,6741
w06742,格局,géjú,名,6,7,6742
w06743,隔离,gélí,动,6,7,6743
w06745,格式,géshi,名,6,7,6745
w06749,各抒己见,gèshū-jǐjiàn,,6,7,6749
w06753,根深蒂固,gēnshēn-dìgù,,6,7,6753
w06754,根源,gēnyuán,名、动,6,7,6754
w06757,耕地,gēngdì,动、名,6,7,6757
w06761,更正,gēngzhèng,动,6,7,6761
w06769,供不应求,gōngbúyìngqiú,,6,7,6769
w06771,公道,gōngdao,形,6,7,6771
w06773,宫殿,gōngdiàn,名,6,7,6773
w06776,公关,gōngguān,名,6,7,6776
w06780,恭敬,gōngjìng,形,6,7,6780
w06781,攻克,gōngkè,动,6,7,6781
w06784,功劳,gōngláo,名,6,7,6784
w06794,公然,gōngrán,副,6,7,6794
w06796,公式,gōngshì,名,6,7,6796
w06801,公务,gōngwù,名,6,7,6801
w06807,公证,gōngzhèng,动,6,7,6807
w06812,共和国,gònghéguó,名,6,7,6812
w06813,共鸣,gòngmíng,动,6,7,6813
w06819,勾结,gōujié,动,6,7,6819
w06823,构思,gòusī,动,6,7,6823
w06827,辜负,gūfù,动,6,7,6827
w06828,孤立,gūlì,形、动,6,7,6828
w06831,姑且,gūqiě,副,6,7,6831
w06834,鼓动,gǔdòng,动,6,7,6834
w06835,古董,gǔdǒng,名,6,7,6835
w06836,股东,gǔdōng,名,6,7,6836
w06837,股份,gǔfèn,名,6,7,6837
w06838,骨干,gǔgàn,名,6,7,6838
w06840,古怪,gǔguài,形,6,7,6840
w06853,顾虑,gùlǜ,动、名,6,7,6853
w06856,固然,gùrán,连,6,7,6856
w06857,雇佣,gùyōng,动,6,7,6857
w06858,固有,gùyǒu,形,6,7,6858
w06860,固执,gùzhi,形,6,7,6860
w06869,乖,guāi,形,5,7,6869
w06871,拐杖,guǎizhàng,名,6,7,6871
w06872,怪不得,guàibude,动、副,5,7,6872
w06888,关照,guānzhào,动,6,7,6888
w06891,管辖,guǎnxiá,动,6,7,6891
w06895,贯彻,guànchè,动,6,7,6895
w06897,灌溉,guàngài,动,6,7,6897
w06898,惯例,guànlì,名,6,7,6898
w06903,光彩,guāngcǎi,名、形,6,7,6903
w06905,光滑,guānghuá,形,5,7,6905
w06907,光辉,guānghuī,名、形,6,7,6907
w06909,光芒,guāngmáng,名,6,7,6909
w06911,光盘,guāngpán,名,5,7,6911
w06912,光荣,guāngróng,形、名,6,7,6912
w06917,规格,guīgé,名,6,7,6917
w06918,归根到底,guīgēn-dàodǐ,,6,7,6918
w06921,归纳,guīnà,动,5,7,6921
w06926,规章,guīzhāng,名,6,7,6926
w06932,柜台,guìtái,名,5,7,6932
w06933,贵族,guìzú,名,6,7,6933
w06935,国防,guófáng,名,6,7,6935
w06939,国务院,guówùyuàn,名,6,7,6939
w06943,果断,guǒduàn,形,6,7,6943
w06951,过奖,guòjiǎng,动,6,7,6951
w06954,过滤,guòlǜ,动,6,7,6954
w06956,过失,guòshī,名,6,7,6956
w06959,过问,guòwèn,动,6,7,6959
w06960,过瘾,guòyǐn,形,6,7,6960
w06963,海滨,hǎibīn,名,6,7,6963
w06983,含糊,hánhu,形,6,7,6983
w06985,寒暄,hánxuān,动,6,7,6985
w06988,捍卫,hànwèi,动,6,7,6988
w06992,行列,hángliè,名,6,7,6992
w06994,航天,hángtiān,动,6,7,6994
w06996,航行,hángxíng,动,6,7,6996
w06998,豪华,háohuá,形,5,7,6998
w06999,豪迈,háomài,形,6,7,6999
w07010,耗费,hàofèi,动,6,7,7010
w07015,呵,hē,动,6,7,7015
w07020,和蔼,hé’ǎi,形,6,7,7020
w07021,何必,hébì,副,5,7,7021
w07030,合伙,héhuǒ,动,6,7,7030
w07032,和解,héjiě,动,6,7,7032
w07034,何况,hékuàng,连,5,7,7034
w07036,和睦,hémù,形,6,7,7036
w07040,和气,héqi,形、名,6,7,7040
w07056,恨不得,hènbude,动,6,7,7056
w07057,哼,hēng,动,6,7,7057
w07062,烘,hōng,动,6,7,7062
w07064,轰动,hōngdòng,动,6,7,7064
w07069,宏观,hóngguān,形,6,7,7069
w07076,宏伟,hóngwěi,形,6,7,7076
w07078,哄,hǒng,动,6,7,7078
w07079,喉咙,hóulóng,名,6,7,7079
w07080,吼,hǒu,动,6,7,7080
w07085,后顾之忧,hòugùzhīyōu,,6,7,7085
w07086,后勤,hòuqín,名,6,7,7086
w07094,呼唤,hūhuàn,动,6,7,7094
w07098,呼啸,hūxiào,动,6,7,7098
w07101,呼吁,hūyù,动,6,7,7101
w07104,胡乱,húluàn,副,6,7,7104
w07106,湖泊,húpō,名,6,7,7106
w07107,胡说,húshuō,动,5,7,7107
w07109,糊涂,hútu,形,5,7,7109
w07113,花瓣,huābàn,名,6,7,7113
w07115,花蕾,huālěi,名,6,7,7115
w07121,华丽,huálì,形,6,7,7121
w07122,华侨,huáqiáo,名,6,7,7122
w07127,华裔,huáyì,名,5,7,7127
w07129,化肥,huàféi,名,6,7,7129
w07133,画蛇添足,huàshé-tiānzú,,6,7,7133
w07136,化验,huàyàn,动,6,7,7136
w07149,缓和,huǎnhé,形、动,6,7,7149
w07160,荒凉,huāngliáng,形,6,7,7160
w07163,荒谬,huāngmiù,形,6,7,7163
w07164,荒唐,huāngtáng,形,6,7,7164
w07165,慌张,huāngzhāng,形,5,7,7165
w07167,皇后,huánghòu,名,6,7,7167
w07168,黄昏,huánghūn,名,6,7,7168
w07171,晃,huǎng,动,6,7,7171
w07173,恍然大悟,huǎngrán-dàwù,,6,7,7173
w07177,辉煌,huīhuáng,形,6,7,7177
w07178,挥霍,huīhuò,动,6,7,7178
w07180,回避,huíbì,动,6,7,7180
w07192,悔恨,huǐhèn,动,6,7,7192
w07194,毁灭,huǐmiè,动,6,7,7194
w07199,贿赂,huìlù,动、名,6,7,7199
w07203,会晤,huìwù,动,6,7,7203
w07208,荤,hūn,名,6,7,7208
w07209,昏迷,hūnmí,动,6,7,7209
w07211,浑身,húnshēn,名,6,7,7211
w07212,混淆,hùnxiáo,动,6,7,7212
w07213,混浊,hùnzhuó,形,6,7,7213
w07216,活该,huógāi,动,6,7,7216
w07221,火箭,huǒjiàn,名,6,7,7221
w07229,火焰,huǒyàn,名,6,7,7229
w07241,机动,jīdòng,形,6,7,7241
w07249,机灵,jīling,形,6,7,7249
w07250,机密,jīmì,形、名,6,7,7250
w07253,讥笑,jīxiào,动,6,7,7253
w07259,机智,jīzhì,形,6,7,7259
w07262,级别,jíbié,名,6,7,7262
w07265,嫉妒,jídù,动,6,7,7265
w07266,急功近利,jígōng-jìnlì,,6,7,7266
w07267,籍贯,jíguàn,名,6,7,7267
w07269,急剧,jíjù,形,6,7,7269
w07281,极限,jíxiàn,名,6,7,7281
w07285,急于求成,jíyú-qiúchéng,,6,7,7285
w07286,急躁,jízào,形,6,7,7286
w07287,及早,jízǎo,副,6,7,7287
w07305,忌讳,jìhuì,动、名,6,7,7305
w07306,计较,jìjiào,动,6,7,7306
w07307,寂静,jìjìng,形,6,7,7307
w07314,寄托,jìtuō,动,6,7,7314
w07315,迹象,jìxiàng,名,6,7,7315
w07317,记性,jìxing,名,6,7,7317
w07318,纪要,jìyào,名,6,7,7318
w07320,家伙,jiāhuo,名,6,7,7320
w07329,佳肴,jiāyáo,名,6,7,7329
w07331,家喻户晓,jiāyù-hùxiǎo,,6,7,7331
w07332,夹杂,jiāzá,动,6,7,7332
w07335,夹子,jiāzi,名,5,7,7335
w07340,假装,jiǎzhuāng,动,5,7,7340
w07349,煎,jiān,动,6,7,7349
w07352,尖端,jiānduān,名、形,6,7,7352
w07358,艰巨,jiānjù,形,5,7,7358
w07361,坚韧,jiānrèn,形,6,7,7361
w07364,尖锐,jiānruì,形,6,7,7364
w07365,坚实,jiānshí,形,6,7,7365
w07366,监视,jiānshì,动,6,7,7366
w07370,监狱,jiānyù,名,6,7,7370
w07372,拣,jiǎn,动,6,7,7372
w07373,剪彩,jiǎncǎi,动,6,7,7373
w07381,简陋,jiǎnlòu,形,6,7,7381
w07383,检讨,jiǎntǎo,动、名,6,7,7383
w07384,简体字,jiǎntǐzì,名,6,7,7384
w07386,简要,jiǎnyào,形,6,7,7386
w07389,溅,jiàn,动,6,7,7389
w07390,鉴别,jiànbié,动,6,7,7390
w07391,间谍,jiàndié,名,6,7,7391
w07393,见多识广,jiànduō-shíguǎng,,6,7,7393
w07394,见解,jiànjiě,名,6,7,7394
w07401,践踏,jiàntà,动,6,7,7401
w07403,见闻,jiànwén,名,6,7,7403
w07407,见义勇为,jiànyì-yǒngwéi,,6,7,7407
w07408,鉴于,jiànyú,介、连,6,7,7408
w07414,将就,jiāngjiu,动,6,7,7414
w07417,僵硬,jiāngyìng,形,6,7,7417
w07418,桨,jiǎng,名,6,7,7418
w07421,奖赏,jiǎngshǎng,动,6,7,7421
w07423,降临,jiànglín,动,6,7,7423
w07425,交叉,jiāochā,动,6,7,7425
w07426,交代,jiāodài,动,6,7,7426
w07432,焦急,jiāojí,形,6,7,7432
w07437,娇气,jiāoqì,形,6,7,7437
w07439,交涉,jiāoshè,动,6,7,7439
w07451,搅拌,jiǎobàn,动,6,7,7451
w07452,狡猾,jiǎohuá,形,5,7,7452
w07453,缴纳,jiǎonà,动,6,7,7453
w07455,侥幸,jiǎoxìng,形,6,7,7455
w07462,较量,jiàoliàng,动,6,7,7462
w07464,教养,jiàoyǎng,动、名,6,7,7464
w07465,皆,jiē,副,6,7,7465
w07470,阶层,jiēcéng,名,6,7,7470
w07479,揭露,jiēlù,动,6,7,7479
w07493,结晶,jiéjīng,动、名,6,7,7493
w07494,竭尽全力,jiéjìn-quánlì,,6,7,7494
w07495,结局,jiéjú,名,6,7,7495
w07500,结算,jiésuàn,动,6,7,7500
w07502,节制,jiézhì,动,6,7,7502
w07503,解除,jiěchú,动,6,7,7503
w07504,解雇,jiěgù,动,6,7,7504
w07507,解剖,jiěpōu,动,6,7,7507
w07508,解散,jiěsàn,动,6,7,7508
w07509,解体,jiětǐ,动,6,7,7509
w07514,戒,jiè,动,5,7,7514
w07516,戒备,jièbèi,动,6,7,7516
w07518,借口,jièkǒu,名,5,7,7518
w07522,界限,jièxiàn,名,6,7,7522
w07529,津津有味,jīnjīn-yǒuwèi,,6,7,7529
w07532,紧迫,jǐnpò,形,6,7,7532
w07535,锦上添花,jǐnshàng-tiānhuā,,6,7,7535
w07540,进攻,jìngōng,动,6,7,7540
w07544,浸泡,jìnpào,动,6,7,7544
w07548,晋升,jìnshēng,动,6,7,7548
w07552,茎,jīng,名,6,7,7552
w07557,精打细算,jīngdǎ-xìsuàn,,6,7,7557
w07558,惊动,jīngdòng,动,6,7,7558
w07561,经费,jīngfèi,名,6,7,7561
w07562,精华,jīnghuá,名,6,7,7562
w07566,精简,jīngjiǎn,动,6,7,7566
w07567,兢兢业业,jīngjīngyèyè,形,6,7,7567
w07571,精密,jīngmì,形,6,7,7571
w07576,惊奇,jīngqí,形,6,7,7576
w07590,精益求精,jīngyìqiújīng,,6,7,7590
w07597,警惕,jǐngtì,动,6,7,7597
w07606,境界,jìngjiè,名,6,7,7606
w07607,敬礼,jìnglǐ,动,6,7,7607
w07614,竞选,jìngxuǎn,动,6,7,7614
w07615,敬业,jìngyè,动,6,7,7615
w07630,救济,jiùjì,动,6,7,7630
w07631,就近,jiùjìn,副,6,7,7631
w07637,就职,jiùzhí,动,6,7,7637
w07642,鞠躬,jūgōng,动,6,7,7642
w07643,拘留,jūliú,动,6,7,7643
w07644,拘束,jūshù,动、形,6,7,7644
w07646,局部,júbù,名,6,7,7646
w07647,局势,júshì,名,6,7,7647
w07650,咀嚼,jǔjué,动,6,7,7650
w07652,沮丧,jǔsàng,形,6,7,7652
w07653,举世瞩目,jǔshì-zhǔmù,,6,7,7653
w07657,举足轻重,jǔzú-qīngzhòng,,6,7,7657
w07661,聚精会神,jùjīng-huìshén,,6,7,7661
w07666,据悉,jùxī,动,6,7,7666
w07674,倔强,juéjiàng,形,6,7,7674
w07677,觉悟,juéwù,动、名,6,7,7677
w07678,觉醒,juéxǐng,动,6,7,7678
w07688,军事,jūnshì,名,5,7,7688
w07689,君子,jūnzǐ,名,6,7,7689
w07694,卡车,kǎchē,名,5,7,7694
w07695,卡通,kǎtōng,名,6,7,7695
w07697,开采,kāicǎi,动,6,7,7697
w07700,开除,kāichú,动,6,7,7700
w07706,开阔,kāikuò,形、动,6,7,7706
w07707,开朗,kāilǎng,形,6,7,7707
w07708,开明,kāimíng,形,6,7,7708
w07709,开辟,kāipì,动,6,7,7709
w07712,开拓,kāituò,动,6,7,7712
w07715,开支,kāizhī,名,6,7,7715
w07719,刊登,kāndēng,动,6,7,7719
w07722,勘探,kāntàn,动,6,7,7722
w07723,刊物,kānwù,名,6,7,7723
w07724,砍伐,kǎnfá,动,6,7,7724
w07725,侃侃而谈,kǎnkǎn’értán,,6,7,7725
w07728,慷慨,kāngkǎi,形,6,7,7728
w07730,扛,káng,动,6,7,7730
w07734,抗议,kàngyì,动,6,7,7734
w07738,靠拢,kàolǒng,动,6,7,7738
w07739,磕,kē,动,6,7,7739
w07747,可观,kěguān,形,6,7,7747
w07750,可恶,kěwù,形,6,7,7750
w07754,刻不容缓,kèbùrónghuǎn,,6,7,7754
w07758,刻苦,kèkǔ,形,5,7,7758
w07763,克制,kèzhì,动,6,7,7763
w07765,啃,kěn,动,6,7,7765
w07766,恳切,kěnqiè,形,6,7,7766
w07768,坑,kēng,名、动,6,7,7768
w07770,空洞,kōngdòng,名、形,6,7,7770
w07775,空想,kōngxiǎng,动、名,6,7,7775
w07776,空虚,kōngxū,形,6,7,7776
w07777,孔,kǒng,名,6,7,7777
w07778,恐怖,kǒngbù,形,6,7,7778
w07779,恐吓,kǒnghè,动,6,7,7779
w07782,空白,kòngbái,名,6,7,7782
w07784,空隙,kòngxì,名,6,7,7784
w07792,口气,kǒuqì,名,6,7,7792
w07797,口音,kǒuyīn,名,6,7,7797
w07806,哭泣,kūqì,动,6,7,7806
w07807,枯萎,kūwěi,形,6,7,7807
w07809,苦尽甘来,kǔjìn-gānlái,,6,7,7809
w07812,苦涩,kǔsè,形,6,7,7812
w07821,挎,kuà,动,6,7,7821
w07822,跨,kuà,动,6,7,7822
w07826,快活,kuàihuo,形,6,7,7826
w07827,宽敞,kuānchang,形,6,7,7827
w07832,宽容,kuānróng,动,6,7,7832
w07835,款待,kuǎndài,动,6,7,7835
w07837,筐,kuāng,名,6,7,7837
w07844,矿产,kuàngchǎn,名,6,7,7844
w07845,框架,kuàngjià,名,6,7,7845
w07846,旷课,kuàngkè,动,6,7,7846
w07847,况且,kuàngqiě,连,6,7,7847
w07849,亏待,kuīdài,动,6,7,7849
w07854,扩充,kuòchōng,动,6,7,7854
w07858,扩散,kuòsàn,动,6,7,7858
w07859,扩张,kuòzhāng,动,6,7,7859
w07864,喇叭,lǎba,名,6,7,7864
w07867,蜡烛,làzhú,名,6,7,7867
w07872,来历,láilì,名,6,7,7872
w07877,栏目,lánmù,名,6,7,7877
w07882,懒惰,lǎnduò,形,6,7,7882
w07884,狼狈,lángbèi,形,6,7,7884
w07885,狼吞虎咽,lángtūn-hǔyàn,,6,7,7885
w07887,捞,lāo,动,6,7,7887
w07888,唠叨,láodao,动,6,7,7888
w07889,牢固,láogù,形,6,7,7889
w07891,劳驾,láojià,动,5,7,7891
w07894,牢骚,láosāo,名,6,7,7894
w07904,乐意,lèyì,动、形,6,7,7904
w07907,雷达,léidá,名,6,7,7907
w07913,冷淡,lěngdàn,形、动,5,7,7913
w07915,冷酷,lěngkù,形,6,7,7915
w07916,冷落,lěngluò,形、动,6,7,7916
w07920,冷却,lěngquè,动,6,7,7920
w07922,愣,lèng,动、形、副,6,7,7922
w07923,黎明,límíng,名,6,7,7923
w07926,理睬,lǐcǎi,动,6,7,7926
w07927,里程碑,lǐchéngbēi,名,6,7,7927
w07930,礼节,lǐjié,名,6,7,7930
w07932,礼尚往来,lǐshàngwǎnglái,,6,7,7932
w07934,理所当然,lǐsuǒdāngrán,,6,7,7934
w07938,理智,lǐzhì,名、形,6,7,7938
w07939,理直气壮,lǐzhí-qìzhuàng,,6,7,7939
w07944,历代,lìdài,名,6,7,7944
w07946,立方,lìfāng,名、量,6,7,7946
w07949,利害,lìhài,名,6,7,7949
w07950,立交桥,lìjiāoqiáo,名,6,7,7950
w07952,历来,lìlái,副,6,7,7952
w07955,力求,lìqiú,动,6,7,7955
w07958,力所能及,lìsuǒnéngjí,,6,7,7958
w07959,立体,lìtǐ,形、名,6,7,7959
w07960,力争,lìzhēng,动,6,7,7960
w07962,立足,lìzú,动,6,7,7962
w07964,联欢,liánhuān,动,6,7,7964
w07966,廉洁,liánjié,形,6,7,7966
w07968,联络,liánluò,动,6,7,7968
w07969,联盟,liánméng,名,6,7,7969
w07971,连年,liánnián,动,6,7,7971
w07975,连锁,liánsuǒ,形,6,7,7975
w07976,连同,liántóng,连,6,7,7976
w07987,良心,liángxīn,名,6,7,7987
w07996,谅解,liàngjiě,动,6,7,7996
w08001,辽阔,liáokuò,形,6,7,8001
w08011,列举,lièjǔ,动,6,7,8011
w08020,临床,línchuáng,动,6,7,8020
w08023,吝啬,lìnsè,形,6,7,8023
w08025,灵感,línggǎn,名,6,7,8025
w08026,灵魂,línghún,名,6,7,8026
w08027,零件,língjiàn,名,5,7,8027
w08029,灵敏,língmǐn,形,6,7,8029
w08035,零星,língxīng,形,6,7,8035
w08037,领会,lǐnghuì,动,6,7,8037
w08041,领事馆,lǐngshìguǎn,名,6,7,8041
w08042,领土,lǐngtǔ,名,6,7,8042
w08043,领悟,lǐngwù,动,6,7,8043
w08044,领袖,lǐngxiù,名,6,7,8044
w08046,溜,liū,动,6,7,8046
w08049,流浪,liúlàng,动,6,7,8049
w08050,留恋,liúliàn,动,6,7,8050
w08051,流露,liúlù,动,6,7,8051
w08052,流氓,liúmáng,名,6,7,8052
w08053,留念,liúniàn,动,6,7,8053
w08055,留神,liúshén,动,6,7,8055
w08070,隆重,lóngzhòng,形,6,7,8070
w08072,垄断,lǒngduàn,动,6,7,8072
w08074,笼罩,lǒngzhào,动,6,7,8074
w08075,搂,lǒu,动,6,7,8075
w08091,屡次,lǚcì,副,6,7,8091
w08099,掠夺,lüèduó,动,6,7,8099
w08103,轮廓,lúnkuò,名,6,7,8103
w08105,轮胎,lúntāi,名,6,7,8105
w08107,论证,lùnzhèng,动、名,6,7,8107
w08108,啰唆,luōsuo,形、动,6,7,8108
w08115,落成,luòchéng,动,6,7,8115
w08117,落实,luòshí,动,6,7,8117
w08118,络绎不绝,luòyì-bùjué,,6,7,8118
w08121,麻痹,mábì,动、形,6,7,8121
w08124,麻木,mámù,形,6,7,8124
w08125,麻醉,mázuì,动,6,7,8125
w08132,埋伏,máifú,动,6,7,8132
w08133,埋没,máimò,动,6,7,8133
w08135,埋葬,máizàng,动,6,7,8135
w08136,脉搏,màibó,名,6,7,8136
w08139,埋怨,mányuàn,动,6,7,8139
w08142,慢性,mànxìng,形,6,7,8142
w08143,蔓延,mànyán,动,6,7,8143
w08147,茫茫,mángmáng,形,6,7,8147
w08148,盲目,mángmù,形,6,7,8148
w08149,茫然,mángrán,形,6,7,8149
w08151,冒充,màochōng,动,6,7,8151
w08152,冒犯,màofàn,动,6,7,8152
w08155,茂盛,màoshèng,形,6,7,8155
w08156,枚,méi,量,6,7,8156
w08157,媒介,méijiè,名,6,7,8157
w08161,煤炭,méitàn,名,5,7,8161
w08167,美满,měimǎn,形,6,7,8167
w08168,美妙,měimiào,形,6,7,8168
w08183,萌芽,méngyá,动、名,6,7,8183
w08186,猛烈,měngliè,形,6,7,8186
w08190,眯,mī,动,6,7,8190
w08193,迷惑,míhuò,形、动,6,7,8193
w08195,弥漫,mímàn,动,6,7,8195
w08198,迷信,míxìn,动,6,7,8198
w08199,谜语,míyǔ,名,6,7,8199
w08202,密封,mìfēng,动,6,7,8202
w08205,棉花,miánhuā,名,6,7,8205
w08208,免得,miǎnde,连,6,7,8208
w08210,勉励,miǎnlì,动,6,7,8210
w08215,面貌,miànmào,名,6,7,8215
w08219,苗条,miáotiao,形,5,7,8219
w08221,瞄准,miáozhǔn,动,6,7,8221
w08222,藐视,miǎoshì,动,6,7,8222
w08223,渺小,miǎoxiǎo,形,6,7,8223
w08227,蔑视,mièshì,动,6,7,8227
w08228,灭亡,mièwáng,动,6,7,8228
w08236,敏捷,mǐnjié,形,6,7,8236
w08237,敏锐,mǐnruì,形,6,7,8237
w08239,名次,míngcì,名,6,7,8239
w08240,名副其实,míngfùqíshí,,6,7,8240
w08249,名誉,míngyù,名、形,6,7,8249
w08250,明智,míngzhì,形,6,7,8250
w08253,摸索,mōsuǒ,动,6,7,8253
w08254,膜,mó,名,6,7,8254
w08256,摩擦,mócā,动、名,6,7,8256
w08258,模范,mófàn,名、形,6,7,8258
w08260,魔鬼,móguǐ,名,6,7,8260
w08261,磨合,móhé,动,6,7,8261
w08265,魔术,móshù,名,6,7,8265
w08268,抹杀,mǒshā,动,6,7,8268
w08274,莫名其妙,mòmíngqímiào,,6,7,8274
w08283,谋求,móuqiú,动,6,7,8283
w08296,目睹,mùdǔ,动,6,7,8296
w08302,沐浴,mùyù,动,6,7,8302
w08304,拿手,náshǒu,形,6,7,8304
w08306,纳闷儿,nàmènr,动,6,7,8306
w08315,耐用,nàiyòng,形,6,7,8315
w08320,难怪,nánguài,动、副,5,7,8320
w08322,难堪,nánkān,动、形,6,7,8322
w08323,难能可贵,nánnéng-kěguì,,6,7,8323
w08326,南辕北辙,nányuán-běizhé,,6,7,8326
w08329,恼火,nǎohuǒ,形,6,7,8329
w08335,内幕,nèimù,名,6,7,8335
w08338,内在,nèizài,形,6,7,8338
w08340,嫩,nèn,形,5,7,8340
w08348,拟定,nǐdìng,动,6,7,8348
w08353,逆行,nìxíng,动,6,7,8353
w08369,捏,niē,动,6,7,8369
w08370,拧,níng,动,6,7,8370
w08371,凝固,nínggù,动,6,7,8371
w08374,凝聚,níngjù,动,6,7,8374
w08375,凝视,níngshì,动,6,7,8375
w08377,宁可,nìngkě,副,5,7,8377
w08378,宁愿,nìngyuàn,副,6,7,8378
w08383,扭转,niǔzhuǎn,动,6,7,8383
w08385,农历,nónglì,名,6,7,8385
w08391,奴隶,núlì,名,6,7,8391
w08395,虐待,nüèdài,动,6,7,8395
w08396,挪,nuó,动,6,7,8396
w08398,殴打,ōudǎ,动,6,7,8398
w08399,呕吐,ǒutù,动,6,7,8399
w08400,趴,pā,动,6,7,8400
w08404,排斥,páichì,动,6,7,8404
w08406,徘徊,páihuái,动,6,7,8406
w08408,派别,pàibié,名,6,7,8408
w08409,派遣,pàiqiǎn,动,6,7,8409
w08411,攀登,pāndēng,动,6,7,8411
w08414,盘旋,pánxuán,动,6,7,8414
w08419,判决,pànjué,动,6,7,8419
w08424,抛弃,pāoqì,动,6,7,8424
w08428,泡沫,pàomò,名,6,7,8428
w08434,配偶,pèi’ǒu,名,6,7,8434
w08438,盆地,péndì,名,6,7,8438
w08440,烹饪,pēngrèn,动,6,7,8440
w08450,劈,pī,动,6,7,8450
w08451,批发,pīfā,动,6,7,8451
w08453,批判,pīpàn,动,6,7,8453
w08455,疲惫,píbèi,形,6,7,8455
w08456,皮革,pígé,名,6,7,8456
w08457,疲倦,píjuàn,形,6,7,8457
w08459,屁股,pìgu,名,6,7,8459
w08462,譬如,pìrú,动,6,7,8462
w08465,偏差,piānchā,名,6,7,8465
w08467,偏见,piānjiàn,名,6,7,8467
w08470,偏僻,piānpì,形,6,7,8470
w08471,偏偏,piānpiān,副,6,7,8471
w08478,漂浮,piāofú,动,6,7,8478
w08480,飘扬,piāoyáng,动,6,7,8480
w08482,撇,piě,动、名,6,7,8482
w08483,拼搏,pīnbó,动,6,7,8483
w08485,拼命,pīnmìng,动、副,6,7,8485
w08486,贫乏,pínfá,形,6,7,8486
w08489,品德,pǐndé,名,6,7,8489
w08503,平面,píngmiàn,名,6,7,8503
w08508,平坦,píngtǎn,形,6,7,8508
w08512,平行,píngxíng,形、动,6,7,8512
w08513,平庸,píngyōng,形,6,7,8513
w08514,平原,píngyuán,名,6,7,8514
w08515,屏障,píngzhàng,名,6,7,8515
w08517,颇,pō,副,6,7,8517
w08520,迫不及待,pòbùjídài,,6,7,8520
w08522,迫害,pòhài,动,6,7,8522
w08525,破例,pòlì,动,6,7,8525
w08526,魄力,pòlì,名,6,7,8526
w08536,朴实,pǔshí,形,6,7,8536
w08537,瀑布,pùbù,名,6,7,8537
w08540,欺负,qīfu,动,6,7,8540
w08542,凄凉,qīliáng,形,6,7,8542
w08549,奇妙,qímiào,形,6,7,8549
w08550,旗袍,qípáo,名,6,7,8550
w08552,歧视,qíshì,动,6,7,8552
w08554,齐心协力,qíxīn-xiélì,,6,7,8554
w08555,旗帜,qízhì,名,6,7,8555
w08557,起草,qǐcǎo,动,6,7,8557
w08558,启程,qǐchéng,动,6,7,8558
w08561,起伏,qǐfú,动,6,7,8561
w08562,乞丐,qǐgài,名,6,7,8562
w08563,起哄,qǐhòng,动,6,7,8563
w08565,起码,qǐmǎ,形,6,7,8565
w08566,启蒙,qǐméng,动,6,7,8566
w08571,企图,qǐtú,动、名,6,7,8571
w08573,岂有此理,qǐyǒucǐlǐ,,6,7,8573
w08574,器材,qìcái,名,6,7,8574
w08577,器官,qìguān,名,6,7,8577
w08585,气魄,qìpò,名,6,7,8585
w08587,气色,qìsè,名,6,7,8587
w08588,气势,qìshì,名,6,7,8588
w08590,气象,qìxiàng,名,6,7,8590
w08592,气压,qìyā,名,6,7,8592
w08595,掐,qiā,动,6,7,8595
w08597,恰到好处,qiàdào-hǎochù,,6,7,8597
w08598,恰巧,qiàqiǎo,副,6,7,8598
w08600,洽谈,qiàtán,动,6,7,8600
w08604,牵扯,qiānchě,动,6,7,8604
w08605,千方百计,qiānfāng-bǎijì,,6,7,8605
w08607,迁就,qiānjiù,动,6,7,8607
w08611,签署,qiānshǔ,动,6,7,8611
w08613,迁徙,qiānxǐ,动,6,7,8613
w08614,谦逊,qiānxùn,形,6,7,8614
w08617,牵制,qiānzhì,动,6,7,8617
w08628,潜水,qiánshuǐ,动,6,7,8628
w08637,潜移默化,qiányí-mòhuà,,6,7,8637
w08640,谴责,qiǎnzé,动,6,7,8640
w08655,强制,qiángzhì,动,6,7,8655
w08657,抢劫,qiǎngjié,动,6,7,8657
w08663,翘,qiào,动,6,7,8663
w08665,窍门,qiàomén,名,6,7,8665
w08671,锲而不舍,qiè’érbùshě,,6,7,8671
w08677,侵犯,qīnfàn,动,6,7,8677
w08681,侵略,qīnlüè,动,6,7,8681
w08682,钦佩,qīnpèi,动,6,7,8682
w08684,亲热,qīnrè,形、动,6,7,8684
w08691,勤俭,qínjiǎn,形,6,7,8691
w08696,清澈,qīngchè,形,6,7,8696
w08697,清除,qīngchú,动,6,7,8697
w08706,轻视,qīngshì,动,5,7,8706
w08711,倾斜,qīngxié,动,6,7,8711
w08714,情报,qíngbào,名,6,7,8714
w08720,情理,qínglǐ,名,6,7,8720
w08726,请柬,qǐngjiǎn,名,6,7,8726
w08727,请示,qǐngshì,动,6,7,8727
w08728,请帖,qǐngtiě,名,6,7,8728
w08732,丘陵,qiūlíng,名,6,7,8732
w08739,屈服,qūfú,动,6,7,8739
w08744,曲折,qūzhé,形,6,7,8744
w08745,驱逐,qūzhú,动,6,7,8745
w08748,取缔,qǔdì,动,6,7,8748
w08758,圈套,quāntào,名,6,7,8758
w08762,权衡,quánhéng,动,6,7,8762
w08764,全局,quánjú,名,6,7,8764
w08765,全力以赴,quánlìyǐfù,,6,7,8765
w08769,拳头,quántóu,名,6,7,8769
w08770,权威,quánwēi,名、形,6,7,8770
w08777,缺口,quēkǒu,名,6,7,8777
w08779,缺席,quēxí,动,6,7,8779
w08780,瘸,qué,动,6,7,8780
w08781,确切,quèqiè,形,6,7,8781
w08782,确信,quèxìn,动,6,7,8782
w08788,嚷,rǎng,动,6,7,8788
w08789,让步,ràngbù,动,6,7,8789
w08791,饶恕,ráoshù,动,6,7,8791
w08792,扰乱,rǎoluàn,动,6,7,8792
w08798,热泪盈眶,rèlèi-yíngkuàng,,6,7,8798
w08802,仁慈,réncí,形,6,7,8802
w08804,人道,réndào,名、形,6,7,8804
w08805,人格,réngé,名,6,7,8805
w08806,人间,rénjiān,名,6,7,8806
w08814,人性,rénxìng,名,6,7,8814
w08815,任性,rénxìng,形,6,7,8815
w08819,人质,rénzhì,名,6,7,8819
w08820,忍耐,rěnnài,动,6,7,8820
w08823,任命,rènmìng,动,6,7,8823
w08826,任意,rènyì,副、形,6,7,8826
w08829,任重道远,rènzhòng-dàoyuǎn,,6,7,8829
w08830,日程,rìchéng,名,5,7,8830
w08833,日新月异,rìxīn-yuèyì,,6,7,8833
w08837,溶解,róngjiě,动,6,7,8837
w08838,容貌,róngmào,名,6,7,8838
w08839,容纳,róngnà,动,6,7,8839
w08840,容器,róngqì,名,6,7,8840
w08841,融洽,róngqià,形,6,7,8841
w08842,容忍,róngrěn,动,6,7,8842
w08843,荣幸,róngxìng,形,6,7,8843
w08849,揉,róu,动,6,7,8849
w08850,柔和,róuhé,形,6,7,8850
w08867,若干,ruògān,代,6,7,8867
w08872,撒谎,sāhuǎng,动,6,7,8872
w08880,散布,sànbù,动,6,7,8880
w08886,骚扰,sāorǎo,动,6,7,8886
w08890,嫂子,sǎozi,名,6,7,8890
w08898,沙滩,shātān,名,5,7,8898
w08906,山脉,shānmài,名,6,7,8906
w08908,闪烁,shǎnshuò,动,6,7,8908
w08913,擅自,shànzì,副,6,7,8913
w08914,伤脑筋,shāng nǎojīn,,6,7,8914
w08934,尚且,shàngqiě,连,6,7,8934
w08935,上任,shàngrèn,动、名,6,7,8935
w08943,上瘾,shàngyǐn,动,6,7,8943
w08945,上游,shàngyóu,名,6,7,8945
w08946,捎,shāo,动,6,7,8946
w08951,哨,shào,名,6,7,8951
w08953,奢侈,shēchǐ,形,6,7,8953
w08964,深奥,shēn’ào,形,6,7,8964
w08966,申报,shēnbào,动,6,7,8966
w08968,深沉,shēnchén,形,6,7,8968
w08974,深情厚谊,shēnqíng-hòuyì,,6,7,8974
w08977,绅士,shēnshì,名、形,6,7,8977
w08983,呻吟,shēnyín,动,6,7,8983
w08988,神气,shénqì,名、形,6,7,8988
w08990,神圣,shénshèng,形,6,7,8990
w08991,神态,shéntài,名,6,7,8991
w08992,神仙,shénxiān,名,6,7,8992
w08994,审查,shěnchá,动,6,7,8994
w08998,审理,shěnlǐ,动,6,7,8998
w08999,审判,shěnpàn,动,6,7,8999
w09004,渗透,shèntòu,动,6,7,9004
w09005,慎重,shènzhòng,形,6,7,9005
w09008,牲畜,shēngchù,名,6,7,9008
w09010,生机,shēngjī,名,6,7,9010
w09011,生理,shēnglǐ,名,6,7,9011
w09012,声明,shēngmíng,动、名,6,7,9012
w09017,声势,shēngshì,名,6,7,9017
w09018,生疏,shēngshū,形,6,7,9018
w09021,生效,shēngxiào,动,6,7,9021
w09024,生育,shēngyù,动,6,7,9024
w09025,声誉,shēngyù,名,6,7,9025
w09027,绳子,shéngzi,名,5,7,9027
w09028,省略,shěnglüè,动,5,7,9028
w09030,盛产,shèngchǎn,动,6,7,9030
w09033,胜负,shèngfù,名,6,7,9033
w09035,盛开,shèngkāi,动,6,7,9035
w09037,盛情,shèngqíng,名,6,7,9037
w09041,盛行,shèngxíng,动,6,7,9041
w09045,师范,shīfàn,名,6,7,9045
w09047,施加,shījiā,动,6,7,9047
w09054,湿润,shīrùn,形,5,7,9054
w09055,失事,shīshì,动,6,7,9055
w09057,尸体,shītǐ,名,6,7,9057
w09061,施展,shīzhǎn,动,6,7,9061
w09064,失踪,shīzōng,动,6,7,9064
w09066,时而,shí’ér,副,6,7,9066
w09074,时髦,shímáo,形,5,7,9074
w09076,时事,shíshì,名,6,7,9076
w09077,实事求是,shíshì-qiúshì,,6,7,9077
w09084,使命,shǐmìng,名,6,7,9084
w09087,势必,shìbì,副,6,7,9087
w09091,世代,shìdài,名,6,7,9091
w09093,是非,shìfēi,名,6,7,9093
w09097,事迹,shìjì,名,6,7,9097
w09104,逝世,shìshì,动,6,7,9104
w09105,事态,shìtài,名,6,7,9105
w09108,示威,shìwēi,动,6,7,9108
w09110,视线,shìxiàn,名,6,7,9110
w09112,视野,shìyě,名,6,7,9112
w09114,示意,shìyì,动,6,7,9114
w09119,收据,shōujù,名,5,7,9119
w09124,收缩,shōusuō,动,6,7,9124
w09126,收音机,shōuyīnjī,名,6,7,9126
w09134,守护,shǒuhù,动,6,7,9134
w09140,首饰,shǒushì,名,6,7,9140
w09145,手艺,shǒuyì,名,6,7,9145
w09160,授予,shòuyǔ,动,6,7,9160
w09161,受罪,shòuzuì,动,6,7,9161
w09163,舒畅,shūchàng,形,6,7,9163
w09165,疏忽,shūhu,动,6,7,9165
w09166,书记,shūjì,名,6,7,9166
w09174,疏远,shūyuǎn,形、动,6,7,9174
w09176,梳子,shūzi,名,5,7,9176
w09182,数额,shù’é,名,6,7,9182
w09183,束缚,shùfù,动,6,7,9183
w09187,数码,shùmǎ,名,5,7,9187
w09192,耍,shuǎ,动,6,7,9192
w09199,衰退,shuāituì,动,6,7,9199
w09200,甩,shuǎi,动,5,7,9200
w09205,双胞胎,shuāngbāotāi,名,6,7,9205
w09211,爽快,shuǎngkuai,形,6,7,9211
w09215,水利,shuǐlì,名,6,7,9215
w09216,水龙头,shuǐlóngtóu,名,6,7,9216
w09243,撕,sī,动,5,7,9243
w09244,丝绸,sīchóu,名,5,7,9244
w09245,司法,sīfǎ,动,6,7,9245
w09246,丝毫,sīháo,形,5,7,9246
w09250,司令,sīlìng,名,6,7,9250
w09253,思索,sīsuǒ,动,6,7,9253
w09258,私自,sīzì,副,6,7,9258
w09266,寺庙,sìmiào,名,6,7,9266
w09269,肆无忌惮,sìwú-jìdàn,,6,7,9269
w09270,饲养,sìyǎng,动,6,7,9270
w09271,四肢,sìzhī,名,6,7,9271
w09275,耸,sǒng,动,6,7,9275
w09284,苏醒,sūxǐng,动,6,7,9284
w09287,俗话,súhuà,名,6,7,9287
w09294,素食,sùshí,名、动,6,7,9294
w09296,诉讼,sùsòng,动,6,7,9296
w09302,算数,suànshù,动,6,7,9302
w09306,随即,suíjí,副,6,7,9306
w09308,随身,suíshēn,形,5,7,9308
w09311,隧道,suìdào,名,6,7,9311
w09319,索取,suǒqǔ,动,6,7,9319
w09323,索性,suǒxìng,副,6,7,9323
w09326,塌,tā,动,6,7,9326
w09330,泰斗,tàidǒu,名,6,7,9330
w09335,摊,tān,动、名、量,6,7,9335
w09338,瘫痪,tānhuàn,动,6,7,9338
w09339,贪婪,tānlán,形,6,7,9339
w09340,贪污,tānwū,动,6,7,9340
w09344,坦白,tǎnbái,形、动,6,7,9344
w09348,坦率,tǎnshuài,形,5,7,9348
w09353,探测,tàncè,动,6,7,9353
w09355,叹气,tànqì,动,6,7,9355
w09358,探望,tànwàng,动,6,7,9358
w09363,倘若,tǎngruò,连,6,7,9363
w09365,滔滔不绝,tāotāo-bùjué,,6,7,9365
w09367,逃避,táobì,动,5,7,9367
w09368,陶瓷,táocí,名,6,7,9368
w09372,陶醉,táozuì,动,6,7,9372
w09374,讨好,tǎohǎo,动,6,7,9374
w09375,讨价还价,tǎojià-huánjià,,5,7,9375
w09383,疼爱,téng’ài,动,5,7,9383
w09387,提拔,tíbá,动,6,7,9387
w09388,提纲,tígāng,名,5,7,9388
w09390,提炼,tíliàn,动,6,7,9390
w09394,提议,tíyì,动、名,6,7,9394
w09395,体裁,tǐcái,名,6,7,9395
w09396,体谅,tǐliàng,动,6,7,9396
w09397,体面,tǐmiàn,名、形,6,7,9397
w09401,体贴,tǐtiē,动,5,7,9401
w09412,天赋,tiānfù,动、名,6,7,9412
w09416,天伦之乐,tiānlúnzhīlè,,6,7,9416
w09419,天生,tiānshēng,形,6,7,9419
w09421,天堂,tiāntáng,名,6,7,9421
w09429,田野,tiányě,名,6,7,9429
w09431,舔,tiǎn,动,6,7,9431
w09432,挑剔,tiāoti,动,6,7,9432
w09433,调和,tiáohé,形、动,6,7,9433
w09434,调剂,tiáojì,动,6,7,9434
w09435,调解,tiáojiě,动,6,7,9435
w09438,条款,tiáokuǎn,名,6,7,9438
w09440,条理,tiáolǐ,名,6,7,9440
w09441,调料,tiáoliào,名,6,7,9441
w09443,条约,tiáoyuē,名,6,7,9443
w09445,挑拨,tiǎobō,动,6,7,9445
w09446,挑衅,tiǎoxìn,动,6,7,9446
w09451,跳跃,tiàoyuè,动,6,7,9451
w09456,停泊,tíngbó,动,6,7,9456
w09457,停顿,tíngdùn,动,6,7,9457
w09460,停滞,tíngzhì,动,6,7,9460
w09461,亭子,tíngzi,名,6,7,9461
w09462,挺拔,tǐngbá,形,6,7,9462
w09468,通货膨胀,tōnghuò péngzhàng,,6,7,9468
w09469,通缉,tōngjī,动,6,7,9469
w09471,通俗,tōngsú,形,6,7,9471
w09474,同胞,tóngbāo,名,6,7,9474
w09483,同志,tóngzhì,名,6,7,9483
w09488,统统,tǒngtǒng,副,6,7,9488
w09489,统治,tǒngzhì,动,6,7,9489
w09497,投机,tóujī,形、动,6,7,9497
w09503,投降,tóuxiáng,动,6,7,9503
w09504,投掷,tóuzhì,动,6,7,9504
w09509,秃,tū,形,6,7,9509
w09527,推辞,tuīcí,动,5,7,9527
w09529,推翻,tuīfān,动,6,7,9529
w09530,推理,tuīlǐ,动,6,7,9530
w09531,推论,tuīlùn,动、名,6,7,9531
w09538,退步,tuìbù,动,5,7,9538
w09545,吞吞吐吐,tūntūntǔtǔ,形,6,7,9545
w09552,脱离,tuōlí,动,6,7,9552
w09559,妥当,tuǒdàng,形,6,7,9559
w09560,妥善,tuǒshàn,形,6,7,9560
w09561,妥协,tuǒxié,动,6,7,9561
w09562,椭圆,tuǒyuán,名,6,7,9562
w09564,唾弃,tuòqì,动,6,7,9564
w09567,挖掘,wājué,动,6,7,9567
w09570,瓦解,wǎjiě,动,6,7,9570
w09571,歪曲,wāiqū,动,6,7,9571
w09573,外行,wàiháng,形、名,6,7,9573
w09579,外向,wàixiàng,形,6,7,9579
w09584,丸,wán,名、量,6,7,9584
w09585,完备,wánbèi,形,6,7,9585
w09586,完毕,wánbì,动,6,7,9586
w09587,顽固,wángù,形,6,7,9587
w09589,玩弄,wánnòng,动,6,7,9589
w09592,玩意儿,wányìr,名,6,7,9592
w09595,挽回,wǎnhuí,动,6,7,9595
w09596,挽救,wǎnjiù,动,6,7,9596
w09599,惋惜,wǎnxī,形,6,7,9599
w09601,万分,wànfēn,副,6,7,9601
w09610,往常,wǎngcháng,名,6,7,9610
w09614,往事,wǎngshì,名,6,7,9614
w09618,妄想,wàngxiǎng,动、名,6,7,9618
w09622,微不足道,wēibùzúdào,,6,7,9622
w09623,威风,wēifēng,名、形,6,7,9623
w09624,微观,wēiguān,形,6,7,9624
w09627,威力,wēilì,名,6,7,9627
w09632,威望,wēiwàng,名,6,7,9632
w09634,威信,wēixìn,名,6,7,9634
w09637,违背,wéibèi,动,6,7,9637
w09638,唯独,wéidú,副,6,7,9638
w09651,委员,wěiyuán,名,6,7,9651
w09653,伪造,wěizào,动,6,7,9653
w09656,畏惧,wèijù,动,6,7,9656
w09657,蔚蓝,wèilán,形,6,7,9657
w09659,未免,wèimiǎn,副,6,7,9659
w09662,慰问,wèiwèn,动,6,7,9662
w09663,卫星,wèixīng,名、形,6,7,9663
w09668,温带,wēndài,名,6,7,9668
w09677,文凭,wénpíng,名,6,7,9677
w09679,文雅,wényǎ,形,6,7,9679
w09682,吻,wěn,动、名,5,7,9682
w09690,问候,wènhòu,动,5,7,9690
w09691,问世,wènshì,动,6,7,9691
w09692,窝,wō,名、动、量,6,7,9692
w09696,污蔑,wūmiè,动,6,7,9696
w09697,诬陷,wūxiàn,动,6,7,9697
w09701,无比,wúbǐ,动,6,7,9701
w09704,无偿,wúcháng,形,6,7,9704
w09705,无耻,wúchǐ,形,6,7,9705
w09708,无动于衷,wúdòngyúzhōng,,6,7,9708
w09709,无非,wúfēi,副,6,7,9709
w09711,无辜,wúgū,形、名,6,7,9711
w09716,无精打采,wújīng-dǎcǎi,,6,7,9716
w09720,无赖,wúlài,形、名,6,7,9720
w09725,无能为力,wúnéngwéilì,,6,7,9725
w09732,无微不至,wúwēi-búzhì,,6,7,9732
w09737,无忧无虑,wúyōu-wúlǜ,,6,7,9737
w09739,无知,wúzhī,形,6,7,9739
w09746,侮辱,wǔrǔ,动,6,7,9746
w09747,武侠,wǔxiá,名,6,7,9747
w09748,武装,wǔzhuāng,名、动,6,7,9748
w09749,勿,wù,副,5,7,9749
w09750,务必,wùbì,副,6,7,9750
w09751,误差,wùchā,名,6,7,9751
w09756,物美价廉,wùměi-jiàlián,,6,7,9756
w09762,物资,wùzī,名,6,7,9762
w09764,溪,xī,名,6,7,9764
w09766,膝盖,xīgài,名,6,7,9766
w09771,熄灭,xīmiè,动,6,7,9771
w09774,昔日,xīrì,名,6,7,9774
w09776,牺牲,xīshēng,动,6,7,9776
w09780,夕阳,xīyáng,名、形,6,7,9780
w09784,袭击,xíjī,动,6,7,9784
w09794,喜闻乐见,xǐwén-lèjiàn,,6,7,9794
w09796,喜悦,xǐyuè,形,6,7,9796
w09800,瞎,xiā,动、副,5,7,9800
w09801,狭隘,xiá’ài,形,6,7,9801
w09803,峡谷,xiágǔ,名,6,7,9803
w09807,狭窄,xiázhǎi,形,6,7,9807
w09819,下属,xiàshǔ,名,6,7,9819
w09833,掀起,xiānqǐ,动,6,7,9833
w09835,纤维,xiānwéi,名,6,7,9835
w09837,弦,xián,名,6,7,9837
w09838,闲话,xiánhuà,名、动,6,7,9838
w09839,衔接,xiánjiē,动,6,7,9839
w09841,嫌疑,xiányí,名,6,7,9841
w09855,现成,xiànchéng,形,6,7,9855
w09857,宪法,xiànfǎ,名,6,7,9857
w09858,陷害,xiànhài,动,6,7,9858
w09859,陷阱,xiànjǐng,名,6,7,9859
w09865,相辅相成,xiāngfǔ-xiāngchéng,,6,7,9865
w09869,镶嵌,xiāngqiàn,动,6,7,9869
w09881,想方设法,xiǎngfāng-shèfǎ,,6,7,9881
w09882,响亮,xiǎngliàng,形,6,7,9882
w09883,响应,xiǎngyìng,动,6,7,9883
w09886,巷,xiàng,名,6,7,9886
w09887,向导,xiàngdǎo,名,6,7,9887
w09889,向来,xiànglái,副,6,7,9889
w09894,削,xiāo,动,6,7,9894
w09896,销毁,xiāohuǐ,动,6,7,9896
w09899,潇洒,xiāosǎ,形,6,7,9899
w09910,小心翼翼,xiǎoxīn-yìyì,,6,7,9910
w09914,孝顺,xiàoshùn,动,5,7,9914
w09915,肖像,xiàoxiàng,名,6,7,9915
w09916,效益,xiàoyì,名,6,7,9916
w09921,协商,xiéshāng,动,6,7,9921
w09929,谢绝,xièjué,动,6,7,9929
w09931,泄露,xièlòu,动,6,7,9931
w09933,泄气,xièqì,动、形,6,7,9933
w09940,新陈代谢,xīnchén-dàixiè,,6,7,9940
w09943,心得,xīndé,名,6,7,9943
w09944,心甘情愿,xīngān-qíngyuàn,,6,7,9944
w09950,辛勤,xīnqín,形,6,7,9950
w09959,欣慰,xīnwèi,形,6,7,9959
w09962,欣欣向荣,xīnxīn-xiàngróng,,6,7,9962
w09964,心血,xīnxuè,名,6,7,9964
w09965,心眼儿,xīnyǎnr,名,6,7,9965
w09969,信仰,xìnyǎng,动、名,6,7,9969
w09970,信誉,xìnyù,名,6,7,9970
w09971,腥,xīng,形,6,7,9971
w09975,兴隆,xīnglóng,形,6,7,9975
w09978,兴旺,xīngwàng,形,6,7,9978
w09983,刑事,xíngshì,形,6,7,9983
w09988,行政,xíngzhèng,动、名,6,7,9988
w09992,性感,xìnggǎn,形,6,7,9992
w09993,兴高采烈,xìnggāo-cǎiliè,,6,7,9993
w09995,幸亏,xìngkuī,副,5,7,9995
w09997,性命,xìngmìng,名,6,7,9997
w10003,凶恶,xiōng’è,形,6,7,10003
w10005,胸怀,xiōnghuái,动、名,6,7,10005
w10007,凶手,xiōngshǒu,名,6,7,10007
w10008,胸膛,xiōngtáng,名,6,7,10008
w10009,汹涌,xiōngyǒng,动,6,7,10009
w10011,雄厚,xiónghòu,形,6,7,10011
w10012,雄伟,xióngwěi,形,6,7,10012
w10016,羞耻,xiūchǐ,形,6,7,10016
w10022,修养,xiūyǎng,名,6,7,10022
w10024,绣,xiù,动,6,7,10024
w10027,嗅觉,xiùjué,名,6,7,10027
w10036,虚假,xūjiǎ,形,6,7,10036
w10038,虚荣,xūróng,名、形,6,7,10038
w10040,虚伪,xūwěi,形,6,7,10040
w10041,须知,xūzhī,名、动,6,7,10041
w10049,酗酒,xùjiǔ,动,6,7,10049
w10051,畜牧,xùmù,名,6,7,10051
w10054,序言,xùyán,名,6,7,10054
w10058,喧哗,xuānhuá,形、动,6,7,10058
w10060,宣誓,xuānshì,动,6,7,10060
w10063,宣扬,xuānyáng,动,6,7,10063
w10066,悬挂,xuánguà,动,6,7,10066
w10068,旋律,xuánlǜ,名,6,7,10068
w10069,悬念,xuánniàn,名,6,7,10069
w10070,悬殊,xuánshū,形,6,7,10070
w10073,选举,xuǎnjǔ,动,6,7,10073
w10077,炫耀,xuànyào,动,6,7,10077
w10079,削弱,xuēruò,动,6,7,10079
w10083,学说,xuéshuō,名,6,7,10083
w10088,雪上加霜,xuěshàng-jiāshuāng,,6,7,10088
w10092,熏陶,xūntáo,动,6,7,10092
w10098,巡逻,xúnluó,动,6,7,10098
w10099,寻觅,xúnmì,动,6,7,10099
w10101,循序渐进,xúnxù-jiànjìn,,6,7,10101
w10108,压迫,yāpò,动,6,7,10108
w10109,鸦雀无声,yāquè-wúshēng,,6,7,10109
w10111,压抑,yāyì,动,6,7,10111
w10112,压榨,yāzhà,动,6,7,10112
w10113,压制,yāzhì,动,6,7,10113
w10127,严峻,yánjùn,形,6,7,10127
w10128,言论,yánlùn,名,6,7,10128
w10129,严密,yánmì,形,6,7,10129
w10130,岩石,yánshí,名,6,7,10130
w10137,演变,yǎnbiàn,动,6,7,10137
w10139,掩盖,yǎngài,动,6,7,10139
w10141,掩护,yǎnhù,动、名,6,7,10141
w10146,眼色,yǎnsè,名,6,7,10146
w10147,眼神,yǎnshén,名,6,7,10147
w10149,掩饰,yǎnshì,动,6,7,10149
w10152,演习,yǎnxí,动,6,7,10152
w10154,演绎,yǎnyì,动,6,7,10154
w10160,验收,yànshōu,动,6,7,10160
w10161,厌恶,yànwù,动,6,7,10161
w10175,样品,yàngpǐn,名,6,7,10175
w10179,摇摆,yáobǎi,动,6,7,10179
w10181,遥控,yáokòng,动,6,7,10181
w10183,谣言,yáoyán,名,6,7,10183
w10191,要命,yàomìng,动,6,7,10191
w10193,耀眼,yàoyǎn,形,6,7,10193
w10196,野蛮,yěmán,形,6,7,10196
w10198,野心,yěxīn,名,6,7,10198
w10209,衣裳,yīshang,名,6,7,10209
w10210,依托,yītuō,动,6,7,10210
w10219,一度,yídù,数量、副,6,7,10219
w10226,遗留,yíliú,动,6,7,10226
w10230,一目了然,yímù-liǎorán,,6,7,10230
w10234,遗失,yíshī,动,6,7,10234
w10245,以致,yǐzhì,连,6,7,10245
w10248,亦,yì,副,6,7,10248
w10259,一举两得,yìjǔ-liǎngdé,,6,7,10259
w10265,毅力,yìlì,名,6,7,10265
w10268,意料,yìliào,动,6,7,10268
w10273,毅然,yìrán,副,6,7,10273
w10274,一如既往,yìrú-jìwǎng,,6,7,10274
w10277,一丝不苟,yìsī-bùgǒu,,6,7,10277
w10282,意图,yìtú,动、名,6,7,10282
w10287,意向,yìxiàng,名,6,7,10287
w10304,意志,yìzhì,名,6,7,10304
w10308,阴谋,yīnmóu,动、名,6,7,10308
w10311,音响,yīnxiǎng,名,6,7,10311
w10316,隐蔽,yǐnbì,动、形,6,7,10316
w10318,隐患,yǐnhuàn,名,6,7,10318
w10322,隐瞒,yǐnmán,动,6,7,10322
w10323,引擎,yǐnqíng,名,6,7,10323
w10329,引用,yǐnyòng,动,6,7,10329
w10331,隐约,yǐnyuē,形,6,7,10331
w10335,英俊,yīngjùn,形,5,7,10335
w10336,英明,yīngmíng,形,6,7,10336
w10337,英勇,yīngyǒng,形,6,7,10337
w10343,盈利,yínglì,名,6,7,10343
w10345,迎面,yíngmiàn,副,6,7,10345
w10351,应酬,yìngchou,动、名,6,7,10351
w10352,应付,yìngfu,动,5,7,10352
w10356,应邀,yìngyāo,动,6,7,10356
w10357,拥护,yōnghù,动,6,7,10357
w10358,庸俗,yōngsú,形,6,7,10358
w10360,永恒,yǒnghéng,形,6,7,10360
w10363,踊跃,yǒngyuè,动、形,6,7,10363
w10367,优胜劣汰,yōushèng-liètài,,6,7,10367
w10370,忧郁,yōuyù,形,6,7,10370
w10371,优越,yōuyuè,形,6,7,10371
w10375,油腻,yóunì,形、名,6,7,10375
w10376,油漆,yóuqī,名、动,6,7,10376
w10387,有条不紊,yǒutiáo-bùwěn,,6,7,10387
w10394,诱惑,yòuhuò,动、名,6,7,10394
w10396,幼稚,yòuzhì,形,6,7,10396
w10400,愚蠢,yúchǔn,形,6,7,10400
w10403,舆论,yúlùn,名,6,7,10403
w10404,愚昧,yúmèi,形,6,7,10404
w10405,渔民,yúmín,名,6,7,10405
w10409,与日俱增,yǔrì-jùzēng,,6,7,10409
w10413,宇宙,yǔzhòu,名,6,7,10413
w10414,玉,yù,名,6,7,10414
w10415,愈,yù,副,6,7,10415
w10428,预算,yùsuàn,名、动,6,7,10428
w10430,预先,yùxiān,副,6,7,10430
w10431,预言,yùyán,动、名,6,7,10431
w10432,寓言,yùyán,名,6,7,10432
w10435,预兆,yùzhào,名、动,6,7,10435
w10437,冤枉,yuānwang,形、动,6,7,10437
w10441,原告,yuángào,名,6,7,10441
w10442,缘故,yuángù,名,6,7,10442
w10445,源泉,yuánquán,名,6,7,10445
w10446,元首,yuánshǒu,名,6,7,10446
w10470,岳母,yuèmǔ,名,6,7,10470
w10471,乐谱,yuèpǔ,名,6,7,10471
w10474,熨,yùn,动,6,7,10474
w10475,蕴藏,yùncáng,动,6,7,10475
w10480,酝酿,yùnniàng,动,6,7,10480
w10481,运算,yùnsuàn,动,6,7,10481
w10483,孕育,yùnyù,动,6,7,10483
w10486,砸,zá,动,6,7,10486
w10487,杂技,zájì,名,6,7,10487
w10488,杂交,zájiāo,动,6,7,10488
w10491,栽培,zāipéi,动,6,7,10491
w10493,宰,zǎi,动,6,7,10493
w10495,再接再厉,zàijiē-zàilì,,6,7,10495
w10500,攒,zǎn,动,6,7,10500
w10503,赞美,zànměi,动,5,7,10503
w10504,暂且,zànqiě,副,6,7,10504
w10505,赞叹,zàntàn,动,6,7,10505
w10508,赞助,zànzhù,动,6,7,10508
w10512,糟蹋,zāotà,动,6,7,10512
w10513,遭殃,zāoyāng,动,6,7,10513
w10524,责备,zébèi,动,5,7,10524
w10525,责怪,zéguài,动,6,7,10525
w10526,贼,zéi,名、形,6,7,10526
w10530,增添,zēngtiān,动,6,7,10530
w10532,渣,zhā,名,6,7,10532
w10534,扎实,zhāshi,形,6,7,10534
w10539,诈骗,zhàpiàn,动,6,7,10539
w10541,摘要,zhāiyào,动、名,6,7,10541
w10543,债券,zhàiquàn,名,6,7,10543
w10547,沾光,zhānguāng,动,6,7,10547
w10548,瞻仰,zhānyǎng,动,6,7,10548
w10551,斩钉截铁,zhǎndīng-jiétiě,,6,7,10551
w10552,展望,zhǎnwàng,动,6,7,10552
w10558,占领,zhànlǐng,动,6,7,10558
w10559,战略,zhànlüè,名,6,7,10559
w10561,战术,zhànshù,名,6,7,10561
w10562,战役,zhànyì,名,6,7,10562
w10565,章程,zhāngchéng,名,6,7,10565
w10575,帐篷,zhàngpeng,名,6,7,10575
w10576,招标,zhāobiāo,动,6,7,10576
w10580,朝气蓬勃,zhāoqì-péngbó,,6,7,10580
w10585,着迷,zháomí,动,6,7,10585
w10586,沼泽,zhǎozé,名,6,7,10586
w10589,照常,zhàocháng,副、动,5,7,10589
w10596,照样,zhàoyàng,副、动,6,7,10596
w10597,照耀,zhàoyào,动,6,7,10597
w10599,遮挡,zhēdǎng,动、名,6,7,10599
w10601,折腾,zhēteng,动,6,7,10601
w10605,折磨,zhémó,动,6,7,10605
w10612,真理,zhēnlǐ,名,6,7,10612
w10616,侦探,zhēntàn,动、名,6,7,10616
w10617,珍稀,zhēnxī,形,6,7,10617
w10619,真挚,zhēnzhì,形,6,7,10619
w10621,斟酌,zhēnzhuó,动,6,7,10621
w10626,阵地,zhèndì,名,6,7,10626
w10627,镇定,zhèndìng,形、动,6,7,10627
w10628,振动,zhèndòng,动,5,7,10628
w10630,振奋,zhènfèn,形、动,6,7,10630
w10631,震撼,zhènhàn,动,6,7,10631
w10632,镇静,zhènjìng,形、动,6,7,10632
w10633,震惊,zhènjīng,形、动,6,7,10633
w10634,阵容,zhènróng,名,6,7,10634
w10635,振兴,zhènxīng,动,6,7,10635
w10641,争端,zhēngduān,名,6,7,10641
w10642,蒸发,zhēngfā,动,6,7,10642
w10644,征服,zhēngfú,动,6,7,10644
w10648,争气,zhēngqì,动,6,7,10648
w10649,征收,zhēngshōu,动,6,7,10649
w10651,争先恐后,zhēngxiān-kǒnghòu,,6,7,10651
w10652,正月,zhēngyuè,名,6,7,10652
w10653,挣扎,zhēngzhá,动,6,7,10653
w10655,整顿,zhěngdùn,动,6,7,10655
w10662,正当,zhèngdàng,形,6,7,10662
w10664,正经,zhèngjing,形,6,7,10664
w10666,正气,zhèngqì,名,6,7,10666
w10667,政权,zhèngquán,名,6,7,10667
w10672,郑重,zhèngzhòng,形,6,7,10672
w10673,正宗,zhèngzōng,名、形,6,7,10673
w10676,之际,zhījì,名,6,7,10676
w10679,知觉,zhījué,名,6,7,10679
w10680,支流,zhīliú,名,6,7,10680
w10682,支配,zhīpèi,动,6,7,10682
w10683,支票,zhīpiào,名,5,7,10683
w10686,支援,zhīyuán,动,6,7,10686
w10687,支柱,zhīzhù,名,6,7,10687
w10689,知足常乐,zhīzú-chánglè,,6,7,10689
w10694,直径,zhíjìng,名,6,7,10694
w10696,职能,zhínéng,名,6,7,10696
w10703,执照,zhízhào,名,5,7,10703
w10705,执着,zhízhuó,形,6,7,10705
w10707,指标,zhǐbiāo,名,6,7,10707
w10711,指甲,zhǐjia,名,6,7,10711
w10714,指令,zhǐlìng,动、名,6,7,10714
w10719,指望,zhǐwàng,动、名,6,7,10719
w10726,治安,zhì’ān,名,6,7,10726
w10727,制裁,zhìcái,动,6,7,10727
w10728,致辞,zhìcí,动,6,7,10728
w10731,制服,zhìfú,名,6,7,10731
w10736,滞留,zhìliú,动,6,7,10736
w10741,志气,zhìqì,名,6,7,10741
w10742,智商,zhìshāng,名,6,7,10742
w10743,致使,zhìshǐ,动、连,6,7,10743
w10749,制约,zhìyuē,动,6,7,10749
w10750,制止,zhìzhǐ,动,6,7,10750
w10752,忠诚,zhōngchéng,形,6,7,10752
w10757,终究,zhōngjiū,副,6,7,10757
w10758,中立,zhōnglì,动,6,7,10758
w10760,忠实,zhōngshí,形、动,6,7,10760
w10763,衷心,zhōngxīn,形,6,7,10763
w10770,终止,zhōngzhǐ,动,6,7,10770
w10771,肿瘤,zhǒngliú,名,6,7,10771
w10772,种族,zhǒngzú,名,6,7,10772
w10781,周密,zhōumì,形,6,7,10781
w10784,周折,zhōuzhé,名,6,7,10784
w10785,周转,zhōuzhuǎn,动,6,7,10785
w10788,皱纹,zhòuwén,名,6,7,10788
w10789,昼夜,zhòuyè,名,6,7,10789
w10792,诸位,zhūwèi,代,6,7,10792
w10794,逐年,zhúnián,副,6,7,10794
w10796,拄,zhǔ,动,6,7,10796
w10799,嘱咐,zhǔfù,动,6,7,10799
w10801,主权,zhǔquán,名,6,7,10801
w10807,主义,zhǔyì,名,6,7,10807
w10818,注射,zhùshè,动,6,7,10818
w10819,注视,zhùshì,动,6,7,10819
w10820,注释,zhùshì,动、名,6,7,10820
w10824,铸造,zhùzào,动,6,7,10824
w10825,驻扎,zhùzhā,动,6,7,10825
w10829,拽,zhuài,动,6,7,10829
w10830,专长,zhuāncháng,名,6,7,10830
w10831,专程,zhuānchéng,副,6,7,10831
w10842,转达,zhuǎndá,动,6,7,10842
w10848,转折,zhuǎnzhé,动,6,7,10848
w10851,传记,zhuànjì,名,6,7,10851
w10856,庄严,zhuāngyán,形,6,7,10856
w10859,庄重,zhuāngzhòng,形,6,7,10859
w10860,幢,zhuàng,量,6,7,10860
w10863,壮观,zhuàngguān,名、形,6,7,10863
w10865,壮丽,zhuànglì,形,6,7,10865
w10866,壮烈,zhuàngliè,形,6,7,10866
w10868,追悼,zhuīdào,动,6,7,10868
w10877,坠,zhuì,动、名,6,7,10877
w10880,准则,zhǔnzé,名,6,7,10880
w10888,着手,zhuóshǒu,动,6,7,10888
w10889,着想,zhuóxiǎng,动,6,7,10889
w10891,卓越,zhuóyuè,形,6,7,10891
w10892,着重,zhuózhòng,动,6,7,10892
w10897,滋润,zīrùn,形、动,6,7,10897
w10898,资深,zīshēn,形,6,7,10898
w10900,姿态,zītài,名,6,7,10900
w10901,滋味,zīwèi,名,6,7,10901
w10904,资助,zīzhù,动,6,7,10904
w10906,子弹,zǐdàn,名,6,7,10906
w10909,自卑,zìbēi,形,6,7,10909
w10911,自发,zìfā,形,6,7,10911
w10918,自力更生,zìlì-gēngshēng,,6,7,10918
w10919,自满,zìmǎn,形,6,7,10919
w10926,自私,zìsī,形,5,7,10926
w10936,自主,zìzhǔ,动,6,7,10936
w10939,踪迹,zōngjì,名,6,7,10939
w10940,宗教,zōngjiào,名,6,7,10940
w10942,宗旨,zōngzhǐ,名,6,7,10942
w10944,总而言之,zǒng’éryánzhī,,6,7,10944
w10945,总和,zǒnghé,名,6,7,10945
w10947,纵横,zònghéng,形、动,6,7,10947
w10953,走漏,zǒulòu,动,6,7,10953
w10955,走私,zǒusī,动,6,7,10955
w10958,揍,zòu,动,6,7,10958
w10960,租赁,zūlìn,动,6,7,10960
w10965,祖父,zǔfù,名,6,7,10965
w10968,阻拦,zǔlán,动,6,7,10968
w10971,阻挠,zǔnáo,动,6,7,10971
w10975,钻研,zuānyán,动,6,7,10975
w10976,钻石,zuànshí,名,6,7,10976
w10977,嘴唇,zuǐchún,名,6,7,10977
w10978,罪犯,zuìfàn,名,6,7,10978
w10981,遵循,zūnxún,动,6,7,10981
w10982,尊严,zūnyán,名,6,7,10982
w10984,琢磨,zuómo,动,6,7,10984
w10986,作弊,zuòbì,动,6,7,10986
w10988,作废,zuòfèi,动,6,7,10988
w10989,作风,zuòfēng,名,6,7,10989
w10996,作息,zuòxī,动,6,7,10996
w10997,座右铭,zuòyòumíng,名,6,7,10997
w11000,做主,zuòzhǔ,动,6,7,11000
w11001,北京,běijīng,,1,,
w11002,唱歌,chànggē,,2,,
w11003,打篮球,dǎlánqiú,,2,,
w11004,第一,dìyī,,2,,
w11005,服务员,fúwùyuán,,2,,
w11006,公共汽车,gōnggòngqìchē,,2,,
w11007,火车站,huǒchēzhàn,,2,,
w11008,面条,miàntiáo,,2,,
w11009,虽然……但是……,suīrándànshì,,2,,
w11010,踢足球,tīzúqiú,,2,,
w11011,羊肉,yángròu,,2,,
w11012,因为……所以……,yīnwèisuǒyǐ,,2,,
w11013,不但……而且……,bùdàn’érqiě,,3,,
w11014,春,chūn,,3,,
w11015,电子邮件,diànzǐyóujiàn,,3,,
w11016,冬,dōng,,3,,
w11017,刮风,guāfēng,,3,,
w11018,黄河,huánghé,,3,,
w11019,聊天,liáotiān,,3,,
w11020,绿,lǜ,,3,,
w11021,爬山,páshān,,3,,
w11022,秋,qiū,,3,,
w11023,刷牙,shuāyá,,3,,
w11024,夏,xià,,3,,
w11025,行李箱,xínglixiāng,,3,,
w11026,熊猫,xióngmāo,,3,,
w11027,照相机,zhàoxiàngjī,,3,,
w11028,只有……才……,zhǐyǒucái,,3,,
w11029,百分之,bǎifēnzhī,,4,,
w11030,长城,chángchéng,,4,,
w11031,长江,chángjiāng,,4,,
w11032,抽烟,chōuyān,,4,,
w11033,大使馆,dàshǐguǎn,,4,,
w11034,登机牌,dēngjīpái,,4,,
w11035,放暑假,fàngshǔjià,,4,,
w11036,付款,fùkuǎn,,4,,
w11037,高速公路,gāosùgōnglù,,4,,
w11038,烤鸭,kǎoyā,,4,,
w11039,垃圾桶,lājītǒng,,4,,
w11040,礼拜天,lǐbàitiān,,4,,
w11041,售货员,shòuhuòyuán,,4,,
w11042,塑料袋,sùliàodài,,4,,
w11043,弹钢琴,tángāngqín,,4,,
w11044,填空,tiánkòng,,4,,
w11045,充电器,chōngdiànqì,,5,,
w11046,钓,diào,,5,,
w11047,动画片,dònghuàpiàn,,5,,
w11048,度过,dùguò,,5,,
w11049,躲藏,duǒcáng,,5,,
w11050,管子,guǎnzi,,5,,
w11051,国庆节,guóqìngjié,,5,,
w11052,后背,hòubèi,,5,,
w11053,系领带,xìlǐngdài,,5,,
w11054,桔子,júzi,,5,,
w11055,流泪,liúlèi,,5,,
w11056,名胜古迹,míngshènggǔjì,,5,,
w11057,模特,mótè,,5,,
w11058,青少年,qīngshàonián,,5,,
w11059,忍不住,rěnbuzhù,,5,,
w11060,使劲儿,shǐjìnr,,5,,
w11061,摔倒,shuāidǎo,,5,,
w11062,太极拳,tàijíquán,,5,,
w11063,油炸,yóuzhá,,5,,
w11064,凹凸,āotū,,6,,
w11065,拔苗助长,bámiáozhùzhǎng,,6,,
w11066,斑,bān,,6,,
w11067,甭,béng,,6,,
w11068,闭塞,bìsè,,6,,
w11069,臂,bì,,6,,
w11070,贬义,biǎnyì,,6,,
w11071,便条,biàntiáo,,6,,
w11072,不屑一顾,bùxièyīgù,,6,,
w11073,不择手段,bùzéshǒuduàn,,6,,
w11074,布告,bùgào,,6,,
w11075,城堡,chéngbǎo,,6,,
w11076,橙,chéng,,6,,
w11077,喘气,chuǎnqì,,6,,
w11078,雌雄,cíxióng,,6,,
w11079,打官司,dǎguānsi,,6,,
w11080,稻谷,dàogǔ,,6,,
w11081,独裁,dúcái,,6,,
w11082,端午节,duānwǔjié,,6,,
w11083,短促,duǎncù,,6,,
w11084,多元化,duōyuánhuà,,6,,
w11085,粉色,fěnsè,,6,,
w11086,盖章,gàizhāng,,6,,
w11087,工艺品,gōngyìpǐn,,6,,
w11088,公安局,gōng’ānjú,,6,,
w11089,钩子,gōuzi,,6,,
w11090,棍棒,gùnbàng,,6,,
w11091,嗨,hāi,,6,,
w11092,合算,hésuàn,,6,,
w11093,狠心,hěnxīn,,6,,
w11094,候选,hòuxuǎn,,6,,
w11095,胡须,húxū,,6,,
w11096,火药,huǒyào,,6,,
w11097,舰艇,jiàntǐng,,6,,
w11098,经纬,jīngwěi,,6,,
w11099,空前绝后,kōngqiánjuéhòu,,6,,
w11100,捆绑,kǔnbǎng,,6,,
w11101,伶俐,línglì,,6,,
w11102,聋哑,lóngyǎ,,6,,
w11103,炉灶,lúzào,,6,,
w11104,墨水儿,mòshuǐr,,6,,
w11105,宁肯,nìngkěn,,6,,
w11106,纽扣儿,niǔkòu’ér,,6,,
w11107,畔,pàn,,6,,
w11108,片断,piànduàn,,6,,
w11109,气概,qìgài,,6,,
w11110,气功,qìgōng,,6,,
w11111,迄今为止,qìjīnwéizhǐ,,6,,
w11112,清真,qīngzhēn,,6,,
w11113,曲子,qǔzi,,6,,
w11114,犬,quǎn,,6,,
w11115,惹祸,rěhuò,,6,,
w11116,儒家,rújiā,,6,,
w11117,啥,shá,,6,,
w11118,梢,shāo,,6,,
w11119,生锈,shēngxiù,,6,,
w11120,涮火锅,shuànhuǒguō,,6,,
w11121,斯文,sīwén,,6,,
w11122,统筹兼顾,tǒngchóujiāngù,,6,,
w11123,涂抹,túmǒ,,6,,
w11124,乌黑,wūhēi,,6,,
w11125,无理取闹,wúlǐqǔnào,,6,,
w11126,无穷无尽,wúqióngwújìn,,6,,
w11127,霞,xiá,,6,,
w11128,贤惠,xiánhuì,,6,,
w11129,馅儿,xiànr,,6,,
w11130,乡镇,xiāngzhèn,,6,,
w11131,屑,xiè,,6,,
w11132,兴致勃勃,xìngzhìbóbó,,6,,
w11133,悬崖峭壁,xuányáqiàobì,,6,,
w11134,烟花爆竹,yānhuābàozhú,,6,,
w11135,摇滚,yáogǔn,,6,,
w11136,以至,yǐzhì,,6,,
w11137,翼,yì,,6,,
w11138,元宵节,yuánxiāojié,,6,,
w11139,咋,zǎ,,6,,
w11140,噪音,zàoyīn,,6,,
w11141,眨,zhǎ,,6,,
w11142,正负,zhèngfù,,6,,
w11143,殖民地,zhímíndì,,6,,
w11144,指南针,zhǐnánzhēn,,6,,
w11145,致力,zhìlì,,6,,
w11146,舟,zhōu,,6,,
w11147,装卸,zhuāngxiè,,6,,
