grammar_id,lesson_key,textbook_id,volume,lesson_id,lesson_number,lesson_title,pattern,function_zh,meaning_vi,meaning_vi_status,example_sentence_zh,evidence_zh,source_section,source_pdf_page,source_printed_page,source_pdf_pages,source_printed_pages,source_status,needs_manual,source_notes
boya-elementary-i:lesson-01:audit-grammar-001,boya-elementary-i:lesson-01,boya-elementary-i,初级起步篇 I,lesson-01,1,拼音和日常用语（一）,声调标在韵母主元音a、o、e、i、u、ü上,,Dấu thanh đặt trên nguyên âm chính của vần; ưu tiên a o e rồi mới đến i u ü.,translated_subagent_draft,声调要标在韵母中“a、o、e、i、u、ü”这六个字母上。；汉语中还有又轻又短的轻声，轻声不标声调符号。；j、q、x后的u是ü，i标调时不再加点。；你好；谢谢；不客气；对不起；没关系；再见。,声调要标在韵母中“a、o、e、i、u、ü”这六个字母上。；汉语中还有又轻又短的轻声，轻声不标声调符号。；j、q、x后的u是ü，i标调时不再加点。；你好；谢谢；不客气；对不起；没关系；再见。,注意／四声、轻声；注意／j-q-x与ü、i调号；日常用语；日常用语问答,13,2,13;14;15;16,2;3;4;5,phonetics_explicit_ocr_needs_manual,true,独立 PDF 语法审计草稿；拼音与用法说明明确出现，仍需逐页人工核对。
boya-elementary-i:lesson-01:audit-grammar-002,boya-elementary-i:lesson-01,boya-elementary-i,初级起步篇 I,lesson-01,1,拼音和日常用语（一）,轻声不标调号,,Âm nhẹ đọc ngắn và nhẹ; trong pinyin không ghi dấu thanh.,translated_subagent_draft,声调要标在韵母中“a、o、e、i、u、ü”这六个字母上。；汉语中还有又轻又短的轻声，轻声不标声调符号。；j、q、x后的u是ü，i标调时不再加点。；你好；谢谢；不客气；对不起；没关系；再见。,声调要标在韵母中“a、o、e、i、u、ü”这六个字母上。；汉语中还有又轻又短的轻声，轻声不标声调符号。；j、q、x后的u是ü，i标调时不再加点。；你好；谢谢；不客气；对不起；没关系；再见。,注意／四声、轻声；注意／j-q-x与ü、i调号；日常用语；日常用语问答,13,2,13;14;15;16,2;3;4;5,phonetics_explicit_ocr_needs_manual,true,独立 PDF 语法审计草稿；拼音与用法说明明确出现，仍需逐页人工核对。
boya-elementary-i:lesson-01:audit-grammar-003,boya-elementary-i:lesson-01,boya-elementary-i,初级起步篇 I,lesson-01,1,拼音和日常用语（一）,j/q/x后ü省略两点（写u）,,Sau j q x âm ü vẫn đọc là ü nhưng viết thành u và bỏ hai chấm.,translated_subagent_draft,声调要标在韵母中“a、o、e、i、u、ü”这六个字母上。；汉语中还有又轻又短的轻声，轻声不标声调符号。；j、q、x后的u是ü，i标调时不再加点。；你好；谢谢；不客气；对不起；没关系；再见。,声调要标在韵母中“a、o、e、i、u、ü”这六个字母上。；汉语中还有又轻又短的轻声，轻声不标声调符号。；j、q、x后的u是ü，i标调时不再加点。；你好；谢谢；不客气；对不起；没关系；再见。,注意／四声、轻声；注意／j-q-x与ü、i调号；日常用语；日常用语问答,13,2,13;14;15;16,2;3;4;5,phonetics_explicit_ocr_needs_manual,true,独立 PDF 语法审计草稿；拼音与用法说明明确出现，仍需逐页人工核对。
boya-elementary-i:lesson-01:audit-grammar-004,boya-elementary-i:lesson-01,boya-elementary-i,初级起步篇 I,lesson-01,1,拼音和日常用语（一）,i上标调时省略i点,,Khi i mang dấu thanh thì bỏ chấm trên i để tránh hai dấu.,translated_subagent_draft,声调要标在韵母中“a、o、e、i、u、ü”这六个字母上。；汉语中还有又轻又短的轻声，轻声不标声调符号。；j、q、x后的u是ü，i标调时不再加点。；你好；谢谢；不客气；对不起；没关系；再见。,声调要标在韵母中“a、o、e、i、u、ü”这六个字母上。；汉语中还有又轻又短的轻声，轻声不标声调符号。；j、q、x后的u是ü，i标调时不再加点。；你好；谢谢；不客气；对不起；没关系；再见。,注意／四声、轻声；注意／j-q-x与ü、i调号；日常用语；日常用语问答,13,2,13;14;15;16,2;3;4;5,phonetics_explicit_ocr_needs_manual,true,独立 PDF 语法审计草稿；拼音与用法说明明确出现，仍需逐页人工核对。
boya-elementary-i:lesson-02:audit-grammar-001,boya-elementary-i:lesson-02,boya-elementary-i,初级起步篇 I,lesson-02,2,拼音和日常用语（二）,复韵母、鼻韵母辨音,,Phân biệt âm ghép và âm mũi qua cách phát âm; chú ý phần vần và âm cuối.,translated_subagent_draft,声调标写顺序为：a、o、e、i、u、ü。；u和i一起出现时，声调要标在后面的元音上。；早上好；晚上好；明天见；请进；什么；多少钱。,声调标写顺序为：a、o、e、i、u、ü。；u和i一起出现时，声调要标在后面的元音上。；早上好；晚上好；明天见；请进；什么；多少钱。,复韵母／听辨；注意／调号顺序；日常用语,17,6,17;18;20,6;7;9,phonetics_explicit_ocr_needs_manual,true,独立 PDF 语法审计草稿；拼音与用法说明明确出现，仍需逐页人工核对。
boya-elementary-i:lesson-02:audit-grammar-002,boya-elementary-i:lesson-02,boya-elementary-i,初级起步篇 I,lesson-02,2,拼音和日常用语（二）,调号标写顺序a、o、e、i、u、ü,,Khi ghi pinyin hãy đặt dấu thanh theo thứ tự ưu tiên a o e i u ü.,translated_subagent_draft,声调标写顺序为：a、o、e、i、u、ü。；u和i一起出现时，声调要标在后面的元音上。；早上好；晚上好；明天见；请进；什么；多少钱。,声调标写顺序为：a、o、e、i、u、ü。；u和i一起出现时，声调要标在后面的元音上。；早上好；晚上好；明天见；请进；什么；多少钱。,复韵母／听辨；注意／调号顺序；日常用语,17,6,17;18;20,6;7;9,phonetics_explicit_ocr_needs_manual,true,独立 PDF 语法审计草稿；拼音与用法说明明确出现，仍需逐页人工核对。
boya-elementary-i:lesson-02:audit-grammar-003,boya-elementary-i:lesson-02,boya-elementary-i,初级起步篇 I,lesson-02,2,拼音和日常用语（二）,u和i同现时调号标在后一个元音,,Nếu u và i cùng có trong một vần thì dấu thanh đặt trên nguyên âm đứng sau.,translated_subagent_draft,声调标写顺序为：a、o、e、i、u、ü。；u和i一起出现时，声调要标在后面的元音上。；早上好；晚上好；明天见；请进；什么；多少钱。,声调标写顺序为：a、o、e、i、u、ü。；u和i一起出现时，声调要标在后面的元音上。；早上好；晚上好；明天见；请进；什么；多少钱。,复韵母／听辨；注意／调号顺序；日常用语,17,6,17;18;20,6;7;9,phonetics_explicit_ocr_needs_manual,true,独立 PDF 语法审计草稿；拼音与用法说明明确出现，仍需逐页人工核对。
boya-elementary-i:lesson-03:audit-grammar-001,boya-elementary-i:lesson-03,boya-elementary-i,初级起步篇 I,lesson-03,3,拼音和日常用语（三）,儿化韵：er接在名词词尾并与前韵母融合，写作r,,Âm er gắn sau danh từ và hòa vào vần trước; khi viết thường chỉ thêm r. Cách này có thể gợi sắc thái nhỏ hoặc thân mật.,translated_subagent_draft,儿化韵有时表示喜爱或小巧，部分词儿化后词义、词性变化。；i开头韵母前无声母时写成yi、yin、ying或ya、ye、yao、you等。；ü开头无声母写yu、yue、yuan、yun；u开头无声母加w。；‘不’在第四声前变调；‘一’在不同声调前变调（具体调值请看图核对）。；明白了；我听不懂；请再说一遍；太贵了；便宜（一）点儿吧；厕所在哪儿？,儿化韵有时表示喜爱或小巧，部分词儿化后词义、词性变化。；i开头韵母前无声母时写成yi、yin、ying或ya、ye、yao、you等。；ü开头无声母写yu、yue、yuan、yun；u开头无声母加w。；‘不’在第四声前变调；‘一’在不同声调前变调（具体调值请看图核对）。；明白了；我听不懂；请再说一遍；太贵了；便宜（一）点儿吧；厕所在哪儿？,儿化韵；儿化韵说明；y和w拼写；三声变调／不、一变调；日常用语,21,10,21;22;23;24;26,10;11;12;13;15,phonetics_explicit_ocr_needs_manual,true,独立 PDF 语法审计草稿；拼音与用法说明明确出现，仍需逐页人工核对。
boya-elementary-i:lesson-03:audit-grammar-002,boya-elementary-i:lesson-03,boya-elementary-i,初级起步篇 I,lesson-03,3,拼音和日常用语（三）,无声母时i开头韵母写y（yi/yin/ying、ya/ye/yao/you等）,,Khi vần bắt đầu bằng i mà không có phụ âm đầu thì dùng y để viết như yi hoặc yao.,translated_subagent_draft,儿化韵有时表示喜爱或小巧，部分词儿化后词义、词性变化。；i开头韵母前无声母时写成yi、yin、ying或ya、ye、yao、you等。；ü开头无声母写yu、yue、yuan、yun；u开头无声母加w。；‘不’在第四声前变调；‘一’在不同声调前变调（具体调值请看图核对）。；明白了；我听不懂；请再说一遍；太贵了；便宜（一）点儿吧；厕所在哪儿？,儿化韵有时表示喜爱或小巧，部分词儿化后词义、词性变化。；i开头韵母前无声母时写成yi、yin、ying或ya、ye、yao、you等。；ü开头无声母写yu、yue、yuan、yun；u开头无声母加w。；‘不’在第四声前变调；‘一’在不同声调前变调（具体调值请看图核对）。；明白了；我听不懂；请再说一遍；太贵了；便宜（一）点儿吧；厕所在哪儿？,儿化韵；儿化韵说明；y和w拼写；三声变调／不、一变调；日常用语,21,10,21;22;23;24;26,10;11;12;13;15,phonetics_explicit_ocr_needs_manual,true,独立 PDF 语法审计草稿；拼音与用法说明明确出现，仍需逐页人工核对。
boya-elementary-i:lesson-03:audit-grammar-003,boya-elementary-i:lesson-03,boya-elementary-i,初级起步篇 I,lesson-03,3,拼音和日常用语（三）,无声母时ü开头写yu/yue/yuan/yun，u开头写wu/wa/wo等,,Khi ü hoặc u đứng đầu vần không có phụ âm đầu thì viết yu hoặc wu cùng các dạng liên quan.,translated_subagent_draft,儿化韵有时表示喜爱或小巧，部分词儿化后词义、词性变化。；i开头韵母前无声母时写成yi、yin、ying或ya、ye、yao、you等。；ü开头无声母写yu、yue、yuan、yun；u开头无声母加w。；‘不’在第四声前变调；‘一’在不同声调前变调（具体调值请看图核对）。；明白了；我听不懂；请再说一遍；太贵了；便宜（一）点儿吧；厕所在哪儿？,儿化韵有时表示喜爱或小巧，部分词儿化后词义、词性变化。；i开头韵母前无声母时写成yi、yin、ying或ya、ye、yao、you等。；ü开头无声母写yu、yue、yuan、yun；u开头无声母加w。；‘不’在第四声前变调；‘一’在不同声调前变调（具体调值请看图核对）。；明白了；我听不懂；请再说一遍；太贵了；便宜（一）点儿吧；厕所在哪儿？,儿化韵；儿化韵说明；y和w拼写；三声变调／不、一变调；日常用语,21,10,21;22;23;24;26,10;11;12;13;15,phonetics_explicit_ocr_needs_manual,true,独立 PDF 语法审计草稿；拼音与用法说明明确出现，仍需逐页人工核对。
boya-elementary-i:lesson-03:audit-grammar-004,boya-elementary-i:lesson-03,boya-elementary-i,初级起步篇 I,lesson-03,3,拼音和日常用语（三）,三声变调,,Hai thanh ba liền nhau thường đổi thanh ba thứ nhất thành thanh hai khi đọc.,translated_subagent_draft,儿化韵有时表示喜爱或小巧，部分词儿化后词义、词性变化。；i开头韵母前无声母时写成yi、yin、ying或ya、ye、yao、you等。；ü开头无声母写yu、yue、yuan、yun；u开头无声母加w。；‘不’在第四声前变调；‘一’在不同声调前变调（具体调值请看图核对）。；明白了；我听不懂；请再说一遍；太贵了；便宜（一）点儿吧；厕所在哪儿？,儿化韵有时表示喜爱或小巧，部分词儿化后词义、词性变化。；i开头韵母前无声母时写成yi、yin、ying或ya、ye、yao、you等。；ü开头无声母写yu、yue、yuan、yun；u开头无声母加w。；‘不’在第四声前变调；‘一’在不同声调前变调（具体调值请看图核对）。；明白了；我听不懂；请再说一遍；太贵了；便宜（一）点儿吧；厕所在哪儿？,儿化韵；儿化韵说明；y和w拼写；三声变调／不、一变调；日常用语,21,10,21;22;23;24;26,10;11;12;13;15,phonetics_explicit_ocr_needs_manual,true,独立 PDF 语法审计草稿；拼音与用法说明明确出现，仍需逐页人工核对。
boya-elementary-i:lesson-03:audit-grammar-005,boya-elementary-i:lesson-03,boya-elementary-i,初级起步篇 I,lesson-03,3,拼音和日常用语（三）,不的变调,,Bù đổi thành thanh hai trước âm tiết thanh bốn; các trường hợp khác thường giữ thanh bốn.,translated_subagent_draft,儿化韵有时表示喜爱或小巧，部分词儿化后词义、词性变化。；i开头韵母前无声母时写成yi、yin、ying或ya、ye、yao、you等。；ü开头无声母写yu、yue、yuan、yun；u开头无声母加w。；‘不’在第四声前变调；‘一’在不同声调前变调（具体调值请看图核对）。；明白了；我听不懂；请再说一遍；太贵了；便宜（一）点儿吧；厕所在哪儿？,儿化韵有时表示喜爱或小巧，部分词儿化后词义、词性变化。；i开头韵母前无声母时写成yi、yin、ying或ya、ye、yao、you等。；ü开头无声母写yu、yue、yuan、yun；u开头无声母加w。；‘不’在第四声前变调；‘一’在不同声调前变调（具体调值请看图核对）。；明白了；我听不懂；请再说一遍；太贵了；便宜（一）点儿吧；厕所在哪儿？,儿化韵；儿化韵说明；y和w拼写；三声变调／不、一变调；日常用语,21,10,21;22;23;24;26,10;11;12;13;15,phonetics_explicit_ocr_needs_manual,true,独立 PDF 语法审计草稿；拼音与用法说明明确出现，仍需逐页人工核对。
boya-elementary-i:lesson-03:audit-grammar-006,boya-elementary-i:lesson-03,boya-elementary-i,初级起步篇 I,lesson-03,3,拼音和日常用语（三）,一的变调,,Yī đổi thanh theo âm tiết sau; trước thanh bốn đọc thanh hai và trước thanh một hai ba thường đọc thanh bốn.,translated_subagent_draft,儿化韵有时表示喜爱或小巧，部分词儿化后词义、词性变化。；i开头韵母前无声母时写成yi、yin、ying或ya、ye、yao、you等。；ü开头无声母写yu、yue、yuan、yun；u开头无声母加w。；‘不’在第四声前变调；‘一’在不同声调前变调（具体调值请看图核对）。；明白了；我听不懂；请再说一遍；太贵了；便宜（一）点儿吧；厕所在哪儿？,儿化韵有时表示喜爱或小巧，部分词儿化后词义、词性变化。；i开头韵母前无声母时写成yi、yin、ying或ya、ye、yao、you等。；ü开头无声母写yu、yue、yuan、yun；u开头无声母加w。；‘不’在第四声前变调；‘一’在不同声调前变调（具体调值请看图核对）。；明白了；我听不懂；请再说一遍；太贵了；便宜（一）点儿吧；厕所在哪儿？,儿化韵；儿化韵说明；y和w拼写；三声变调／不、一变调；日常用语,21,10,21;22;23;24;26,10;11;12;13;15,phonetics_explicit_ocr_needs_manual,true,独立 PDF 语法审计草稿；拼音与用法说明明确出现，仍需逐页人工核对。
boya-elementary-i:lesson-04:audit-grammar-001,boya-elementary-i:lesson-04,boya-elementary-i,初级起步篇 I,lesson-04,4,你叫什么名字,S+叫+名字,,Dùng 叫 sau chủ ngữ để nói tên của mình hoặc hỏi tên người khác.,translated_subagent_draft,你叫什么名字？；我叫李军。；你是留学生吗？；他不是留学生，是中国学生。；他姓什么？,你叫什么名字？；我叫李军。；你是留学生吗？；他不是留学生，是中国学生。；他姓什么？,交际练习／问题提示；重点句子,33,22,33;34,22;23,explicit_section_ocr_needs_manual,true,独立 PDF 语法审计草稿；参考句式／句型明确出现，仍需逐页人工核对。
boya-elementary-i:lesson-04:audit-grammar-002,boya-elementary-i:lesson-04,boya-elementary-i,初级起步篇 I,lesson-04,4,你叫什么名字,S+姓+姓氏,,Dùng 姓 trước họ để giới thiệu hoặc hỏi họ; chỉ dùng cho họ chứ không dùng cho tên đầy đủ.,translated_subagent_draft,你叫什么名字？；我叫李军。；你是留学生吗？；他不是留学生，是中国学生。；他姓什么？,你叫什么名字？；我叫李军。；你是留学生吗？；他不是留学生，是中国学生。；他姓什么？,交际练习／问题提示；重点句子,33,22,33;34,22;23,explicit_section_ocr_needs_manual,true,独立 PDF 语法审计草稿；参考句式／句型明确出现，仍需逐页人工核对。
boya-elementary-i:lesson-04:audit-grammar-003,boya-elementary-i:lesson-04,boya-elementary-i,初级起步篇 I,lesson-04,4,你叫什么名字,S+是+身份／国籍,,Dùng 是 nối chủ ngữ với thân phận quốc tịch hoặc nghề nghiệp.,translated_subagent_draft,你叫什么名字？；我叫李军。；你是留学生吗？；他不是留学生，是中国学生。；他姓什么？,你叫什么名字？；我叫李军。；你是留学生吗？；他不是留学生，是中国学生。；他姓什么？,交际练习／问题提示；重点句子,33,22,33;34,22;23,explicit_section_ocr_needs_manual,true,独立 PDF 语法审计草稿；参考句式／句型明确出现，仍需逐页人工核对。
boya-elementary-i:lesson-04:audit-grammar-004,boya-elementary-i:lesson-04,boya-elementary-i,初级起步篇 I,lesson-04,4,你叫什么名字,是……吗？／吗问句,,Thêm 吗 cuối câu trần thuật để tạo câu hỏi có hoặc không.,translated_subagent_draft,你叫什么名字？；我叫李军。；你是留学生吗？；他不是留学生，是中国学生。；他姓什么？,你叫什么名字？；我叫李军。；你是留学生吗？；他不是留学生，是中国学生。；他姓什么？,交际练习／问题提示；重点句子,33,22,33;34,22;23,explicit_section_ocr_needs_manual,true,独立 PDF 语法审计草稿；参考句式／句型明确出现，仍需逐页人工核对。
boya-elementary-i:lesson-04:audit-grammar-005,boya-elementary-i:lesson-04,boya-elementary-i,初级起步篇 I,lesson-04,4,你叫什么名字,不是……（是……）,,Dùng 不是 để phủ định; có thể thêm 是 sau đó để sửa hoặc nêu thông tin đúng.,translated_subagent_draft,你叫什么名字？；我叫李军。；你是留学生吗？；他不是留学生，是中国学生。；他姓什么？,你叫什么名字？；我叫李军。；你是留学生吗？；他不是留学生，是中国学生。；他姓什么？,交际练习／问题提示；重点句子,33,22,33;34,22;23,explicit_section_ocr_needs_manual,true,独立 PDF 语法审计草稿；参考句式／句型明确出现，仍需逐页人工核对。
boya-elementary-i:lesson-04:audit-grammar-006,boya-elementary-i:lesson-04,boya-elementary-i,初级起步篇 I,lesson-04,4,你叫什么名字,什么疑问词,,Dùng 什么 để hỏi sự vật thông tin hoặc tên chưa biết.,translated_subagent_draft,你叫什么名字？；我叫李军。；你是留学生吗？；他不是留学生，是中国学生。；他姓什么？,你叫什么名字？；我叫李军。；你是留学生吗？；他不是留学生，是中国学生。；他姓什么？,交际练习／问题提示；重点句子,33,22,33;34,22;23,explicit_section_ocr_needs_manual,true,独立 PDF 语法审计草稿；参考句式／句型明确出现，仍需逐页人工核对。
boya-elementary-i:lesson-05:audit-grammar-001,boya-elementary-i:lesson-05,boya-elementary-i,初级起步篇 I,lesson-05,5,认识你很高兴,也（A也……）,,也 nghĩa là cũng; dùng để thêm một điểm giống với thông tin vừa nêu.,translated_subagent_draft,我也很高兴。；我是韩国留学生，你呢？；你是哪国人？；你是哪个大学的留学生？；她是我的同学，也是我的同屋。；‘们’只能用于表示人的名词后；有数量词或其他复数成分时不能用。,我也很高兴。；我是韩国留学生，你呢？；你是哪国人？；你是哪个大学的留学生？；她是我的同学，也是我的同屋。；‘们’只能用于表示人的名词后；有数量词或其他复数成分时不能用。,注意／们；注意／国家表达；交际练习／问题提示；重点句子,37,26,37;39;42;43,26;28;31;32,explicit_section_ocr_needs_manual,true,独立 PDF 语法审计草稿；参考句式／句型明确出现，仍需逐页人工核对。
boya-elementary-i:lesson-05:audit-grammar-002,boya-elementary-i:lesson-05,boya-elementary-i,初级起步篇 I,lesson-05,5,认识你很高兴,很+形容词,,Rất đứng trước tính từ để miêu tả mức độ; trong câu khẳng định thường làm câu tự nhiên hơn.,translated_subagent_draft,我也很高兴。；我是韩国留学生，你呢？；你是哪国人？；你是哪个大学的留学生？；她是我的同学，也是我的同屋。；‘们’只能用于表示人的名词后；有数量词或其他复数成分时不能用。,我也很高兴。；我是韩国留学生，你呢？；你是哪国人？；你是哪个大学的留学生？；她是我的同学，也是我的同屋。；‘们’只能用于表示人的名词后；有数量词或其他复数成分时不能用。,注意／们；注意／国家表达；交际练习／问题提示；重点句子,37,26,37;39;42;43,26;28;31;32,explicit_section_ocr_needs_manual,true,独立 PDF 语法审计草稿；参考句式／句型明确出现，仍需逐页人工核对。
boya-elementary-i:lesson-05:audit-grammar-003,boya-elementary-i:lesson-05,boya-elementary-i,初级起步篇 I,lesson-05,5,认识你很高兴,呢追问／转问,,呢 đặt sau chủ đề hoặc câu hỏi để hỏi tiếp hay chuyển câu hỏi sang người khác.,translated_subagent_draft,我也很高兴。；我是韩国留学生，你呢？；你是哪国人？；你是哪个大学的留学生？；她是我的同学，也是我的同屋。；‘们’只能用于表示人的名词后；有数量词或其他复数成分时不能用。,我也很高兴。；我是韩国留学生，你呢？；你是哪国人？；你是哪个大学的留学生？；她是我的同学，也是我的同屋。；‘们’只能用于表示人的名词后；有数量词或其他复数成分时不能用。,注意／们；注意／国家表达；交际练习／问题提示；重点句子,37,26,37;39;42;43,26;28;31;32,explicit_section_ocr_needs_manual,true,独立 PDF 语法审计草稿；参考句式／句型明确出现，仍需逐页人工核对。
boya-elementary-i:lesson-05:audit-grammar-004,boya-elementary-i:lesson-05,boya-elementary-i,初级起步篇 I,lesson-05,5,认识你很高兴,的领属定语,,的 nối người hoặc sự vật sở hữu với danh từ phía sau; tương đương của hoặc thuộc về.,translated_subagent_draft,我也很高兴。；我是韩国留学生，你呢？；你是哪国人？；你是哪个大学的留学生？；她是我的同学，也是我的同屋。；‘们’只能用于表示人的名词后；有数量词或其他复数成分时不能用。,我也很高兴。；我是韩国留学生，你呢？；你是哪国人？；你是哪个大学的留学生？；她是我的同学，也是我的同屋。；‘们’只能用于表示人的名词后；有数量词或其他复数成分时不能用。,注意／们；注意／国家表达；交际练习／问题提示；重点句子,37,26,37;39;42;43,26;28;31;32,explicit_section_ocr_needs_manual,true,独立 PDF 语法审计草稿；参考句式／句型明确出现，仍需逐页人工核对。
boya-elementary-i:lesson-05:audit-grammar-005,boya-elementary-i:lesson-05,boya-elementary-i,初级起步篇 I,lesson-05,5,认识你很高兴,是／也是,,是 dùng để xác định; 也是 nghĩa là cũng là và bổ sung một thân phận hay quan hệ nữa.,translated_subagent_draft,我也很高兴。；我是韩国留学生，你呢？；你是哪国人？；你是哪个大学的留学生？；她是我的同学，也是我的同屋。；‘们’只能用于表示人的名词后；有数量词或其他复数成分时不能用。,我也很高兴。；我是韩国留学生，你呢？；你是哪国人？；你是哪个大学的留学生？；她是我的同学，也是我的同屋。；‘们’只能用于表示人的名词后；有数量词或其他复数成分时不能用。,注意／们；注意／国家表达；交际练习／问题提示；重点句子,37,26,37;39;42;43,26;28;31;32,explicit_section_ocr_needs_manual,true,独立 PDF 语法审计草稿；参考句式／句型明确出现，仍需逐页人工核对。
boya-elementary-i:lesson-05:audit-grammar-006,boya-elementary-i:lesson-05,boya-elementary-i,初级起步篇 I,lesson-05,5,认识你很高兴,哪／哪个疑问,,Dùng 哪 hoặc 哪个 để hỏi lựa chọn trong một nhóm như nước nào hoặc trường nào.,translated_subagent_draft,我也很高兴。；我是韩国留学生，你呢？；你是哪国人？；你是哪个大学的留学生？；她是我的同学，也是我的同屋。；‘们’只能用于表示人的名词后；有数量词或其他复数成分时不能用。,我也很高兴。；我是韩国留学生，你呢？；你是哪国人？；你是哪个大学的留学生？；她是我的同学，也是我的同屋。；‘们’只能用于表示人的名词后；有数量词或其他复数成分时不能用。,注意／们；注意／国家表达；交际练习／问题提示；重点句子,37,26,37;39;42;43,26;28;31;32,explicit_section_ocr_needs_manual,true,独立 PDF 语法审计草稿；参考句式／句型明确出现，仍需逐页人工核对。
boya-elementary-i:lesson-05:audit-grammar-007,boya-elementary-i:lesson-05,boya-elementary-i,初级起步篇 I,lesson-05,5,认识你很高兴,人名词后们（数量词前不用）,,们 đặt sau danh từ chỉ người để chỉ số nhiều; không dùng khi đã có số từ hay từ chỉ số nhiều khác.,translated_subagent_draft,我也很高兴。；我是韩国留学生，你呢？；你是哪国人？；你是哪个大学的留学生？；她是我的同学，也是我的同屋。；‘们’只能用于表示人的名词后；有数量词或其他复数成分时不能用。,我也很高兴。；我是韩国留学生，你呢？；你是哪国人？；你是哪个大学的留学生？；她是我的同学，也是我的同屋。；‘们’只能用于表示人的名词后；有数量词或其他复数成分时不能用。,注意／们；注意／国家表达；交际练习／问题提示；重点句子,37,26,37;39;42;43,26;28;31;32,explicit_section_ocr_needs_manual,true,独立 PDF 语法审计草稿；参考句式／句型明确出现，仍需逐页人工核对。
boya-elementary-i:lesson-06:audit-grammar-001,boya-elementary-i:lesson-06,boya-elementary-i,初级起步篇 I,lesson-06,6,这是什么,这／那+是+什么／谁,,Dùng 这 hoặc 那 kết hợp 是 什么 hay 谁 để hỏi đây kia là vật gì hoặc người nào.,translated_subagent_draft,这／那是什么？；这／那是谁……？；这／那是……吗？；我来介绍一下儿……；这是谁的手机？；这是我的好朋友。；我们的教室很大。,这／那是什么？；这／那是谁……？；这／那是……吗？；我来介绍一下儿……；这是谁的手机？；这是我的好朋友。；我们的教室很大。,的短语；注意／的用法；参考句式；重点句子,46,35,46;47;51;52,35;36;40;41,explicit_section_ocr_needs_manual,true,独立 PDF 语法审计草稿；参考句式／句型明确出现，仍需逐页人工核对。
boya-elementary-i:lesson-06:audit-grammar-002,boya-elementary-i:lesson-06,boya-elementary-i,初级起步篇 I,lesson-06,6,这是什么,这／那是谁的……？,,Dùng 这或那是谁的… để hỏi đồ vật thuộc về ai.,translated_subagent_draft,这／那是什么？；这／那是谁……？；这／那是……吗？；我来介绍一下儿……；这是谁的手机？；这是我的好朋友。；我们的教室很大。,这／那是什么？；这／那是谁……？；这／那是……吗？；我来介绍一下儿……；这是谁的手机？；这是我的好朋友。；我们的教室很大。,的短语；注意／的用法；参考句式；重点句子,46,35,46;47;51;52,35;36;40;41,explicit_section_ocr_needs_manual,true,独立 PDF 语法审计草稿；参考句式／句型明确出现，仍需逐页人工核对。
boya-elementary-i:lesson-06:audit-grammar-003,boya-elementary-i:lesson-06,boya-elementary-i,初级起步篇 I,lesson-06,6,这是什么,的领属与定语（属性定语通常不加的；很修饰定语需的）,,的 đánh dấu quan hệ sở hữu hoặc bổ nghĩa; tính từ chỉ thuộc tính quen thuộc thường có thể không cần 的.,translated_subagent_draft,这／那是什么？；这／那是谁……？；这／那是……吗？；我来介绍一下儿……；这是谁的手机？；这是我的好朋友。；我们的教室很大。,这／那是什么？；这／那是谁……？；这／那是……吗？；我来介绍一下儿……；这是谁的手机？；这是我的好朋友。；我们的教室很大。,的短语；注意／的用法；参考句式；重点句子,46,35,46;47;51;52,35;36;40;41,explicit_section_ocr_needs_manual,true,独立 PDF 语法审计草稿；参考句式／句型明确出现，仍需逐页人工核对。
boya-elementary-i:lesson-06:audit-grammar-004,boya-elementary-i:lesson-06,boya-elementary-i,初级起步篇 I,lesson-06,6,这是什么,我来介绍一下儿……,,Dùng 我来介绍一下… để chủ động mở đầu việc giới thiệu người hoặc sự vật.,translated_subagent_draft,这／那是什么？；这／那是谁……？；这／那是……吗？；我来介绍一下儿……；这是谁的手机？；这是我的好朋友。；我们的教室很大。,这／那是什么？；这／那是谁……？；这／那是……吗？；我来介绍一下儿……；这是谁的手机？；这是我的好朋友。；我们的教室很大。,的短语；注意／的用法；参考句式；重点句子,46,35,46;47;51;52,35;36;40;41,explicit_section_ocr_needs_manual,true,独立 PDF 语法审计草稿；参考句式／句型明确出现，仍需逐页人工核对。
boya-elementary-i:lesson-06:audit-grammar-005,boya-elementary-i:lesson-06,boya-elementary-i,初级起步篇 I,lesson-06,6,这是什么,是字句／形容词谓语,,是字句 dùng để xác định danh từ; tính từ cũng có thể trực tiếp làm vị ngữ để miêu tả.,translated_subagent_draft,这／那是什么？；这／那是谁……？；这／那是……吗？；我来介绍一下儿……；这是谁的手机？；这是我的好朋友。；我们的教室很大。,这／那是什么？；这／那是谁……？；这／那是……吗？；我来介绍一下儿……；这是谁的手机？；这是我的好朋友。；我们的教室很大。,的短语；注意／的用法；参考句式；重点句子,46,35,46;47;51;52,35;36;40;41,explicit_section_ocr_needs_manual,true,独立 PDF 语法审计草稿；参考句式／句型明确出现，仍需逐页人工核对。
boya-elementary-i:lesson-07:audit-grammar-001,boya-elementary-i:lesson-07,boya-elementary-i,初级起步篇 I,lesson-07,7,欢迎去我家玩儿,在+地点（住／存在）,,在加 địa điểm diễn tả ở hoặc sống tại một nơi; dùng với động từ như 住 hoặc 有.,translated_subagent_draft,你……在哪儿？；你的……在这儿吗？；你住在哪儿？；我住在学校外边。；她的家就在我们学校的东边。；欢迎去我家玩儿。；右边是谁的房间？,你……在哪儿？；你的……在这儿吗？；你住在哪儿？；我住在学校外边。；她的家就在我们学校的东边。；欢迎去我家玩儿。；右边是谁的房间？,注意／就；参考句式／处所；重点句子／问题提示,56,45,56;58;60,45;47;49,explicit_section_ocr_needs_manual,true,独立 PDF 语法审计草稿；参考句式／句型明确出现，仍需逐页人工核对。
boya-elementary-i:lesson-07:audit-grammar-002,boya-elementary-i:lesson-07,boya-elementary-i,初级起步篇 I,lesson-07,7,欢迎去我家玩儿,你……在哪儿？,,Dùng 在哪儿 sau chủ ngữ để hỏi người hoặc vật ở đâu.,translated_subagent_draft,你……在哪儿？；你的……在这儿吗？；你住在哪儿？；我住在学校外边。；她的家就在我们学校的东边。；欢迎去我家玩儿。；右边是谁的房间？,你……在哪儿？；你的……在这儿吗？；你住在哪儿？；我住在学校外边。；她的家就在我们学校的东边。；欢迎去我家玩儿。；右边是谁的房间？,注意／就；参考句式／处所；重点句子／问题提示,56,45,56;58;60,45;47;49,explicit_section_ocr_needs_manual,true,独立 PDF 语法审计草稿；参考句式／句型明确出现，仍需逐页人工核对。
boya-elementary-i:lesson-07:audit-grammar-003,boya-elementary-i:lesson-07,boya-elementary-i,初级起步篇 I,lesson-07,7,欢迎去我家玩儿,的+方位词与处所省略的,,的 kết hợp từ chỉ vị trí tạo cụm như 我的旁边; với nơi chốn quen thuộc đôi khi có thể lược 的.,translated_subagent_draft,你……在哪儿？；你的……在这儿吗？；你住在哪儿？；我住在学校外边。；她的家就在我们学校的东边。；欢迎去我家玩儿。；右边是谁的房间？,你……在哪儿？；你的……在这儿吗？；你住在哪儿？；我住在学校外边。；她的家就在我们学校的东边。；欢迎去我家玩儿。；右边是谁的房间？,注意／就；参考句式／处所；重点句子／问题提示,56,45,56;58;60,45;47;49,explicit_section_ocr_needs_manual,true,独立 PDF 语法审计草稿；参考句式／句型明确出现，仍需逐页人工核对。
boya-elementary-i:lesson-07:audit-grammar-004,boya-elementary-i:lesson-07,boya-elementary-i,初级起步篇 I,lesson-07,7,欢迎去我家玩儿,就+动词（加强肯定）,,就 đứng trước động từ để nhấn mạnh sự khẳng định hoặc sự việc xảy ra đúng như vậy.,translated_subagent_draft,你……在哪儿？；你的……在这儿吗？；你住在哪儿？；我住在学校外边。；她的家就在我们学校的东边。；欢迎去我家玩儿。；右边是谁的房间？,你……在哪儿？；你的……在这儿吗？；你住在哪儿？；我住在学校外边。；她的家就在我们学校的东边。；欢迎去我家玩儿。；右边是谁的房间？,注意／就；参考句式／处所；重点句子／问题提示,56,45,56;58;60,45;47;49,explicit_section_ocr_needs_manual,true,独立 PDF 语法审计草稿；参考句式／句型明确出现，仍需逐页人工核对。
boya-elementary-i:lesson-07:audit-grammar-005,boya-elementary-i:lesson-07,boya-elementary-i,初级起步篇 I,lesson-07,7,欢迎去我家玩儿,欢迎+去／来+地点+V,,Dùng 欢迎加 来或去 và địa điểm để mời ai đến một nơi.,translated_subagent_draft,你……在哪儿？；你的……在这儿吗？；你住在哪儿？；我住在学校外边。；她的家就在我们学校的东边。；欢迎去我家玩儿。；右边是谁的房间？,你……在哪儿？；你的……在这儿吗？；你住在哪儿？；我住在学校外边。；她的家就在我们学校的东边。；欢迎去我家玩儿。；右边是谁的房间？,注意／就；参考句式／处所；重点句子／问题提示,56,45,56;58;60,45;47;49,explicit_section_ocr_needs_manual,true,独立 PDF 语法审计草稿；参考句式／句型明确出现，仍需逐页人工核对。
boya-elementary-i:lesson-07:audit-grammar-006,boya-elementary-i:lesson-07,boya-elementary-i,初级起步篇 I,lesson-07,7,欢迎去我家玩儿,吗问句,,吗 ở cuối câu biến câu kể thành câu hỏi đúng sai.,translated_subagent_draft,你……在哪儿？；你的……在这儿吗？；你住在哪儿？；我住在学校外边。；她的家就在我们学校的东边。；欢迎去我家玩儿。；右边是谁的房间？,你……在哪儿？；你的……在这儿吗？；你住在哪儿？；我住在学校外边。；她的家就在我们学校的东边。；欢迎去我家玩儿。；右边是谁的房间？,注意／就；参考句式／处所；重点句子／问题提示,56,45,56;58;60,45;47;49,explicit_section_ocr_needs_manual,true,独立 PDF 语法审计草稿；参考句式／句型明确出现，仍需逐页人工核对。
boya-elementary-i:lesson-08:audit-grammar-001,boya-elementary-i:lesson-08,boya-elementary-i,初级起步篇 I,lesson-08,8,明天晚上你有时间吗,时间词作状语,,Từ chỉ thời gian thường đứng trước động từ để nói hành động diễn ra khi nào.,translated_subagent_draft,你今天上午八点有课吗？；有什么课？；明天呢？；你几点有时间？；明天晚上你有时间吗？；我们一起吃饭吧？；明天下午我没有课。,你今天上午八点有课吗？；有什么课？；明天呢？；你几点有时间？；明天晚上你有时间吗？；我们一起吃饭吧？；明天下午我没有课。,注意／两与量词；参考句式／时间表；参考句式／交际练习、重点句子,64,53,64;67;68,53;56;57,explicit_section_ocr_needs_manual,true,独立 PDF 语法审计草稿；参考句式／句型明确出现，仍需逐页人工核对。
boya-elementary-i:lesson-08:audit-grammar-002,boya-elementary-i:lesson-08,boya-elementary-i,初级起步篇 I,lesson-08,8,明天晚上你有时间吗,有／没有+时间、课、事,,Dùng 有 hoặc 没有 trước thời gian lớp học hay việc để nói có hoặc không có.,translated_subagent_draft,你今天上午八点有课吗？；有什么课？；明天呢？；你几点有时间？；明天晚上你有时间吗？；我们一起吃饭吧？；明天下午我没有课。,你今天上午八点有课吗？；有什么课？；明天呢？；你几点有时间？；明天晚上你有时间吗？；我们一起吃饭吧？；明天下午我没有课。,注意／两与量词；参考句式／时间表；参考句式／交际练习、重点句子,64,53,64;67;68,53;56;57,explicit_section_ocr_needs_manual,true,独立 PDF 语法审计草稿；参考句式／句型明确出现，仍需逐页人工核对。
boya-elementary-i:lesson-08:audit-grammar-003,boya-elementary-i:lesson-08,boya-elementary-i,初级起步篇 I,lesson-08,8,明天晚上你有时间吗,几点／多少点、点半、一刻、差,,Dùng 几点 hoặc 多少点 để hỏi giờ; 点半 一刻 và 差 dùng để nói các mốc giờ cụ thể.,translated_subagent_draft,你今天上午八点有课吗？；有什么课？；明天呢？；你几点有时间？；明天晚上你有时间吗？；我们一起吃饭吧？；明天下午我没有课。,你今天上午八点有课吗？；有什么课？；明天呢？；你几点有时间？；明天晚上你有时间吗？；我们一起吃饭吧？；明天下午我没有课。,注意／两与量词；参考句式／时间表；参考句式／交际练习、重点句子,64,53,64;67;68,53;56;57,explicit_section_ocr_needs_manual,true,独立 PDF 语法审计草稿；参考句式／句型明确出现，仍需逐页人工核对。
boya-elementary-i:lesson-08:audit-grammar-004,boya-elementary-i:lesson-08,boya-elementary-i,初级起步篇 I,lesson-08,8,明天晚上你有时间吗,吧句末建议／邀请,,吧 ở cuối câu làm lời đề nghị hoặc lời mời nhẹ nhàng.,translated_subagent_draft,你今天上午八点有课吗？；有什么课？；明天呢？；你几点有时间？；明天晚上你有时间吗？；我们一起吃饭吧？；明天下午我没有课。,你今天上午八点有课吗？；有什么课？；明天呢？；你几点有时间？；明天晚上你有时间吗？；我们一起吃饭吧？；明天下午我没有课。,注意／两与量词；参考句式／时间表；参考句式／交际练习、重点句子,64,53,64;67;68,53;56;57,explicit_section_ocr_needs_manual,true,独立 PDF 语法审计草稿；参考句式／句型明确出现，仍需逐页人工核对。
boya-elementary-i:lesson-08:audit-grammar-005,boya-elementary-i:lesson-08,boya-elementary-i,初级起步篇 I,lesson-08,8,明天晚上你有时间吗,一起+V,,一起 đặt trước động từ để nói cùng làm một việc.,translated_subagent_draft,你今天上午八点有课吗？；有什么课？；明天呢？；你几点有时间？；明天晚上你有时间吗？；我们一起吃饭吧？；明天下午我没有课。,你今天上午八点有课吗？；有什么课？；明天呢？；你几点有时间？；明天晚上你有时间吗？；我们一起吃饭吧？；明天下午我没有课。,注意／两与量词；参考句式／时间表；参考句式／交际练习、重点句子,64,53,64;67;68,53;56;57,explicit_section_ocr_needs_manual,true,独立 PDF 语法审计草稿；参考句式／句型明确出现，仍需逐页人工核对。
boya-elementary-i:lesson-08:audit-grammar-006,boya-elementary-i:lesson-08,boya-elementary-i,初级起步篇 I,lesson-08,8,明天晚上你有时间吗,两在量词前,,Dùng 两 thay cho 二 trước lượng từ khi nói hai đơn vị.,translated_subagent_draft,你今天上午八点有课吗？；有什么课？；明天呢？；你几点有时间？；明天晚上你有时间吗？；我们一起吃饭吧？；明天下午我没有课。,你今天上午八点有课吗？；有什么课？；明天呢？；你几点有时间？；明天晚上你有时间吗？；我们一起吃饭吧？；明天下午我没有课。,注意／两与量词；参考句式／时间表；参考句式／交际练习、重点句子,64,53,64;67;68,53;56;57,explicit_section_ocr_needs_manual,true,独立 PDF 语法审计草稿；参考句式／句型明确出现，仍需逐页人工核对。
boya-elementary-i:lesson-09:audit-grammar-001,boya-elementary-i:lesson-09,boya-elementary-i,初级起步篇 I,lesson-09,9,我们怎么去,怎么+V,,Dùng 怎么 trước động từ để hỏi cách làm hoặc phương thức.,translated_subagent_draft,A：我们怎么去……？B：我们……去。；我们怎么去？；我们骑自行车去吧。；他不在办公室。；我加一下儿你的微信吧。；这样吧，快递你给我朋友吧。,A：我们怎么去……？B：我们……去。；我们怎么去？；我们骑自行车去吧。；他不在办公室。；我加一下儿你的微信吧。；这样吧，快递你给我朋友吧。,参考句式／电话号码与交通；注意／这样吧；重点句子,76,65,76;77;79,65;66;68,explicit_section_ocr_needs_manual,true,独立 PDF 语法审计草稿；参考句式／句型明确出现，仍需逐页人工核对。
boya-elementary-i:lesson-09:audit-grammar-002,boya-elementary-i:lesson-09,boya-elementary-i,初级起步篇 I,lesson-09,9,我们怎么去,交通工具+V（骑自行车／坐车）,,Đặt phương tiện trước động từ phù hợp để nói cách di chuyển như 骑自行车 hoặc 坐车.,translated_subagent_draft,A：我们怎么去……？B：我们……去。；我们怎么去？；我们骑自行车去吧。；他不在办公室。；我加一下儿你的微信吧。；这样吧，快递你给我朋友吧。,A：我们怎么去……？B：我们……去。；我们怎么去？；我们骑自行车去吧。；他不在办公室。；我加一下儿你的微信吧。；这样吧，快递你给我朋友吧。,参考句式／电话号码与交通；注意／这样吧；重点句子,76,65,76;77;79,65;66;68,explicit_section_ocr_needs_manual,true,独立 PDF 语法审计草稿；参考句式／句型明确出现，仍需逐页人工核对。
boya-elementary-i:lesson-09:audit-grammar-003,boya-elementary-i:lesson-09,boya-elementary-i,初级起步篇 I,lesson-09,9,我们怎么去,从……到……,,Từ…到… chỉ điểm bắt đầu và điểm kết thúc của hành trình hay phạm vi.,translated_subagent_draft,A：我们怎么去……？B：我们……去。；我们怎么去？；我们骑自行车去吧。；他不在办公室。；我加一下儿你的微信吧。；这样吧，快递你给我朋友吧。,A：我们怎么去……？B：我们……去。；我们怎么去？；我们骑自行车去吧。；他不在办公室。；我加一下儿你的微信吧。；这样吧，快递你给我朋友吧。,参考句式／电话号码与交通；注意／这样吧；重点句子,76,65,76;77;79,65;66;68,explicit_section_ocr_needs_manual,true,独立 PDF 语法审计草稿；参考句式／句型明确出现，仍需逐页人工核对。
boya-elementary-i:lesson-09:audit-grammar-004,boya-elementary-i:lesson-09,boya-elementary-i,初级起步篇 I,lesson-09,9,我们怎么去,V+地点（去学校等连动）,,Hai động từ nối tiếp nhau để nói đi đến đâu rồi làm gì; địa điểm đứng sau động từ đi.,translated_subagent_draft,A：我们怎么去……？B：我们……去。；我们怎么去？；我们骑自行车去吧。；他不在办公室。；我加一下儿你的微信吧。；这样吧，快递你给我朋友吧。,A：我们怎么去……？B：我们……去。；我们怎么去？；我们骑自行车去吧。；他不在办公室。；我加一下儿你的微信吧。；这样吧，快递你给我朋友吧。,参考句式／电话号码与交通；注意／这样吧；重点句子,76,65,76;77;79,65;66;68,explicit_section_ocr_needs_manual,true,独立 PDF 语法审计草稿；参考句式／句型明确出现，仍需逐页人工核对。
boya-elementary-i:lesson-09:audit-grammar-005,boya-elementary-i:lesson-09,boya-elementary-i,初级起步篇 I,lesson-09,9,我们怎么去,吧建议,,吧 ở cuối câu dùng để đưa ra đề nghị một cách thân thiện.,translated_subagent_draft,A：我们怎么去……？B：我们……去。；我们怎么去？；我们骑自行车去吧。；他不在办公室。；我加一下儿你的微信吧。；这样吧，快递你给我朋友吧。,A：我们怎么去……？B：我们……去。；我们怎么去？；我们骑自行车去吧。；他不在办公室。；我加一下儿你的微信吧。；这样吧，快递你给我朋友吧。,参考句式／电话号码与交通；注意／这样吧；重点句子,76,65,76;77;79,65;66;68,explicit_section_ocr_needs_manual,true,独立 PDF 语法审计草稿；参考句式／句型明确出现，仍需逐页人工核对。
boya-elementary-i:lesson-09:audit-grammar-006,boya-elementary-i:lesson-09,boya-elementary-i,初级起步篇 I,lesson-09,9,我们怎么去,这样吧话语建议,,这样吧 dùng để mở đầu một phương án hay đề xuất sau khi bàn bạc.,translated_subagent_draft,A：我们怎么去……？B：我们……去。；我们怎么去？；我们骑自行车去吧。；他不在办公室。；我加一下儿你的微信吧。；这样吧，快递你给我朋友吧。,A：我们怎么去……？B：我们……去。；我们怎么去？；我们骑自行车去吧。；他不在办公室。；我加一下儿你的微信吧。；这样吧，快递你给我朋友吧。,参考句式／电话号码与交通；注意／这样吧；重点句子,76,65,76;77;79,65;66;68,explicit_section_ocr_needs_manual,true,独立 PDF 语法审计草稿；参考句式／句型明确出现，仍需逐页人工核对。
boya-elementary-i:lesson-09:audit-grammar-007,boya-elementary-i:lesson-09,boya-elementary-i,初级起步篇 I,lesson-09,9,我们怎么去,给+人+物／快递你给我朋友,,给 đứng trước người nhận rồi đến vật; dùng để nói đưa gửi hay giao thứ gì cho ai.,translated_subagent_draft,A：我们怎么去……？B：我们……去。；我们怎么去？；我们骑自行车去吧。；他不在办公室。；我加一下儿你的微信吧。；这样吧，快递你给我朋友吧。,A：我们怎么去……？B：我们……去。；我们怎么去？；我们骑自行车去吧。；他不在办公室。；我加一下儿你的微信吧。；这样吧，快递你给我朋友吧。,参考句式／电话号码与交通；注意／这样吧；重点句子,76,65,76;77;79,65;66;68,explicit_section_ocr_needs_manual,true,独立 PDF 语法审计草稿；参考句式／句型明确出现，仍需逐页人工核对。
boya-elementary-i:lesson-09:audit-grammar-008,boya-elementary-i:lesson-09,boya-elementary-i,初级起步篇 I,lesson-09,9,我们怎么去,V一下儿,,Động từ lặp với 一下儿 làm hành động ngắn nhẹ và lịch sự hơn.,translated_subagent_draft,A：我们怎么去……？B：我们……去。；我们怎么去？；我们骑自行车去吧。；他不在办公室。；我加一下儿你的微信吧。；这样吧，快递你给我朋友吧。,A：我们怎么去……？B：我们……去。；我们怎么去？；我们骑自行车去吧。；他不在办公室。；我加一下儿你的微信吧。；这样吧，快递你给我朋友吧。,参考句式／电话号码与交通；注意／这样吧；重点句子,76,65,76;77;79,65;66;68,explicit_section_ocr_needs_manual,true,独立 PDF 语法审计草稿；参考句式／句型明确出现，仍需逐页人工核对。
boya-elementary-i:lesson-09:audit-grammar-009,boya-elementary-i:lesson-09,boya-elementary-i,初级起步篇 I,lesson-09,9,我们怎么去,和连接名词,,和 nối các danh từ có vai trò ngang hàng như người hoặc sự vật.,translated_subagent_draft,A：我们怎么去……？B：我们……去。；我们怎么去？；我们骑自行车去吧。；他不在办公室。；我加一下儿你的微信吧。；这样吧，快递你给我朋友吧。,A：我们怎么去……？B：我们……去。；我们怎么去？；我们骑自行车去吧。；他不在办公室。；我加一下儿你的微信吧。；这样吧，快递你给我朋友吧。,参考句式／电话号码与交通；注意／这样吧；重点句子,76,65,76;77;79,65;66;68,explicit_section_ocr_needs_manual,true,独立 PDF 语法审计草稿；参考句式／句型明确出现，仍需逐页人工核对。
boya-elementary-i:lesson-10:audit-grammar-001,boya-elementary-i:lesson-10,boya-elementary-i,初级起步篇 I,lesson-10,10,西瓜怎么卖,多少钱／怎么卖,,Dùng 多少钱 hoặc 怎么卖 để hỏi giá và cách bán hàng.,translated_subagent_draft,……多少钱？；……怎么卖？；在……卖多少钱？；你要买什么？；你要买几个／多少？；有……吗？；怎么付钱？；买五瓶啤酒，再买两大瓶可乐。；我扫微信付钱。,……多少钱？；……怎么卖？；在……卖多少钱？；你要买什么？；你要买几个／多少？；有……吗？；怎么付钱？；买五瓶啤酒，再买两大瓶可乐。；我扫微信付钱。,参考句式／价格；参考句式／交际练习、重点句子,87,76,87;90,76;79,explicit_section_ocr_needs_manual,true,独立 PDF 语法审计草稿；参考句式／句型明确出现，仍需逐页人工核对。
boya-elementary-i:lesson-10:audit-grammar-002,boya-elementary-i:lesson-10,boya-elementary-i,初级起步篇 I,lesson-10,10,西瓜怎么卖,要+N／V,,要 trước danh từ nghĩa là muốn lấy; trước động từ nghĩa là muốn hoặc cần làm.,translated_subagent_draft,……多少钱？；……怎么卖？；在……卖多少钱？；你要买什么？；你要买几个／多少？；有……吗？；怎么付钱？；买五瓶啤酒，再买两大瓶可乐。；我扫微信付钱。,……多少钱？；……怎么卖？；在……卖多少钱？；你要买什么？；你要买几个／多少？；有……吗？；怎么付钱？；买五瓶啤酒，再买两大瓶可乐。；我扫微信付钱。,参考句式／价格；参考句式／交际练习、重点句子,87,76,87;90,76;79,explicit_section_ocr_needs_manual,true,独立 PDF 语法审计草稿；参考句式／句型明确出现，仍需逐页人工核对。
boya-elementary-i:lesson-10:audit-grammar-003,boya-elementary-i:lesson-10,boya-elementary-i,初级起步篇 I,lesson-10,10,西瓜怎么卖,几／多少+量词,,几 dùng cho số lượng ít và thường đi với lượng từ; 多少 hỏi số lượng không xác định.,translated_subagent_draft,……多少钱？；……怎么卖？；在……卖多少钱？；你要买什么？；你要买几个／多少？；有……吗？；怎么付钱？；买五瓶啤酒，再买两大瓶可乐。；我扫微信付钱。,……多少钱？；……怎么卖？；在……卖多少钱？；你要买什么？；你要买几个／多少？；有……吗？；怎么付钱？；买五瓶啤酒，再买两大瓶可乐。；我扫微信付钱。,参考句式／价格；参考句式／交际练习、重点句子,87,76,87;90,76;79,explicit_section_ocr_needs_manual,true,独立 PDF 语法审计草稿；参考句式／句型明确出现，仍需逐页人工核对。
boya-elementary-i:lesson-10:audit-grammar-004,boya-elementary-i:lesson-10,boya-elementary-i,初级起步篇 I,lesson-10,10,西瓜怎么卖,数量+量词+名词,,Số từ đứng trước lượng từ rồi đến danh từ để đếm sự vật.,translated_subagent_draft,……多少钱？；……怎么卖？；在……卖多少钱？；你要买什么？；你要买几个／多少？；有……吗？；怎么付钱？；买五瓶啤酒，再买两大瓶可乐。；我扫微信付钱。,……多少钱？；……怎么卖？；在……卖多少钱？；你要买什么？；你要买几个／多少？；有……吗？；怎么付钱？；买五瓶啤酒，再买两大瓶可乐。；我扫微信付钱。,参考句式／价格；参考句式／交际练习、重点句子,87,76,87;90,76;79,explicit_section_ocr_needs_manual,true,独立 PDF 语法审计草稿；参考句式／句型明确出现，仍需逐页人工核对。
boya-elementary-i:lesson-10:audit-grammar-005,boya-elementary-i:lesson-10,boya-elementary-i,初级起步篇 I,lesson-10,10,西瓜怎么卖,两在量词前,,Dùng 两 trước lượng từ để chỉ hai đơn vị.,translated_subagent_draft,……多少钱？；……怎么卖？；在……卖多少钱？；你要买什么？；你要买几个／多少？；有……吗？；怎么付钱？；买五瓶啤酒，再买两大瓶可乐。；我扫微信付钱。,……多少钱？；……怎么卖？；在……卖多少钱？；你要买什么？；你要买几个／多少？；有……吗？；怎么付钱？；买五瓶啤酒，再买两大瓶可乐。；我扫微信付钱。,参考句式／价格；参考句式／交际练习、重点句子,87,76,87;90,76;79,explicit_section_ocr_needs_manual,true,独立 PDF 语法审计草稿；参考句式／句型明确出现，仍需逐页人工核对。
boya-elementary-i:lesson-10:audit-grammar-006,boya-elementary-i:lesson-10,boya-elementary-i,初级起步篇 I,lesson-10,10,西瓜怎么卖,再+V（追加）,,再 đứng trước động từ để yêu cầu hoặc nói làm thêm một lần hay thêm một món.,translated_subagent_draft,……多少钱？；……怎么卖？；在……卖多少钱？；你要买什么？；你要买几个／多少？；有……吗？；怎么付钱？；买五瓶啤酒，再买两大瓶可乐。；我扫微信付钱。,……多少钱？；……怎么卖？；在……卖多少钱？；你要买什么？；你要买几个／多少？；有……吗？；怎么付钱？；买五瓶啤酒，再买两大瓶可乐。；我扫微信付钱。,参考句式／价格；参考句式／交际练习、重点句子,87,76,87;90,76;79,explicit_section_ocr_needs_manual,true,独立 PDF 语法审计草稿；参考句式／句型明确出现，仍需逐页人工核对。
boya-elementary-i:lesson-10:audit-grammar-007,boya-elementary-i:lesson-10,boya-elementary-i,初级起步篇 I,lesson-10,10,西瓜怎么卖,一共+金额,,一共 dùng trước tổng số tiền hoặc tổng lượng để hỏi hay nêu tổng cộng.,translated_subagent_draft,……多少钱？；……怎么卖？；在……卖多少钱？；你要买什么？；你要买几个／多少？；有……吗？；怎么付钱？；买五瓶啤酒，再买两大瓶可乐。；我扫微信付钱。,……多少钱？；……怎么卖？；在……卖多少钱？；你要买什么？；你要买几个／多少？；有……吗？；怎么付钱？；买五瓶啤酒，再买两大瓶可乐。；我扫微信付钱。,参考句式／价格；参考句式／交际练习、重点句子,87,76,87;90,76;79,explicit_section_ocr_needs_manual,true,独立 PDF 语法审计草稿；参考句式／句型明确出现，仍需逐页人工核对。
boya-elementary-i:lesson-10:audit-grammar-008,boya-elementary-i:lesson-10,boya-elementary-i,初级起步篇 I,lesson-10,10,西瓜怎么卖,怎么付钱,,Dùng 怎么付钱 để hỏi cách thanh toán.,translated_subagent_draft,……多少钱？；……怎么卖？；在……卖多少钱？；你要买什么？；你要买几个／多少？；有……吗？；怎么付钱？；买五瓶啤酒，再买两大瓶可乐。；我扫微信付钱。,……多少钱？；……怎么卖？；在……卖多少钱？；你要买什么？；你要买几个／多少？；有……吗？；怎么付钱？；买五瓶啤酒，再买两大瓶可乐。；我扫微信付钱。,参考句式／价格；参考句式／交际练习、重点句子,87,76,87;90,76;79,explicit_section_ocr_needs_manual,true,独立 PDF 语法审计草稿；参考句式／句型明确出现，仍需逐页人工核对。
boya-elementary-i:lesson-10:audit-grammar-009,boya-elementary-i:lesson-10,boya-elementary-i,初级起步篇 I,lesson-10,10,西瓜怎么卖,在+地点+卖,,在加 địa điểm đặt trước 卖 để nói nơi bán một mặt hàng.,translated_subagent_draft,……多少钱？；……怎么卖？；在……卖多少钱？；你要买什么？；你要买几个／多少？；有……吗？；怎么付钱？；买五瓶啤酒，再买两大瓶可乐。；我扫微信付钱。,……多少钱？；……怎么卖？；在……卖多少钱？；你要买什么？；你要买几个／多少？；有……吗？；怎么付钱？；买五瓶啤酒，再买两大瓶可乐。；我扫微信付钱。,参考句式／价格；参考句式／交际练习、重点句子,87,76,87;90,76;79,explicit_section_ocr_needs_manual,true,独立 PDF 语法审计草稿；参考句式／句型明确出现，仍需逐页人工核对。
boya-elementary-i:lesson-11:audit-grammar-001,boya-elementary-i:lesson-11,boya-elementary-i,初级起步篇 I,lesson-11,11,明天天气怎么样,……怎么样？,,Dùng …怎么样 để hỏi tình trạng đánh giá hoặc ý kiến về người việc hay sự vật.,translated_subagent_draft,……怎么样？例如：你的同屋怎么样？；明天天气怎么样？；明天天气很好。；天气太热了。；现在是最好的季节。；这个季节不太热，也不常下雨。,……怎么样？例如：你的同屋怎么样？；明天天气怎么样？；明天天气很好。；天气太热了。；现在是最好的季节。；这个季节不太热，也不常下雨。,参考句式；重点句子,97,86,97;99,86;88,explicit_section_ocr_needs_manual,true,独立 PDF 语法审计草稿；参考句式／句型明确出现，仍需逐页人工核对。
boya-elementary-i:lesson-11:audit-grammar-002,boya-elementary-i:lesson-11,boya-elementary-i,初级起步篇 I,lesson-11,11,明天天气怎么样,形容词谓语（天气很好）,,Tính từ có thể trực tiếp làm vị ngữ để miêu tả như thời tiết đẹp.,translated_subagent_draft,……怎么样？例如：你的同屋怎么样？；明天天气怎么样？；明天天气很好。；天气太热了。；现在是最好的季节。；这个季节不太热，也不常下雨。,……怎么样？例如：你的同屋怎么样？；明天天气怎么样？；明天天气很好。；天气太热了。；现在是最好的季节。；这个季节不太热，也不常下雨。,参考句式；重点句子,97,86,97;99,86;88,explicit_section_ocr_needs_manual,true,独立 PDF 语法审计草稿；参考句式／句型明确出现，仍需逐页人工核对。
boya-elementary-i:lesson-11:audit-grammar-003,boya-elementary-i:lesson-11,boya-elementary-i,初级起步篇 I,lesson-11,11,明天天气怎么样,太+形容词+了,,太加 tính từ加了 diễn tả mức độ rất cao và thường kèm cảm xúc.,translated_subagent_draft,……怎么样？例如：你的同屋怎么样？；明天天气怎么样？；明天天气很好。；天气太热了。；现在是最好的季节。；这个季节不太热，也不常下雨。,……怎么样？例如：你的同屋怎么样？；明天天气怎么样？；明天天气很好。；天气太热了。；现在是最好的季节。；这个季节不太热，也不常下雨。,参考句式；重点句子,97,86,97;99,86;88,explicit_section_ocr_needs_manual,true,独立 PDF 语法审计草稿；参考句式／句型明确出现，仍需逐页人工核对。
boya-elementary-i:lesson-11:audit-grammar-004,boya-elementary-i:lesson-11,boya-elementary-i,初级起步篇 I,lesson-11,11,明天天气怎么样,不太+形容词,,不太 đặt trước tính từ để nói mức độ không lắm hay không quá.,translated_subagent_draft,……怎么样？例如：你的同屋怎么样？；明天天气怎么样？；明天天气很好。；天气太热了。；现在是最好的季节。；这个季节不太热，也不常下雨。,……怎么样？例如：你的同屋怎么样？；明天天气怎么样？；明天天气很好。；天气太热了。；现在是最好的季节。；这个季节不太热，也不常下雨。,参考句式；重点句子,97,86,97;99,86;88,explicit_section_ocr_needs_manual,true,独立 PDF 语法审计草稿；参考句式／句型明确出现，仍需逐页人工核对。
boya-elementary-i:lesson-11:audit-grammar-005,boya-elementary-i:lesson-11,boya-elementary-i,初级起步篇 I,lesson-11,11,明天天气怎么样,也／常／最+形容词,,也 常 最 đứng trước tính từ lần lượt diễn tả cũng thường hoặc nhất.,translated_subagent_draft,……怎么样？例如：你的同屋怎么样？；明天天气怎么样？；明天天气很好。；天气太热了。；现在是最好的季节。；这个季节不太热，也不常下雨。,……怎么样？例如：你的同屋怎么样？；明天天气怎么样？；明天天气很好。；天气太热了。；现在是最好的季节。；这个季节不太热，也不常下雨。,参考句式；重点句子,97,86,97;99,86;88,explicit_section_ocr_needs_manual,true,独立 PDF 语法审计草稿；参考句式／句型明确出现，仍需逐页人工核对。
boya-elementary-i:lesson-11:audit-grammar-006,boya-elementary-i:lesson-11,boya-elementary-i,初级起步篇 I,lesson-11,11,明天天气怎么样,天气预报说+小句,,Dùng 天气预报说加 mệnh đề để thuật lại nội dung dự báo thời tiết.,translated_subagent_draft,……怎么样？例如：你的同屋怎么样？；明天天气怎么样？；明天天气很好。；天气太热了。；现在是最好的季节。；这个季节不太热，也不常下雨。,……怎么样？例如：你的同屋怎么样？；明天天气怎么样？；明天天气很好。；天气太热了。；现在是最好的季节。；这个季节不太热，也不常下雨。,参考句式；重点句子,97,86,97;99,86;88,explicit_section_ocr_needs_manual,true,独立 PDF 语法审计草稿；参考句式／句型明确出现，仍需逐页人工核对。
boya-elementary-i:lesson-12:audit-grammar-001,boya-elementary-i:lesson-12,boya-elementary-i,初级起步篇 I,lesson-12,12,我正在等公共汽车呢,正在+V+呢,,正在加 động từ加呢 diễn tả hành động đang diễn ra ngay lúc nói.,translated_subagent_draft,……在哪儿？；干什么？；……什么时候……？；我正在车站等公共汽车呢。；你（正）在干什么呢？；我从星期一到星期五每天都有课。；从下个星期开始上电影课。,……在哪儿？；干什么？；……什么时候……？；我正在车站等公共汽车呢。；你（正）在干什么呢？；我从星期一到星期五每天都有课。；从下个星期开始上电影课。,参考句式；重点句子（扫描顺序异常）,107,96,107;118,96;98,explicit_section_ocr_needs_manual,true,独立 PDF 语法审计草稿；参考句式／句型明确出现，仍需逐页人工核对。
boya-elementary-i:lesson-12:audit-grammar-002,boya-elementary-i:lesson-12,boya-elementary-i,初级起步篇 I,lesson-12,12,我正在等公共汽车呢,在+地点+V（进行）,,在加 địa điểm加 động từ cho biết hành động đang xảy ra ở đâu.,translated_subagent_draft,……在哪儿？；干什么？；……什么时候……？；我正在车站等公共汽车呢。；你（正）在干什么呢？；我从星期一到星期五每天都有课。；从下个星期开始上电影课。,……在哪儿？；干什么？；……什么时候……？；我正在车站等公共汽车呢。；你（正）在干什么呢？；我从星期一到星期五每天都有课。；从下个星期开始上电影课。,参考句式；重点句子（扫描顺序异常）,107,96,107;118,96;98,explicit_section_ocr_needs_manual,true,独立 PDF 语法审计草稿；参考句式／句型明确出现，仍需逐页人工核对。
boya-elementary-i:lesson-12:audit-grammar-003,boya-elementary-i:lesson-12,boya-elementary-i,初级起步篇 I,lesson-12,12,我正在等公共汽车呢,从……到……,,Từ…到… chỉ thời điểm hay khoảng thời gian bắt đầu và kết thúc.,translated_subagent_draft,……在哪儿？；干什么？；……什么时候……？；我正在车站等公共汽车呢。；你（正）在干什么呢？；我从星期一到星期五每天都有课。；从下个星期开始上电影课。,……在哪儿？；干什么？；……什么时候……？；我正在车站等公共汽车呢。；你（正）在干什么呢？；我从星期一到星期五每天都有课。；从下个星期开始上电影课。,参考句式；重点句子（扫描顺序异常）,107,96,107;118,96;98,explicit_section_ocr_needs_manual,true,独立 PDF 语法审计草稿；参考句式／句型明确出现，仍需逐页人工核对。
boya-elementary-i:lesson-12:audit-grammar-004,boya-elementary-i:lesson-12,boya-elementary-i,初级起步篇 I,lesson-12,12,我正在等公共汽车呢,每+时间／量词+都,,每加 đơn vị thời gian và 都 diễn tả mọi thời điểm đều có cùng thói quen hoặc tình trạng.,translated_subagent_draft,……在哪儿？；干什么？；……什么时候……？；我正在车站等公共汽车呢。；你（正）在干什么呢？；我从星期一到星期五每天都有课。；从下个星期开始上电影课。,……在哪儿？；干什么？；……什么时候……？；我正在车站等公共汽车呢。；你（正）在干什么呢？；我从星期一到星期五每天都有课。；从下个星期开始上电影课。,参考句式；重点句子（扫描顺序异常）,107,96,107;118,96;98,explicit_section_ocr_needs_manual,true,独立 PDF 语法审计草稿；参考句式／句型明确出现，仍需逐页人工核对。
boya-elementary-i:lesson-12:audit-grammar-005,boya-elementary-i:lesson-12,boya-elementary-i,初级起步篇 I,lesson-12,12,我正在等公共汽车呢,什么时候+V,,Dùng 什么时候 trước động từ để hỏi khi nào làm việc đó.,translated_subagent_draft,……在哪儿？；干什么？；……什么时候……？；我正在车站等公共汽车呢。；你（正）在干什么呢？；我从星期一到星期五每天都有课。；从下个星期开始上电影课。,……在哪儿？；干什么？；……什么时候……？；我正在车站等公共汽车呢。；你（正）在干什么呢？；我从星期一到星期五每天都有课。；从下个星期开始上电影课。,参考句式；重点句子（扫描顺序异常）,107,96,107;118,96;98,explicit_section_ocr_needs_manual,true,独立 PDF 语法审计草稿；参考句式／句型明确出现，仍需逐页人工核对。
boya-elementary-i:lesson-12:audit-grammar-006,boya-elementary-i:lesson-12,boya-elementary-i,初级起步篇 I,lesson-12,12,我正在等公共汽车呢,一会儿（短时量）,,一会儿 chỉ một khoảng thời gian ngắn hoặc một lát.,translated_subagent_draft,……在哪儿？；干什么？；……什么时候……？；我正在车站等公共汽车呢。；你（正）在干什么呢？；我从星期一到星期五每天都有课。；从下个星期开始上电影课。,……在哪儿？；干什么？；……什么时候……？；我正在车站等公共汽车呢。；你（正）在干什么呢？；我从星期一到星期五每天都有课。；从下个星期开始上电影课。,参考句式；重点句子（扫描顺序异常）,107,96,107;118,96;98,explicit_section_ocr_needs_manual,true,独立 PDF 语法审计草稿；参考句式／句型明确出现，仍需逐页人工核对。
boya-elementary-i:lesson-12:audit-grammar-007,boya-elementary-i:lesson-12,boya-elementary-i,初级起步篇 I,lesson-12,12,我正在等公共汽车呢,下个+时间,,下个 đứng trước từ thời gian để chỉ kỳ kế tiếp như tuần sau hoặc tháng sau.,translated_subagent_draft,……在哪儿？；干什么？；……什么时候……？；我正在车站等公共汽车呢。；你（正）在干什么呢？；我从星期一到星期五每天都有课。；从下个星期开始上电影课。,……在哪儿？；干什么？；……什么时候……？；我正在车站等公共汽车呢。；你（正）在干什么呢？；我从星期一到星期五每天都有课。；从下个星期开始上电影课。,参考句式；重点句子（扫描顺序异常）,107,96,107;118,96;98,explicit_section_ocr_needs_manual,true,独立 PDF 语法审计草稿；参考句式／句型明确出现，仍需逐页人工核对。
boya-elementary-i:lesson-13:audit-grammar-001,boya-elementary-i:lesson-13,boya-elementary-i,初级起步篇 I,lesson-13,13,你打算买什么样子,打算+V,,打算加 động từ diễn tả dự định hoặc kế hoạch sắp làm.,translated_subagent_draft,……怎么样？；……多少钱？；你打算买什么样子的？；你喜欢什么颜色的？；这个手机屏幕有点儿小，有没有大一点儿？；要是你买两件，每件350块，怎么样？；我要两件，一件白的，一件蓝的。,……怎么样？；……多少钱？；你打算买什么样子的？；你喜欢什么颜色的？；这个手机屏幕有点儿小，有没有大一点儿？；要是你买两件，每件350块，怎么样？；我要两件，一件白的，一件蓝的。,注意／有点儿与一点儿；参考式、重点句子,112,101,112;119,101;108,explicit_section_ocr_needs_manual,true,独立 PDF 语法审计草稿；参考句式／句型明确出现，仍需逐页人工核对。
boya-elementary-i:lesson-13:audit-grammar-002,boya-elementary-i:lesson-13,boya-elementary-i,初级起步篇 I,lesson-13,13,你打算买什么样子,什么样的／什么颜色的（的名词化、省略中心名词）,,什么样的 hoặc 什么颜色的 dùng để hỏi loại hay màu; 的 có thể thay cho danh từ đã rõ.,translated_subagent_draft,……怎么样？；……多少钱？；你打算买什么样子的？；你喜欢什么颜色的？；这个手机屏幕有点儿小，有没有大一点儿？；要是你买两件，每件350块，怎么样？；我要两件，一件白的，一件蓝的。,……怎么样？；……多少钱？；你打算买什么样子的？；你喜欢什么颜色的？；这个手机屏幕有点儿小，有没有大一点儿？；要是你买两件，每件350块，怎么样？；我要两件，一件白的，一件蓝的。,注意／有点儿与一点儿；参考式、重点句子,112,101,112;119,101;108,explicit_section_ocr_needs_manual,true,独立 PDF 语法审计草稿；参考句式／句型明确出现，仍需逐页人工核对。
boya-elementary-i:lesson-13:audit-grammar-003,boya-elementary-i:lesson-13,boya-elementary-i,初级起步篇 I,lesson-13,13,你打算买什么样子,有点儿+形容词,,有点儿 đứng trước tính từ thường diễn tả mức độ hơi và hay có sắc thái không vừa ý.,translated_subagent_draft,……怎么样？；……多少钱？；你打算买什么样子的？；你喜欢什么颜色的？；这个手机屏幕有点儿小，有没有大一点儿？；要是你买两件，每件350块，怎么样？；我要两件，一件白的，一件蓝的。,……怎么样？；……多少钱？；你打算买什么样子的？；你喜欢什么颜色的？；这个手机屏幕有点儿小，有没有大一点儿？；要是你买两件，每件350块，怎么样？；我要两件，一件白的，一件蓝的。,注意／有点儿与一点儿；参考式、重点句子,112,101,112;119,101;108,explicit_section_ocr_needs_manual,true,独立 PDF 语法审计草稿；参考句式／句型明确出现，仍需逐页人工核对。
boya-elementary-i:lesson-13:audit-grammar-004,boya-elementary-i:lesson-13,boya-elementary-i,初级起步篇 I,lesson-13,13,你打算买什么样子,形容词+一点儿,,Tính từ加一点儿 dùng để yêu cầu hay nói mức độ thêm một chút.,translated_subagent_draft,……怎么样？；……多少钱？；你打算买什么样子的？；你喜欢什么颜色的？；这个手机屏幕有点儿小，有没有大一点儿？；要是你买两件，每件350块，怎么样？；我要两件，一件白的，一件蓝的。,……怎么样？；……多少钱？；你打算买什么样子的？；你喜欢什么颜色的？；这个手机屏幕有点儿小，有没有大一点儿？；要是你买两件，每件350块，怎么样？；我要两件，一件白的，一件蓝的。,注意／有点儿与一点儿；参考式、重点句子,112,101,112;119,101;108,explicit_section_ocr_needs_manual,true,独立 PDF 语法审计草稿；参考句式／句型明确出现，仍需逐页人工核对。
boya-elementary-i:lesson-13:audit-grammar-005,boya-elementary-i:lesson-13,boya-elementary-i,初级起步篇 I,lesson-13,13,你打算买什么样子,有没有+N／A不A,,有没有加 danh từ hoặc dạng A不A dùng để hỏi có hay không hoặc có tính chất đó không.,translated_subagent_draft,……怎么样？；……多少钱？；你打算买什么样子的？；你喜欢什么颜色的？；这个手机屏幕有点儿小，有没有大一点儿？；要是你买两件，每件350块，怎么样？；我要两件，一件白的，一件蓝的。,……怎么样？；……多少钱？；你打算买什么样子的？；你喜欢什么颜色的？；这个手机屏幕有点儿小，有没有大一点儿？；要是你买两件，每件350块，怎么样？；我要两件，一件白的，一件蓝的。,注意／有点儿与一点儿；参考式、重点句子,112,101,112;119,101;108,explicit_section_ocr_needs_manual,true,独立 PDF 语法审计草稿；参考句式／句型明确出现，仍需逐页人工核对。
boya-elementary-i:lesson-13:audit-grammar-006,boya-elementary-i:lesson-13,boya-elementary-i,初级起步篇 I,lesson-13,13,你打算买什么样子,挺+形容词,,挺 đứng trước tính từ nghĩa là khá hoặc rất trong khẩu ngữ.,translated_subagent_draft,……怎么样？；……多少钱？；你打算买什么样子的？；你喜欢什么颜色的？；这个手机屏幕有点儿小，有没有大一点儿？；要是你买两件，每件350块，怎么样？；我要两件，一件白的，一件蓝的。,……怎么样？；……多少钱？；你打算买什么样子的？；你喜欢什么颜色的？；这个手机屏幕有点儿小，有没有大一点儿？；要是你买两件，每件350块，怎么样？；我要两件，一件白的，一件蓝的。,注意／有点儿与一点儿；参考式、重点句子,112,101,112;119,101;108,explicit_section_ocr_needs_manual,true,独立 PDF 语法审计草稿；参考句式／句型明确出现，仍需逐页人工核对。
boya-elementary-i:lesson-13:audit-grammar-007,boya-elementary-i:lesson-13,boya-elementary-i,初级起步篇 I,lesson-13,13,你打算买什么样子,要是……（条件）,,要是 mở đầu điều kiện giả định; vế sau nêu kết quả hoặc cách xử lý.,translated_subagent_draft,……怎么样？；……多少钱？；你打算买什么样子的？；你喜欢什么颜色的？；这个手机屏幕有点儿小，有没有大一点儿？；要是你买两件，每件350块，怎么样？；我要两件，一件白的，一件蓝的。,……怎么样？；……多少钱？；你打算买什么样子的？；你喜欢什么颜色的？；这个手机屏幕有点儿小，有没有大一点儿？；要是你买两件，每件350块，怎么样？；我要两件，一件白的，一件蓝的。,注意／有点儿与一点儿；参考式、重点句子,112,101,112;119,101;108,explicit_section_ocr_needs_manual,true,独立 PDF 语法审计草稿；参考句式／句型明确出现，仍需逐页人工核对。
boya-elementary-i:lesson-13:audit-grammar-008,boya-elementary-i:lesson-13,boya-elementary-i,初级起步篇 I,lesson-13,13,你打算买什么样子,每+量词,,每 đứng trước lượng từ để chỉ từng đơn vị trong một nhóm.,translated_subagent_draft,……怎么样？；……多少钱？；你打算买什么样子的？；你喜欢什么颜色的？；这个手机屏幕有点儿小，有没有大一点儿？；要是你买两件，每件350块，怎么样？；我要两件，一件白的，一件蓝的。,……怎么样？；……多少钱？；你打算买什么样子的？；你喜欢什么颜色的？；这个手机屏幕有点儿小，有没有大一点儿？；要是你买两件，每件350块，怎么样？；我要两件，一件白的，一件蓝的。,注意／有点儿与一点儿；参考式、重点句子,112,101,112;119,101;108,explicit_section_ocr_needs_manual,true,独立 PDF 语法审计草稿；参考句式／句型明确出现，仍需逐页人工核对。
boya-elementary-i:lesson-14:audit-grammar-001,boya-elementary-i:lesson-14,boya-elementary-i,初级起步篇 I,lesson-14,14,祝你生日快乐,祝+人+祝愿,,祝加 người加 lời chúc dùng để gửi lời chúc đến ai.,translated_subagent_draft,这是送给……；祝你生日快乐！；这是为你准备……；我打算先给爸爸妈妈打个电话，然后几个朋友一起吃饭。；那个饭店就在学校南门对面。；这是送给你生日礼物。；你们多吃一点儿。,这是送给……；祝你生日快乐！；这是为你准备……；我打算先给爸爸妈妈打个电话，然后几个朋友一起吃饭。；那个饭店就在学校南门对面。；这是送给你生日礼物。；你们多吃一点儿。,参考句式；重点句子,128,117,128;129,117;118,explicit_section_ocr_needs_manual,true,独立 PDF 语法审计草稿；参考句式／句型明确出现，仍需逐页人工核对。
boya-elementary-i:lesson-14:audit-grammar-002,boya-elementary-i:lesson-14,boya-elementary-i,初级起步篇 I,lesson-14,14,祝你生日快乐,打算+怎么+V,,打算怎么加 động từ dùng để hỏi dự định làm việc gì bằng cách nào.,translated_subagent_draft,这是送给……；祝你生日快乐！；这是为你准备……；我打算先给爸爸妈妈打个电话，然后几个朋友一起吃饭。；那个饭店就在学校南门对面。；这是送给你生日礼物。；你们多吃一点儿。,这是送给……；祝你生日快乐！；这是为你准备……；我打算先给爸爸妈妈打个电话，然后几个朋友一起吃饭。；那个饭店就在学校南门对面。；这是送给你生日礼物。；你们多吃一点儿。,参考句式；重点句子,128,117,128;129,117;118,explicit_section_ocr_needs_manual,true,独立 PDF 语法审计草稿；参考句式／句型明确出现，仍需逐页人工核对。
boya-elementary-i:lesson-14:audit-grammar-003,boya-elementary-i:lesson-14,boya-elementary-i,初级起步篇 I,lesson-14,14,祝你生日快乐,先……然后……,,先…然后… sắp xếp thứ tự hành động: làm việc đầu tiên rồi đến việc tiếp theo.,translated_subagent_draft,这是送给……；祝你生日快乐！；这是为你准备……；我打算先给爸爸妈妈打个电话，然后几个朋友一起吃饭。；那个饭店就在学校南门对面。；这是送给你生日礼物。；你们多吃一点儿。,这是送给……；祝你生日快乐！；这是为你准备……；我打算先给爸爸妈妈打个电话，然后几个朋友一起吃饭。；那个饭店就在学校南门对面。；这是送给你生日礼物。；你们多吃一点儿。,参考句式；重点句子,128,117,128;129,117;118,explicit_section_ocr_needs_manual,true,独立 PDF 语法审计草稿；参考句式／句型明确出现，仍需逐页人工核对。
boya-elementary-i:lesson-14:audit-grammar-004,boya-elementary-i:lesson-14,boya-elementary-i,初级起步篇 I,lesson-14,14,祝你生日快乐,给+人+打电话,,给加 người加打电话 nghĩa là gọi điện cho ai.,translated_subagent_draft,这是送给……；祝你生日快乐！；这是为你准备……；我打算先给爸爸妈妈打个电话，然后几个朋友一起吃饭。；那个饭店就在学校南门对面。；这是送给你生日礼物。；你们多吃一点儿。,这是送给……；祝你生日快乐！；这是为你准备……；我打算先给爸爸妈妈打个电话，然后几个朋友一起吃饭。；那个饭店就在学校南门对面。；这是送给你生日礼物。；你们多吃一点儿。,参考句式；重点句子,128,117,128;129,117;118,explicit_section_ocr_needs_manual,true,独立 PDF 语法审计草稿；参考句式／句型明确出现，仍需逐页人工核对。
boya-elementary-i:lesson-14:audit-grammar-005,boya-elementary-i:lesson-14,boya-elementary-i,初级起步篇 I,lesson-14,14,祝你生日快乐,在+地点+对面,,在加 địa điểm加对面 diễn tả vị trí đối diện với một nơi.,translated_subagent_draft,这是送给……；祝你生日快乐！；这是为你准备……；我打算先给爸爸妈妈打个电话，然后几个朋友一起吃饭。；那个饭店就在学校南门对面。；这是送给你生日礼物。；你们多吃一点儿。,这是送给……；祝你生日快乐！；这是为你准备……；我打算先给爸爸妈妈打个电话，然后几个朋友一起吃饭。；那个饭店就在学校南门对面。；这是送给你生日礼物。；你们多吃一点儿。,参考句式；重点句子,128,117,128;129,117;118,explicit_section_ocr_needs_manual,true,独立 PDF 语法审计草稿；参考句式／句型明确出现，仍需逐页人工核对。
boya-elementary-i:lesson-14:audit-grammar-006,boya-elementary-i:lesson-14,boya-elementary-i,初级起步篇 I,lesson-14,14,祝你生日快乐,送给+人,,送给加 người dùng để nói tặng một món quà cho ai.,translated_subagent_draft,这是送给……；祝你生日快乐！；这是为你准备……；我打算先给爸爸妈妈打个电话，然后几个朋友一起吃饭。；那个饭店就在学校南门对面。；这是送给你生日礼物。；你们多吃一点儿。,这是送给……；祝你生日快乐！；这是为你准备……；我打算先给爸爸妈妈打个电话，然后几个朋友一起吃饭。；那个饭店就在学校南门对面。；这是送给你生日礼物。；你们多吃一点儿。,参考句式；重点句子,128,117,128;129,117;118,explicit_section_ocr_needs_manual,true,独立 PDF 语法审计草稿；参考句式／句型明确出现，仍需逐页人工核对。
boya-elementary-i:lesson-14:audit-grammar-007,boya-elementary-i:lesson-14,boya-elementary-i,初级起步篇 I,lesson-14,14,祝你生日快乐,为+人+准备,,为加 người加准备 diễn tả chuẩn bị điều gì vì hoặc cho ai.,translated_subagent_draft,这是送给……；祝你生日快乐！；这是为你准备……；我打算先给爸爸妈妈打个电话，然后几个朋友一起吃饭。；那个饭店就在学校南门对面。；这是送给你生日礼物。；你们多吃一点儿。,这是送给……；祝你生日快乐！；这是为你准备……；我打算先给爸爸妈妈打个电话，然后几个朋友一起吃饭。；那个饭店就在学校南门对面。；这是送给你生日礼物。；你们多吃一点儿。,参考句式；重点句子,128,117,128;129,117;118,explicit_section_ocr_needs_manual,true,独立 PDF 语法审计草稿；参考句式／句型明确出现，仍需逐页人工核对。
boya-elementary-i:lesson-14:audit-grammar-008,boya-elementary-i:lesson-14,boya-elementary-i,初级起步篇 I,lesson-14,14,祝你生日快乐,多+V+一点儿,,多加 động từ加一点儿 nghĩa là làm thêm một chút hoặc làm nhiều hơn một chút.,translated_subagent_draft,这是送给……；祝你生日快乐！；这是为你准备……；我打算先给爸爸妈妈打个电话，然后几个朋友一起吃饭。；那个饭店就在学校南门对面。；这是送给你生日礼物。；你们多吃一点儿。,这是送给……；祝你生日快乐！；这是为你准备……；我打算先给爸爸妈妈打个电话，然后几个朋友一起吃饭。；那个饭店就在学校南门对面。；这是送给你生日礼物。；你们多吃一点儿。,参考句式；重点句子,128,117,128;129,117;118,explicit_section_ocr_needs_manual,true,独立 PDF 语法审计草稿；参考句式／句型明确出现，仍需逐页人工核对。
boya-elementary-i:lesson-14:audit-grammar-009,boya-elementary-i:lesson-14,boya-elementary-i,初级起步篇 I,lesson-14,14,祝你生日快乐,听你的,,听你的 nghĩa là làm theo ý hoặc lời khuyên của bạn.,translated_subagent_draft,这是送给……；祝你生日快乐！；这是为你准备……；我打算先给爸爸妈妈打个电话，然后几个朋友一起吃饭。；那个饭店就在学校南门对面。；这是送给你生日礼物。；你们多吃一点儿。,这是送给……；祝你生日快乐！；这是为你准备……；我打算先给爸爸妈妈打个电话，然后几个朋友一起吃饭。；那个饭店就在学校南门对面。；这是送给你生日礼物。；你们多吃一点儿。,参考句式；重点句子,128,117,128;129,117;118,explicit_section_ocr_needs_manual,true,独立 PDF 语法审计草稿；参考句式／句型明确出现，仍需逐页人工核对。
boya-elementary-i:lesson-15:audit-grammar-001,boya-elementary-i:lesson-15,boya-elementary-i,初级起步篇 I,lesson-15,15,我可以试试吗,可以／能+V,,可以 và 能 trước động từ đều nói khả năng hay sự cho phép; 能 thường nhấn vào khả năng thực tế.,translated_subagent_draft,这件衣服我可以试试吗？；只有这一种颜色。；算了，我再看看别的吧。；这件衣服合适不合适？；这件您穿一定很合适。；我要去机场接朋友。；我上网查查就明白了。,这件衣服我可以试试吗？；只有这一种颜色。；算了，我再看看别的吧。；这件衣服合适不合适？；这件您穿一定很合适。；我要去机场接朋友。；我上网查查就明白了。,重点句子／交际练习,139,128,139,128,sentence_inferred_ocr_needs_manual,true,独立 PDF 语法审计草稿；由重点／常用句子或活动提示归纳，需教师确认是否列为本课语法。
boya-elementary-i:lesson-15:audit-grammar-002,boya-elementary-i:lesson-15,boya-elementary-i,初级起步篇 I,lesson-15,15,我可以试试吗,动词重叠（试试、看看、查查）,,Lặp động từ như 试试 hoặc 看看 để đề nghị thử làm nhẹ nhàng.,translated_subagent_draft,这件衣服我可以试试吗？；只有这一种颜色。；算了，我再看看别的吧。；这件衣服合适不合适？；这件您穿一定很合适。；我要去机场接朋友。；我上网查查就明白了。,这件衣服我可以试试吗？；只有这一种颜色。；算了，我再看看别的吧。；这件衣服合适不合适？；这件您穿一定很合适。；我要去机场接朋友。；我上网查查就明白了。,重点句子／交际练习,139,128,139,128,sentence_inferred_ocr_needs_manual,true,独立 PDF 语法审计草稿；由重点／常用句子或活动提示归纳，需教师确认是否列为本课语法。
boya-elementary-i:lesson-15:audit-grammar-003,boya-elementary-i:lesson-15,boya-elementary-i,初级起步篇 I,lesson-15,15,我可以试试吗,只有+N,,只有 dùng để giới hạn: chỉ có người hoặc vật đó.,translated_subagent_draft,这件衣服我可以试试吗？；只有这一种颜色。；算了，我再看看别的吧。；这件衣服合适不合适？；这件您穿一定很合适。；我要去机场接朋友。；我上网查查就明白了。,这件衣服我可以试试吗？；只有这一种颜色。；算了，我再看看别的吧。；这件衣服合适不合适？；这件您穿一定很合适。；我要去机场接朋友。；我上网查查就明白了。,重点句子／交际练习,139,128,139,128,sentence_inferred_ocr_needs_manual,true,独立 PDF 语法审计草稿；由重点／常用句子或活动提示归纳，需教师确认是否列为本课语法。
boya-elementary-i:lesson-15:audit-grammar-004,boya-elementary-i:lesson-15,boya-elementary-i,初级起步篇 I,lesson-15,15,我可以试试吗,再+V,,再 đặt trước động từ để nói làm lại hoặc làm thêm sau đó.,translated_subagent_draft,这件衣服我可以试试吗？；只有这一种颜色。；算了，我再看看别的吧。；这件衣服合适不合适？；这件您穿一定很合适。；我要去机场接朋友。；我上网查查就明白了。,这件衣服我可以试试吗？；只有这一种颜色。；算了，我再看看别的吧。；这件衣服合适不合适？；这件您穿一定很合适。；我要去机场接朋友。；我上网查查就明白了。,重点句子／交际练习,139,128,139,128,sentence_inferred_ocr_needs_manual,true,独立 PDF 语法审计草稿；由重点／常用句子或活动提示归纳，需教师确认是否列为本课语法。
boya-elementary-i:lesson-15:audit-grammar-005,boya-elementary-i:lesson-15,boya-elementary-i,初级起步篇 I,lesson-15,15,我可以试试吗,别的（的名词化）,,别的 dùng như danh từ để chỉ cái khác hoặc người khác.,translated_subagent_draft,这件衣服我可以试试吗？；只有这一种颜色。；算了，我再看看别的吧。；这件衣服合适不合适？；这件您穿一定很合适。；我要去机场接朋友。；我上网查查就明白了。,这件衣服我可以试试吗？；只有这一种颜色。；算了，我再看看别的吧。；这件衣服合适不合适？；这件您穿一定很合适。；我要去机场接朋友。；我上网查查就明白了。,重点句子／交际练习,139,128,139,128,sentence_inferred_ocr_needs_manual,true,独立 PDF 语法审计草稿；由重点／常用句子或活动提示归纳，需教师确认是否列为本课语法。
boya-elementary-i:lesson-15:audit-grammar-006,boya-elementary-i:lesson-15,boya-elementary-i,初级起步篇 I,lesson-15,15,我可以试试吗,A不A正反问,,Dạng A不A lặp tính từ hay động từ để hỏi đúng sai hoặc có không.,translated_subagent_draft,这件衣服我可以试试吗？；只有这一种颜色。；算了，我再看看别的吧。；这件衣服合适不合适？；这件您穿一定很合适。；我要去机场接朋友。；我上网查查就明白了。,这件衣服我可以试试吗？；只有这一种颜色。；算了，我再看看别的吧。；这件衣服合适不合适？；这件您穿一定很合适。；我要去机场接朋友。；我上网查查就明白了。,重点句子／交际练习,139,128,139,128,sentence_inferred_ocr_needs_manual,true,独立 PDF 语法审计草稿；由重点／常用句子或活动提示归纳，需教师确认是否列为本课语法。
boya-elementary-i:lesson-15:audit-grammar-007,boya-elementary-i:lesson-15,boya-elementary-i,初级起步篇 I,lesson-15,15,我可以试试吗,一定+V／形容词,,一定 đứng trước động từ hoặc tính từ để nhấn mạnh chắc chắn hay nhất định.,translated_subagent_draft,这件衣服我可以试试吗？；只有这一种颜色。；算了，我再看看别的吧。；这件衣服合适不合适？；这件您穿一定很合适。；我要去机场接朋友。；我上网查查就明白了。,这件衣服我可以试试吗？；只有这一种颜色。；算了，我再看看别的吧。；这件衣服合适不合适？；这件您穿一定很合适。；我要去机场接朋友。；我上网查查就明白了。,重点句子／交际练习,139,128,139,128,sentence_inferred_ocr_needs_manual,true,独立 PDF 语法审计草稿；由重点／常用句子或活动提示归纳，需教师确认是否列为本课语法。
boya-elementary-i:lesson-15:audit-grammar-008,boya-elementary-i:lesson-15,boya-elementary-i,初级起步篇 I,lesson-15,15,我可以试试吗,为什么疑问,,Dùng 为什么 để hỏi nguyên nhân hoặc lý do.,translated_subagent_draft,这件衣服我可以试试吗？；只有这一种颜色。；算了，我再看看别的吧。；这件衣服合适不合适？；这件您穿一定很合适。；我要去机场接朋友。；我上网查查就明白了。,这件衣服我可以试试吗？；只有这一种颜色。；算了，我再看看别的吧。；这件衣服合适不合适？；这件您穿一定很合适。；我要去机场接朋友。；我上网查查就明白了。,重点句子／交际练习,139,128,139,128,sentence_inferred_ocr_needs_manual,true,独立 PDF 语法审计草稿；由重点／常用句子或活动提示归纳，需教师确认是否列为本课语法。
boya-elementary-i:lesson-15:audit-grammar-009,boya-elementary-i:lesson-15,boya-elementary-i,初级起步篇 I,lesson-15,15,我可以试试吗,连动：去+地点+V,,Dùng 去加 địa điểm加 động từ để nói đi đâu nhằm làm gì.,translated_subagent_draft,这件衣服我可以试试吗？；只有这一种颜色。；算了，我再看看别的吧。；这件衣服合适不合适？；这件您穿一定很合适。；我要去机场接朋友。；我上网查查就明白了。,这件衣服我可以试试吗？；只有这一种颜色。；算了，我再看看别的吧。；这件衣服合适不合适？；这件您穿一定很合适。；我要去机场接朋友。；我上网查查就明白了。,重点句子／交际练习,139,128,139,128,sentence_inferred_ocr_needs_manual,true,独立 PDF 语法审计草稿；由重点／常用句子或活动提示归纳，需教师确认是否列为本课语法。
boya-elementary-i:lesson-15:audit-grammar-010,boya-elementary-i:lesson-15,boya-elementary-i,初级起步篇 I,lesson-15,15,我可以试试吗,就+结果／时间,,就 có thể nhấn mạnh kết quả đã đến hoặc thời điểm sớm.,translated_subagent_draft,这件衣服我可以试试吗？；只有这一种颜色。；算了，我再看看别的吧。；这件衣服合适不合适？；这件您穿一定很合适。；我要去机场接朋友。；我上网查查就明白了。,这件衣服我可以试试吗？；只有这一种颜色。；算了，我再看看别的吧。；这件衣服合适不合适？；这件您穿一定很合适。；我要去机场接朋友。；我上网查查就明白了。,重点句子／交际练习,139,128,139,128,sentence_inferred_ocr_needs_manual,true,独立 PDF 语法审计草稿；由重点／常用句子或活动提示归纳，需教师确认是否列为本课语法。
boya-elementary-i:lesson-16:audit-grammar-001,boya-elementary-i:lesson-16,boya-elementary-i,初级起步篇 I,lesson-16,16,来一斤饺子,离+地点+近／远,,离 đứng trước địa điểm rồi dùng 近 hoặc 远 để nói khoảng cách.,translated_subagent_draft,这个食堂离教室很近。；包子啦，面条儿啦，饺子啦，味道都不错。；你不是南方人吗？；师傅，来一份蘑菇，半份鸡肉，二两米饭。；同学，这儿有人吗？；欢迎光临！您几位？；要什么馅儿？,这个食堂离教室很近。；包子啦，面条儿啦，饺子啦，味道都不错。；你不是南方人吗？；师傅，来一份蘑菇，半份鸡肉，二两米饭。；同学，这儿有人吗？；欢迎光临！您几位？；要什么馅儿？,重点句子／点菜活动,149,138,149,138,sentence_inferred_ocr_needs_manual,true,独立 PDF 语法审计草稿；由重点／常用句子或活动提示归纳，需教师确认是否列为本课语法。
boya-elementary-i:lesson-16:audit-grammar-002,boya-elementary-i:lesson-16,boya-elementary-i,初级起步篇 I,lesson-16,16,来一斤饺子,啦列举语气,,啦 ở cuối câu tạo giọng liệt kê thân mật và báo hiệu còn điều tương tự.,translated_subagent_draft,这个食堂离教室很近。；包子啦，面条儿啦，饺子啦，味道都不错。；你不是南方人吗？；师傅，来一份蘑菇，半份鸡肉，二两米饭。；同学，这儿有人吗？；欢迎光临！您几位？；要什么馅儿？,这个食堂离教室很近。；包子啦，面条儿啦，饺子啦，味道都不错。；你不是南方人吗？；师傅，来一份蘑菇，半份鸡肉，二两米饭。；同学，这儿有人吗？；欢迎光临！您几位？；要什么馅儿？,重点句子／点菜活动,149,138,149,138,sentence_inferred_ocr_needs_manual,true,独立 PDF 语法审计草稿；由重点／常用句子或活动提示归纳，需教师确认是否列为本课语法。
boya-elementary-i:lesson-16:audit-grammar-003,boya-elementary-i:lesson-16,boya-elementary-i,初级起步篇 I,lesson-16,16,来一斤饺子,都+谓语,,都 đứng trước vị ngữ để nói tất cả người hay vật trong phạm vi đều như vậy.,translated_subagent_draft,这个食堂离教室很近。；包子啦，面条儿啦，饺子啦，味道都不错。；你不是南方人吗？；师傅，来一份蘑菇，半份鸡肉，二两米饭。；同学，这儿有人吗？；欢迎光临！您几位？；要什么馅儿？,这个食堂离教室很近。；包子啦，面条儿啦，饺子啦，味道都不错。；你不是南方人吗？；师傅，来一份蘑菇，半份鸡肉，二两米饭。；同学，这儿有人吗？；欢迎光临！您几位？；要什么馅儿？,重点句子／点菜活动,149,138,149,138,sentence_inferred_ocr_needs_manual,true,独立 PDF 语法审计草稿；由重点／常用句子或活动提示归纳，需教师确认是否列为本课语法。
boya-elementary-i:lesson-16:audit-grammar-004,boya-elementary-i:lesson-16,boya-elementary-i,初级起步篇 I,lesson-16,16,来一斤饺子,不是……吗？确认／反问,,不是…吗 dùng để xác nhận điều người nói nghĩ là đúng hoặc hỏi với sắc thái nhắc lại.,translated_subagent_draft,这个食堂离教室很近。；包子啦，面条儿啦，饺子啦，味道都不错。；你不是南方人吗？；师傅，来一份蘑菇，半份鸡肉，二两米饭。；同学，这儿有人吗？；欢迎光临！您几位？；要什么馅儿？,这个食堂离教室很近。；包子啦，面条儿啦，饺子啦，味道都不错。；你不是南方人吗？；师傅，来一份蘑菇，半份鸡肉，二两米饭。；同学，这儿有人吗？；欢迎光临！您几位？；要什么馅儿？,重点句子／点菜活动,149,138,149,138,sentence_inferred_ocr_needs_manual,true,独立 PDF 语法审计草稿；由重点／常用句子或活动提示归纳，需教师确认是否列为本课语法。
boya-elementary-i:lesson-16:audit-grammar-005,boya-elementary-i:lesson-16,boya-elementary-i,初级起步篇 I,lesson-16,16,来一斤饺子,来+数量+食物（点菜）,,来加 số lượng加 món ăn dùng khi gọi thêm món tại quán.,translated_subagent_draft,这个食堂离教室很近。；包子啦，面条儿啦，饺子啦，味道都不错。；你不是南方人吗？；师傅，来一份蘑菇，半份鸡肉，二两米饭。；同学，这儿有人吗？；欢迎光临！您几位？；要什么馅儿？,这个食堂离教室很近。；包子啦，面条儿啦，饺子啦，味道都不错。；你不是南方人吗？；师傅，来一份蘑菇，半份鸡肉，二两米饭。；同学，这儿有人吗？；欢迎光临！您几位？；要什么馅儿？,重点句子／点菜活动,149,138,149,138,sentence_inferred_ocr_needs_manual,true,独立 PDF 语法审计草稿；由重点／常用句子或活动提示归纳，需教师确认是否列为本课语法。
boya-elementary-i:lesson-16:audit-grammar-006,boya-elementary-i:lesson-16,boya-elementary-i,初级起步篇 I,lesson-16,16,来一斤饺子,有+人／物,,有 dùng để nói tồn tại hay có người và vật.,translated_subagent_draft,这个食堂离教室很近。；包子啦，面条儿啦，饺子啦，味道都不错。；你不是南方人吗？；师傅，来一份蘑菇，半份鸡肉，二两米饭。；同学，这儿有人吗？；欢迎光临！您几位？；要什么馅儿？,这个食堂离教室很近。；包子啦，面条儿啦，饺子啦，味道都不错。；你不是南方人吗？；师傅，来一份蘑菇，半份鸡肉，二两米饭。；同学，这儿有人吗？；欢迎光临！您几位？；要什么馅儿？,重点句子／点菜活动,149,138,149,138,sentence_inferred_ocr_needs_manual,true,独立 PDF 语法审计草稿；由重点／常用句子或活动提示归纳，需教师确认是否列为本课语法。
boya-elementary-i:lesson-16:audit-grammar-007,boya-elementary-i:lesson-16,boya-elementary-i,初级起步篇 I,lesson-16,16,来一斤饺子,几位数量问句,,几位 dùng để hỏi số người theo cách lịch sự; 位 là lượng từ kính trọng cho người.,translated_subagent_draft,这个食堂离教室很近。；包子啦，面条儿啦，饺子啦，味道都不错。；你不是南方人吗？；师傅，来一份蘑菇，半份鸡肉，二两米饭。；同学，这儿有人吗？；欢迎光临！您几位？；要什么馅儿？,这个食堂离教室很近。；包子啦，面条儿啦，饺子啦，味道都不错。；你不是南方人吗？；师傅，来一份蘑菇，半份鸡肉，二两米饭。；同学，这儿有人吗？；欢迎光临！您几位？；要什么馅儿？,重点句子／点菜活动,149,138,149,138,sentence_inferred_ocr_needs_manual,true,独立 PDF 语法审计草稿；由重点／常用句子或活动提示归纳，需教师确认是否列为本课语法。
boya-elementary-i:lesson-16:audit-grammar-008,boya-elementary-i:lesson-16,boya-elementary-i,初级起步篇 I,lesson-16,16,来一斤饺子,什么+名词,,什么 đặt trước danh từ để hỏi loại món đồ hay thông tin nào.,translated_subagent_draft,这个食堂离教室很近。；包子啦，面条儿啦，饺子啦，味道都不错。；你不是南方人吗？；师傅，来一份蘑菇，半份鸡肉，二两米饭。；同学，这儿有人吗？；欢迎光临！您几位？；要什么馅儿？,这个食堂离教室很近。；包子啦，面条儿啦，饺子啦，味道都不错。；你不是南方人吗？；师傅，来一份蘑菇，半份鸡肉，二两米饭。；同学，这儿有人吗？；欢迎光临！您几位？；要什么馅儿？,重点句子／点菜活动,149,138,149,138,sentence_inferred_ocr_needs_manual,true,独立 PDF 语法审计草稿；由重点／常用句子或活动提示归纳，需教师确认是否列为本课语法。
boya-elementary-i:lesson-17:audit-grammar-001,boya-elementary-i:lesson-17,boya-elementary-i,初级起步篇 I,lesson-17,17,喝茶还是喝咖啡,（是）A还是B选择问句,,Dùng 是 A 还是 B để hỏi người nghe chọn một trong hai khả năng.,translated_subagent_draft,（是）……还是……？；A：你会……吗？B：会／不会。；你们是坐车还是骑车来？；从学校南门往左走。；看起来就好吃。；随便，都可以。,（是）……还是……？；A：你会……吗？B：会／不会。；你们是坐车还是骑车来？；从学校南门往左走。；看起来就好吃。；随便，都可以。,参考句式；重点句子,154,143,154;160,143;149,explicit_section_ocr_needs_manual,true,独立 PDF 语法审计草稿；参考句式／句型明确出现，仍需逐页人工核对。
boya-elementary-i:lesson-17:audit-grammar-002,boya-elementary-i:lesson-17,boya-elementary-i,初级起步篇 I,lesson-17,17,喝茶还是喝咖啡,会+V／会不会,,会加 động từ nói biết hoặc có khả năng học được; 会不会 dùng để hỏi có biết làm không.,translated_subagent_draft,（是）……还是……？；A：你会……吗？B：会／不会。；你们是坐车还是骑车来？；从学校南门往左走。；看起来就好吃。；随便，都可以。,（是）……还是……？；A：你会……吗？B：会／不会。；你们是坐车还是骑车来？；从学校南门往左走。；看起来就好吃。；随便，都可以。,参考句式；重点句子,154,143,154;160,143;149,explicit_section_ocr_needs_manual,true,独立 PDF 语法审计草稿；参考句式／句型明确出现，仍需逐页人工核对。
boya-elementary-i:lesson-17:audit-grammar-003,boya-elementary-i:lesson-17,boya-elementary-i,初级起步篇 I,lesson-17,17,喝茶还是喝咖啡,怎么走,,Dùng 怎么走 để hỏi đường đi hoặc cách đi đến nơi nào.,translated_subagent_draft,（是）……还是……？；A：你会……吗？B：会／不会。；你们是坐车还是骑车来？；从学校南门往左走。；看起来就好吃。；随便，都可以。,（是）……还是……？；A：你会……吗？B：会／不会。；你们是坐车还是骑车来？；从学校南门往左走。；看起来就好吃。；随便，都可以。,参考句式；重点句子,154,143,154;160,143;149,explicit_section_ocr_needs_manual,true,独立 PDF 语法审计草稿；参考句式／句型明确出现，仍需逐页人工核对。
boya-elementary-i:lesson-17:audit-grammar-004,boya-elementary-i:lesson-17,boya-elementary-i,初级起步篇 I,lesson-17,17,喝茶还是喝咖啡,从+地点+往+方向,,从加 địa điểm加往加 hướng dẫn đường từ một nơi theo một hướng.,translated_subagent_draft,（是）……还是……？；A：你会……吗？B：会／不会。；你们是坐车还是骑车来？；从学校南门往左走。；看起来就好吃。；随便，都可以。,（是）……还是……？；A：你会……吗？B：会／不会。；你们是坐车还是骑车来？；从学校南门往左走。；看起来就好吃。；随便，都可以。,参考句式；重点句子,154,143,154;160,143;149,explicit_section_ocr_needs_manual,true,独立 PDF 语法审计草稿；参考句式／句型明确出现，仍需逐页人工核对。
boya-elementary-i:lesson-17:audit-grammar-005,boya-elementary-i:lesson-17,boya-elementary-i,初级起步篇 I,lesson-17,17,喝茶还是喝咖啡,看起来+形容词,,看起来加 tính từ diễn tả ấn tượng hay nhận xét dựa trên vẻ bề ngoài.,translated_subagent_draft,（是）……还是……？；A：你会……吗？B：会／不会。；你们是坐车还是骑车来？；从学校南门往左走。；看起来就好吃。；随便，都可以。,（是）……还是……？；A：你会……吗？B：会／不会。；你们是坐车还是骑车来？；从学校南门往左走。；看起来就好吃。；随便，都可以。,参考句式；重点句子,154,143,154;160,143;149,explicit_section_ocr_needs_manual,true,独立 PDF 语法审计草稿；参考句式／句型明确出现，仍需逐页人工核对。
boya-elementary-i:lesson-17:audit-grammar-006,boya-elementary-i:lesson-17,boya-elementary-i,初级起步篇 I,lesson-17,17,喝茶还是喝咖啡,就／都／可以,,就 都 可以 kết hợp để nhấn mạnh lựa chọn kết quả hoặc khả năng được phép.,translated_subagent_draft,（是）……还是……？；A：你会……吗？B：会／不会。；你们是坐车还是骑车来？；从学校南门往左走。；看起来就好吃。；随便，都可以。,（是）……还是……？；A：你会……吗？B：会／不会。；你们是坐车还是骑车来？；从学校南门往左走。；看起来就好吃。；随便，都可以。,参考句式；重点句子,154,143,154;160,143;149,explicit_section_ocr_needs_manual,true,独立 PDF 语法审计草稿；参考句式／句型明确出现，仍需逐页人工核对。
boya-elementary-i:lesson-18:audit-grammar-001,boya-elementary-i:lesson-18,boya-elementary-i,初级起步篇 I,lesson-18,18,今天我七点半就起床了,一般+都,,一般 và 都 cùng dùng để nói điều thường xảy ra hoặc thói quen chung.,translated_subagent_draft,……多长时间？；来中国以前……，来中国以后……；开始时候……，现在……；我一般都不吃早饭。；不吃早饭对身体不好。；你这个习惯得改改。；今天七点半就起床了，以前九点才起床。；有的习惯了，有的还不太习惯。,……多长时间？；来中国以前……，来中国以后……；开始时候……，现在……；我一般都不吃早饭。；不吃早饭对身体不好。；你这个习惯得改改。；今天七点半就起床了，以前九点才起床。；有的习惯了，有的还不太习惯。,参考句式；重点句子,169,158,169;170,158;159,explicit_section_ocr_needs_manual,true,独立 PDF 语法审计草稿；参考句式／句型明确出现，仍需逐页人工核对。
boya-elementary-i:lesson-18:audit-grammar-002,boya-elementary-i:lesson-18,boya-elementary-i,初级起步篇 I,lesson-18,18,今天我七点半就起床了,不+V作主语,,Không cộng động từ có thể làm chủ ngữ để nói việc không làm một điều gì.,translated_subagent_draft,……多长时间？；来中国以前……，来中国以后……；开始时候……，现在……；我一般都不吃早饭。；不吃早饭对身体不好。；你这个习惯得改改。；今天七点半就起床了，以前九点才起床。；有的习惯了，有的还不太习惯。,……多长时间？；来中国以前……，来中国以后……；开始时候……，现在……；我一般都不吃早饭。；不吃早饭对身体不好。；你这个习惯得改改。；今天七点半就起床了，以前九点才起床。；有的习惯了，有的还不太习惯。,参考句式；重点句子,169,158,169;170,158;159,explicit_section_ocr_needs_manual,true,独立 PDF 语法审计草稿；参考句式／句型明确出现，仍需逐页人工核对。
boya-elementary-i:lesson-18:audit-grammar-003,boya-elementary-i:lesson-18,boya-elementary-i,初级起步篇 I,lesson-18,18,今天我七点半就起床了,对+对象+不好,,对加 đối tượng加不好 diễn tả cách đối xử hay thái độ không tốt với ai hoặc cái gì.,translated_subagent_draft,……多长时间？；来中国以前……，来中国以后……；开始时候……，现在……；我一般都不吃早饭。；不吃早饭对身体不好。；你这个习惯得改改。；今天七点半就起床了，以前九点才起床。；有的习惯了，有的还不太习惯。,……多长时间？；来中国以前……，来中国以后……；开始时候……，现在……；我一般都不吃早饭。；不吃早饭对身体不好。；你这个习惯得改改。；今天七点半就起床了，以前九点才起床。；有的习惯了，有的还不太习惯。,参考句式；重点句子,169,158,169;170,158;159,explicit_section_ocr_needs_manual,true,独立 PDF 语法审计草稿；参考句式／句型明确出现，仍需逐页人工核对。
boya-elementary-i:lesson-18:audit-grammar-004,boya-elementary-i:lesson-18,boya-elementary-i,初级起步篇 I,lesson-18,18,今天我七点半就起床了,得+V（必要）,,得加 động từ diễn tả sự cần thiết: phải làm việc đó.,translated_subagent_draft,……多长时间？；来中国以前……，来中国以后……；开始时候……，现在……；我一般都不吃早饭。；不吃早饭对身体不好。；你这个习惯得改改。；今天七点半就起床了，以前九点才起床。；有的习惯了，有的还不太习惯。,……多长时间？；来中国以前……，来中国以后……；开始时候……，现在……；我一般都不吃早饭。；不吃早饭对身体不好。；你这个习惯得改改。；今天七点半就起床了，以前九点才起床。；有的习惯了，有的还不太习惯。,参考句式；重点句子,169,158,169;170,158;159,explicit_section_ocr_needs_manual,true,独立 PDF 语法审计草稿；参考句式／句型明确出现，仍需逐页人工核对。
boya-elementary-i:lesson-18:audit-grammar-005,boya-elementary-i:lesson-18,boya-elementary-i,初级起步篇 I,lesson-18,18,今天我七点半就起床了,就／才时间对比,,就 và 才 đối chiếu thời điểm; 就 thường sớm còn 才 thường muộn hoặc nhấn mạnh điều kiện.,translated_subagent_draft,……多长时间？；来中国以前……，来中国以后……；开始时候……，现在……；我一般都不吃早饭。；不吃早饭对身体不好。；你这个习惯得改改。；今天七点半就起床了，以前九点才起床。；有的习惯了，有的还不太习惯。,……多长时间？；来中国以前……，来中国以后……；开始时候……，现在……；我一般都不吃早饭。；不吃早饭对身体不好。；你这个习惯得改改。；今天七点半就起床了，以前九点才起床。；有的习惯了，有的还不太习惯。,参考句式；重点句子,169,158,169;170,158;159,explicit_section_ocr_needs_manual,true,独立 PDF 语法审计草稿；参考句式／句型明确出现，仍需逐页人工核对。
boya-elementary-i:lesson-18:audit-grammar-006,boya-elementary-i:lesson-18,boya-elementary-i,初级起步篇 I,lesson-18,18,今天我七点半就起床了,以前／以后,,以前 và 以后 đặt sau hoặc trước mốc thời gian để nói trước hoặc sau mốc đó.,translated_subagent_draft,……多长时间？；来中国以前……，来中国以后……；开始时候……，现在……；我一般都不吃早饭。；不吃早饭对身体不好。；你这个习惯得改改。；今天七点半就起床了，以前九点才起床。；有的习惯了，有的还不太习惯。,……多长时间？；来中国以前……，来中国以后……；开始时候……，现在……；我一般都不吃早饭。；不吃早饭对身体不好。；你这个习惯得改改。；今天七点半就起床了，以前九点才起床。；有的习惯了，有的还不太习惯。,参考句式；重点句子,169,158,169;170,158;159,explicit_section_ocr_needs_manual,true,独立 PDF 语法审计草稿；参考句式／句型明确出现，仍需逐页人工核对。
boya-elementary-i:lesson-18:audit-grammar-007,boya-elementary-i:lesson-18,boya-elementary-i,初级起步篇 I,lesson-18,18,今天我七点半就起床了,差不多／已经／还,,差不多 nghĩa là gần như; 已经 là đã; 还 là vẫn hoặc còn tùy ngữ cảnh.,translated_subagent_draft,……多长时间？；来中国以前……，来中国以后……；开始时候……，现在……；我一般都不吃早饭。；不吃早饭对身体不好。；你这个习惯得改改。；今天七点半就起床了，以前九点才起床。；有的习惯了，有的还不太习惯。,……多长时间？；来中国以前……，来中国以后……；开始时候……，现在……；我一般都不吃早饭。；不吃早饭对身体不好。；你这个习惯得改改。；今天七点半就起床了，以前九点才起床。；有的习惯了，有的还不太习惯。,参考句式；重点句子,169,158,169;170,158;159,explicit_section_ocr_needs_manual,true,独立 PDF 语法审计草稿；参考句式／句型明确出现，仍需逐页人工核对。
boya-elementary-i:lesson-18:audit-grammar-008,boya-elementary-i:lesson-18,boya-elementary-i,初级起步篇 I,lesson-18,18,今天我七点半就起床了,多长时间,,Dùng 多长时间 để hỏi thời lượng kéo dài bao lâu.,translated_subagent_draft,……多长时间？；来中国以前……，来中国以后……；开始时候……，现在……；我一般都不吃早饭。；不吃早饭对身体不好。；你这个习惯得改改。；今天七点半就起床了，以前九点才起床。；有的习惯了，有的还不太习惯。,……多长时间？；来中国以前……，来中国以后……；开始时候……，现在……；我一般都不吃早饭。；不吃早饭对身体不好。；你这个习惯得改改。；今天七点半就起床了，以前九点才起床。；有的习惯了，有的还不太习惯。,参考句式；重点句子,169,158,169;170,158;159,explicit_section_ocr_needs_manual,true,独立 PDF 语法审计草稿；参考句式／句型明确出现，仍需逐页人工核对。
boya-elementary-i:lesson-18:audit-grammar-009,boya-elementary-i:lesson-18,boya-elementary-i,初级起步篇 I,lesson-18,18,今天我七点半就起床了,有的……有的……,,有的…有的… dùng để nêu các nhóm khác nhau với đặc điểm hay hành động khác nhau.,translated_subagent_draft,……多长时间？；来中国以前……，来中国以后……；开始时候……，现在……；我一般都不吃早饭。；不吃早饭对身体不好。；你这个习惯得改改。；今天七点半就起床了，以前九点才起床。；有的习惯了，有的还不太习惯。,……多长时间？；来中国以前……，来中国以后……；开始时候……，现在……；我一般都不吃早饭。；不吃早饭对身体不好。；你这个习惯得改改。；今天七点半就起床了，以前九点才起床。；有的习惯了，有的还不太习惯。,参考句式；重点句子,169,158,169;170,158;159,explicit_section_ocr_needs_manual,true,独立 PDF 语法审计草稿；参考句式／句型明确出现，仍需逐页人工核对。
boya-elementary-i:lesson-19:audit-grammar-001,boya-elementary-i:lesson-19,boya-elementary-i,初级起步篇 I,lesson-19,19,你又熬夜了,V了（完成）,,了 sau động từ đánh dấu hành động đã hoàn thành.,translated_subagent_draft,我给你发了微信，你怎么没回？；你又熬夜了。；我们等了你二十分钟了。；不好意思，让你们久等了。；你一定会喝醉。,我给你发了微信，你怎么没回？；你又熬夜了。；我们等了你二十分钟了。；不好意思，让你们久等了。；你一定会喝醉。,重点句子,180,169,180,169,sentence_inferred_ocr_needs_manual,true,独立 PDF 语法审计草稿；由重点／常用句子或活动提示归纳，需教师确认是否列为本课语法。
boya-elementary-i:lesson-19:audit-grammar-002,boya-elementary-i:lesson-19,boya-elementary-i,初级起步篇 I,lesson-19,19,你又熬夜了,句末了（变化）,,了 ở cuối câu báo một tình trạng mới hoặc sự thay đổi đã xảy ra.,translated_subagent_draft,我给你发了微信，你怎么没回？；你又熬夜了。；我们等了你二十分钟了。；不好意思，让你们久等了。；你一定会喝醉。,我给你发了微信，你怎么没回？；你又熬夜了。；我们等了你二十分钟了。；不好意思，让你们久等了。；你一定会喝醉。,重点句子,180,169,180,169,sentence_inferred_ocr_needs_manual,true,独立 PDF 语法审计草稿；由重点／常用句子或活动提示归纳，需教师确认是否列为本课语法。
boya-elementary-i:lesson-19:audit-grammar-003,boya-elementary-i:lesson-19,boya-elementary-i,初级起步篇 I,lesson-19,19,你又熬夜了,又+V+了,,又加 động từ加了 nói một hành động hoặc tình huống lại xảy ra.,translated_subagent_draft,我给你发了微信，你怎么没回？；你又熬夜了。；我们等了你二十分钟了。；不好意思，让你们久等了。；你一定会喝醉。,我给你发了微信，你怎么没回？；你又熬夜了。；我们等了你二十分钟了。；不好意思，让你们久等了。；你一定会喝醉。,重点句子,180,169,180,169,sentence_inferred_ocr_needs_manual,true,独立 PDF 语法审计草稿；由重点／常用句子或活动提示归纳，需教师确认是否列为本课语法。
boya-elementary-i:lesson-19:audit-grammar-004,boya-elementary-i:lesson-19,boya-elementary-i,初级起步篇 I,lesson-19,19,你又熬夜了,时量+了,,Thời lượng cộng 了 cho biết một tình trạng hay hành động đã kéo dài bao lâu.,translated_subagent_draft,我给你发了微信，你怎么没回？；你又熬夜了。；我们等了你二十分钟了。；不好意思，让你们久等了。；你一定会喝醉。,我给你发了微信，你怎么没回？；你又熬夜了。；我们等了你二十分钟了。；不好意思，让你们久等了。；你一定会喝醉。,重点句子,180,169,180,169,sentence_inferred_ocr_needs_manual,true,独立 PDF 语法审计草稿；由重点／常用句子或活动提示归纳，需教师确认是否列为本课语法。
boya-elementary-i:lesson-19:audit-grammar-005,boya-elementary-i:lesson-19,boya-elementary-i,初级起步篇 I,lesson-19,19,你又熬夜了,让+人+V,,让加 người加 động từ nghĩa là bảo cho phép hoặc khiến ai làm việc gì tùy ngữ cảnh.,translated_subagent_draft,我给你发了微信，你怎么没回？；你又熬夜了。；我们等了你二十分钟了。；不好意思，让你们久等了。；你一定会喝醉。,我给你发了微信，你怎么没回？；你又熬夜了。；我们等了你二十分钟了。；不好意思，让你们久等了。；你一定会喝醉。,重点句子,180,169,180,169,sentence_inferred_ocr_needs_manual,true,独立 PDF 语法审计草稿；由重点／常用句子或活动提示归纳，需教师确认是否列为本课语法。
boya-elementary-i:lesson-19:audit-grammar-006,boya-elementary-i:lesson-19,boya-elementary-i,初级起步篇 I,lesson-19,19,你又熬夜了,会+V,,会 trước động từ diễn tả biết làm hoặc khả năng trong tương lai.,translated_subagent_draft,我给你发了微信，你怎么没回？；你又熬夜了。；我们等了你二十分钟了。；不好意思，让你们久等了。；你一定会喝醉。,我给你发了微信，你怎么没回？；你又熬夜了。；我们等了你二十分钟了。；不好意思，让你们久等了。；你一定会喝醉。,重点句子,180,169,180,169,sentence_inferred_ocr_needs_manual,true,独立 PDF 语法审计草稿；由重点／常用句子或活动提示归纳，需教师确认是否列为本课语法。
boya-elementary-i:lesson-19:audit-grammar-007,boya-elementary-i:lesson-19,boya-elementary-i,初级起步篇 I,lesson-19,19,你又熬夜了,一定+V,,一定 trước động từ nhấn mạnh ý định hay kết quả chắc chắn.,translated_subagent_draft,我给你发了微信，你怎么没回？；你又熬夜了。；我们等了你二十分钟了。；不好意思，让你们久等了。；你一定会喝醉。,我给你发了微信，你怎么没回？；你又熬夜了。；我们等了你二十分钟了。；不好意思，让你们久等了。；你一定会喝醉。,重点句子,180,169,180,169,sentence_inferred_ocr_needs_manual,true,独立 PDF 语法审计草稿；由重点／常用句子或活动提示归纳，需教师确认是否列为本课语法。
boya-elementary-i:lesson-20:audit-grammar-001,boya-elementary-i:lesson-20,boya-elementary-i,初级起步篇 I,lesson-20,20,我想请一天假,想+V,,想加 động từ diễn tả mong muốn hoặc dự định làm một việc.,translated_subagent_draft,明天我想请一天假，可以吗？；你哪儿不舒服？；我好像感冒了。；明天如果还发烧的话，再来打一针。；我还能去上课吗？；你最好在家休息休息。；我不能跟你一起去看电影了。,明天我想请一天假，可以吗？；你哪儿不舒服？；我好像感冒了。；明天如果还发烧的话，再来打一针。；我还能去上课吗？；你最好在家休息休息。；我不能跟你一起去看电影了。,重点句子,190,179,190,179,sentence_inferred_ocr_needs_manual,true,独立 PDF 语法审计草稿；由重点／常用句子或活动提示归纳，需教师确认是否列为本课语法。
boya-elementary-i:lesson-20:audit-grammar-002,boya-elementary-i:lesson-20,boya-elementary-i,初级起步篇 I,lesson-20,20,我想请一天假,可以吗,,可以吗 dùng để xin phép hoặc hỏi một đề nghị có được không.,translated_subagent_draft,明天我想请一天假，可以吗？；你哪儿不舒服？；我好像感冒了。；明天如果还发烧的话，再来打一针。；我还能去上课吗？；你最好在家休息休息。；我不能跟你一起去看电影了。,明天我想请一天假，可以吗？；你哪儿不舒服？；我好像感冒了。；明天如果还发烧的话，再来打一针。；我还能去上课吗？；你最好在家休息休息。；我不能跟你一起去看电影了。,重点句子,190,179,190,179,sentence_inferred_ocr_needs_manual,true,独立 PDF 语法审计草稿；由重点／常用句子或活动提示归纳，需教师确认是否列为本课语法。
boya-elementary-i:lesson-20:audit-grammar-003,boya-elementary-i:lesson-20,boya-elementary-i,初级起步篇 I,lesson-20,20,我想请一天假,哪儿+形容词／哪儿不舒服,,Dùng 哪儿 cộng tính từ hoặc 不舒服 để hỏi chỗ nào có đặc điểm hay bị khó chịu.,translated_subagent_draft,明天我想请一天假，可以吗？；你哪儿不舒服？；我好像感冒了。；明天如果还发烧的话，再来打一针。；我还能去上课吗？；你最好在家休息休息。；我不能跟你一起去看电影了。,明天我想请一天假，可以吗？；你哪儿不舒服？；我好像感冒了。；明天如果还发烧的话，再来打一针。；我还能去上课吗？；你最好在家休息休息。；我不能跟你一起去看电影了。,重点句子,190,179,190,179,sentence_inferred_ocr_needs_manual,true,独立 PDF 语法审计草稿；由重点／常用句子或活动提示归纳，需教师确认是否列为本课语法。
boya-elementary-i:lesson-20:audit-grammar-004,boya-elementary-i:lesson-20,boya-elementary-i,初级起步篇 I,lesson-20,20,我想请一天假,好像+小句,,好像 cộng mệnh đề diễn tả phỏng đoán dựa trên cảm nhận chứ chưa chắc chắn.,translated_subagent_draft,明天我想请一天假，可以吗？；你哪儿不舒服？；我好像感冒了。；明天如果还发烧的话，再来打一针。；我还能去上课吗？；你最好在家休息休息。；我不能跟你一起去看电影了。,明天我想请一天假，可以吗？；你哪儿不舒服？；我好像感冒了。；明天如果还发烧的话，再来打一针。；我还能去上课吗？；你最好在家休息休息。；我不能跟你一起去看电影了。,重点句子,190,179,190,179,sentence_inferred_ocr_needs_manual,true,独立 PDF 语法审计草稿；由重点／常用句子或活动提示归纳，需教师确认是否列为本课语法。
boya-elementary-i:lesson-20:audit-grammar-005,boya-elementary-i:lesson-20,boya-elementary-i,初级起步篇 I,lesson-20,20,我想请一天假,如果……的话，再……,,如果…的话 nêu điều kiện; vế sau thường nêu việc sẽ làm khi điều kiện đó xảy ra.,translated_subagent_draft,明天我想请一天假，可以吗？；你哪儿不舒服？；我好像感冒了。；明天如果还发烧的话，再来打一针。；我还能去上课吗？；你最好在家休息休息。；我不能跟你一起去看电影了。,明天我想请一天假，可以吗？；你哪儿不舒服？；我好像感冒了。；明天如果还发烧的话，再来打一针。；我还能去上课吗？；你最好在家休息休息。；我不能跟你一起去看电影了。,重点句子,190,179,190,179,sentence_inferred_ocr_needs_manual,true,独立 PDF 语法审计草稿；由重点／常用句子或活动提示归纳，需教师确认是否列为本课语法。
boya-elementary-i:lesson-20:audit-grammar-006,boya-elementary-i:lesson-20,boya-elementary-i,初级起步篇 I,lesson-20,20,我想请一天假,还+能,,还加 能 nói vẫn còn khả năng làm việc gì.,translated_subagent_draft,明天我想请一天假，可以吗？；你哪儿不舒服？；我好像感冒了。；明天如果还发烧的话，再来打一针。；我还能去上课吗？；你最好在家休息休息。；我不能跟你一起去看电影了。,明天我想请一天假，可以吗？；你哪儿不舒服？；我好像感冒了。；明天如果还发烧的话，再来打一针。；我还能去上课吗？；你最好在家休息休息。；我不能跟你一起去看电影了。,重点句子,190,179,190,179,sentence_inferred_ocr_needs_manual,true,独立 PDF 语法审计草稿；由重点／常用句子或活动提示归纳，需教师确认是否列为本课语法。
boya-elementary-i:lesson-20:audit-grammar-007,boya-elementary-i:lesson-20,boya-elementary-i,初级起步篇 I,lesson-20,20,我想请一天假,最好+V,,最好加 động từ dùng để khuyên lựa chọn tốt nhất.,translated_subagent_draft,明天我想请一天假，可以吗？；你哪儿不舒服？；我好像感冒了。；明天如果还发烧的话，再来打一针。；我还能去上课吗？；你最好在家休息休息。；我不能跟你一起去看电影了。,明天我想请一天假，可以吗？；你哪儿不舒服？；我好像感冒了。；明天如果还发烧的话，再来打一针。；我还能去上课吗？；你最好在家休息休息。；我不能跟你一起去看电影了。,重点句子,190,179,190,179,sentence_inferred_ocr_needs_manual,true,独立 PDF 语法审计草稿；由重点／常用句子或活动提示归纳，需教师确认是否列为本课语法。
boya-elementary-i:lesson-20:audit-grammar-008,boya-elementary-i:lesson-20,boya-elementary-i,初级起步篇 I,lesson-20,20,我想请一天假,跟+人+一起+V,,跟加 người加一起加 động từ diễn tả cùng ai làm một việc.,translated_subagent_draft,明天我想请一天假，可以吗？；你哪儿不舒服？；我好像感冒了。；明天如果还发烧的话，再来打一针。；我还能去上课吗？；你最好在家休息休息。；我不能跟你一起去看电影了。,明天我想请一天假，可以吗？；你哪儿不舒服？；我好像感冒了。；明天如果还发烧的话，再来打一针。；我还能去上课吗？；你最好在家休息休息。；我不能跟你一起去看电影了。,重点句子,190,179,190,179,sentence_inferred_ocr_needs_manual,true,独立 PDF 语法审计草稿；由重点／常用句子或活动提示归纳，需教师确认是否列为本课语法。
boya-elementary-i:lesson-20:audit-grammar-009,boya-elementary-i:lesson-20,boya-elementary-i,初级起步篇 I,lesson-20,20,我想请一天假,连动句,,Câu liên động dùng nhiều động từ nối tiếp để biểu thị các bước hay mục đích của một hành động.,translated_subagent_draft,明天我想请一天假，可以吗？；你哪儿不舒服？；我好像感冒了。；明天如果还发烧的话，再来打一针。；我还能去上课吗？；你最好在家休息休息。；我不能跟你一起去看电影了。,明天我想请一天假，可以吗？；你哪儿不舒服？；我好像感冒了。；明天如果还发烧的话，再来打一针。；我还能去上课吗？；你最好在家休息休息。；我不能跟你一起去看电影了。,重点句子,190,179,190,179,sentence_inferred_ocr_needs_manual,true,独立 PDF 语法审计草稿；由重点／常用句子或活动提示归纳，需教师确认是否列为本课语法。
boya-elementary-i:lesson-20:audit-grammar-010,boya-elementary-i:lesson-20,boya-elementary-i,初级起步篇 I,lesson-20,20,我想请一天假,了,,了 báo hoàn thành hoặc thay đổi; chọn vị trí theo nghĩa của câu.,translated_subagent_draft,明天我想请一天假，可以吗？；你哪儿不舒服？；我好像感冒了。；明天如果还发烧的话，再来打一针。；我还能去上课吗？；你最好在家休息休息。；我不能跟你一起去看电影了。,明天我想请一天假，可以吗？；你哪儿不舒服？；我好像感冒了。；明天如果还发烧的话，再来打一针。；我还能去上课吗？；你最好在家休息休息。；我不能跟你一起去看电影了。,重点句子,190,179,190,179,sentence_inferred_ocr_needs_manual,true,独立 PDF 语法审计草稿；由重点／常用句子或活动提示归纳，需教师确认是否列为本课语法。
boya-elementary-i:lesson-21:audit-grammar-001,boya-elementary-i:lesson-21,boya-elementary-i,初级起步篇 I,lesson-21,21,每个人要说多长时间,每+量词+名词,,每加 lượng từ加 danh từ chỉ mỗi đơn vị hay mỗi lần của một nhóm.,translated_subagent_draft,每个人说一段话。；口试每个人要说多长时间？；你这么用功，对你来说一定不难。；那怎么办呢？；我们担心路上堵车，所以提前一个小时就出门了。；还是迟到了十几分钟。；因为半路上车坏了，所以我们迟到了。,每个人说一段话。；口试每个人要说多长时间？；你这么用功，对你来说一定不难。；那怎么办呢？；我们担心路上堵车，所以提前一个小时就出门了。；还是迟到了十几分钟。；因为半路上车坏了，所以我们迟到了。,重点句子,199,188,199,188,sentence_inferred_ocr_needs_manual,true,独立 PDF 语法审计草稿；由重点／常用句子或活动提示归纳，需教师确认是否列为本课语法。
boya-elementary-i:lesson-21:audit-grammar-002,boya-elementary-i:lesson-21,boya-elementary-i,初级起步篇 I,lesson-21,21,每个人要说多长时间,要+V,,要加 động từ diễn tả dự định cần hoặc sắp làm.,translated_subagent_draft,每个人说一段话。；口试每个人要说多长时间？；你这么用功，对你来说一定不难。；那怎么办呢？；我们担心路上堵车，所以提前一个小时就出门了。；还是迟到了十几分钟。；因为半路上车坏了，所以我们迟到了。,每个人说一段话。；口试每个人要说多长时间？；你这么用功，对你来说一定不难。；那怎么办呢？；我们担心路上堵车，所以提前一个小时就出门了。；还是迟到了十几分钟。；因为半路上车坏了，所以我们迟到了。,重点句子,199,188,199,188,sentence_inferred_ocr_needs_manual,true,独立 PDF 语法审计草稿；由重点／常用句子或活动提示归纳，需教师确认是否列为本课语法。
boya-elementary-i:lesson-21:audit-grammar-003,boya-elementary-i:lesson-21,boya-elementary-i,初级起步篇 I,lesson-21,21,每个人要说多长时间,多长时间,,Dùng 多长时间 để hỏi việc gì kéo dài trong bao lâu.,translated_subagent_draft,每个人说一段话。；口试每个人要说多长时间？；你这么用功，对你来说一定不难。；那怎么办呢？；我们担心路上堵车，所以提前一个小时就出门了。；还是迟到了十几分钟。；因为半路上车坏了，所以我们迟到了。,每个人说一段话。；口试每个人要说多长时间？；你这么用功，对你来说一定不难。；那怎么办呢？；我们担心路上堵车，所以提前一个小时就出门了。；还是迟到了十几分钟。；因为半路上车坏了，所以我们迟到了。,重点句子,199,188,199,188,sentence_inferred_ocr_needs_manual,true,独立 PDF 语法审计草稿；由重点／常用句子或活动提示归纳，需教师确认是否列为本课语法。
boya-elementary-i:lesson-21:audit-grammar-004,boya-elementary-i:lesson-21,boya-elementary-i,初级起步篇 I,lesson-21,21,每个人要说多长时间,这么+形容词,,这么 đứng trước tính từ để nhấn mạnh mức độ như thế này hoặc quá như vậy.,translated_subagent_draft,每个人说一段话。；口试每个人要说多长时间？；你这么用功，对你来说一定不难。；那怎么办呢？；我们担心路上堵车，所以提前一个小时就出门了。；还是迟到了十几分钟。；因为半路上车坏了，所以我们迟到了。,每个人说一段话。；口试每个人要说多长时间？；你这么用功，对你来说一定不难。；那怎么办呢？；我们担心路上堵车，所以提前一个小时就出门了。；还是迟到了十几分钟。；因为半路上车坏了，所以我们迟到了。,重点句子,199,188,199,188,sentence_inferred_ocr_needs_manual,true,独立 PDF 语法审计草稿；由重点／常用句子或活动提示归纳，需教师确认是否列为本课语法。
boya-elementary-i:lesson-21:audit-grammar-005,boya-elementary-i:lesson-21,boya-elementary-i,初级起步篇 I,lesson-21,21,每个人要说多长时间,对……来说,,对…来说 nêu góc nhìn: đối với người hay phương diện nào đó.,translated_subagent_draft,每个人说一段话。；口试每个人要说多长时间？；你这么用功，对你来说一定不难。；那怎么办呢？；我们担心路上堵车，所以提前一个小时就出门了。；还是迟到了十几分钟。；因为半路上车坏了，所以我们迟到了。,每个人说一段话。；口试每个人要说多长时间？；你这么用功，对你来说一定不难。；那怎么办呢？；我们担心路上堵车，所以提前一个小时就出门了。；还是迟到了十几分钟。；因为半路上车坏了，所以我们迟到了。,重点句子,199,188,199,188,sentence_inferred_ocr_needs_manual,true,独立 PDF 语法审计草稿；由重点／常用句子或活动提示归纳，需教师确认是否列为本课语法。
boya-elementary-i:lesson-21:audit-grammar-006,boya-elementary-i:lesson-21,boya-elementary-i,初级起步篇 I,lesson-21,21,每个人要说多长时间,一定+形容词,,一定 đứng trước tính từ để khẳng định mức độ hay nhận định rất chắc chắn.,translated_subagent_draft,每个人说一段话。；口试每个人要说多长时间？；你这么用功，对你来说一定不难。；那怎么办呢？；我们担心路上堵车，所以提前一个小时就出门了。；还是迟到了十几分钟。；因为半路上车坏了，所以我们迟到了。,每个人说一段话。；口试每个人要说多长时间？；你这么用功，对你来说一定不难。；那怎么办呢？；我们担心路上堵车，所以提前一个小时就出门了。；还是迟到了十几分钟。；因为半路上车坏了，所以我们迟到了。,重点句子,199,188,199,188,sentence_inferred_ocr_needs_manual,true,独立 PDF 语法审计草稿；由重点／常用句子或活动提示归纳，需教师确认是否列为本课语法。
boya-elementary-i:lesson-21:audit-grammar-007,boya-elementary-i:lesson-21,boya-elementary-i,初级起步篇 I,lesson-21,21,每个人要说多长时间,怎么办,,怎么办 dùng để hỏi nên xử lý một tình huống thế nào.,translated_subagent_draft,每个人说一段话。；口试每个人要说多长时间？；你这么用功，对你来说一定不难。；那怎么办呢？；我们担心路上堵车，所以提前一个小时就出门了。；还是迟到了十几分钟。；因为半路上车坏了，所以我们迟到了。,每个人说一段话。；口试每个人要说多长时间？；你这么用功，对你来说一定不难。；那怎么办呢？；我们担心路上堵车，所以提前一个小时就出门了。；还是迟到了十几分钟。；因为半路上车坏了，所以我们迟到了。,重点句子,199,188,199,188,sentence_inferred_ocr_needs_manual,true,独立 PDF 语法审计草稿；由重点／常用句子或活动提示归纳，需教师确认是否列为本课语法。
boya-elementary-i:lesson-21:audit-grammar-008,boya-elementary-i:lesson-21,boya-elementary-i,初级起步篇 I,lesson-21,21,每个人要说多长时间,因为……所以……,,因为…所以… nối nguyên nhân với kết quả.,translated_subagent_draft,每个人说一段话。；口试每个人要说多长时间？；你这么用功，对你来说一定不难。；那怎么办呢？；我们担心路上堵车，所以提前一个小时就出门了。；还是迟到了十几分钟。；因为半路上车坏了，所以我们迟到了。,每个人说一段话。；口试每个人要说多长时间？；你这么用功，对你来说一定不难。；那怎么办呢？；我们担心路上堵车，所以提前一个小时就出门了。；还是迟到了十几分钟。；因为半路上车坏了，所以我们迟到了。,重点句子,199,188,199,188,sentence_inferred_ocr_needs_manual,true,独立 PDF 语法审计草稿；由重点／常用句子或活动提示归纳，需教师确认是否列为本课语法。
boya-elementary-i:lesson-21:audit-grammar-009,boya-elementary-i:lesson-21,boya-elementary-i,初级起步篇 I,lesson-21,21,每个人要说多长时间,提前+时量,,提前 cộng thời lượng nghĩa là làm sớm hơn thời điểm dự kiến từng ấy thời gian.,translated_subagent_draft,每个人说一段话。；口试每个人要说多长时间？；你这么用功，对你来说一定不难。；那怎么办呢？；我们担心路上堵车，所以提前一个小时就出门了。；还是迟到了十几分钟。；因为半路上车坏了，所以我们迟到了。,每个人说一段话。；口试每个人要说多长时间？；你这么用功，对你来说一定不难。；那怎么办呢？；我们担心路上堵车，所以提前一个小时就出门了。；还是迟到了十几分钟。；因为半路上车坏了，所以我们迟到了。,重点句子,199,188,199,188,sentence_inferred_ocr_needs_manual,true,独立 PDF 语法审计草稿；由重点／常用句子或活动提示归纳，需教师确认是否列为本课语法。
boya-elementary-i:lesson-21:audit-grammar-010,boya-elementary-i:lesson-21,boya-elementary-i,初级起步篇 I,lesson-21,21,每个人要说多长时间,就,,就 nhấn mạnh kết quả xảy ra sớm nhanh hoặc ngay sau điều kiện.,translated_subagent_draft,每个人说一段话。；口试每个人要说多长时间？；你这么用功，对你来说一定不难。；那怎么办呢？；我们担心路上堵车，所以提前一个小时就出门了。；还是迟到了十几分钟。；因为半路上车坏了，所以我们迟到了。,每个人说一段话。；口试每个人要说多长时间？；你这么用功，对你来说一定不难。；那怎么办呢？；我们担心路上堵车，所以提前一个小时就出门了。；还是迟到了十几分钟。；因为半路上车坏了，所以我们迟到了。,重点句子,199,188,199,188,sentence_inferred_ocr_needs_manual,true,独立 PDF 语法审计草稿；由重点／常用句子或活动提示归纳，需教师确认是否列为本课语法。
boya-elementary-i:lesson-21:audit-grammar-011,boya-elementary-i:lesson-21,boya-elementary-i,初级起步篇 I,lesson-21,21,每个人要说多长时间,还是,,还是 dùng để nêu lựa chọn còn lại hoặc đề nghị lựa chọn phù hợp hơn.,translated_subagent_draft,每个人说一段话。；口试每个人要说多长时间？；你这么用功，对你来说一定不难。；那怎么办呢？；我们担心路上堵车，所以提前一个小时就出门了。；还是迟到了十几分钟。；因为半路上车坏了，所以我们迟到了。,每个人说一段话。；口试每个人要说多长时间？；你这么用功，对你来说一定不难。；那怎么办呢？；我们担心路上堵车，所以提前一个小时就出门了。；还是迟到了十几分钟。；因为半路上车坏了，所以我们迟到了。,重点句子,199,188,199,188,sentence_inferred_ocr_needs_manual,true,独立 PDF 语法审计草稿；由重点／常用句子或活动提示归纳，需教师确认是否列为本课语法。
boya-elementary-i:lesson-21:audit-grammar-012,boya-elementary-i:lesson-21,boya-elementary-i,初级起步篇 I,lesson-21,21,每个人要说多长时间,了,,了 cho biết hành động đã xong hoặc tình trạng đã đổi.,translated_subagent_draft,每个人说一段话。；口试每个人要说多长时间？；你这么用功，对你来说一定不难。；那怎么办呢？；我们担心路上堵车，所以提前一个小时就出门了。；还是迟到了十几分钟。；因为半路上车坏了，所以我们迟到了。,每个人说一段话。；口试每个人要说多长时间？；你这么用功，对你来说一定不难。；那怎么办呢？；我们担心路上堵车，所以提前一个小时就出门了。；还是迟到了十几分钟。；因为半路上车坏了，所以我们迟到了。,重点句子,199,188,199,188,sentence_inferred_ocr_needs_manual,true,独立 PDF 语法审计草稿；由重点／常用句子或活动提示归纳，需教师确认是否列为本课语法。
boya-elementary-i:lesson-22:audit-grammar-001,boya-elementary-i:lesson-22,boya-elementary-i,初级起步篇 I,lesson-22,22,明天你下了课去哪儿,V了+O（下了课）,,Động từ cộng 了 rồi đến tân ngữ cho biết việc với tân ngữ đó đã hoàn thành.,translated_subagent_draft,我们开学一个星期了。；明天下了课你去哪儿？；你别忘了。；你开什么玩笑？；我快饿死了。；早上起了床就来上课了，哪儿有时间吃早饭？；天气这么热，打什么篮球呀？；吃饭以前唱卡拉OK吧。,我们开学一个星期了。；明天下了课你去哪儿？；你别忘了。；你开什么玩笑？；我快饿死了。；早上起了床就来上课了，哪儿有时间吃早饭？；天气这么热，打什么篮球呀？；吃饭以前唱卡拉OK吧。,重点句子,208,197,208,197,sentence_inferred_ocr_needs_manual,true,独立 PDF 语法审计草稿；由重点／常用句子或活动提示归纳，需教师确认是否列为本课语法。
boya-elementary-i:lesson-22:audit-grammar-002,boya-elementary-i:lesson-22,boya-elementary-i,初级起步篇 I,lesson-22,22,明天你下了课去哪儿,别+V,,别 đứng trước động từ để bảo người khác đừng làm.,translated_subagent_draft,我们开学一个星期了。；明天下了课你去哪儿？；你别忘了。；你开什么玩笑？；我快饿死了。；早上起了床就来上课了，哪儿有时间吃早饭？；天气这么热，打什么篮球呀？；吃饭以前唱卡拉OK吧。,我们开学一个星期了。；明天下了课你去哪儿？；你别忘了。；你开什么玩笑？；我快饿死了。；早上起了床就来上课了，哪儿有时间吃早饭？；天气这么热，打什么篮球呀？；吃饭以前唱卡拉OK吧。,重点句子,208,197,208,197,sentence_inferred_ocr_needs_manual,true,独立 PDF 语法审计草稿；由重点／常用句子或活动提示归纳，需教师确认是否列为本课语法。
boya-elementary-i:lesson-22:audit-grammar-003,boya-elementary-i:lesson-22,boya-elementary-i,初级起步篇 I,lesson-22,22,明天你下了课去哪儿,什么+名词反问,,什么加 danh từ trong câu phản vấn bày tỏ phủ định mạnh hay trách móc.,translated_subagent_draft,我们开学一个星期了。；明天下了课你去哪儿？；你别忘了。；你开什么玩笑？；我快饿死了。；早上起了床就来上课了，哪儿有时间吃早饭？；天气这么热，打什么篮球呀？；吃饭以前唱卡拉OK吧。,我们开学一个星期了。；明天下了课你去哪儿？；你别忘了。；你开什么玩笑？；我快饿死了。；早上起了床就来上课了，哪儿有时间吃早饭？；天气这么热，打什么篮球呀？；吃饭以前唱卡拉OK吧。,重点句子,208,197,208,197,sentence_inferred_ocr_needs_manual,true,独立 PDF 语法审计草稿；由重点／常用句子或活动提示归纳，需教师确认是否列为本课语法。
boya-elementary-i:lesson-22:audit-grammar-004,boya-elementary-i:lesson-22,boya-elementary-i,初级起步篇 I,lesson-22,22,明天你下了课去哪儿,快+V+了／V死了,,快加 động từ加了 nói việc sắp xảy ra; động từ cộng 死了 có thể nhấn mạnh mức độ cực độ.,translated_subagent_draft,我们开学一个星期了。；明天下了课你去哪儿？；你别忘了。；你开什么玩笑？；我快饿死了。；早上起了床就来上课了，哪儿有时间吃早饭？；天气这么热，打什么篮球呀？；吃饭以前唱卡拉OK吧。,我们开学一个星期了。；明天下了课你去哪儿？；你别忘了。；你开什么玩笑？；我快饿死了。；早上起了床就来上课了，哪儿有时间吃早饭？；天气这么热，打什么篮球呀？；吃饭以前唱卡拉OK吧。,重点句子,208,197,208,197,sentence_inferred_ocr_needs_manual,true,独立 PDF 语法审计草稿；由重点／常用句子或活动提示归纳，需教师确认是否列为本课语法。
boya-elementary-i:lesson-22:audit-grammar-005,boya-elementary-i:lesson-22,boya-elementary-i,初级起步篇 I,lesson-22,22,明天你下了课去哪儿,V了……就……,,Động từ cộng 了…就… cho biết làm xong việc trước thì lập tức làm hoặc có kết quả sau.,translated_subagent_draft,我们开学一个星期了。；明天下了课你去哪儿？；你别忘了。；你开什么玩笑？；我快饿死了。；早上起了床就来上课了，哪儿有时间吃早饭？；天气这么热，打什么篮球呀？；吃饭以前唱卡拉OK吧。,我们开学一个星期了。；明天下了课你去哪儿？；你别忘了。；你开什么玩笑？；我快饿死了。；早上起了床就来上课了，哪儿有时间吃早饭？；天气这么热，打什么篮球呀？；吃饭以前唱卡拉OK吧。,重点句子,208,197,208,197,sentence_inferred_ocr_needs_manual,true,独立 PDF 语法审计草稿；由重点／常用句子或活动提示归纳，需教师确认是否列为本课语法。
boya-elementary-i:lesson-22:audit-grammar-006,boya-elementary-i:lesson-22,boya-elementary-i,初级起步篇 I,lesson-22,22,明天你下了课去哪儿,哪儿有……反问,,哪儿有… là câu phản vấn để nhấn mạnh thực ra không có điều đó.,translated_subagent_draft,我们开学一个星期了。；明天下了课你去哪儿？；你别忘了。；你开什么玩笑？；我快饿死了。；早上起了床就来上课了，哪儿有时间吃早饭？；天气这么热，打什么篮球呀？；吃饭以前唱卡拉OK吧。,我们开学一个星期了。；明天下了课你去哪儿？；你别忘了。；你开什么玩笑？；我快饿死了。；早上起了床就来上课了，哪儿有时间吃早饭？；天气这么热，打什么篮球呀？；吃饭以前唱卡拉OK吧。,重点句子,208,197,208,197,sentence_inferred_ocr_needs_manual,true,独立 PDF 语法审计草稿；由重点／常用句子或活动提示归纳，需教师确认是否列为本课语法。
boya-elementary-i:lesson-22:audit-grammar-007,boya-elementary-i:lesson-22,boya-elementary-i,初级起步篇 I,lesson-22,22,明天你下了课去哪儿,这么+形容词,,这么 cộng tính từ nhấn mạnh mức độ như thế này hoặc quá như vậy.,translated_subagent_draft,我们开学一个星期了。；明天下了课你去哪儿？；你别忘了。；你开什么玩笑？；我快饿死了。；早上起了床就来上课了，哪儿有时间吃早饭？；天气这么热，打什么篮球呀？；吃饭以前唱卡拉OK吧。,我们开学一个星期了。；明天下了课你去哪儿？；你别忘了。；你开什么玩笑？；我快饿死了。；早上起了床就来上课了，哪儿有时间吃早饭？；天气这么热，打什么篮球呀？；吃饭以前唱卡拉OK吧。,重点句子,208,197,208,197,sentence_inferred_ocr_needs_manual,true,独立 PDF 语法审计草稿；由重点／常用句子或活动提示归纳，需教师确认是否列为本课语法。
boya-elementary-i:lesson-22:audit-grammar-008,boya-elementary-i:lesson-22,boya-elementary-i,初级起步篇 I,lesson-22,22,明天你下了课去哪儿,……以前,,…以前 đặt sau hành động hay thời gian để nói trước khi việc đó xảy ra.,translated_subagent_draft,我们开学一个星期了。；明天下了课你去哪儿？；你别忘了。；你开什么玩笑？；我快饿死了。；早上起了床就来上课了，哪儿有时间吃早饭？；天气这么热，打什么篮球呀？；吃饭以前唱卡拉OK吧。,我们开学一个星期了。；明天下了课你去哪儿？；你别忘了。；你开什么玩笑？；我快饿死了。；早上起了床就来上课了，哪儿有时间吃早饭？；天气这么热，打什么篮球呀？；吃饭以前唱卡拉OK吧。,重点句子,208,197,208,197,sentence_inferred_ocr_needs_manual,true,独立 PDF 语法审计草稿；由重点／常用句子或活动提示归纳，需教师确认是否列为本课语法。
boya-elementary-i:lesson-22:audit-grammar-009,boya-elementary-i:lesson-22,boya-elementary-i,初级起步篇 I,lesson-22,22,明天你下了课去哪儿,吧／呀句末语气,,吧 và 呀 ở cuối câu làm giọng nói mềm hơn; dùng cho đề nghị cảm thán hoặc thúc giục tùy ngữ cảnh.,translated_subagent_draft,我们开学一个星期了。；明天下了课你去哪儿？；你别忘了。；你开什么玩笑？；我快饿死了。；早上起了床就来上课了，哪儿有时间吃早饭？；天气这么热，打什么篮球呀？；吃饭以前唱卡拉OK吧。,我们开学一个星期了。；明天下了课你去哪儿？；你别忘了。；你开什么玩笑？；我快饿死了。；早上起了床就来上课了，哪儿有时间吃早饭？；天气这么热，打什么篮球呀？；吃饭以前唱卡拉OK吧。,重点句子,208,197,208,197,sentence_inferred_ocr_needs_manual,true,独立 PDF 语法审计草稿；由重点／常用句子或活动提示归纳，需教师确认是否列为本课语法。
boya-elementary-i:lesson-23:audit-grammar-001,boya-elementary-i:lesson-23,boya-elementary-i,初级起步篇 I,lesson-23,23,假期有什么打算,快要+V+了,,快要加 động từ加了 diễn tả một việc sắp xảy ra.,translated_subagent_draft,快要放暑假了，假期你有什么打算？；我得回一趟老家。；我对中国历史很感兴趣。；你打算在西安待多长时间？；风景漂亮极了。；我还没决定，可能去内蒙古，也可能去西安。,快要放暑假了，假期你有什么打算？；我得回一趟老家。；我对中国历史很感兴趣。；你打算在西安待多长时间？；风景漂亮极了。；我还没决定，可能去内蒙古，也可能去西安。,重点句子,218,207,218,207,sentence_inferred_ocr_needs_manual,true,独立 PDF 语法审计草稿；由重点／常用句子或活动提示归纳，需教师确认是否列为本课语法。
boya-elementary-i:lesson-23:audit-grammar-002,boya-elementary-i:lesson-23,boya-elementary-i,初级起步篇 I,lesson-23,23,假期有什么打算,得+V（必须）,,得加 động từ nhấn mạnh nghĩa bắt buộc phải làm.,translated_subagent_draft,快要放暑假了，假期你有什么打算？；我得回一趟老家。；我对中国历史很感兴趣。；你打算在西安待多长时间？；风景漂亮极了。；我还没决定，可能去内蒙古，也可能去西安。,快要放暑假了，假期你有什么打算？；我得回一趟老家。；我对中国历史很感兴趣。；你打算在西安待多长时间？；风景漂亮极了。；我还没决定，可能去内蒙古，也可能去西安。,重点句子,218,207,218,207,sentence_inferred_ocr_needs_manual,true,独立 PDF 语法审计草稿；由重点／常用句子或活动提示归纳，需教师确认是否列为本课语法。
boya-elementary-i:lesson-23:audit-grammar-003,boya-elementary-i:lesson-23,boya-elementary-i,初级起步篇 I,lesson-23,23,假期有什么打算,对+对象+感兴趣,,对加 đối tượng加感兴趣 nghĩa là quan tâm hoặc hứng thú với người hay việc gì.,translated_subagent_draft,快要放暑假了，假期你有什么打算？；我得回一趟老家。；我对中国历史很感兴趣。；你打算在西安待多长时间？；风景漂亮极了。；我还没决定，可能去内蒙古，也可能去西安。,快要放暑假了，假期你有什么打算？；我得回一趟老家。；我对中国历史很感兴趣。；你打算在西安待多长时间？；风景漂亮极了。；我还没决定，可能去内蒙古，也可能去西安。,重点句子,218,207,218,207,sentence_inferred_ocr_needs_manual,true,独立 PDF 语法审计草稿；由重点／常用句子或活动提示归纳，需教师确认是否列为本课语法。
boya-elementary-i:lesson-23:audit-grammar-004,boya-elementary-i:lesson-23,boya-elementary-i,初级起步篇 I,lesson-23,23,假期有什么打算,打算+V,,打算加 động từ dùng để nói kế hoạch hay dự định.,translated_subagent_draft,快要放暑假了，假期你有什么打算？；我得回一趟老家。；我对中国历史很感兴趣。；你打算在西安待多长时间？；风景漂亮极了。；我还没决定，可能去内蒙古，也可能去西安。,快要放暑假了，假期你有什么打算？；我得回一趟老家。；我对中国历史很感兴趣。；你打算在西安待多长时间？；风景漂亮极了。；我还没决定，可能去内蒙古，也可能去西安。,重点句子,218,207,218,207,sentence_inferred_ocr_needs_manual,true,独立 PDF 语法审计草稿；由重点／常用句子或活动提示归纳，需教师确认是否列为本课语法。
boya-elementary-i:lesson-23:audit-grammar-005,boya-elementary-i:lesson-23,boya-elementary-i,初级起步篇 I,lesson-23,23,假期有什么打算,时量+待,,Thời lượng đặt trước 待 cho biết ở lại một nơi trong bao lâu.,translated_subagent_draft,快要放暑假了，假期你有什么打算？；我得回一趟老家。；我对中国历史很感兴趣。；你打算在西安待多长时间？；风景漂亮极了。；我还没决定，可能去内蒙古，也可能去西安。,快要放暑假了，假期你有什么打算？；我得回一趟老家。；我对中国历史很感兴趣。；你打算在西安待多长时间？；风景漂亮极了。；我还没决定，可能去内蒙古，也可能去西安。,重点句子,218,207,218,207,sentence_inferred_ocr_needs_manual,true,独立 PDF 语法审计草稿；由重点／常用句子或活动提示归纳，需教师确认是否列为本课语法。
boya-elementary-i:lesson-23:audit-grammar-006,boya-elementary-i:lesson-23,boya-elementary-i,初级起步篇 I,lesson-23,23,假期有什么打算,形容词+极了,,Tính từ cộng 极了 nhấn mạnh mức độ rất cao.,translated_subagent_draft,快要放暑假了，假期你有什么打算？；我得回一趟老家。；我对中国历史很感兴趣。；你打算在西安待多长时间？；风景漂亮极了。；我还没决定，可能去内蒙古，也可能去西安。,快要放暑假了，假期你有什么打算？；我得回一趟老家。；我对中国历史很感兴趣。；你打算在西安待多长时间？；风景漂亮极了。；我还没决定，可能去内蒙古，也可能去西安。,重点句子,218,207,218,207,sentence_inferred_ocr_needs_manual,true,独立 PDF 语法审计草稿；由重点／常用句子或活动提示归纳，需教师确认是否列为本课语法。
boya-elementary-i:lesson-23:audit-grammar-007,boya-elementary-i:lesson-23,boya-elementary-i,初级起步篇 I,lesson-23,23,假期有什么打算,还没+V,,还没加 động từ nghĩa là vẫn chưa làm hoặc việc đó chưa xảy ra.,translated_subagent_draft,快要放暑假了，假期你有什么打算？；我得回一趟老家。；我对中国历史很感兴趣。；你打算在西安待多长时间？；风景漂亮极了。；我还没决定，可能去内蒙古，也可能去西安。,快要放暑假了，假期你有什么打算？；我得回一趟老家。；我对中国历史很感兴趣。；你打算在西安待多长时间？；风景漂亮极了。；我还没决定，可能去内蒙古，也可能去西安。,重点句子,218,207,218,207,sentence_inferred_ocr_needs_manual,true,独立 PDF 语法审计草稿；由重点／常用句子或活动提示归纳，需教师确认是否列为本课语法。
boya-elementary-i:lesson-23:audit-grammar-008,boya-elementary-i:lesson-23,boya-elementary-i,初级起步篇 I,lesson-23,23,假期有什么打算,可能……也可能……,,可能…也可能… nêu hai khả năng đều có thể xảy ra.,translated_subagent_draft,快要放暑假了，假期你有什么打算？；我得回一趟老家。；我对中国历史很感兴趣。；你打算在西安待多长时间？；风景漂亮极了。；我还没决定，可能去内蒙古，也可能去西安。,快要放暑假了，假期你有什么打算？；我得回一趟老家。；我对中国历史很感兴趣。；你打算在西安待多长时间？；风景漂亮极了。；我还没决定，可能去内蒙古，也可能去西安。,重点句子,218,207,218,207,sentence_inferred_ocr_needs_manual,true,独立 PDF 语法审计草稿；由重点／常用句子或活动提示归纳，需教师确认是否列为本课语法。
boya-elementary-i:lesson-24:audit-grammar-001,boya-elementary-i:lesson-24,boya-elementary-i,初级起步篇 I,lesson-24,24,学得怎么样,V+得+形容词,,Động từ加得加 tính từ đánh giá mức độ hay kết quả thực hiện hành động.,translated_subagent_draft,参考句式：V.+得……；你学得怎么样？；你记得真清楚。；昨天坐火车回到北京，都夜里三点了。；你不说，我都忘了。；拍得不好的都删了。；他帮我解决了很多问题。,参考句式：V.+得……；你学得怎么样？；你记得真清楚。；昨天坐火车回到北京，都夜里三点了。；你不说，我都忘了。；拍得不好的都删了。；他帮我解决了很多问题。,参考句式／V+得；重点句子,227,216,227;228,216;217,explicit_section_ocr_needs_manual,true,独立 PDF 语法审计草稿；参考句式／句型明确出现，仍需逐页人工核对。
boya-elementary-i:lesson-24:audit-grammar-002,boya-elementary-i:lesson-24,boya-elementary-i,初级起步篇 I,lesson-24,24,学得怎么样,V+得怎么样,,Dùng động từ加得怎么样 để hỏi mức độ hay chất lượng thực hiện.,translated_subagent_draft,参考句式：V.+得……；你学得怎么样？；你记得真清楚。；昨天坐火车回到北京，都夜里三点了。；你不说，我都忘了。；拍得不好的都删了。；他帮我解决了很多问题。,参考句式：V.+得……；你学得怎么样？；你记得真清楚。；昨天坐火车回到北京，都夜里三点了。；你不说，我都忘了。；拍得不好的都删了。；他帮我解决了很多问题。,参考句式／V+得；重点句子,227,216,227;228,216;217,explicit_section_ocr_needs_manual,true,独立 PDF 语法审计草稿；参考句式／句型明确出现，仍需逐页人工核对。
boya-elementary-i:lesson-24:audit-grammar-003,boya-elementary-i:lesson-24,boya-elementary-i,初级起步篇 I,lesson-24,24,学得怎么样,的名词化+都,,的 biến cụm bổ nghĩa thành danh từ; 都 nói mọi người hoặc mọi thứ thuộc nhóm đó.,translated_subagent_draft,参考句式：V.+得……；你学得怎么样？；你记得真清楚。；昨天坐火车回到北京，都夜里三点了。；你不说，我都忘了。；拍得不好的都删了。；他帮我解决了很多问题。,参考句式：V.+得……；你学得怎么样？；你记得真清楚。；昨天坐火车回到北京，都夜里三点了。；你不说，我都忘了。；拍得不好的都删了。；他帮我解决了很多问题。,参考句式／V+得；重点句子,227,216,227;228,216;217,explicit_section_ocr_needs_manual,true,独立 PDF 语法审计草稿；参考句式／句型明确出现，仍需逐页人工核对。
boya-elementary-i:lesson-24:audit-grammar-004,boya-elementary-i:lesson-24,boya-elementary-i,初级起步篇 I,lesson-24,24,学得怎么样,到结果补语（回到）,,到 sau động từ làm bổ ngữ kết quả và nói đã đạt đến nơi hay trạng thái đích.,translated_subagent_draft,参考句式：V.+得……；你学得怎么样？；你记得真清楚。；昨天坐火车回到北京，都夜里三点了。；你不说，我都忘了。；拍得不好的都删了。；他帮我解决了很多问题。,参考句式：V.+得……；你学得怎么样？；你记得真清楚。；昨天坐火车回到北京，都夜里三点了。；你不说，我都忘了。；拍得不好的都删了。；他帮我解决了很多问题。,参考句式／V+得；重点句子,227,216,227;228,216;217,explicit_section_ocr_needs_manual,true,独立 PDF 语法审计草稿；参考句式／句型明确出现，仍需逐页人工核对。
boya-elementary-i:lesson-24:audit-grammar-005,boya-elementary-i:lesson-24,boya-elementary-i,初级起步篇 I,lesson-24,24,学得怎么样,都……了,,都…了 nhấn mạnh tất cả đã hoàn thành hoặc tình trạng đã thay đổi.,translated_subagent_draft,参考句式：V.+得……；你学得怎么样？；你记得真清楚。；昨天坐火车回到北京，都夜里三点了。；你不说，我都忘了。；拍得不好的都删了。；他帮我解决了很多问题。,参考句式：V.+得……；你学得怎么样？；你记得真清楚。；昨天坐火车回到北京，都夜里三点了。；你不说，我都忘了。；拍得不好的都删了。；他帮我解决了很多问题。,参考句式／V+得；重点句子,227,216,227;228,216;217,explicit_section_ocr_needs_manual,true,独立 PDF 语法审计草稿；参考句式／句型明确出现，仍需逐页人工核对。
boya-elementary-i:lesson-24:audit-grammar-006,boya-elementary-i:lesson-24,boya-elementary-i,初级起步篇 I,lesson-24,24,学得怎么样,不+V条件省略,,不加 động từ có thể lược vế điều kiện khi ngữ cảnh đã rõ; ý là nếu không làm thì…,translated_subagent_draft,参考句式：V.+得……；你学得怎么样？；你记得真清楚。；昨天坐火车回到北京，都夜里三点了。；你不说，我都忘了。；拍得不好的都删了。；他帮我解决了很多问题。,参考句式：V.+得……；你学得怎么样？；你记得真清楚。；昨天坐火车回到北京，都夜里三点了。；你不说，我都忘了。；拍得不好的都删了。；他帮我解决了很多问题。,参考句式／V+得；重点句子,227,216,227;228,216;217,explicit_section_ocr_needs_manual,true,独立 PDF 语法审计草稿；参考句式／句型明确出现，仍需逐页人工核对。
boya-elementary-i:lesson-24:audit-grammar-007,boya-elementary-i:lesson-24,boya-elementary-i,初级起步篇 I,lesson-24,24,学得怎么样,真／挺+形容词,,真 và 挺 đứng trước tính từ để nhấn mạnh mức độ; 挺 thường dùng trong khẩu ngữ.,translated_subagent_draft,参考句式：V.+得……；你学得怎么样？；你记得真清楚。；昨天坐火车回到北京，都夜里三点了。；你不说，我都忘了。；拍得不好的都删了。；他帮我解决了很多问题。,参考句式：V.+得……；你学得怎么样？；你记得真清楚。；昨天坐火车回到北京，都夜里三点了。；你不说，我都忘了。；拍得不好的都删了。；他帮我解决了很多问题。,参考句式／V+得；重点句子,227,216,227;228,216;217,explicit_section_ocr_needs_manual,true,独立 PDF 语法审计草稿；参考句式／句型明确出现，仍需逐页人工核对。
boya-elementary-i:lesson-24:audit-grammar-008,boya-elementary-i:lesson-24,boya-elementary-i,初级起步篇 I,lesson-24,24,学得怎么样,帮+人+V,,帮加 người加 động từ nghĩa là giúp ai làm việc gì.,translated_subagent_draft,参考句式：V.+得……；你学得怎么样？；你记得真清楚。；昨天坐火车回到北京，都夜里三点了。；你不说，我都忘了。；拍得不好的都删了。；他帮我解决了很多问题。,参考句式：V.+得……；你学得怎么样？；你记得真清楚。；昨天坐火车回到北京，都夜里三点了。；你不说，我都忘了。；拍得不好的都删了。；他帮我解决了很多问题。,参考句式／V+得；重点句子,227,216,227;228,216;217,explicit_section_ocr_needs_manual,true,独立 PDF 语法审计草稿；参考句式／句型明确出现，仍需逐页人工核对。
boya-elementary-i:lesson-25:audit-grammar-001,boya-elementary-i:lesson-25,boya-elementary-i,初级起步篇 I,lesson-25,25,准备好了吗,结果补语好／干净／清楚,,好 干净 清楚 sau động từ là bổ ngữ kết quả; cho biết việc đã làm xong với kết quả đó.,translated_subagent_draft,明天晚上的聚餐准备好了吗？；杯子、碗什么我都洗干净了。；李军说他会带好几个朋友来呢。；他没说清楚。；对方打得更好。；你的手机该充值了。；可以用微信为手机充值。；我们等了半天，张红也没来。,明天晚上的聚餐准备好了吗？；杯子、碗什么我都洗干净了。；李军说他会带好几个朋友来呢。；他没说清楚。；对方打得更好。；你的手机该充值了。；可以用微信为手机充值。；我们等了半天，张红也没来。,重点句子,237,226,237,226,sentence_inferred_ocr_needs_manual,true,独立 PDF 语法审计草稿；由重点／常用句子或活动提示归纳，需教师确认是否列为本课语法。
boya-elementary-i:lesson-25:audit-grammar-002,boya-elementary-i:lesson-25,boya-elementary-i,初级起步篇 I,lesson-25,25,准备好了吗,吗问句,,吗 ở cuối câu tạo câu hỏi có hoặc không.,translated_subagent_draft,明天晚上的聚餐准备好了吗？；杯子、碗什么我都洗干净了。；李军说他会带好几个朋友来呢。；他没说清楚。；对方打得更好。；你的手机该充值了。；可以用微信为手机充值。；我们等了半天，张红也没来。,明天晚上的聚餐准备好了吗？；杯子、碗什么我都洗干净了。；李军说他会带好几个朋友来呢。；他没说清楚。；对方打得更好。；你的手机该充值了。；可以用微信为手机充值。；我们等了半天，张红也没来。,重点句子,237,226,237,226,sentence_inferred_ocr_needs_manual,true,独立 PDF 语法审计草稿；由重点／常用句子或活动提示归纳，需教师确认是否列为本课语法。
boya-elementary-i:lesson-25:audit-grammar-003,boya-elementary-i:lesson-25,boya-elementary-i,初级起步篇 I,lesson-25,25,准备好了吗,什么列举（杯子、碗什么）,,什么 đặt sau vài ví dụ danh từ để nói và những thứ tương tự.,translated_subagent_draft,明天晚上的聚餐准备好了吗？；杯子、碗什么我都洗干净了。；李军说他会带好几个朋友来呢。；他没说清楚。；对方打得更好。；你的手机该充值了。；可以用微信为手机充值。；我们等了半天，张红也没来。,明天晚上的聚餐准备好了吗？；杯子、碗什么我都洗干净了。；李军说他会带好几个朋友来呢。；他没说清楚。；对方打得更好。；你的手机该充值了。；可以用微信为手机充值。；我们等了半天，张红也没来。,重点句子,237,226,237,226,sentence_inferred_ocr_needs_manual,true,独立 PDF 语法审计草稿；由重点／常用句子或活动提示归纳，需教师确认是否列为本课语法。
boya-elementary-i:lesson-25:audit-grammar-004,boya-elementary-i:lesson-25,boya-elementary-i,初级起步篇 I,lesson-25,25,准备好了吗,都,,都 đứng trước vị ngữ để bao quát toàn bộ người hay vật đã nói đến.,translated_subagent_draft,明天晚上的聚餐准备好了吗？；杯子、碗什么我都洗干净了。；李军说他会带好几个朋友来呢。；他没说清楚。；对方打得更好。；你的手机该充值了。；可以用微信为手机充值。；我们等了半天，张红也没来。,明天晚上的聚餐准备好了吗？；杯子、碗什么我都洗干净了。；李军说他会带好几个朋友来呢。；他没说清楚。；对方打得更好。；你的手机该充值了。；可以用微信为手机充值。；我们等了半天，张红也没来。,重点句子,237,226,237,226,sentence_inferred_ocr_needs_manual,true,独立 PDF 语法审计草稿；由重点／常用句子或活动提示归纳，需教师确认是否列为本课语法。
boya-elementary-i:lesson-25:audit-grammar-005,boya-elementary-i:lesson-25,boya-elementary-i,初级起步篇 I,lesson-25,25,准备好了吗,会+V,,会 trước động từ nói biết làm hoặc khả năng có thể xảy ra.,translated_subagent_draft,明天晚上的聚餐准备好了吗？；杯子、碗什么我都洗干净了。；李军说他会带好几个朋友来呢。；他没说清楚。；对方打得更好。；你的手机该充值了。；可以用微信为手机充值。；我们等了半天，张红也没来。,明天晚上的聚餐准备好了吗？；杯子、碗什么我都洗干净了。；李军说他会带好几个朋友来呢。；他没说清楚。；对方打得更好。；你的手机该充值了。；可以用微信为手机充值。；我们等了半天，张红也没来。,重点句子,237,226,237,226,sentence_inferred_ocr_needs_manual,true,独立 PDF 语法审计草稿；由重点／常用句子或活动提示归纳，需教师确认是否列为本课语法。
boya-elementary-i:lesson-25:audit-grammar-006,boya-elementary-i:lesson-25,boya-elementary-i,初级起步篇 I,lesson-25,25,准备好了吗,好几个+名词,,好几个 cộng danh từ nghĩa là khá nhiều hơn hai hoặc ba nhưng không nêu số chính xác.,translated_subagent_draft,明天晚上的聚餐准备好了吗？；杯子、碗什么我都洗干净了。；李军说他会带好几个朋友来呢。；他没说清楚。；对方打得更好。；你的手机该充值了。；可以用微信为手机充值。；我们等了半天，张红也没来。,明天晚上的聚餐准备好了吗？；杯子、碗什么我都洗干净了。；李军说他会带好几个朋友来呢。；他没说清楚。；对方打得更好。；你的手机该充值了。；可以用微信为手机充值。；我们等了半天，张红也没来。,重点句子,237,226,237,226,sentence_inferred_ocr_needs_manual,true,独立 PDF 语法审计草稿；由重点／常用句子或活动提示归纳，需教师确认是否列为本课语法。
boya-elementary-i:lesson-25:audit-grammar-007,boya-elementary-i:lesson-25,boya-elementary-i,初级起步篇 I,lesson-25,25,准备好了吗,V得更+形容词,,Động từ加得更加 tính từ so sánh kết quả thực hiện với mức cao hơn.,translated_subagent_draft,明天晚上的聚餐准备好了吗？；杯子、碗什么我都洗干净了。；李军说他会带好几个朋友来呢。；他没说清楚。；对方打得更好。；你的手机该充值了。；可以用微信为手机充值。；我们等了半天，张红也没来。,明天晚上的聚餐准备好了吗？；杯子、碗什么我都洗干净了。；李军说他会带好几个朋友来呢。；他没说清楚。；对方打得更好。；你的手机该充值了。；可以用微信为手机充值。；我们等了半天，张红也没来。,重点句子,237,226,237,226,sentence_inferred_ocr_needs_manual,true,独立 PDF 语法审计草稿；由重点／常用句子或活动提示归纳，需教师确认是否列为本课语法。
boya-elementary-i:lesson-25:audit-grammar-008,boya-elementary-i:lesson-25,boya-elementary-i,初级起步篇 I,lesson-25,25,准备好了吗,该+V+了,,该加 động từ加了 nghĩa là đã đến lúc nên hoặc phải làm việc đó.,translated_subagent_draft,明天晚上的聚餐准备好了吗？；杯子、碗什么我都洗干净了。；李军说他会带好几个朋友来呢。；他没说清楚。；对方打得更好。；你的手机该充值了。；可以用微信为手机充值。；我们等了半天，张红也没来。,明天晚上的聚餐准备好了吗？；杯子、碗什么我都洗干净了。；李军说他会带好几个朋友来呢。；他没说清楚。；对方打得更好。；你的手机该充值了。；可以用微信为手机充值。；我们等了半天，张红也没来。,重点句子,237,226,237,226,sentence_inferred_ocr_needs_manual,true,独立 PDF 语法审计草稿；由重点／常用句子或活动提示归纳，需教师确认是否列为本课语法。
boya-elementary-i:lesson-25:audit-grammar-009,boya-elementary-i:lesson-25,boya-elementary-i,初级起步篇 I,lesson-25,25,准备好了吗,为+对象+V,,为加 đối tượng加 động từ diễn tả làm điều gì vì hoặc cho ai.,translated_subagent_draft,明天晚上的聚餐准备好了吗？；杯子、碗什么我都洗干净了。；李军说他会带好几个朋友来呢。；他没说清楚。；对方打得更好。；你的手机该充值了。；可以用微信为手机充值。；我们等了半天，张红也没来。,明天晚上的聚餐准备好了吗？；杯子、碗什么我都洗干净了。；李军说他会带好几个朋友来呢。；他没说清楚。；对方打得更好。；你的手机该充值了。；可以用微信为手机充值。；我们等了半天，张红也没来。,重点句子,237,226,237,226,sentence_inferred_ocr_needs_manual,true,独立 PDF 语法审计草稿；由重点／常用句子或活动提示归纳，需教师确认是否列为本课语法。
boya-elementary-i:lesson-25:audit-grammar-010,boya-elementary-i:lesson-25,boya-elementary-i,初级起步篇 I,lesson-25,25,准备好了吗,也+没+V,,也加没加 động từ nghĩa là cũng chưa hoặc cũng không hề làm.,translated_subagent_draft,明天晚上的聚餐准备好了吗？；杯子、碗什么我都洗干净了。；李军说他会带好几个朋友来呢。；他没说清楚。；对方打得更好。；你的手机该充值了。；可以用微信为手机充值。；我们等了半天，张红也没来。,明天晚上的聚餐准备好了吗？；杯子、碗什么我都洗干净了。；李军说他会带好几个朋友来呢。；他没说清楚。；对方打得更好。；你的手机该充值了。；可以用微信为手机充值。；我们等了半天，张红也没来。,重点句子,237,226,237,226,sentence_inferred_ocr_needs_manual,true,独立 PDF 语法审计草稿；由重点／常用句子或活动提示归纳，需教师确认是否列为本课语法。
boya-elementary-i:lesson-25:audit-grammar-011,boya-elementary-i:lesson-25,boya-elementary-i,初级起步篇 I,lesson-25,25,准备好了吗,时量,,Từ chỉ thời lượng cho biết hành động hoặc trạng thái kéo dài bao lâu.,translated_subagent_draft,明天晚上的聚餐准备好了吗？；杯子、碗什么我都洗干净了。；李军说他会带好几个朋友来呢。；他没说清楚。；对方打得更好。；你的手机该充值了。；可以用微信为手机充值。；我们等了半天，张红也没来。,明天晚上的聚餐准备好了吗？；杯子、碗什么我都洗干净了。；李军说他会带好几个朋友来呢。；他没说清楚。；对方打得更好。；你的手机该充值了。；可以用微信为手机充值。；我们等了半天，张红也没来。,重点句子,237,226,237,226,sentence_inferred_ocr_needs_manual,true,独立 PDF 语法审计草稿；由重点／常用句子或活动提示归纳，需教师确认是否列为本课语法。
boya-elementary-ii:lesson-01:audit-grammar-001,boya-elementary-ii:lesson-01,boya-elementary-ii,初级起步篇 II,lesson-01,1,订一张机票,想／要+V,,想加 động từ nói mong muốn; 要加 động từ nói muốn cần hoặc dự định làm.,translated_subagent_draft,……可以吗？；……还是……？；我想订一张从北京到上海的机票。；你要头等舱还是经济舱？；订票时需要护照吗？；飞机会不会晚点？,……可以吗？；……还是……？；我想订一张从北京到上海的机票。；你要头等舱还是经济舱？；订票时需要护照吗？；飞机会不会晚点？,参考句式／常用句子；常用句子续页（需核对）,21,10,21;22,10;11,explicit_section_ocr_needs_manual,true,独立 PDF 语法审计草稿；参考句式／句型明确出现，仍需逐页人工核对。
boya-elementary-ii:lesson-01:audit-grammar-002,boya-elementary-ii:lesson-01,boya-elementary-ii,初级起步篇 II,lesson-01,1,订一张机票,订+数量+机票,,订加 số lượng加机票 dùng để đặt số vé máy bay cần mua.,translated_subagent_draft,……可以吗？；……还是……？；我想订一张从北京到上海的机票。；你要头等舱还是经济舱？；订票时需要护照吗？；飞机会不会晚点？,……可以吗？；……还是……？；我想订一张从北京到上海的机票。；你要头等舱还是经济舱？；订票时需要护照吗？；飞机会不会晚点？,参考句式／常用句子；常用句子续页（需核对）,21,10,21;22,10;11,explicit_section_ocr_needs_manual,true,独立 PDF 语法审计草稿；参考句式／句型明确出现，仍需逐页人工核对。
boya-elementary-ii:lesson-01:audit-grammar-003,boya-elementary-ii:lesson-01,boya-elementary-ii,初级起步篇 II,lesson-01,1,订一张机票,从……到……,,Từ…到… chỉ điểm xuất phát và điểm đến hoặc khoảng thời gian.,translated_subagent_draft,……可以吗？；……还是……？；我想订一张从北京到上海的机票。；你要头等舱还是经济舱？；订票时需要护照吗？；飞机会不会晚点？,……可以吗？；……还是……？；我想订一张从北京到上海的机票。；你要头等舱还是经济舱？；订票时需要护照吗？；飞机会不会晚点？,参考句式／常用句子；常用句子续页（需核对）,21,10,21;22,10;11,explicit_section_ocr_needs_manual,true,独立 PDF 语法审计草稿；参考句式／句型明确出现，仍需逐页人工核对。
boya-elementary-ii:lesson-01:audit-grammar-004,boya-elementary-ii:lesson-01,boya-elementary-ii,初级起步篇 II,lesson-01,1,订一张机票,A还是B选择问,,Dùng A还是B để hỏi người nghe chọn một trong hai phương án.,translated_subagent_draft,……可以吗？；……还是……？；我想订一张从北京到上海的机票。；你要头等舱还是经济舱？；订票时需要护照吗？；飞机会不会晚点？,……可以吗？；……还是……？；我想订一张从北京到上海的机票。；你要头等舱还是经济舱？；订票时需要护照吗？；飞机会不会晚点？,参考句式／常用句子；常用句子续页（需核对）,21,10,21;22,10;11,explicit_section_ocr_needs_manual,true,独立 PDF 语法审计草稿；参考句式／句型明确出现，仍需逐页人工核对。
boya-elementary-ii:lesson-01:audit-grammar-005,boya-elementary-ii:lesson-01,boya-elementary-ii,初级起步篇 II,lesson-01,1,订一张机票,……可以吗？,,…可以吗 dùng để xin phép hay hỏi một việc có được không.,translated_subagent_draft,……可以吗？；……还是……？；我想订一张从北京到上海的机票。；你要头等舱还是经济舱？；订票时需要护照吗？；飞机会不会晚点？,……可以吗？；……还是……？；我想订一张从北京到上海的机票。；你要头等舱还是经济舱？；订票时需要护照吗？；飞机会不会晚点？,参考句式／常用句子；常用句子续页（需核对）,21,10,21;22,10;11,explicit_section_ocr_needs_manual,true,独立 PDF 语法审计草稿；参考句式／句型明确出现，仍需逐页人工核对。
boya-elementary-ii:lesson-01:audit-grammar-006,boya-elementary-ii:lesson-01,boya-elementary-ii,初级起步篇 II,lesson-01,1,订一张机票,需要+N／V,,需要 cộng danh từ hoặc động từ diễn tả cần một vật hoặc cần làm việc gì.,translated_subagent_draft,……可以吗？；……还是……？；我想订一张从北京到上海的机票。；你要头等舱还是经济舱？；订票时需要护照吗？；飞机会不会晚点？,……可以吗？；……还是……？；我想订一张从北京到上海的机票。；你要头等舱还是经济舱？；订票时需要护照吗？；飞机会不会晚点？,参考句式／常用句子；常用句子续页（需核对）,21,10,21;22,10;11,explicit_section_ocr_needs_manual,true,独立 PDF 语法审计草稿；参考句式／句型明确出现，仍需逐页人工核对。
boya-elementary-ii:lesson-01:audit-grammar-007,boya-elementary-ii:lesson-01,boya-elementary-ii,初级起步篇 II,lesson-01,1,订一张机票,一直+状态,,一直 đứng trước trạng thái hay động từ để nói việc kéo dài liên tục.,translated_subagent_draft,……可以吗？；……还是……？；我想订一张从北京到上海的机票。；你要头等舱还是经济舱？；订票时需要护照吗？；飞机会不会晚点？,……可以吗？；……还是……？；我想订一张从北京到上海的机票。；你要头等舱还是经济舱？；订票时需要护照吗？；飞机会不会晚点？,参考句式／常用句子；常用句子续页（需核对）,21,10,21;22,10;11,explicit_section_ocr_needs_manual,true,独立 PDF 语法审计草稿；参考句式／句型明确出现，仍需逐页人工核对。
boya-elementary-ii:lesson-01:audit-grammar-008,boya-elementary-ii:lesson-01,boya-elementary-ii,初级起步篇 II,lesson-01,1,订一张机票,会不会+V,,会不会加 động từ dùng để hỏi có biết làm hoặc liệu có xảy ra không.,translated_subagent_draft,……可以吗？；……还是……？；我想订一张从北京到上海的机票。；你要头等舱还是经济舱？；订票时需要护照吗？；飞机会不会晚点？,……可以吗？；……还是……？；我想订一张从北京到上海的机票。；你要头等舱还是经济舱？；订票时需要护照吗？；飞机会不会晚点？,参考句式／常用句子；常用句子续页（需核对）,21,10,21;22,10;11,explicit_section_ocr_needs_manual,true,独立 PDF 语法审计草稿；参考句式／句型明确出现，仍需逐页人工核对。
boya-elementary-ii:lesson-01:audit-grammar-009,boya-elementary-ii:lesson-01,boya-elementary-ii,初级起步篇 II,lesson-01,1,订一张机票,是否+V,,是否 đứng trước động từ dùng trong văn phong trang trọng để hỏi có hay không.,translated_subagent_draft,……可以吗？；……还是……？；我想订一张从北京到上海的机票。；你要头等舱还是经济舱？；订票时需要护照吗？；飞机会不会晚点？,……可以吗？；……还是……？；我想订一张从北京到上海的机票。；你要头等舱还是经济舱？；订票时需要护照吗？；飞机会不会晚点？,参考句式／常用句子；常用句子续页（需核对）,21,10,21;22,10;11,explicit_section_ocr_needs_manual,true,独立 PDF 语法审计草稿；参考句式／句型明确出现，仍需逐页人工核对。
boya-elementary-ii:lesson-01:audit-grammar-010,boya-elementary-ii:lesson-01,boya-elementary-ii,初级起步篇 II,lesson-01,1,订一张机票,打八折／打折,,打折 nghĩa là giảm giá; 打八折 nghĩa là trả 80 phần trăm giá gốc.,translated_subagent_draft,……可以吗？；……还是……？；我想订一张从北京到上海的机票。；你要头等舱还是经济舱？；订票时需要护照吗？；飞机会不会晚点？,……可以吗？；……还是……？；我想订一张从北京到上海的机票。；你要头等舱还是经济舱？；订票时需要护照吗？；飞机会不会晚点？,参考句式／常用句子；常用句子续页（需核对）,21,10,21;22,10;11,explicit_section_ocr_needs_manual,true,独立 PDF 语法审计草稿；参考句式／句型明确出现，仍需逐页人工核对。
boya-elementary-ii:lesson-01:audit-grammar-011,boya-elementary-ii:lesson-01,boya-elementary-ii,初级起步篇 II,lesson-01,1,订一张机票,几点起飞／到达,,Dùng 几点起飞 hoặc 到达 để hỏi giờ máy bay cất cánh hay đến nơi.,translated_subagent_draft,……可以吗？；……还是……？；我想订一张从北京到上海的机票。；你要头等舱还是经济舱？；订票时需要护照吗？；飞机会不会晚点？,……可以吗？；……还是……？；我想订一张从北京到上海的机票。；你要头等舱还是经济舱？；订票时需要护照吗？；飞机会不会晚点？,参考句式／常用句子；常用句子续页（需核对）,21,10,21;22,10;11,explicit_section_ocr_needs_manual,true,独立 PDF 语法审计草稿；参考句式／句型明确出现，仍需逐页人工核对。
boya-elementary-ii:lesson-01:audit-grammar-012,boya-elementary-ii:lesson-01,boya-elementary-ii,初级起步篇 II,lesson-01,1,订一张机票,正点／晚点,,正点 nghĩa là đúng giờ; 晚点 nghĩa là bị trễ giờ.,translated_subagent_draft,……可以吗？；……还是……？；我想订一张从北京到上海的机票。；你要头等舱还是经济舱？；订票时需要护照吗？；飞机会不会晚点？,……可以吗？；……还是……？；我想订一张从北京到上海的机票。；你要头等舱还是经济舱？；订票时需要护照吗？；飞机会不会晚点？,参考句式／常用句子；常用句子续页（需核对）,21,10,21;22,10;11,explicit_section_ocr_needs_manual,true,独立 PDF 语法审计草稿；参考句式／句型明确出现，仍需逐页人工核对。
boya-elementary-ii:lesson-02:audit-grammar-001,boya-elementary-ii:lesson-02,boya-elementary-ii,初级起步篇 II,lesson-02,2,您有房子出租，是吗,有+N+出租，是吗？,,Cấu trúc 有加 danh từ加出租 dùng để nói có thứ gì cho thuê; 是吗 dùng để xác nhận.,translated_subagent_draft,您那儿有房子出租吗？；公寓离地铁站远不远？；这套公寓里有什么？；公寓周围有什么？；房租比别的地方便宜多了。；我对这套房子很满意。；如果觉得房租贵，你可以找一个人合租。,您那儿有房子出租吗？；公寓离地铁站远不远？；这套公寓里有什么？；公寓周围有什么？；房租比别的地方便宜多了。；我对这套房子很满意。；如果觉得房租贵，你可以找一个人合租。,交际练习／租房句型；综合练习／对话框架；常用句子,26,15,26;30;33,15;19;22,sentence_inferred_ocr_needs_manual,true,独立 PDF 语法审计草稿；由重点／常用句子或活动提示归纳，需教师确认是否列为本课语法。
boya-elementary-ii:lesson-02:audit-grammar-002,boya-elementary-ii:lesson-02,boya-elementary-ii,初级起步篇 II,lesson-02,2,您有房子出租，是吗,离+地点+近／远,,离 đứng trước địa điểm rồi dùng 近 hoặc 远 để nói khoảng cách giữa các nơi.,translated_subagent_draft,您那儿有房子出租吗？；公寓离地铁站远不远？；这套公寓里有什么？；公寓周围有什么？；房租比别的地方便宜多了。；我对这套房子很满意。；如果觉得房租贵，你可以找一个人合租。,您那儿有房子出租吗？；公寓离地铁站远不远？；这套公寓里有什么？；公寓周围有什么？；房租比别的地方便宜多了。；我对这套房子很满意。；如果觉得房租贵，你可以找一个人合租。,交际练习／租房句型；综合练习／对话框架；常用句子,26,15,26;30;33,15;19;22,sentence_inferred_ocr_needs_manual,true,独立 PDF 语法审计草稿；由重点／常用句子或活动提示归纳，需教师确认是否列为本课语法。
boya-elementary-ii:lesson-02:audit-grammar-003,boya-elementary-ii:lesson-02,boya-elementary-ii,初级起步篇 II,lesson-02,2,您有房子出租，是吗,A不A（远不远）,,Dạng A不A lặp tính từ để hỏi có đặc điểm đó hay không.,translated_subagent_draft,您那儿有房子出租吗？；公寓离地铁站远不远？；这套公寓里有什么？；公寓周围有什么？；房租比别的地方便宜多了。；我对这套房子很满意。；如果觉得房租贵，你可以找一个人合租。,您那儿有房子出租吗？；公寓离地铁站远不远？；这套公寓里有什么？；公寓周围有什么？；房租比别的地方便宜多了。；我对这套房子很满意。；如果觉得房租贵，你可以找一个人合租。,交际练习／租房句型；综合练习／对话框架；常用句子,26,15,26;30;33,15;19;22,sentence_inferred_ocr_needs_manual,true,独立 PDF 语法审计草稿；由重点／常用句子或活动提示归纳，需教师确认是否列为本课语法。
boya-elementary-ii:lesson-02:audit-grammar-004,boya-elementary-ii:lesson-02,boya-elementary-ii,初级起步篇 II,lesson-02,2,您有房子出租，是吗,A比B+形容词,,A比B加 tính từ dùng để so sánh A hơn B về một đặc điểm.,translated_subagent_draft,您那儿有房子出租吗？；公寓离地铁站远不远？；这套公寓里有什么？；公寓周围有什么？；房租比别的地方便宜多了。；我对这套房子很满意。；如果觉得房租贵，你可以找一个人合租。,您那儿有房子出租吗？；公寓离地铁站远不远？；这套公寓里有什么？；公寓周围有什么？；房租比别的地方便宜多了。；我对这套房子很满意。；如果觉得房租贵，你可以找一个人合租。,交际练习／租房句型；综合练习／对话框架；常用句子,26,15,26;30;33,15;19;22,sentence_inferred_ocr_needs_manual,true,独立 PDF 语法审计草稿；由重点／常用句子或活动提示归纳，需教师确认是否列为本课语法。
boya-elementary-ii:lesson-02:audit-grammar-005,boya-elementary-ii:lesson-02,boya-elementary-ii,初级起步篇 II,lesson-02,2,您有房子出租，是吗,A和B比……多了,,A和B比…多了 dùng để nói A khác B rất nhiều về mức độ nào đó.,translated_subagent_draft,您那儿有房子出租吗？；公寓离地铁站远不远？；这套公寓里有什么？；公寓周围有什么？；房租比别的地方便宜多了。；我对这套房子很满意。；如果觉得房租贵，你可以找一个人合租。,您那儿有房子出租吗？；公寓离地铁站远不远？；这套公寓里有什么？；公寓周围有什么？；房租比别的地方便宜多了。；我对这套房子很满意。；如果觉得房租贵，你可以找一个人合租。,交际练习／租房句型；综合练习／对话框架；常用句子,26,15,26;30;33,15;19;22,sentence_inferred_ocr_needs_manual,true,独立 PDF 语法审计草稿；由重点／常用句子或活动提示归纳，需教师确认是否列为本课语法。
boya-elementary-ii:lesson-02:audit-grammar-006,boya-elementary-ii:lesson-02,boya-elementary-ii,初级起步篇 II,lesson-02,2,您有房子出租，是吗,方位词：里、周围、附近,,里 周围 附近 là từ chỉ vị trí: bên trong xung quanh và gần đó.,translated_subagent_draft,您那儿有房子出租吗？；公寓离地铁站远不远？；这套公寓里有什么？；公寓周围有什么？；房租比别的地方便宜多了。；我对这套房子很满意。；如果觉得房租贵，你可以找一个人合租。,您那儿有房子出租吗？；公寓离地铁站远不远？；这套公寓里有什么？；公寓周围有什么？；房租比别的地方便宜多了。；我对这套房子很满意。；如果觉得房租贵，你可以找一个人合租。,交际练习／租房句型；综合练习／对话框架；常用句子,26,15,26;30;33,15;19;22,sentence_inferred_ocr_needs_manual,true,独立 PDF 语法审计草稿；由重点／常用句子或活动提示归纳，需教师确认是否列为本课语法。
boya-elementary-ii:lesson-02:audit-grammar-007,boya-elementary-ii:lesson-02,boya-elementary-ii,初级起步篇 II,lesson-02,2,您有房子出租，是吗,可以+V（看房）,,可以加 động từ dùng để xin phép hoặc nói có thể làm một việc như xem nhà.,translated_subagent_draft,您那儿有房子出租吗？；公寓离地铁站远不远？；这套公寓里有什么？；公寓周围有什么？；房租比别的地方便宜多了。；我对这套房子很满意。；如果觉得房租贵，你可以找一个人合租。,您那儿有房子出租吗？；公寓离地铁站远不远？；这套公寓里有什么？；公寓周围有什么？；房租比别的地方便宜多了。；我对这套房子很满意。；如果觉得房租贵，你可以找一个人合租。,交际练习／租房句型；综合练习／对话框架；常用句子,26,15,26;30;33,15;19;22,sentence_inferred_ocr_needs_manual,true,独立 PDF 语法审计草稿；由重点／常用句子或活动提示归纳，需教师确认是否列为本课语法。
boya-elementary-ii:lesson-02:audit-grammar-008,boya-elementary-ii:lesson-02,boya-elementary-ii,初级起步篇 II,lesson-02,2,您有房子出租，是吗,如果……（条件）,,如果 mở đầu điều kiện; vế sau nói kết quả hay việc sẽ làm.,translated_subagent_draft,您那儿有房子出租吗？；公寓离地铁站远不远？；这套公寓里有什么？；公寓周围有什么？；房租比别的地方便宜多了。；我对这套房子很满意。；如果觉得房租贵，你可以找一个人合租。,您那儿有房子出租吗？；公寓离地铁站远不远？；这套公寓里有什么？；公寓周围有什么？；房租比别的地方便宜多了。；我对这套房子很满意。；如果觉得房租贵，你可以找一个人合租。,交际练习／租房句型；综合练习／对话框架；常用句子,26,15,26;30;33,15;19;22,sentence_inferred_ocr_needs_manual,true,独立 PDF 语法审计草稿；由重点／常用句子或活动提示归纳，需教师确认是否列为本课语法。
boya-elementary-ii:lesson-02:audit-grammar-009,boya-elementary-ii:lesson-02,boya-elementary-ii,初级起步篇 II,lesson-02,2,您有房子出租，是吗,对+对象+满意,,对加 đối tượng加满意 nghĩa là hài lòng với người hoặc sự việc nào đó.,translated_subagent_draft,您那儿有房子出租吗？；公寓离地铁站远不远？；这套公寓里有什么？；公寓周围有什么？；房租比别的地方便宜多了。；我对这套房子很满意。；如果觉得房租贵，你可以找一个人合租。,您那儿有房子出租吗？；公寓离地铁站远不远？；这套公寓里有什么？；公寓周围有什么？；房租比别的地方便宜多了。；我对这套房子很满意。；如果觉得房租贵，你可以找一个人合租。,交际练习／租房句型；综合练习／对话框架；常用句子,26,15,26;30;33,15;19;22,sentence_inferred_ocr_needs_manual,true,独立 PDF 语法审计草稿；由重点／常用句子或活动提示归纳，需教师确认是否列为本课语法。
boya-elementary-ii:lesson-02:audit-grammar-010,boya-elementary-ii:lesson-02,boya-elementary-ii,初级起步篇 II,lesson-02,2,您有房子出租，是吗,和+人+一起+V,,和加 người加一起加 động từ nói cùng ai làm một việc.,translated_subagent_draft,您那儿有房子出租吗？；公寓离地铁站远不远？；这套公寓里有什么？；公寓周围有什么？；房租比别的地方便宜多了。；我对这套房子很满意。；如果觉得房租贵，你可以找一个人合租。,您那儿有房子出租吗？；公寓离地铁站远不远？；这套公寓里有什么？；公寓周围有什么？；房租比别的地方便宜多了。；我对这套房子很满意。；如果觉得房租贵，你可以找一个人合租。,交际练习／租房句型；综合练习／对话框架；常用句子,26,15,26;30;33,15;19;22,sentence_inferred_ocr_needs_manual,true,独立 PDF 语法审计草稿；由重点／常用句子或活动提示归纳，需教师确认是否列为本课语法。
boya-elementary-ii:lesson-02:audit-grammar-011,boya-elementary-ii:lesson-02,boya-elementary-ii,初级起步篇 II,lesson-02,2,您有房子出租，是吗,每个月+金额,,每个月加 số tiền dùng để nói chi phí hoặc tiền phải trả mỗi tháng.,translated_subagent_draft,您那儿有房子出租吗？；公寓离地铁站远不远？；这套公寓里有什么？；公寓周围有什么？；房租比别的地方便宜多了。；我对这套房子很满意。；如果觉得房租贵，你可以找一个人合租。,您那儿有房子出租吗？；公寓离地铁站远不远？；这套公寓里有什么？；公寓周围有什么？；房租比别的地方便宜多了。；我对这套房子很满意。；如果觉得房租贵，你可以找一个人合租。,交际练习／租房句型；综合练习／对话框架；常用句子,26,15,26;30;33,15;19;22,sentence_inferred_ocr_needs_manual,true,独立 PDF 语法审计草稿；由重点／常用句子或活动提示归纳，需教师确认是否列为本课语法。
boya-elementary-ii:lesson-03:audit-grammar-001,boya-elementary-ii:lesson-03,boya-elementary-ii,初级起步篇 II,lesson-03,3,我丢了一个钱包,V了（丢了）,,了 sau động từ cho biết hành động đã xảy ra hoặc hoàn thành như làm mất đồ.,translated_subagent_draft,我的钱包好像丢了。；我的钱包可能是在跑步的时候丢。；钱包里面有五十块钱左右。；钱包里有我的照片。我黄头发，穿着一件蓝色衬衫。；我们先去操场找找吧。；拾到者怎么和你联系？,我的钱包好像丢了。；我的钱包可能是在跑步的时候丢。；钱包里面有五十块钱左右。；钱包里有我的照片。我黄头发，穿着一件蓝色衬衫。；我们先去操场找找吧。；拾到者怎么和你联系？,综合练习／寻物启事；常用句子（OCR标题误读）；常用句子续页,41,30,41;42;43,30;31;32,sentence_inferred_ocr_needs_manual,true,独立 PDF 语法审计草稿；由重点／常用句子或活动提示归纳，需教师确认是否列为本课语法。
boya-elementary-ii:lesson-03:audit-grammar-002,boya-elementary-ii:lesson-03,boya-elementary-ii,初级起步篇 II,lesson-03,3,我丢了一个钱包,好像+小句,,好像 cộng mệnh đề diễn tả suy đoán dựa vào dấu hiệu nhưng chưa chắc.,translated_subagent_draft,我的钱包好像丢了。；我的钱包可能是在跑步的时候丢。；钱包里面有五十块钱左右。；钱包里有我的照片。我黄头发，穿着一件蓝色衬衫。；我们先去操场找找吧。；拾到者怎么和你联系？,我的钱包好像丢了。；我的钱包可能是在跑步的时候丢。；钱包里面有五十块钱左右。；钱包里有我的照片。我黄头发，穿着一件蓝色衬衫。；我们先去操场找找吧。；拾到者怎么和你联系？,综合练习／寻物启事；常用句子（OCR标题误读）；常用句子续页,41,30,41;42;43,30;31;32,sentence_inferred_ocr_needs_manual,true,独立 PDF 语法审计草稿；由重点／常用句子或活动提示归纳，需教师确认是否列为本课语法。
boya-elementary-ii:lesson-03:audit-grammar-003,boya-elementary-ii:lesson-03,boya-elementary-ii,初级起步篇 II,lesson-03,3,我丢了一个钱包,可能+小句,,可能 cộng mệnh đề diễn tả một khả năng có thể đúng.,translated_subagent_draft,我的钱包好像丢了。；我的钱包可能是在跑步的时候丢。；钱包里面有五十块钱左右。；钱包里有我的照片。我黄头发，穿着一件蓝色衬衫。；我们先去操场找找吧。；拾到者怎么和你联系？,我的钱包好像丢了。；我的钱包可能是在跑步的时候丢。；钱包里面有五十块钱左右。；钱包里有我的照片。我黄头发，穿着一件蓝色衬衫。；我们先去操场找找吧。；拾到者怎么和你联系？,综合练习／寻物启事；常用句子（OCR标题误读）；常用句子续页,41,30,41;42;43,30;31;32,sentence_inferred_ocr_needs_manual,true,独立 PDF 语法审计草稿；由重点／常用句子或活动提示归纳，需教师确认是否列为本课语法。
boya-elementary-ii:lesson-03:audit-grammar-004,boya-elementary-ii:lesson-03,boya-elementary-ii,初级起步篇 II,lesson-03,3,我丢了一个钱包,在+地点+V,,在加 địa điểm加 động từ cho biết hành động diễn ra ở đâu.,translated_subagent_draft,我的钱包好像丢了。；我的钱包可能是在跑步的时候丢。；钱包里面有五十块钱左右。；钱包里有我的照片。我黄头发，穿着一件蓝色衬衫。；我们先去操场找找吧。；拾到者怎么和你联系？,我的钱包好像丢了。；我的钱包可能是在跑步的时候丢。；钱包里面有五十块钱左右。；钱包里有我的照片。我黄头发，穿着一件蓝色衬衫。；我们先去操场找找吧。；拾到者怎么和你联系？,综合练习／寻物启事；常用句子（OCR标题误读）；常用句子续页,41,30,41;42;43,30;31;32,sentence_inferred_ocr_needs_manual,true,独立 PDF 语法审计草稿；由重点／常用句子或活动提示归纳，需教师确认是否列为本课语法。
boya-elementary-ii:lesson-03:audit-grammar-005,boya-elementary-ii:lesson-03,boya-elementary-ii,初级起步篇 II,lesson-03,3,我丢了一个钱包,V的时候,,Động từ加的时候 nghĩa là vào lúc làm việc đó và dùng để nêu thời điểm.,translated_subagent_draft,我的钱包好像丢了。；我的钱包可能是在跑步的时候丢。；钱包里面有五十块钱左右。；钱包里有我的照片。我黄头发，穿着一件蓝色衬衫。；我们先去操场找找吧。；拾到者怎么和你联系？,我的钱包好像丢了。；我的钱包可能是在跑步的时候丢。；钱包里面有五十块钱左右。；钱包里有我的照片。我黄头发，穿着一件蓝色衬衫。；我们先去操场找找吧。；拾到者怎么和你联系？,综合练习／寻物启事；常用句子（OCR标题误读）；常用句子续页,41,30,41;42;43,30;31;32,sentence_inferred_ocr_needs_manual,true,独立 PDF 语法审计草稿；由重点／常用句子或活动提示归纳，需教师确认是否列为本课语法。
boya-elementary-ii:lesson-03:audit-grammar-006,boya-elementary-ii:lesson-03,boya-elementary-ii,初级起步篇 II,lesson-03,3,我丢了一个钱包,穿着+衣物（着状态）,,着 sau động từ diễn tả trạng thái đang duy trì như đang mặc một bộ đồ.,translated_subagent_draft,我的钱包好像丢了。；我的钱包可能是在跑步的时候丢。；钱包里面有五十块钱左右。；钱包里有我的照片。我黄头发，穿着一件蓝色衬衫。；我们先去操场找找吧。；拾到者怎么和你联系？,我的钱包好像丢了。；我的钱包可能是在跑步的时候丢。；钱包里面有五十块钱左右。；钱包里有我的照片。我黄头发，穿着一件蓝色衬衫。；我们先去操场找找吧。；拾到者怎么和你联系？,综合练习／寻物启事；常用句子（OCR标题误读）；常用句子续页,41,30,41;42;43,30;31;32,sentence_inferred_ocr_needs_manual,true,独立 PDF 语法审计草稿；由重点／常用句子或活动提示归纳，需教师确认是否列为本课语法。
boya-elementary-ii:lesson-03:audit-grammar-007,boya-elementary-ii:lesson-03,boya-elementary-ii,初级起步篇 II,lesson-03,3,我丢了一个钱包,里面有+数量／物品,,里面有加 số lượng hoặc đồ vật dùng để nói bên trong có gì.,translated_subagent_draft,我的钱包好像丢了。；我的钱包可能是在跑步的时候丢。；钱包里面有五十块钱左右。；钱包里有我的照片。我黄头发，穿着一件蓝色衬衫。；我们先去操场找找吧。；拾到者怎么和你联系？,我的钱包好像丢了。；我的钱包可能是在跑步的时候丢。；钱包里面有五十块钱左右。；钱包里有我的照片。我黄头发，穿着一件蓝色衬衫。；我们先去操场找找吧。；拾到者怎么和你联系？,综合练习／寻物启事；常用句子（OCR标题误读）；常用句子续页,41,30,41;42;43,30;31;32,sentence_inferred_ocr_needs_manual,true,独立 PDF 语法审计草稿；由重点／常用句子或活动提示归纳，需教师确认是否列为本课语法。
boya-elementary-ii:lesson-03:audit-grammar-008,boya-elementary-ii:lesson-03,boya-elementary-ii,初级起步篇 II,lesson-03,3,我丢了一个钱包,左右约数,,左右 đứng sau số lượng để nói con số xấp xỉ.,translated_subagent_draft,我的钱包好像丢了。；我的钱包可能是在跑步的时候丢。；钱包里面有五十块钱左右。；钱包里有我的照片。我黄头发，穿着一件蓝色衬衫。；我们先去操场找找吧。；拾到者怎么和你联系？,我的钱包好像丢了。；我的钱包可能是在跑步的时候丢。；钱包里面有五十块钱左右。；钱包里有我的照片。我黄头发，穿着一件蓝色衬衫。；我们先去操场找找吧。；拾到者怎么和你联系？,综合练习／寻物启事；常用句子（OCR标题误读）；常用句子续页,41,30,41;42;43,30;31;32,sentence_inferred_ocr_needs_manual,true,独立 PDF 语法审计草稿；由重点／常用句子或活动提示归纳，需教师确认是否列为本课语法。
boya-elementary-ii:lesson-03:audit-grammar-009,boya-elementary-ii:lesson-03,boya-elementary-ii,初级起步篇 II,lesson-03,3,我丢了一个钱包,先+V+找找,,先加 động từ lặp nhẹ như 找找 dùng để nói hãy làm trước hoặc thử tìm xem.,translated_subagent_draft,我的钱包好像丢了。；我的钱包可能是在跑步的时候丢。；钱包里面有五十块钱左右。；钱包里有我的照片。我黄头发，穿着一件蓝色衬衫。；我们先去操场找找吧。；拾到者怎么和你联系？,我的钱包好像丢了。；我的钱包可能是在跑步的时候丢。；钱包里面有五十块钱左右。；钱包里有我的照片。我黄头发，穿着一件蓝色衬衫。；我们先去操场找找吧。；拾到者怎么和你联系？,综合练习／寻物启事；常用句子（OCR标题误读）；常用句子续页,41,30,41;42;43,30;31;32,sentence_inferred_ocr_needs_manual,true,独立 PDF 语法审计草稿；由重点／常用句子或活动提示归纳，需教师确认是否列为本课语法。
boya-elementary-ii:lesson-03:audit-grammar-010,boya-elementary-ii:lesson-03,boya-elementary-ii,初级起步篇 II,lesson-03,3,我丢了一个钱包,怎么和……联系,,怎么和…联系 dùng để hỏi cách liên lạc với một người hay đơn vị.,translated_subagent_draft,我的钱包好像丢了。；我的钱包可能是在跑步的时候丢。；钱包里面有五十块钱左右。；钱包里有我的照片。我黄头发，穿着一件蓝色衬衫。；我们先去操场找找吧。；拾到者怎么和你联系？,我的钱包好像丢了。；我的钱包可能是在跑步的时候丢。；钱包里面有五十块钱左右。；钱包里有我的照片。我黄头发，穿着一件蓝色衬衫。；我们先去操场找找吧。；拾到者怎么和你联系？,综合练习／寻物启事；常用句子（OCR标题误读）；常用句子续页,41,30,41;42;43,30;31;32,sentence_inferred_ocr_needs_manual,true,独立 PDF 语法审计草稿；由重点／常用句子或活动提示归纳，需教师确认是否列为本课语法。
boya-elementary-ii:lesson-03:audit-grammar-011,boya-elementary-ii:lesson-03,boya-elementary-ii,初级起步篇 II,lesson-03,3,我丢了一个钱包,可以+V,,可以加 động từ diễn tả sự cho phép hoặc khả năng.,translated_subagent_draft,我的钱包好像丢了。；我的钱包可能是在跑步的时候丢。；钱包里面有五十块钱左右。；钱包里有我的照片。我黄头发，穿着一件蓝色衬衫。；我们先去操场找找吧。；拾到者怎么和你联系？,我的钱包好像丢了。；我的钱包可能是在跑步的时候丢。；钱包里面有五十块钱左右。；钱包里有我的照片。我黄头发，穿着一件蓝色衬衫。；我们先去操场找找吧。；拾到者怎么和你联系？,综合练习／寻物启事；常用句子（OCR标题误读）；常用句子续页,41,30,41;42;43,30;31;32,sentence_inferred_ocr_needs_manual,true,独立 PDF 语法审计草稿；由重点／常用句子或活动提示归纳，需教师确认是否列为本课语法。
boya-elementary-ii:lesson-04:audit-grammar-001,boya-elementary-ii:lesson-04,boya-elementary-ii,初级起步篇 II,lesson-04,4,我在中国生活,在+地点+生活,,在加 địa điểm加生活 diễn tả sống tại một nơi.,translated_subagent_draft,A没有B那么……；A和B一样；像……一样；有……有的……；一年比一年……；我们国家的中国菜没有这儿的地道。；我和你一样，也爱吃汉堡包。；我一去饭馆儿就点麻婆豆腐。；开车人一年比一年多了。,A没有B那么……；A和B一样；像……一样；有……有的……；一年比一年……；我们国家的中国菜没有这儿的地道。；我和你一样，也爱吃汉堡包。；我一去饭馆儿就点麻婆豆腐。；开车人一年比一年多了。,活动提示；参考句式／常用句子,52,41,52;53,41;42,explicit_section_ocr_needs_manual,true,独立 PDF 语法审计草稿；参考句式／句型明确出现，仍需逐页人工核对。
boya-elementary-ii:lesson-04:audit-grammar-002,boya-elementary-ii:lesson-04,boya-elementary-ii,初级起步篇 II,lesson-04,4,我在中国生活,A没有B那么+形容词,,A没有B那么加 tính từ dùng để nói A không bằng B về mức độ đó.,translated_subagent_draft,A没有B那么……；A和B一样；像……一样；有……有的……；一年比一年……；我们国家的中国菜没有这儿的地道。；我和你一样，也爱吃汉堡包。；我一去饭馆儿就点麻婆豆腐。；开车人一年比一年多了。,A没有B那么……；A和B一样；像……一样；有……有的……；一年比一年……；我们国家的中国菜没有这儿的地道。；我和你一样，也爱吃汉堡包。；我一去饭馆儿就点麻婆豆腐。；开车人一年比一年多了。,活动提示；参考句式／常用句子,52,41,52;53,41;42,explicit_section_ocr_needs_manual,true,独立 PDF 语法审计草稿；参考句式／句型明确出现，仍需逐页人工核对。
boya-elementary-ii:lesson-04:audit-grammar-003,boya-elementary-ii:lesson-04,boya-elementary-ii,初级起步篇 II,lesson-04,4,我在中国生活,A和B一样,,A和B一样 nghĩa là A và B giống nhau về đặc điểm hay tình trạng đã nêu.,translated_subagent_draft,A没有B那么……；A和B一样；像……一样；有……有的……；一年比一年……；我们国家的中国菜没有这儿的地道。；我和你一样，也爱吃汉堡包。；我一去饭馆儿就点麻婆豆腐。；开车人一年比一年多了。,A没有B那么……；A和B一样；像……一样；有……有的……；一年比一年……；我们国家的中国菜没有这儿的地道。；我和你一样，也爱吃汉堡包。；我一去饭馆儿就点麻婆豆腐。；开车人一年比一年多了。,活动提示；参考句式／常用句子,52,41,52;53,41;42,explicit_section_ocr_needs_manual,true,独立 PDF 语法审计草稿；参考句式／句型明确出现，仍需逐页人工核对。
boya-elementary-ii:lesson-04:audit-grammar-004,boya-elementary-ii:lesson-04,boya-elementary-ii,初级起步篇 II,lesson-04,4,我在中国生活,像……一样,,像…一样 dùng để so sánh A giống B về một đặc điểm.,translated_subagent_draft,A没有B那么……；A和B一样；像……一样；有……有的……；一年比一年……；我们国家的中国菜没有这儿的地道。；我和你一样，也爱吃汉堡包。；我一去饭馆儿就点麻婆豆腐。；开车人一年比一年多了。,A没有B那么……；A和B一样；像……一样；有……有的……；一年比一年……；我们国家的中国菜没有这儿的地道。；我和你一样，也爱吃汉堡包。；我一去饭馆儿就点麻婆豆腐。；开车人一年比一年多了。,活动提示；参考句式／常用句子,52,41,52;53,41;42,explicit_section_ocr_needs_manual,true,独立 PDF 语法审计草稿；参考句式／句型明确出现，仍需逐页人工核对。
boya-elementary-ii:lesson-04:audit-grammar-005,boya-elementary-ii:lesson-04,boya-elementary-ii,初级起步篇 II,lesson-04,4,我在中国生活,有的……有的……,,有的…有的… chia người hay vật thành các nhóm có hành động hoặc đặc điểm khác nhau.,translated_subagent_draft,A没有B那么……；A和B一样；像……一样；有……有的……；一年比一年……；我们国家的中国菜没有这儿的地道。；我和你一样，也爱吃汉堡包。；我一去饭馆儿就点麻婆豆腐。；开车人一年比一年多了。,A没有B那么……；A和B一样；像……一样；有……有的……；一年比一年……；我们国家的中国菜没有这儿的地道。；我和你一样，也爱吃汉堡包。；我一去饭馆儿就点麻婆豆腐。；开车人一年比一年多了。,活动提示；参考句式／常用句子,52,41,52;53,41;42,explicit_section_ocr_needs_manual,true,独立 PDF 语法审计草稿；参考句式／句型明确出现，仍需逐页人工核对。
boya-elementary-ii:lesson-04:audit-grammar-006,boya-elementary-ii:lesson-04,boya-elementary-ii,初级起步篇 II,lesson-04,4,我在中国生活,一……就……,,一…就… diễn tả vừa có việc thứ nhất thì việc thứ hai xảy ra ngay.,translated_subagent_draft,A没有B那么……；A和B一样；像……一样；有……有的……；一年比一年……；我们国家的中国菜没有这儿的地道。；我和你一样，也爱吃汉堡包。；我一去饭馆儿就点麻婆豆腐。；开车人一年比一年多了。,A没有B那么……；A和B一样；像……一样；有……有的……；一年比一年……；我们国家的中国菜没有这儿的地道。；我和你一样，也爱吃汉堡包。；我一去饭馆儿就点麻婆豆腐。；开车人一年比一年多了。,活动提示；参考句式／常用句子,52,41,52;53,41;42,explicit_section_ocr_needs_manual,true,独立 PDF 语法审计草稿；参考句式／句型明确出现，仍需逐页人工核对。
boya-elementary-ii:lesson-04:audit-grammar-007,boya-elementary-ii:lesson-04,boya-elementary-ii,初级起步篇 II,lesson-04,4,我在中国生活,一年比一年……,,一年比一年… diễn tả sự thay đổi tăng hay giảm dần qua từng năm.,translated_subagent_draft,A没有B那么……；A和B一样；像……一样；有……有的……；一年比一年……；我们国家的中国菜没有这儿的地道。；我和你一样，也爱吃汉堡包。；我一去饭馆儿就点麻婆豆腐。；开车人一年比一年多了。,A没有B那么……；A和B一样；像……一样；有……有的……；一年比一年……；我们国家的中国菜没有这儿的地道。；我和你一样，也爱吃汉堡包。；我一去饭馆儿就点麻婆豆腐。；开车人一年比一年多了。,活动提示；参考句式／常用句子,52,41,52;53,41;42,explicit_section_ocr_needs_manual,true,独立 PDF 语法审计草稿；参考句式／句型明确出现，仍需逐页人工核对。
boya-elementary-ii:lesson-04:audit-grammar-008,boya-elementary-ii:lesson-04,boya-elementary-ii,初级起步篇 II,lesson-04,4,我在中国生活,比较+形容词,,比较 đứng trước tính từ để nói mức độ tương đối khá.,translated_subagent_draft,A没有B那么……；A和B一样；像……一样；有……有的……；一年比一年……；我们国家的中国菜没有这儿的地道。；我和你一样，也爱吃汉堡包。；我一去饭馆儿就点麻婆豆腐。；开车人一年比一年多了。,A没有B那么……；A和B一样；像……一样；有……有的……；一年比一年……；我们国家的中国菜没有这儿的地道。；我和你一样，也爱吃汉堡包。；我一去饭馆儿就点麻婆豆腐。；开车人一年比一年多了。,活动提示；参考句式／常用句子,52,41,52;53,41;42,explicit_section_ocr_needs_manual,true,独立 PDF 语法审计草稿；参考句式／句型明确出现，仍需逐页人工核对。
boya-elementary-ii:lesson-04:audit-grammar-009,boya-elementary-ii:lesson-04,boya-elementary-ii,初级起步篇 II,lesson-04,4,我在中国生活,就+动词（强调）,,就 đứng trước động từ để nhấn mạnh chính hành động đó hoặc sự việc diễn ra sớm.,translated_subagent_draft,A没有B那么……；A和B一样；像……一样；有……有的……；一年比一年……；我们国家的中国菜没有这儿的地道。；我和你一样，也爱吃汉堡包。；我一去饭馆儿就点麻婆豆腐。；开车人一年比一年多了。,A没有B那么……；A和B一样；像……一样；有……有的……；一年比一年……；我们国家的中国菜没有这儿的地道。；我和你一样，也爱吃汉堡包。；我一去饭馆儿就点麻婆豆腐。；开车人一年比一年多了。,活动提示；参考句式／常用句子,52,41,52;53,41;42,explicit_section_ocr_needs_manual,true,独立 PDF 语法审计草稿；参考句式／句型明确出现，仍需逐页人工核对。
boya-elementary-ii:lesson-05:audit-grammar-001,boya-elementary-ii:lesson-05,boya-elementary-ii,初级起步篇 II,lesson-05,5,在饭馆儿点菜,可以／想+V,,可以 dùng để xin phép hay nói có thể; 想加 động từ nói muốn làm.,translated_subagent_draft,又……又……；A比B+形容词；A没有B+形容词；最主要是；学校附近饭馆儿不错，又好吃又干净。；食堂做没有这儿这么好吃。；我对这家饭馆儿的环境和价钱都很满意。；我想买单，再麻烦您给我一个打包盒。,又……又……；A比B+形容词；A没有B+形容词；最主要是；学校附近饭馆儿不错，又好吃又干净。；食堂做没有这儿这么好吃。；我对这家饭馆儿的环境和价钱都很满意。；我想买单，再麻烦您给我一个打包盒。,参考句式／点菜；常用句子,62,51,62;63,51;52,explicit_section_ocr_needs_manual,true,独立 PDF 语法审计草稿；参考句式／句型明确出现，仍需逐页人工核对。
boya-elementary-ii:lesson-05:audit-grammar-002,boya-elementary-ii:lesson-05,boya-elementary-ii,初级起步篇 II,lesson-05,5,在饭馆儿点菜,一起+V,,一起 đứng trước động từ để rủ hoặc nói cùng làm việc gì.,translated_subagent_draft,又……又……；A比B+形容词；A没有B+形容词；最主要是；学校附近饭馆儿不错，又好吃又干净。；食堂做没有这儿这么好吃。；我对这家饭馆儿的环境和价钱都很满意。；我想买单，再麻烦您给我一个打包盒。,又……又……；A比B+形容词；A没有B+形容词；最主要是；学校附近饭馆儿不错，又好吃又干净。；食堂做没有这儿这么好吃。；我对这家饭馆儿的环境和价钱都很满意。；我想买单，再麻烦您给我一个打包盒。,参考句式／点菜；常用句子,62,51,62;63,51;52,explicit_section_ocr_needs_manual,true,独立 PDF 语法审计草稿；参考句式／句型明确出现，仍需逐页人工核对。
boya-elementary-ii:lesson-05:audit-grammar-003,boya-elementary-ii:lesson-05,boya-elementary-ii,初级起步篇 II,lesson-05,5,在饭馆儿点菜,又……又……,,又…又… nối hai tính chất hoặc hành động cùng tồn tại.,translated_subagent_draft,又……又……；A比B+形容词；A没有B+形容词；最主要是；学校附近饭馆儿不错，又好吃又干净。；食堂做没有这儿这么好吃。；我对这家饭馆儿的环境和价钱都很满意。；我想买单，再麻烦您给我一个打包盒。,又……又……；A比B+形容词；A没有B+形容词；最主要是；学校附近饭馆儿不错，又好吃又干净。；食堂做没有这儿这么好吃。；我对这家饭馆儿的环境和价钱都很满意。；我想买单，再麻烦您给我一个打包盒。,参考句式／点菜；常用句子,62,51,62;63,51;52,explicit_section_ocr_needs_manual,true,独立 PDF 语法审计草稿；参考句式／句型明确出现，仍需逐页人工核对。
boya-elementary-ii:lesson-05:audit-grammar-004,boya-elementary-ii:lesson-05,boya-elementary-ii,初级起步篇 II,lesson-05,5,在饭馆儿点菜,A比B+形容词,,A比B加 tính từ dùng để nói A hơn B.,translated_subagent_draft,又……又……；A比B+形容词；A没有B+形容词；最主要是；学校附近饭馆儿不错，又好吃又干净。；食堂做没有这儿这么好吃。；我对这家饭馆儿的环境和价钱都很满意。；我想买单，再麻烦您给我一个打包盒。,又……又……；A比B+形容词；A没有B+形容词；最主要是；学校附近饭馆儿不错，又好吃又干净。；食堂做没有这儿这么好吃。；我对这家饭馆儿的环境和价钱都很满意。；我想买单，再麻烦您给我一个打包盒。,参考句式／点菜；常用句子,62,51,62;63,51;52,explicit_section_ocr_needs_manual,true,独立 PDF 语法审计草稿；参考句式／句型明确出现，仍需逐页人工核对。
boya-elementary-ii:lesson-05:audit-grammar-005,boya-elementary-ii:lesson-05,boya-elementary-ii,初级起步篇 II,lesson-05,5,在饭馆儿点菜,A没有B这么+形容词,,A没有B这么加 tính từ dùng để nói A không đạt mức độ như B.,translated_subagent_draft,又……又……；A比B+形容词；A没有B+形容词；最主要是；学校附近饭馆儿不错，又好吃又干净。；食堂做没有这儿这么好吃。；我对这家饭馆儿的环境和价钱都很满意。；我想买单，再麻烦您给我一个打包盒。,又……又……；A比B+形容词；A没有B+形容词；最主要是；学校附近饭馆儿不错，又好吃又干净。；食堂做没有这儿这么好吃。；我对这家饭馆儿的环境和价钱都很满意。；我想买单，再麻烦您给我一个打包盒。,参考句式／点菜；常用句子,62,51,62;63,51;52,explicit_section_ocr_needs_manual,true,独立 PDF 语法审计草稿；参考句式／句型明确出现，仍需逐页人工核对。
boya-elementary-ii:lesson-05:audit-grammar-006,boya-elementary-ii:lesson-05,boya-elementary-ii,初级起步篇 II,lesson-05,5,在饭馆儿点菜,点儿+N／有点儿,,点儿 đi với danh từ chỉ một ít; 有点儿 đứng trước tính từ thường chỉ hơi và có sắc thái chưa hài lòng.,translated_subagent_draft,又……又……；A比B+形容词；A没有B+形容词；最主要是；学校附近饭馆儿不错，又好吃又干净。；食堂做没有这儿这么好吃。；我对这家饭馆儿的环境和价钱都很满意。；我想买单，再麻烦您给我一个打包盒。,又……又……；A比B+形容词；A没有B+形容词；最主要是；学校附近饭馆儿不错，又好吃又干净。；食堂做没有这儿这么好吃。；我对这家饭馆儿的环境和价钱都很满意。；我想买单，再麻烦您给我一个打包盒。,参考句式／点菜；常用句子,62,51,62;63,51;52,explicit_section_ocr_needs_manual,true,独立 PDF 语法审计草稿；参考句式／句型明确出现，仍需逐页人工核对。
boya-elementary-ii:lesson-05:audit-grammar-007,boya-elementary-ii:lesson-05,boya-elementary-ii,初级起步篇 II,lesson-05,5,在饭馆儿点菜,还要／再来+N,,还要 hoặc 再来加 danh từ dùng khi muốn gọi thêm món hay xin thêm đồ.,translated_subagent_draft,又……又……；A比B+形容词；A没有B+形容词；最主要是；学校附近饭馆儿不错，又好吃又干净。；食堂做没有这儿这么好吃。；我对这家饭馆儿的环境和价钱都很满意。；我想买单，再麻烦您给我一个打包盒。,又……又……；A比B+形容词；A没有B+形容词；最主要是；学校附近饭馆儿不错，又好吃又干净。；食堂做没有这儿这么好吃。；我对这家饭馆儿的环境和价钱都很满意。；我想买单，再麻烦您给我一个打包盒。,参考句式／点菜；常用句子,62,51,62;63,51;52,explicit_section_ocr_needs_manual,true,独立 PDF 语法审计草稿；参考句式／句型明确出现，仍需逐页人工核对。
boya-elementary-ii:lesson-05:audit-grammar-008,boya-elementary-ii:lesson-05,boya-elementary-ii,初级起步篇 II,lesson-05,5,在饭馆儿点菜,最主要的是……,,最主要的是… dùng để nêu lý do hoặc điểm quan trọng nhất.,translated_subagent_draft,又……又……；A比B+形容词；A没有B+形容词；最主要是；学校附近饭馆儿不错，又好吃又干净。；食堂做没有这儿这么好吃。；我对这家饭馆儿的环境和价钱都很满意。；我想买单，再麻烦您给我一个打包盒。,又……又……；A比B+形容词；A没有B+形容词；最主要是；学校附近饭馆儿不错，又好吃又干净。；食堂做没有这儿这么好吃。；我对这家饭馆儿的环境和价钱都很满意。；我想买单，再麻烦您给我一个打包盒。,参考句式／点菜；常用句子,62,51,62;63,51;52,explicit_section_ocr_needs_manual,true,独立 PDF 语法审计草稿；参考句式／句型明确出现，仍需逐页人工核对。
boya-elementary-ii:lesson-05:audit-grammar-009,boya-elementary-ii:lesson-05,boya-elementary-ii,初级起步篇 II,lesson-05,5,在饭馆儿点菜,对+对象+满意,,对加 đối tượng加满意 nghĩa là hài lòng với ai hoặc điều gì.,translated_subagent_draft,又……又……；A比B+形容词；A没有B+形容词；最主要是；学校附近饭馆儿不错，又好吃又干净。；食堂做没有这儿这么好吃。；我对这家饭馆儿的环境和价钱都很满意。；我想买单，再麻烦您给我一个打包盒。,又……又……；A比B+形容词；A没有B+形容词；最主要是；学校附近饭馆儿不错，又好吃又干净。；食堂做没有这儿这么好吃。；我对这家饭馆儿的环境和价钱都很满意。；我想买单，再麻烦您给我一个打包盒。,参考句式／点菜；常用句子,62,51,62;63,51;52,explicit_section_ocr_needs_manual,true,独立 PDF 语法审计草稿；参考句式／句型明确出现，仍需逐页人工核对。
boya-elementary-ii:lesson-05:audit-grammar-010,boya-elementary-ii:lesson-05,boya-elementary-ii,初级起步篇 II,lesson-05,5,在饭馆儿点菜,都,,都 đứng trước vị ngữ để nói tất cả trong phạm vi đều giống nhau.,translated_subagent_draft,又……又……；A比B+形容词；A没有B+形容词；最主要是；学校附近饭馆儿不错，又好吃又干净。；食堂做没有这儿这么好吃。；我对这家饭馆儿的环境和价钱都很满意。；我想买单，再麻烦您给我一个打包盒。,又……又……；A比B+形容词；A没有B+形容词；最主要是；学校附近饭馆儿不错，又好吃又干净。；食堂做没有这儿这么好吃。；我对这家饭馆儿的环境和价钱都很满意。；我想买单，再麻烦您给我一个打包盒。,参考句式／点菜；常用句子,62,51,62;63,51;52,explicit_section_ocr_needs_manual,true,独立 PDF 语法审计草稿；参考句式／句型明确出现，仍需逐页人工核对。
boya-elementary-ii:lesson-05:audit-grammar-011,boya-elementary-ii:lesson-05,boya-elementary-ii,初级起步篇 II,lesson-05,5,在饭馆儿点菜,给+人+物／打包,,给加 người加 vật dùng để đưa cho ai; 给加人加打包 là gói mang về cho ai.,translated_subagent_draft,又……又……；A比B+形容词；A没有B+形容词；最主要是；学校附近饭馆儿不错，又好吃又干净。；食堂做没有这儿这么好吃。；我对这家饭馆儿的环境和价钱都很满意。；我想买单，再麻烦您给我一个打包盒。,又……又……；A比B+形容词；A没有B+形容词；最主要是；学校附近饭馆儿不错，又好吃又干净。；食堂做没有这儿这么好吃。；我对这家饭馆儿的环境和价钱都很满意。；我想买单，再麻烦您给我一个打包盒。,参考句式／点菜；常用句子,62,51,62;63,51;52,explicit_section_ocr_needs_manual,true,独立 PDF 语法审计草稿；参考句式／句型明确出现，仍需逐页人工核对。
boya-elementary-ii:lesson-06:audit-grammar-001,boya-elementary-ii:lesson-06,boya-elementary-ii,初级起步篇 II,lesson-06,6,参加学校社团,不但……而且……,,不但…而且… nối hai thông tin cùng đúng; vế sau thường bổ sung ý mạnh hơn.,translated_subagent_draft,不但……而且……；在……上写上……；为了……；……就行了；参加社团不但可以交朋友，而且还可以练习汉语。；我希望喝着茶写汉字。；带上学生证去报名就行了。；你在报名表上写上名字和专业就行了。,不但……而且……；在……上写上……；为了……；……就行了；参加社团不但可以交朋友，而且还可以练习汉语。；我希望喝着茶写汉字。；带上学生证去报名就行了。；你在报名表上写上名字和专业就行了。,参考句式／报名对话；常用句子,72,61,72;73,61;62,explicit_section_ocr_needs_manual,true,独立 PDF 语法审计草稿；参考句式／句型明确出现，仍需逐页人工核对。
boya-elementary-ii:lesson-06:audit-grammar-002,boya-elementary-ii:lesson-06,boya-elementary-ii,初级起步篇 II,lesson-06,6,参加学校社团,在……上写上……,,在…上写上… nghĩa là viết hoặc ghi thêm nội dung lên một bề mặt hay tài liệu.,translated_subagent_draft,不但……而且……；在……上写上……；为了……；……就行了；参加社团不但可以交朋友，而且还可以练习汉语。；我希望喝着茶写汉字。；带上学生证去报名就行了。；你在报名表上写上名字和专业就行了。,不但……而且……；在……上写上……；为了……；……就行了；参加社团不但可以交朋友，而且还可以练习汉语。；我希望喝着茶写汉字。；带上学生证去报名就行了。；你在报名表上写上名字和专业就行了。,参考句式／报名对话；常用句子,72,61,72;73,61;62,explicit_section_ocr_needs_manual,true,独立 PDF 语法审计草稿；参考句式／句型明确出现，仍需逐页人工核对。
boya-elementary-ii:lesson-06:audit-grammar-003,boya-elementary-ii:lesson-06,boya-elementary-ii,初级起步篇 II,lesson-06,6,参加学校社团,为了……,,为了… dùng để nêu mục đích hoặc lý do làm việc phía sau.,translated_subagent_draft,不但……而且……；在……上写上……；为了……；……就行了；参加社团不但可以交朋友，而且还可以练习汉语。；我希望喝着茶写汉字。；带上学生证去报名就行了。；你在报名表上写上名字和专业就行了。,不但……而且……；在……上写上……；为了……；……就行了；参加社团不但可以交朋友，而且还可以练习汉语。；我希望喝着茶写汉字。；带上学生证去报名就行了。；你在报名表上写上名字和专业就行了。,参考句式／报名对话；常用句子,72,61,72;73,61;62,explicit_section_ocr_needs_manual,true,独立 PDF 语法审计草稿；参考句式／句型明确出现，仍需逐页人工核对。
boya-elementary-ii:lesson-06:audit-grammar-004,boya-elementary-ii:lesson-06,boya-elementary-ii,初级起步篇 II,lesson-06,6,参加学校社团,……就行了,,…就行了 nghĩa là chỉ cần như vậy là đủ hoặc được rồi.,translated_subagent_draft,不但……而且……；在……上写上……；为了……；……就行了；参加社团不但可以交朋友，而且还可以练习汉语。；我希望喝着茶写汉字。；带上学生证去报名就行了。；你在报名表上写上名字和专业就行了。,不但……而且……；在……上写上……；为了……；……就行了；参加社团不但可以交朋友，而且还可以练习汉语。；我希望喝着茶写汉字。；带上学生证去报名就行了。；你在报名表上写上名字和专业就行了。,参考句式／报名对话；常用句子,72,61,72;73,61;62,explicit_section_ocr_needs_manual,true,独立 PDF 语法审计草稿；参考句式／句型明确出现，仍需逐页人工核对。
boya-elementary-ii:lesson-06:audit-grammar-005,boya-elementary-ii:lesson-06,boya-elementary-ii,初级起步篇 II,lesson-06,6,参加学校社团,V着／喝着茶写字,,着 sau động từ cho biết một hành động hay trạng thái đang song song với hành động khác.,translated_subagent_draft,不但……而且……；在……上写上……；为了……；……就行了；参加社团不但可以交朋友，而且还可以练习汉语。；我希望喝着茶写汉字。；带上学生证去报名就行了。；你在报名表上写上名字和专业就行了。,不但……而且……；在……上写上……；为了……；……就行了；参加社团不但可以交朋友，而且还可以练习汉语。；我希望喝着茶写汉字。；带上学生证去报名就行了。；你在报名表上写上名字和专业就行了。,参考句式／报名对话；常用句子,72,61,72;73,61;62,explicit_section_ocr_needs_manual,true,独立 PDF 语法审计草稿；参考句式／句型明确出现，仍需逐页人工核对。
boya-elementary-ii:lesson-06:audit-grammar-006,boya-elementary-ii:lesson-06,boya-elementary-ii,初级起步篇 II,lesson-06,6,参加学校社团,希望+V,,希望加 động từ diễn tả hy vọng một việc sẽ xảy ra.,translated_subagent_draft,不但……而且……；在……上写上……；为了……；……就行了；参加社团不但可以交朋友，而且还可以练习汉语。；我希望喝着茶写汉字。；带上学生证去报名就行了。；你在报名表上写上名字和专业就行了。,不但……而且……；在……上写上……；为了……；……就行了；参加社团不但可以交朋友，而且还可以练习汉语。；我希望喝着茶写汉字。；带上学生证去报名就行了。；你在报名表上写上名字和专业就行了。,参考句式／报名对话；常用句子,72,61,72;73,61;62,explicit_section_ocr_needs_manual,true,独立 PDF 语法审计草稿；参考句式／句型明确出现，仍需逐页人工核对。
boya-elementary-ii:lesson-06:audit-grammar-007,boya-elementary-ii:lesson-06,boya-elementary-ii,初级起步篇 II,lesson-06,6,参加学校社团,带上+N,,带上加 danh từ nghĩa là mang theo một đồ vật khi đi.,translated_subagent_draft,不但……而且……；在……上写上……；为了……；……就行了；参加社团不但可以交朋友，而且还可以练习汉语。；我希望喝着茶写汉字。；带上学生证去报名就行了。；你在报名表上写上名字和专业就行了。,不但……而且……；在……上写上……；为了……；……就行了；参加社团不但可以交朋友，而且还可以练习汉语。；我希望喝着茶写汉字。；带上学生证去报名就行了。；你在报名表上写上名字和专业就行了。,参考句式／报名对话；常用句子,72,61,72;73,61;62,explicit_section_ocr_needs_manual,true,独立 PDF 语法审计草稿；参考句式／句型明确出现，仍需逐页人工核对。
boya-elementary-ii:lesson-06:audit-grammar-008,boya-elementary-ii:lesson-06,boya-elementary-ii,初级起步篇 II,lesson-06,6,参加学校社团,可以+V,,可以加 động từ dùng để nói được phép hoặc có thể làm.,translated_subagent_draft,不但……而且……；在……上写上……；为了……；……就行了；参加社团不但可以交朋友，而且还可以练习汉语。；我希望喝着茶写汉字。；带上学生证去报名就行了。；你在报名表上写上名字和专业就行了。,不但……而且……；在……上写上……；为了……；……就行了；参加社团不但可以交朋友，而且还可以练习汉语。；我希望喝着茶写汉字。；带上学生证去报名就行了。；你在报名表上写上名字和专业就行了。,参考句式／报名对话；常用句子,72,61,72;73,61;62,explicit_section_ocr_needs_manual,true,独立 PDF 语法审计草稿；参考句式／句型明确出现，仍需逐页人工核对。
boya-elementary-ii:lesson-06:audit-grammar-009,boya-elementary-ii:lesson-06,boya-elementary-ii,初级起步篇 II,lesson-06,6,参加学校社团,报名参加+活动,,报名参加加 hoạt động nghĩa là đăng ký tham gia một hoạt động.,translated_subagent_draft,不但……而且……；在……上写上……；为了……；……就行了；参加社团不但可以交朋友，而且还可以练习汉语。；我希望喝着茶写汉字。；带上学生证去报名就行了。；你在报名表上写上名字和专业就行了。,不但……而且……；在……上写上……；为了……；……就行了；参加社团不但可以交朋友，而且还可以练习汉语。；我希望喝着茶写汉字。；带上学生证去报名就行了。；你在报名表上写上名字和专业就行了。,参考句式／报名对话；常用句子,72,61,72;73,61;62,explicit_section_ocr_needs_manual,true,独立 PDF 语法审计草稿；参考句式／句型明确出现，仍需逐页人工核对。
boya-elementary-ii:lesson-06:audit-grammar-010,boya-elementary-ii:lesson-06,boya-elementary-ii,初级起步篇 II,lesson-06,6,参加学校社团,欢迎+人+参加,,欢迎加 người加参加 dùng để chào đón hay mời ai tham gia.,translated_subagent_draft,不但……而且……；在……上写上……；为了……；……就行了；参加社团不但可以交朋友，而且还可以练习汉语。；我希望喝着茶写汉字。；带上学生证去报名就行了。；你在报名表上写上名字和专业就行了。,不但……而且……；在……上写上……；为了……；……就行了；参加社团不但可以交朋友，而且还可以练习汉语。；我希望喝着茶写汉字。；带上学生证去报名就行了。；你在报名表上写上名字和专业就行了。,参考句式／报名对话；常用句子,72,61,72;73,61;62,explicit_section_ocr_needs_manual,true,独立 PDF 语法审计草稿；参考句式／句型明确出现，仍需逐页人工核对。
boya-elementary-ii:lesson-07:audit-grammar-001,boya-elementary-ii:lesson-07,boya-elementary-ii,初级起步篇 II,lesson-07,7,去动物园,离……不远,,离…不远 nghĩa là cách một nơi không xa.,translated_subagent_draft,离……不远；adj.+adj.+的；又……又……；再说；虽然……但是……；去动物园人一定比别的时候都多。；你看，地铁上挤得满满。；一直往前走就是大熊猫馆。；该吃午饭了。；那儿离这儿不远，走路十分钟就到了。,离……不远；adj.+adj.+的；又……又……；再说；虽然……但是……；去动物园人一定比别的时候都多。；你看，地铁上挤得满满。；一直往前走就是大熊猫馆。；该吃午饭了。；那儿离这儿不远，走路十分钟就到了。,参考句式／常用句子,82,71,82,71,explicit_section_ocr_needs_manual,true,独立 PDF 语法审计草稿；参考句式／句型明确出现，仍需逐页人工核对。
boya-elementary-ii:lesson-07:audit-grammar-002,boya-elementary-ii:lesson-07,boya-elementary-ii,初级起步篇 II,lesson-07,7,去动物园,重叠形容词+的（胖胖的等）,,Tính từ lặp rồi thêm 的 tạo cách miêu tả sinh động và mềm hơn như 胖胖的.,translated_subagent_draft,离……不远；adj.+adj.+的；又……又……；再说；虽然……但是……；去动物园人一定比别的时候都多。；你看，地铁上挤得满满。；一直往前走就是大熊猫馆。；该吃午饭了。；那儿离这儿不远，走路十分钟就到了。,离……不远；adj.+adj.+的；又……又……；再说；虽然……但是……；去动物园人一定比别的时候都多。；你看，地铁上挤得满满。；一直往前走就是大熊猫馆。；该吃午饭了。；那儿离这儿不远，走路十分钟就到了。,参考句式／常用句子,82,71,82,71,explicit_section_ocr_needs_manual,true,独立 PDF 语法审计草稿；参考句式／句型明确出现，仍需逐页人工核对。
boya-elementary-ii:lesson-07:audit-grammar-003,boya-elementary-ii:lesson-07,boya-elementary-ii,初级起步篇 II,lesson-07,7,去动物园,又……又……,,又…又… dùng để nêu hai đặc điểm hay hai hành động cùng có.,translated_subagent_draft,离……不远；adj.+adj.+的；又……又……；再说；虽然……但是……；去动物园人一定比别的时候都多。；你看，地铁上挤得满满。；一直往前走就是大熊猫馆。；该吃午饭了。；那儿离这儿不远，走路十分钟就到了。,离……不远；adj.+adj.+的；又……又……；再说；虽然……但是……；去动物园人一定比别的时候都多。；你看，地铁上挤得满满。；一直往前走就是大熊猫馆。；该吃午饭了。；那儿离这儿不远，走路十分钟就到了。,参考句式／常用句子,82,71,82,71,explicit_section_ocr_needs_manual,true,独立 PDF 语法审计草稿；参考句式／句型明确出现，仍需逐页人工核对。
boya-elementary-ii:lesson-07:audit-grammar-004,boya-elementary-ii:lesson-07,boya-elementary-ii,初级起步篇 II,lesson-07,7,去动物园,再说,,再说 dùng để thêm một lý do nữa hoặc nói tiếp một ý.,translated_subagent_draft,离……不远；adj.+adj.+的；又……又……；再说；虽然……但是……；去动物园人一定比别的时候都多。；你看，地铁上挤得满满。；一直往前走就是大熊猫馆。；该吃午饭了。；那儿离这儿不远，走路十分钟就到了。,离……不远；adj.+adj.+的；又……又……；再说；虽然……但是……；去动物园人一定比别的时候都多。；你看，地铁上挤得满满。；一直往前走就是大熊猫馆。；该吃午饭了。；那儿离这儿不远，走路十分钟就到了。,参考句式／常用句子,82,71,82,71,explicit_section_ocr_needs_manual,true,独立 PDF 语法审计草稿；参考句式／句型明确出现，仍需逐页人工核对。
boya-elementary-ii:lesson-07:audit-grammar-005,boya-elementary-ii:lesson-07,boya-elementary-ii,初级起步篇 II,lesson-07,7,去动物园,虽然……但是……,,虽然…但是… nêu sự trái ngược: dù vế đầu đúng nhưng kết quả vế sau vẫn xảy ra.,translated_subagent_draft,离……不远；adj.+adj.+的；又……又……；再说；虽然……但是……；去动物园人一定比别的时候都多。；你看，地铁上挤得满满。；一直往前走就是大熊猫馆。；该吃午饭了。；那儿离这儿不远，走路十分钟就到了。,离……不远；adj.+adj.+的；又……又……；再说；虽然……但是……；去动物园人一定比别的时候都多。；你看，地铁上挤得满满。；一直往前走就是大熊猫馆。；该吃午饭了。；那儿离这儿不远，走路十分钟就到了。,参考句式／常用句子,82,71,82,71,explicit_section_ocr_needs_manual,true,独立 PDF 语法审计草稿；参考句式／句型明确出现，仍需逐页人工核对。
boya-elementary-ii:lesson-07:audit-grammar-006,boya-elementary-ii:lesson-07,boya-elementary-ii,初级起步篇 II,lesson-07,7,去动物园,比字句,,Câu 比 dùng để so sánh hai đối tượng về cùng một đặc điểm.,translated_subagent_draft,离……不远；adj.+adj.+的；又……又……；再说；虽然……但是……；去动物园人一定比别的时候都多。；你看，地铁上挤得满满。；一直往前走就是大熊猫馆。；该吃午饭了。；那儿离这儿不远，走路十分钟就到了。,离……不远；adj.+adj.+的；又……又……；再说；虽然……但是……；去动物园人一定比别的时候都多。；你看，地铁上挤得满满。；一直往前走就是大熊猫馆。；该吃午饭了。；那儿离这儿不远，走路十分钟就到了。,参考句式／常用句子,82,71,82,71,explicit_section_ocr_needs_manual,true,独立 PDF 语法审计草稿；参考句式／句型明确出现，仍需逐页人工核对。
boya-elementary-ii:lesson-07:audit-grammar-007,boya-elementary-ii:lesson-07,boya-elementary-ii,初级起步篇 II,lesson-07,7,去动物园,V得+状态（挤得满满）,,Động từ加得加 trạng thái diễn tả kết quả mạnh đến mức tạo ra trạng thái đó.,translated_subagent_draft,离……不远；adj.+adj.+的；又……又……；再说；虽然……但是……；去动物园人一定比别的时候都多。；你看，地铁上挤得满满。；一直往前走就是大熊猫馆。；该吃午饭了。；那儿离这儿不远，走路十分钟就到了。,离……不远；adj.+adj.+的；又……又……；再说；虽然……但是……；去动物园人一定比别的时候都多。；你看，地铁上挤得满满。；一直往前走就是大熊猫馆。；该吃午饭了。；那儿离这儿不远，走路十分钟就到了。,参考句式／常用句子,82,71,82,71,explicit_section_ocr_needs_manual,true,独立 PDF 语法审计草稿；参考句式／句型明确出现，仍需逐页人工核对。
boya-elementary-ii:lesson-07:audit-grammar-008,boya-elementary-ii:lesson-07,boya-elementary-ii,初级起步篇 II,lesson-07,7,去动物园,一直+V,,一直加 động từ diễn tả làm liên tục không ngắt quãng.,translated_subagent_draft,离……不远；adj.+adj.+的；又……又……；再说；虽然……但是……；去动物园人一定比别的时候都多。；你看，地铁上挤得满满。；一直往前走就是大熊猫馆。；该吃午饭了。；那儿离这儿不远，走路十分钟就到了。,离……不远；adj.+adj.+的；又……又……；再说；虽然……但是……；去动物园人一定比别的时候都多。；你看，地铁上挤得满满。；一直往前走就是大熊猫馆。；该吃午饭了。；那儿离这儿不远，走路十分钟就到了。,参考句式／常用句子,82,71,82,71,explicit_section_ocr_needs_manual,true,独立 PDF 语法审计草稿；参考句式／句型明确出现，仍需逐页人工核对。
boya-elementary-ii:lesson-07:audit-grammar-009,boya-elementary-ii:lesson-07,boya-elementary-ii,初级起步篇 II,lesson-07,7,去动物园,就是+地点／判断,,就是 dùng để nhấn mạnh chính là địa điểm hay phán đoán đó.,translated_subagent_draft,离……不远；adj.+adj.+的；又……又……；再说；虽然……但是……；去动物园人一定比别的时候都多。；你看，地铁上挤得满满。；一直往前走就是大熊猫馆。；该吃午饭了。；那儿离这儿不远，走路十分钟就到了。,离……不远；adj.+adj.+的；又……又……；再说；虽然……但是……；去动物园人一定比别的时候都多。；你看，地铁上挤得满满。；一直往前走就是大熊猫馆。；该吃午饭了。；那儿离这儿不远，走路十分钟就到了。,参考句式／常用句子,82,71,82,71,explicit_section_ocr_needs_manual,true,独立 PDF 语法审计草稿；参考句式／句型明确出现，仍需逐页人工核对。
boya-elementary-ii:lesson-07:audit-grammar-010,boya-elementary-ii:lesson-07,boya-elementary-ii,初级起步篇 II,lesson-07,7,去动物园,该+V+了,,该加 động từ加了 nói đã đến lúc nên làm việc đó.,translated_subagent_draft,离……不远；adj.+adj.+的；又……又……；再说；虽然……但是……；去动物园人一定比别的时候都多。；你看，地铁上挤得满满。；一直往前走就是大熊猫馆。；该吃午饭了。；那儿离这儿不远，走路十分钟就到了。,离……不远；adj.+adj.+的；又……又……；再说；虽然……但是……；去动物园人一定比别的时候都多。；你看，地铁上挤得满满。；一直往前走就是大熊猫馆。；该吃午饭了。；那儿离这儿不远，走路十分钟就到了。,参考句式／常用句子,82,71,82,71,explicit_section_ocr_needs_manual,true,独立 PDF 语法审计草稿；参考句式／句型明确出现，仍需逐页人工核对。
boya-elementary-ii:lesson-07:audit-grammar-011,boya-elementary-ii:lesson-07,boya-elementary-ii,初级起步篇 II,lesson-07,7,去动物园,V了就……,,Động từ加了就… diễn tả xong việc đầu thì ngay sau đó có việc hay kết quả tiếp theo.,translated_subagent_draft,离……不远；adj.+adj.+的；又……又……；再说；虽然……但是……；去动物园人一定比别的时候都多。；你看，地铁上挤得满满。；一直往前走就是大熊猫馆。；该吃午饭了。；那儿离这儿不远，走路十分钟就到了。,离……不远；adj.+adj.+的；又……又……；再说；虽然……但是……；去动物园人一定比别的时候都多。；你看，地铁上挤得满满。；一直往前走就是大熊猫馆。；该吃午饭了。；那儿离这儿不远，走路十分钟就到了。,参考句式／常用句子,82,71,82,71,explicit_section_ocr_needs_manual,true,独立 PDF 语法审计草稿；参考句式／句型明确出现，仍需逐页人工核对。
boya-elementary-ii:lesson-08:audit-grammar-001,boya-elementary-ii:lesson-08,boya-elementary-ii,初级起步篇 II,lesson-08,8,一场篮球比赛,如果……的话,,如果…的话 nêu điều kiện với sắc thái đầy đủ hơn; vế sau nêu kết quả.,translated_subagent_draft,如果……的话；像……一样；只好；给……加油；都……了；为了……；好不容易（才）；我挤不上去公共汽车，只好急忙打出租车了。；我们好不容易才赢了这场比赛。,如果……的话；像……一样；只好；给……加油；都……了；为了……；好不容易（才）；我挤不上去公共汽车，只好急忙打出租车了。；我们好不容易才赢了这场比赛。,参考句式／常用句子,92,81,92,81,explicit_section_ocr_needs_manual,true,独立 PDF 语法审计草稿；参考句式／句型明确出现，仍需逐页人工核对。
boya-elementary-ii:lesson-08:audit-grammar-002,boya-elementary-ii:lesson-08,boya-elementary-ii,初级起步篇 II,lesson-08,8,一场篮球比赛,像……一样,,像…一样 dùng để nói giống như ai hoặc cái gì về một đặc điểm.,translated_subagent_draft,如果……的话；像……一样；只好；给……加油；都……了；为了……；好不容易（才）；我挤不上去公共汽车，只好急忙打出租车了。；我们好不容易才赢了这场比赛。,如果……的话；像……一样；只好；给……加油；都……了；为了……；好不容易（才）；我挤不上去公共汽车，只好急忙打出租车了。；我们好不容易才赢了这场比赛。,参考句式／常用句子,92,81,92,81,explicit_section_ocr_needs_manual,true,独立 PDF 语法审计草稿；参考句式／句型明确出现，仍需逐页人工核对。
boya-elementary-ii:lesson-08:audit-grammar-003,boya-elementary-ii:lesson-08,boya-elementary-ii,初级起步篇 II,lesson-08,8,一场篮球比赛,只好+V,,只好加 động từ diễn tả không còn lựa chọn nào khác ngoài làm việc đó.,translated_subagent_draft,如果……的话；像……一样；只好；给……加油；都……了；为了……；好不容易（才）；我挤不上去公共汽车，只好急忙打出租车了。；我们好不容易才赢了这场比赛。,如果……的话；像……一样；只好；给……加油；都……了；为了……；好不容易（才）；我挤不上去公共汽车，只好急忙打出租车了。；我们好不容易才赢了这场比赛。,参考句式／常用句子,92,81,92,81,explicit_section_ocr_needs_manual,true,独立 PDF 语法审计草稿；参考句式／句型明确出现，仍需逐页人工核对。
boya-elementary-ii:lesson-08:audit-grammar-004,boya-elementary-ii:lesson-08,boya-elementary-ii,初级起步篇 II,lesson-08,8,一场篮球比赛,给+对象+加油,,给加 đối tượng加加油 dùng để cổ vũ ai.,translated_subagent_draft,如果……的话；像……一样；只好；给……加油；都……了；为了……；好不容易（才）；我挤不上去公共汽车，只好急忙打出租车了。；我们好不容易才赢了这场比赛。,如果……的话；像……一样；只好；给……加油；都……了；为了……；好不容易（才）；我挤不上去公共汽车，只好急忙打出租车了。；我们好不容易才赢了这场比赛。,参考句式／常用句子,92,81,92,81,explicit_section_ocr_needs_manual,true,独立 PDF 语法审计草稿；参考句式／句型明确出现，仍需逐页人工核对。
boya-elementary-ii:lesson-08:audit-grammar-005,boya-elementary-ii:lesson-08,boya-elementary-ii,初级起步篇 II,lesson-08,8,一场篮球比赛,都……了,,都…了 nhấn mạnh mọi việc hay mọi người đều đã ở tình trạng mới.,translated_subagent_draft,如果……的话；像……一样；只好；给……加油；都……了；为了……；好不容易（才）；我挤不上去公共汽车，只好急忙打出租车了。；我们好不容易才赢了这场比赛。,如果……的话；像……一样；只好；给……加油；都……了；为了……；好不容易（才）；我挤不上去公共汽车，只好急忙打出租车了。；我们好不容易才赢了这场比赛。,参考句式／常用句子,92,81,92,81,explicit_section_ocr_needs_manual,true,独立 PDF 语法审计草稿；参考句式／句型明确出现，仍需逐页人工核对。
boya-elementary-ii:lesson-08:audit-grammar-006,boya-elementary-ii:lesson-08,boya-elementary-ii,初级起步篇 II,lesson-08,8,一场篮球比赛,为了……,,为了… nêu mục đích phía sau hành động.,translated_subagent_draft,如果……的话；像……一样；只好；给……加油；都……了；为了……；好不容易（才）；我挤不上去公共汽车，只好急忙打出租车了。；我们好不容易才赢了这场比赛。,如果……的话；像……一样；只好；给……加油；都……了；为了……；好不容易（才）；我挤不上去公共汽车，只好急忙打出租车了。；我们好不容易才赢了这场比赛。,参考句式／常用句子,92,81,92,81,explicit_section_ocr_needs_manual,true,独立 PDF 语法审计草稿；参考句式／句型明确出现，仍需逐页人工核对。
boya-elementary-ii:lesson-08:audit-grammar-007,boya-elementary-ii:lesson-08,boya-elementary-ii,初级起步篇 II,lesson-08,8,一场篮球比赛,好不容易（才）……,,好不容易 kèm 才 nhấn mạnh phải rất vất vả hoặc rất lâu mới đạt được kết quả.,translated_subagent_draft,如果……的话；像……一样；只好；给……加油；都……了；为了……；好不容易（才）；我挤不上去公共汽车，只好急忙打出租车了。；我们好不容易才赢了这场比赛。,如果……的话；像……一样；只好；给……加油；都……了；为了……；好不容易（才）；我挤不上去公共汽车，只好急忙打出租车了。；我们好不容易才赢了这场比赛。,参考句式／常用句子,92,81,92,81,explicit_section_ocr_needs_manual,true,独立 PDF 语法审计草稿；参考句式／句型明确出现，仍需逐页人工核对。
boya-elementary-ii:lesson-08:audit-grammar-008,boya-elementary-ii:lesson-08,boya-elementary-ii,初级起步篇 II,lesson-08,8,一场篮球比赛,起晚了／拿起+N,,起晚了 nghĩa là dậy muộn; 拿起加 danh từ nghĩa là cầm hoặc nhấc vật lên.,translated_subagent_draft,如果……的话；像……一样；只好；给……加油；都……了；为了……；好不容易（才）；我挤不上去公共汽车，只好急忙打出租车了。；我们好不容易才赢了这场比赛。,如果……的话；像……一样；只好；给……加油；都……了；为了……；好不容易（才）；我挤不上去公共汽车，只好急忙打出租车了。；我们好不容易才赢了这场比赛。,参考句式／常用句子,92,81,92,81,explicit_section_ocr_needs_manual,true,独立 PDF 语法审计草稿；参考句式／句型明确出现，仍需逐页人工核对。
boya-elementary-ii:lesson-08:audit-grammar-009,boya-elementary-ii:lesson-08,boya-elementary-ii,初级起步篇 II,lesson-08,8,一场篮球比赛,一定+形容词,,一定加 tính từ nhấn mạnh phán đoán rất chắc chắn.,translated_subagent_draft,如果……的话；像……一样；只好；给……加油；都……了；为了……；好不容易（才）；我挤不上去公共汽车，只好急忙打出租车了。；我们好不容易才赢了这场比赛。,如果……的话；像……一样；只好；给……加油；都……了；为了……；好不容易（才）；我挤不上去公共汽车，只好急忙打出租车了。；我们好不容易才赢了这场比赛。,参考句式／常用句子,92,81,92,81,explicit_section_ocr_needs_manual,true,独立 PDF 语法审计草稿；参考句式／句型明确出现，仍需逐页人工核对。
boya-elementary-ii:lesson-09:audit-grammar-001,boya-elementary-ii:lesson-09,boya-elementary-ii,初级起步篇 II,lesson-09,9,糟糕的一天,又……又……／又……了,,又…又… nêu hai đặc điểm; 又加 động từ加了 nói một việc lại xảy ra.,translated_subagent_draft,我不小心摔倒了，眼镜也一下子摔坏了。；我眼睛近视，没戴眼镜，看不清楚。；上课时我发现自己忘了带笔。；老师说得太快，我写不下来。；我看不清楚黑板上的字。；坐公交车没有零钱，怎么办？；今天真是糟糕一天！,我不小心摔倒了，眼镜也一下子摔坏了。；我眼睛近视，没戴眼镜，看不清楚。；上课时我发现自己忘了带笔。；老师说得太快，我写不下来。；我看不清楚黑板上的字。；坐公交车没有零钱，怎么办？；今天真是糟糕一天！,听说句子／结果可能补语；综合练习；常用句子,96,85,96;100;101,85;89;90,sentence_inferred_ocr_needs_manual,true,独立 PDF 语法审计草稿；由重点／常用句子或活动提示归纳，需教师确认是否列为本课语法。
boya-elementary-ii:lesson-09:audit-grammar-002,boya-elementary-ii:lesson-09,boya-elementary-ii,初级起步篇 II,lesson-09,9,糟糕的一天,结果补语：摔坏、看不清楚、写不下来,,Bổ ngữ kết quả sau động từ cho biết kết quả như làm hỏng nhìn không rõ hoặc không viết xuống được.,translated_subagent_draft,我不小心摔倒了，眼镜也一下子摔坏了。；我眼睛近视，没戴眼镜，看不清楚。；上课时我发现自己忘了带笔。；老师说得太快，我写不下来。；我看不清楚黑板上的字。；坐公交车没有零钱，怎么办？；今天真是糟糕一天！,我不小心摔倒了，眼镜也一下子摔坏了。；我眼睛近视，没戴眼镜，看不清楚。；上课时我发现自己忘了带笔。；老师说得太快，我写不下来。；我看不清楚黑板上的字。；坐公交车没有零钱，怎么办？；今天真是糟糕一天！,听说句子／结果可能补语；综合练习；常用句子,96,85,96;100;101,85;89;90,sentence_inferred_ocr_needs_manual,true,独立 PDF 语法审计草稿；由重点／常用句子或活动提示归纳，需教师确认是否列为本课语法。
boya-elementary-ii:lesson-09:audit-grammar-003,boya-elementary-ii:lesson-09,boya-elementary-ii,初级起步篇 II,lesson-09,9,糟糕的一天,不小心+V,,不小心加 động từ nghĩa là vô ý hoặc sơ ý làm việc gì.,translated_subagent_draft,我不小心摔倒了，眼镜也一下子摔坏了。；我眼睛近视，没戴眼镜，看不清楚。；上课时我发现自己忘了带笔。；老师说得太快，我写不下来。；我看不清楚黑板上的字。；坐公交车没有零钱，怎么办？；今天真是糟糕一天！,我不小心摔倒了，眼镜也一下子摔坏了。；我眼睛近视，没戴眼镜，看不清楚。；上课时我发现自己忘了带笔。；老师说得太快，我写不下来。；我看不清楚黑板上的字。；坐公交车没有零钱，怎么办？；今天真是糟糕一天！,听说句子／结果可能补语；综合练习；常用句子,96,85,96;100;101,85;89;90,sentence_inferred_ocr_needs_manual,true,独立 PDF 语法审计草稿；由重点／常用句子或活动提示归纳，需教师确认是否列为本课语法。
boya-elementary-ii:lesson-09:audit-grammar-004,boya-elementary-ii:lesson-09,boya-elementary-ii,初级起步篇 II,lesson-09,9,糟糕的一天,一下子,,一下子 diễn tả việc xảy ra đột ngột hoặc trong chớp mắt.,translated_subagent_draft,我不小心摔倒了，眼镜也一下子摔坏了。；我眼睛近视，没戴眼镜，看不清楚。；上课时我发现自己忘了带笔。；老师说得太快，我写不下来。；我看不清楚黑板上的字。；坐公交车没有零钱，怎么办？；今天真是糟糕一天！,我不小心摔倒了，眼镜也一下子摔坏了。；我眼睛近视，没戴眼镜，看不清楚。；上课时我发现自己忘了带笔。；老师说得太快，我写不下来。；我看不清楚黑板上的字。；坐公交车没有零钱，怎么办？；今天真是糟糕一天！,听说句子／结果可能补语；综合练习；常用句子,96,85,96;100;101,85;89;90,sentence_inferred_ocr_needs_manual,true,独立 PDF 语法审计草稿；由重点／常用句子或活动提示归纳，需教师确认是否列为本课语法。
boya-elementary-ii:lesson-09:audit-grammar-005,boya-elementary-ii:lesson-09,boya-elementary-ii,初级起步篇 II,lesson-09,9,糟糕的一天,没+V／V不下来、V不清楚（可能补语）,,没加 động từ phủ định việc đã xảy ra; bổ ngữ khả năng như 不下来 hoặc 不清楚 nói không thể làm được.,translated_subagent_draft,我不小心摔倒了，眼镜也一下子摔坏了。；我眼睛近视，没戴眼镜，看不清楚。；上课时我发现自己忘了带笔。；老师说得太快，我写不下来。；我看不清楚黑板上的字。；坐公交车没有零钱，怎么办？；今天真是糟糕一天！,我不小心摔倒了，眼镜也一下子摔坏了。；我眼睛近视，没戴眼镜，看不清楚。；上课时我发现自己忘了带笔。；老师说得太快，我写不下来。；我看不清楚黑板上的字。；坐公交车没有零钱，怎么办？；今天真是糟糕一天！,听说句子／结果可能补语；综合练习；常用句子,96,85,96;100;101,85;89;90,sentence_inferred_ocr_needs_manual,true,独立 PDF 语法审计草稿；由重点／常用句子或活动提示归纳，需教师确认是否列为本课语法。
boya-elementary-ii:lesson-09:audit-grammar-006,boya-elementary-ii:lesson-09,boya-elementary-ii,初级起步篇 II,lesson-09,9,糟糕的一天,V来V去,,Động từ lặp với 来去 diễn tả hành động lặp đi lặp lại.,translated_subagent_draft,我不小心摔倒了，眼镜也一下子摔坏了。；我眼睛近视，没戴眼镜，看不清楚。；上课时我发现自己忘了带笔。；老师说得太快，我写不下来。；我看不清楚黑板上的字。；坐公交车没有零钱，怎么办？；今天真是糟糕一天！,我不小心摔倒了，眼镜也一下子摔坏了。；我眼睛近视，没戴眼镜，看不清楚。；上课时我发现自己忘了带笔。；老师说得太快，我写不下来。；我看不清楚黑板上的字。；坐公交车没有零钱，怎么办？；今天真是糟糕一天！,听说句子／结果可能补语；综合练习；常用句子,96,85,96;100;101,85;89;90,sentence_inferred_ocr_needs_manual,true,独立 PDF 语法审计草稿；由重点／常用句子或活动提示归纳，需教师确认是否列为本课语法。
boya-elementary-ii:lesson-09:audit-grammar-007,boya-elementary-ii:lesson-09,boya-elementary-ii,初级起步篇 II,lesson-09,9,糟糕的一天,V的时候／上课时,,Động từ加的时候 hoặc 上课时 dùng để nói vào thời điểm xảy ra hành động.,translated_subagent_draft,我不小心摔倒了，眼镜也一下子摔坏了。；我眼睛近视，没戴眼镜，看不清楚。；上课时我发现自己忘了带笔。；老师说得太快，我写不下来。；我看不清楚黑板上的字。；坐公交车没有零钱，怎么办？；今天真是糟糕一天！,我不小心摔倒了，眼镜也一下子摔坏了。；我眼睛近视，没戴眼镜，看不清楚。；上课时我发现自己忘了带笔。；老师说得太快，我写不下来。；我看不清楚黑板上的字。；坐公交车没有零钱，怎么办？；今天真是糟糕一天！,听说句子／结果可能补语；综合练习；常用句子,96,85,96;100;101,85;89;90,sentence_inferred_ocr_needs_manual,true,独立 PDF 语法审计草稿；由重点／常用句子或活动提示归纳，需教师确认是否列为本课语法。
boya-elementary-ii:lesson-09:audit-grammar-008,boya-elementary-ii:lesson-09,boya-elementary-ii,初级起步篇 II,lesson-09,9,糟糕的一天,忘了+V,,忘了加 động từ nghĩa là quên làm một việc.,translated_subagent_draft,我不小心摔倒了，眼镜也一下子摔坏了。；我眼睛近视，没戴眼镜，看不清楚。；上课时我发现自己忘了带笔。；老师说得太快，我写不下来。；我看不清楚黑板上的字。；坐公交车没有零钱，怎么办？；今天真是糟糕一天！,我不小心摔倒了，眼镜也一下子摔坏了。；我眼睛近视，没戴眼镜，看不清楚。；上课时我发现自己忘了带笔。；老师说得太快，我写不下来。；我看不清楚黑板上的字。；坐公交车没有零钱，怎么办？；今天真是糟糕一天！,听说句子／结果可能补语；综合练习；常用句子,96,85,96;100;101,85;89;90,sentence_inferred_ocr_needs_manual,true,独立 PDF 语法审计草稿；由重点／常用句子或活动提示归纳，需教师确认是否列为本课语法。
boya-elementary-ii:lesson-09:audit-grammar-009,boya-elementary-ii:lesson-09,boya-elementary-ii,初级起步篇 II,lesson-09,9,糟糕的一天,怎么办,,怎么办 dùng để hỏi cách giải quyết tình huống.,translated_subagent_draft,我不小心摔倒了，眼镜也一下子摔坏了。；我眼睛近视，没戴眼镜，看不清楚。；上课时我发现自己忘了带笔。；老师说得太快，我写不下来。；我看不清楚黑板上的字。；坐公交车没有零钱，怎么办？；今天真是糟糕一天！,我不小心摔倒了，眼镜也一下子摔坏了。；我眼睛近视，没戴眼镜，看不清楚。；上课时我发现自己忘了带笔。；老师说得太快，我写不下来。；我看不清楚黑板上的字。；坐公交车没有零钱，怎么办？；今天真是糟糕一天！,听说句子／结果可能补语；综合练习；常用句子,96,85,96;100;101,85;89;90,sentence_inferred_ocr_needs_manual,true,独立 PDF 语法审计草稿；由重点／常用句子或活动提示归纳，需教师确认是否列为本课语法。
boya-elementary-ii:lesson-09:audit-grammar-010,boya-elementary-ii:lesson-09,boya-elementary-ii,初级起步篇 II,lesson-09,9,糟糕的一天,真是+名词／形容词,,真是加 danh từ hoặc tính từ dùng để cảm thán và nhấn mạnh nhận xét.,translated_subagent_draft,我不小心摔倒了，眼镜也一下子摔坏了。；我眼睛近视，没戴眼镜，看不清楚。；上课时我发现自己忘了带笔。；老师说得太快，我写不下来。；我看不清楚黑板上的字。；坐公交车没有零钱，怎么办？；今天真是糟糕一天！,我不小心摔倒了，眼镜也一下子摔坏了。；我眼睛近视，没戴眼镜，看不清楚。；上课时我发现自己忘了带笔。；老师说得太快，我写不下来。；我看不清楚黑板上的字。；坐公交车没有零钱，怎么办？；今天真是糟糕一天！,听说句子／结果可能补语；综合练习；常用句子,96,85,96;100;101,85;89;90,sentence_inferred_ocr_needs_manual,true,独立 PDF 语法审计草稿；由重点／常用句子或活动提示归纳，需教师确认是否列为本课语法。
boya-elementary-ii:lesson-10:audit-grammar-001,boya-elementary-ii:lesson-10,boya-elementary-ii,初级起步篇 II,lesson-10,10,你的旅行怎么样,V+着（状态）,,着 sau động từ nói trạng thái đang được duy trì.,translated_subagent_draft,V+着；记不清楚；找不到；听不懂；（往）……拐；一边……一边……；我家墙上贴着很多旅行时照的照片。；我记不清楚了，可能是2018年去的那儿。；我一边说，一边做动作，服务员才明白我要‘水饺’。；我找不到宾馆了，急得我在路上走来走去。,V+着；记不清楚；找不到；听不懂；（往）……拐；一边……一边……；我家墙上贴着很多旅行时照的照片。；我记不清楚了，可能是2018年去的那儿。；我一边说，一边做动作，服务员才明白我要‘水饺’。；我找不到宾馆了，急得我在路上走来走去。,参考句式／常用句子,111,100,111,100,explicit_section_ocr_needs_manual,true,独立 PDF 语法审计草稿；参考句式／句型明确出现，仍需逐页人工核对。
boya-elementary-ii:lesson-10:audit-grammar-002,boya-elementary-ii:lesson-10,boya-elementary-ii,初级起步篇 II,lesson-10,10,你的旅行怎么样,记不清楚／找不到／听不懂（可能补语）,,Bổ ngữ khả năng như 不清楚 不到 不懂 diễn tả không thể nhớ tìm hoặc hiểu được.,translated_subagent_draft,V+着；记不清楚；找不到；听不懂；（往）……拐；一边……一边……；我家墙上贴着很多旅行时照的照片。；我记不清楚了，可能是2018年去的那儿。；我一边说，一边做动作，服务员才明白我要‘水饺’。；我找不到宾馆了，急得我在路上走来走去。,V+着；记不清楚；找不到；听不懂；（往）……拐；一边……一边……；我家墙上贴着很多旅行时照的照片。；我记不清楚了，可能是2018年去的那儿。；我一边说，一边做动作，服务员才明白我要‘水饺’。；我找不到宾馆了，急得我在路上走来走去。,参考句式／常用句子,111,100,111,100,explicit_section_ocr_needs_manual,true,独立 PDF 语法审计草稿；参考句式／句型明确出现，仍需逐页人工核对。
boya-elementary-ii:lesson-10:audit-grammar-003,boya-elementary-ii:lesson-10,boya-elementary-ii,初级起步篇 II,lesson-10,10,你的旅行怎么样,（往）+方向+拐／走,,往加 hướng加拐或走 dùng để chỉ đường rẽ hoặc đi theo hướng nào.,translated_subagent_draft,V+着；记不清楚；找不到；听不懂；（往）……拐；一边……一边……；我家墙上贴着很多旅行时照的照片。；我记不清楚了，可能是2018年去的那儿。；我一边说，一边做动作，服务员才明白我要‘水饺’。；我找不到宾馆了，急得我在路上走来走去。,V+着；记不清楚；找不到；听不懂；（往）……拐；一边……一边……；我家墙上贴着很多旅行时照的照片。；我记不清楚了，可能是2018年去的那儿。；我一边说，一边做动作，服务员才明白我要‘水饺’。；我找不到宾馆了，急得我在路上走来走去。,参考句式／常用句子,111,100,111,100,explicit_section_ocr_needs_manual,true,独立 PDF 语法审计草稿；参考句式／句型明确出现，仍需逐页人工核对。
boya-elementary-ii:lesson-10:audit-grammar-004,boya-elementary-ii:lesson-10,boya-elementary-ii,初级起步篇 II,lesson-10,10,你的旅行怎么样,一边……一边……,,一边…一边… diễn tả hai hành động xảy ra đồng thời.,translated_subagent_draft,V+着；记不清楚；找不到；听不懂；（往）……拐；一边……一边……；我家墙上贴着很多旅行时照的照片。；我记不清楚了，可能是2018年去的那儿。；我一边说，一边做动作，服务员才明白我要‘水饺’。；我找不到宾馆了，急得我在路上走来走去。,V+着；记不清楚；找不到；听不懂；（往）……拐；一边……一边……；我家墙上贴着很多旅行时照的照片。；我记不清楚了，可能是2018年去的那儿。；我一边说，一边做动作，服务员才明白我要‘水饺’。；我找不到宾馆了，急得我在路上走来走去。,参考句式／常用句子,111,100,111,100,explicit_section_ocr_needs_manual,true,独立 PDF 语法审计草稿；参考句式／句型明确出现，仍需逐页人工核对。
boya-elementary-ii:lesson-10:audit-grammar-005,boya-elementary-ii:lesson-10,boya-elementary-ii,初级起步篇 II,lesson-10,10,你的旅行怎么样,V过／去过,,过 sau động từ diễn tả đã từng có trải nghiệm như từng đi đâu.,translated_subagent_draft,V+着；记不清楚；找不到；听不懂；（往）……拐；一边……一边……；我家墙上贴着很多旅行时照的照片。；我记不清楚了，可能是2018年去的那儿。；我一边说，一边做动作，服务员才明白我要‘水饺’。；我找不到宾馆了，急得我在路上走来走去。,V+着；记不清楚；找不到；听不懂；（往）……拐；一边……一边……；我家墙上贴着很多旅行时照的照片。；我记不清楚了，可能是2018年去的那儿。；我一边说，一边做动作，服务员才明白我要‘水饺’。；我找不到宾馆了，急得我在路上走来走去。,参考句式／常用句子,111,100,111,100,explicit_section_ocr_needs_manual,true,独立 PDF 语法审计草稿；参考句式／句型明确出现，仍需逐页人工核对。
boya-elementary-ii:lesson-10:audit-grammar-006,boya-elementary-ii:lesson-10,boya-elementary-ii,初级起步篇 II,lesson-10,10,你的旅行怎么样,可能+小句,,可能加 mệnh đề nói điều được phỏng đoán có thể xảy ra.,translated_subagent_draft,V+着；记不清楚；找不到；听不懂；（往）……拐；一边……一边……；我家墙上贴着很多旅行时照的照片。；我记不清楚了，可能是2018年去的那儿。；我一边说，一边做动作，服务员才明白我要‘水饺’。；我找不到宾馆了，急得我在路上走来走去。,V+着；记不清楚；找不到；听不懂；（往）……拐；一边……一边……；我家墙上贴着很多旅行时照的照片。；我记不清楚了，可能是2018年去的那儿。；我一边说，一边做动作，服务员才明白我要‘水饺’。；我找不到宾馆了，急得我在路上走来走去。,参考句式／常用句子,111,100,111,100,explicit_section_ocr_needs_manual,true,独立 PDF 语法审计草稿；参考句式／句型明确出现，仍需逐页人工核对。
boya-elementary-ii:lesson-10:audit-grammar-007,boya-elementary-ii:lesson-10,boya-elementary-ii,初级起步篇 II,lesson-10,10,你的旅行怎么样,所以因果,,所以 dùng để dẫn đến kết quả từ nguyên nhân đã nêu.,translated_subagent_draft,V+着；记不清楚；找不到；听不懂；（往）……拐；一边……一边……；我家墙上贴着很多旅行时照的照片。；我记不清楚了，可能是2018年去的那儿。；我一边说，一边做动作，服务员才明白我要‘水饺’。；我找不到宾馆了，急得我在路上走来走去。,V+着；记不清楚；找不到；听不懂；（往）……拐；一边……一边……；我家墙上贴着很多旅行时照的照片。；我记不清楚了，可能是2018年去的那儿。；我一边说，一边做动作，服务员才明白我要‘水饺’。；我找不到宾馆了，急得我在路上走来走去。,参考句式／常用句子,111,100,111,100,explicit_section_ocr_needs_manual,true,独立 PDF 语法审计草稿；参考句式／句型明确出现，仍需逐页人工核对。
boya-elementary-ii:lesson-10:audit-grammar-008,boya-elementary-ii:lesson-10,boya-elementary-ii,初级起步篇 II,lesson-10,10,你的旅行怎么样,才+V,,才 trước động từ nhấn mạnh việc xảy ra muộn hoặc chỉ sau điều kiện nào đó.,translated_subagent_draft,V+着；记不清楚；找不到；听不懂；（往）……拐；一边……一边……；我家墙上贴着很多旅行时照的照片。；我记不清楚了，可能是2018年去的那儿。；我一边说，一边做动作，服务员才明白我要‘水饺’。；我找不到宾馆了，急得我在路上走来走去。,V+着；记不清楚；找不到；听不懂；（往）……拐；一边……一边……；我家墙上贴着很多旅行时照的照片。；我记不清楚了，可能是2018年去的那儿。；我一边说，一边做动作，服务员才明白我要‘水饺’。；我找不到宾馆了，急得我在路上走来走去。,参考句式／常用句子,111,100,111,100,explicit_section_ocr_needs_manual,true,独立 PDF 语法审计草稿；参考句式／句型明确出现，仍需逐页人工核对。
boya-elementary-ii:lesson-10:audit-grammar-009,boya-elementary-ii:lesson-10,boya-elementary-ii,初级起步篇 II,lesson-10,10,你的旅行怎么样,急得+小句,,急得加 mệnh đề diễn tả lo hoặc sốt ruột đến mức có phản ứng phía sau.,translated_subagent_draft,V+着；记不清楚；找不到；听不懂；（往）……拐；一边……一边……；我家墙上贴着很多旅行时照的照片。；我记不清楚了，可能是2018年去的那儿。；我一边说，一边做动作，服务员才明白我要‘水饺’。；我找不到宾馆了，急得我在路上走来走去。,V+着；记不清楚；找不到；听不懂；（往）……拐；一边……一边……；我家墙上贴着很多旅行时照的照片。；我记不清楚了，可能是2018年去的那儿。；我一边说，一边做动作，服务员才明白我要‘水饺’。；我找不到宾馆了，急得我在路上走来走去。,参考句式／常用句子,111,100,111,100,explicit_section_ocr_needs_manual,true,独立 PDF 语法审计草稿；参考句式／句型明确出现，仍需逐页人工核对。
boya-elementary-ii:lesson-10:audit-grammar-010,boya-elementary-ii:lesson-10,boya-elementary-ii,初级起步篇 II,lesson-10,10,你的旅行怎么样,V来V去,,Động từ lặp với 来去 nói hành động diễn ra qua lại nhiều lần.,translated_subagent_draft,V+着；记不清楚；找不到；听不懂；（往）……拐；一边……一边……；我家墙上贴着很多旅行时照的照片。；我记不清楚了，可能是2018年去的那儿。；我一边说，一边做动作，服务员才明白我要‘水饺’。；我找不到宾馆了，急得我在路上走来走去。,V+着；记不清楚；找不到；听不懂；（往）……拐；一边……一边……；我家墙上贴着很多旅行时照的照片。；我记不清楚了，可能是2018年去的那儿。；我一边说，一边做动作，服务员才明白我要‘水饺’。；我找不到宾馆了，急得我在路上走来走去。,参考句式／常用句子,111,100,111,100,explicit_section_ocr_needs_manual,true,独立 PDF 语法审计草稿；参考句式／句型明确出现，仍需逐页人工核对。
boya-elementary-ii:lesson-11:audit-grammar-001,boya-elementary-ii:lesson-11,boya-elementary-ii,初级起步篇 II,lesson-11,11,做一个家常菜,V起来（吃起来／说起来／做起来）,,Động từ加起来 dùng để nêu cảm nhận khi làm hoặc dùng một việc như ăn thấy thế nào.,translated_subagent_draft,V起来；先……再……最后……；又……又……；难不难，一做就知道了。；把土豆去皮，切成丝。；把火点着，把锅放在火上。；先放土豆丝，再放辣椒丝，最后加点儿盐。；再炒一会儿就熟了。；说起来容易，做起来难。,V起来；先……再……最后……；又……又……；难不难，一做就知道了。；把土豆去皮，切成丝。；把火点着，把锅放在火上。；先放土豆丝，再放辣椒丝，最后加点儿盐。；再炒一会儿就熟了。；说起来容易，做起来难。,参考句式／做菜对话；常用句子,121,110,121;122,110;111,explicit_section_ocr_needs_manual,true,独立 PDF 语法审计草稿；参考句式／句型明确出现，仍需逐页人工核对。
boya-elementary-ii:lesson-11:audit-grammar-002,boya-elementary-ii:lesson-11,boya-elementary-ii,初级起步篇 II,lesson-11,11,做一个家常菜,先……再……最后……,,先…再…最后… trình bày các bước theo thứ tự đầu tiên tiếp theo và cuối cùng.,translated_subagent_draft,V起来；先……再……最后……；又……又……；难不难，一做就知道了。；把土豆去皮，切成丝。；把火点着，把锅放在火上。；先放土豆丝，再放辣椒丝，最后加点儿盐。；再炒一会儿就熟了。；说起来容易，做起来难。,V起来；先……再……最后……；又……又……；难不难，一做就知道了。；把土豆去皮，切成丝。；把火点着，把锅放在火上。；先放土豆丝，再放辣椒丝，最后加点儿盐。；再炒一会儿就熟了。；说起来容易，做起来难。,参考句式／做菜对话；常用句子,121,110,121;122,110;111,explicit_section_ocr_needs_manual,true,独立 PDF 语法审计草稿；参考句式／句型明确出现，仍需逐页人工核对。
boya-elementary-ii:lesson-11:audit-grammar-003,boya-elementary-ii:lesson-11,boya-elementary-ii,初级起步篇 II,lesson-11,11,做一个家常菜,又……又……,,又…又… nêu hai tính chất cùng tồn tại.,translated_subagent_draft,V起来；先……再……最后……；又……又……；难不难，一做就知道了。；把土豆去皮，切成丝。；把火点着，把锅放在火上。；先放土豆丝，再放辣椒丝，最后加点儿盐。；再炒一会儿就熟了。；说起来容易，做起来难。,V起来；先……再……最后……；又……又……；难不难，一做就知道了。；把土豆去皮，切成丝。；把火点着，把锅放在火上。；先放土豆丝，再放辣椒丝，最后加点儿盐。；再炒一会儿就熟了。；说起来容易，做起来难。,参考句式／做菜对话；常用句子,121,110,121;122,110;111,explicit_section_ocr_needs_manual,true,独立 PDF 语法审计草稿；参考句式／句型明确出现，仍需逐页人工核对。
boya-elementary-ii:lesson-11:audit-grammar-004,boya-elementary-ii:lesson-11,boya-elementary-ii,初级起步篇 II,lesson-11,11,做一个家常菜,一……就……,,一…就… nói hễ việc đầu xảy ra thì việc sau xảy ra ngay.,translated_subagent_draft,V起来；先……再……最后……；又……又……；难不难，一做就知道了。；把土豆去皮，切成丝。；把火点着，把锅放在火上。；先放土豆丝，再放辣椒丝，最后加点儿盐。；再炒一会儿就熟了。；说起来容易，做起来难。,V起来；先……再……最后……；又……又……；难不难，一做就知道了。；把土豆去皮，切成丝。；把火点着，把锅放在火上。；先放土豆丝，再放辣椒丝，最后加点儿盐。；再炒一会儿就熟了。；说起来容易，做起来难。,参考句式／做菜对话；常用句子,121,110,121;122,110;111,explicit_section_ocr_needs_manual,true,独立 PDF 语法审计草稿；参考句式／句型明确出现，仍需逐页人工核对。
boya-elementary-ii:lesson-11:audit-grammar-005,boya-elementary-ii:lesson-11,boya-elementary-ii,初级起步篇 II,lesson-11,11,做一个家常菜,把+食材+V,,把 đưa tân ngữ lên trước động từ để nói xử lý nguyên liệu hay đồ vật thế nào.,translated_subagent_draft,V起来；先……再……最后……；又……又……；难不难，一做就知道了。；把土豆去皮，切成丝。；把火点着，把锅放在火上。；先放土豆丝，再放辣椒丝，最后加点儿盐。；再炒一会儿就熟了。；说起来容易，做起来难。,V起来；先……再……最后……；又……又……；难不难，一做就知道了。；把土豆去皮，切成丝。；把火点着，把锅放在火上。；先放土豆丝，再放辣椒丝，最后加点儿盐。；再炒一会儿就熟了。；说起来容易，做起来难。,参考句式／做菜对话；常用句子,121,110,121;122,110;111,explicit_section_ocr_needs_manual,true,独立 PDF 语法审计草稿；参考句式／句型明确出现，仍需逐页人工核对。
boya-elementary-ii:lesson-11:audit-grammar-006,boya-elementary-ii:lesson-11,boya-elementary-ii,初级起步篇 II,lesson-11,11,做一个家常菜,V成+结果,,Động từ加成加 kết quả nói biến thứ gì thành trạng thái hay sản phẩm cuối cùng.,translated_subagent_draft,V起来；先……再……最后……；又……又……；难不难，一做就知道了。；把土豆去皮，切成丝。；把火点着，把锅放在火上。；先放土豆丝，再放辣椒丝，最后加点儿盐。；再炒一会儿就熟了。；说起来容易，做起来难。,V起来；先……再……最后……；又……又……；难不难，一做就知道了。；把土豆去皮，切成丝。；把火点着，把锅放在火上。；先放土豆丝，再放辣椒丝，最后加点儿盐。；再炒一会儿就熟了。；说起来容易，做起来难。,参考句式／做菜对话；常用句子,121,110,121;122,110;111,explicit_section_ocr_needs_manual,true,独立 PDF 语法审计草稿；参考句式／句型明确出现，仍需逐页人工核对。
boya-elementary-ii:lesson-11:audit-grammar-007,boya-elementary-ii:lesson-11,boya-elementary-ii,初级起步篇 II,lesson-11,11,做一个家常菜,V着（点着）,,着 sau động từ như 点着 diễn tả trạng thái đang cháy hoặc được bật.,translated_subagent_draft,V起来；先……再……最后……；又……又……；难不难，一做就知道了。；把土豆去皮，切成丝。；把火点着，把锅放在火上。；先放土豆丝，再放辣椒丝，最后加点儿盐。；再炒一会儿就熟了。；说起来容易，做起来难。,V起来；先……再……最后……；又……又……；难不难，一做就知道了。；把土豆去皮，切成丝。；把火点着，把锅放在火上。；先放土豆丝，再放辣椒丝，最后加点儿盐。；再炒一会儿就熟了。；说起来容易，做起来难。,参考句式／做菜对话；常用句子,121,110,121;122,110;111,explicit_section_ocr_needs_manual,true,独立 PDF 语法审计草稿；参考句式／句型明确出现，仍需逐页人工核对。
boya-elementary-ii:lesson-11:audit-grammar-008,boya-elementary-ii:lesson-11,boya-elementary-ii,初级起步篇 II,lesson-11,11,做一个家常菜,再+V,,再 đứng trước động từ để nói làm bước tiếp theo hoặc làm thêm.,translated_subagent_draft,V起来；先……再……最后……；又……又……；难不难，一做就知道了。；把土豆去皮，切成丝。；把火点着，把锅放在火上。；先放土豆丝，再放辣椒丝，最后加点儿盐。；再炒一会儿就熟了。；说起来容易，做起来难。,V起来；先……再……最后……；又……又……；难不难，一做就知道了。；把土豆去皮，切成丝。；把火点着，把锅放在火上。；先放土豆丝，再放辣椒丝，最后加点儿盐。；再炒一会儿就熟了。；说起来容易，做起来难。,参考句式／做菜对话；常用句子,121,110,121;122,110;111,explicit_section_ocr_needs_manual,true,独立 PDF 语法审计草稿；参考句式／句型明确出现，仍需逐页人工核对。
boya-elementary-ii:lesson-11:audit-grammar-009,boya-elementary-ii:lesson-11,boya-elementary-ii,初级起步篇 II,lesson-11,11,做一个家常菜,一会儿,,一会儿 chỉ một lát hoặc một khoảng thời gian ngắn.,translated_subagent_draft,V起来；先……再……最后……；又……又……；难不难，一做就知道了。；把土豆去皮，切成丝。；把火点着，把锅放在火上。；先放土豆丝，再放辣椒丝，最后加点儿盐。；再炒一会儿就熟了。；说起来容易，做起来难。,V起来；先……再……最后……；又……又……；难不难，一做就知道了。；把土豆去皮，切成丝。；把火点着，把锅放在火上。；先放土豆丝，再放辣椒丝，最后加点儿盐。；再炒一会儿就熟了。；说起来容易，做起来难。,参考句式／做菜对话；常用句子,121,110,121;122,110;111,explicit_section_ocr_needs_manual,true,独立 PDF 语法审计草稿；参考句式／句型明确出现，仍需逐页人工核对。
boya-elementary-ii:lesson-11:audit-grammar-010,boya-elementary-ii:lesson-11,boya-elementary-ii,初级起步篇 II,lesson-11,11,做一个家常菜,就+结果,,就 nhấn mạnh kết quả đến ngay sau hành động hay điều kiện trước đó.,translated_subagent_draft,V起来；先……再……最后……；又……又……；难不难，一做就知道了。；把土豆去皮，切成丝。；把火点着，把锅放在火上。；先放土豆丝，再放辣椒丝，最后加点儿盐。；再炒一会儿就熟了。；说起来容易，做起来难。,V起来；先……再……最后……；又……又……；难不难，一做就知道了。；把土豆去皮，切成丝。；把火点着，把锅放在火上。；先放土豆丝，再放辣椒丝，最后加点儿盐。；再炒一会儿就熟了。；说起来容易，做起来难。,参考句式／做菜对话；常用句子,121,110,121;122,110;111,explicit_section_ocr_needs_manual,true,独立 PDF 语法审计草稿；参考句式／句型明确出现，仍需逐页人工核对。
boya-elementary-ii:lesson-12:audit-grammar-001,boya-elementary-ii:lesson-12,boya-elementary-ii,初级起步篇 II,lesson-12,12,搬进学校的宿舍,趋向补语：搬进、拿出、放上、搬走,,Bổ ngữ xu hướng như 进 出 上 走 cho biết hướng di chuyển sau khi làm hành động.,translated_subagent_draft,不但……而且……；又……又……；看起来……；一边……一边……；如果一个纸箱子放不下，可以放在另一个箱子里。；搬家公司帮我把这些东西搬走。；离学校东门不远有个小公园。；我可以一边散步一边练习中文。,不但……而且……；又……又……；看起来……；一边……一边……；如果一个纸箱子放不下，可以放在另一个箱子里。；搬家公司帮我把这些东西搬走。；离学校东门不远有个小公园。；我可以一边散步一边练习中文。,参考句式／搬家活动；常用句子,131,120,131;132,120;121,explicit_section_ocr_needs_manual,true,独立 PDF 语法审计草稿；参考句式／句型明确出现，仍需逐页人工核对。
boya-elementary-ii:lesson-12:audit-grammar-002,boya-elementary-ii:lesson-12,boya-elementary-ii,初级起步篇 II,lesson-12,12,搬进学校的宿舍,把+物品+V,,把 đưa đồ vật cần xử lý lên trước động từ để nêu thao tác với nó.,translated_subagent_draft,不但……而且……；又……又……；看起来……；一边……一边……；如果一个纸箱子放不下，可以放在另一个箱子里。；搬家公司帮我把这些东西搬走。；离学校东门不远有个小公园。；我可以一边散步一边练习中文。,不但……而且……；又……又……；看起来……；一边……一边……；如果一个纸箱子放不下，可以放在另一个箱子里。；搬家公司帮我把这些东西搬走。；离学校东门不远有个小公园。；我可以一边散步一边练习中文。,参考句式／搬家活动；常用句子,131,120,131;132,120;121,explicit_section_ocr_needs_manual,true,独立 PDF 语法审计草稿；参考句式／句型明确出现，仍需逐页人工核对。
boya-elementary-ii:lesson-12:audit-grammar-003,boya-elementary-ii:lesson-12,boya-elementary-ii,初级起步篇 II,lesson-12,12,搬进学校的宿舍,把+物品+放在+处所,,把加 đồ vật加放在加 nơi chốn nói đặt đồ vật vào vị trí cụ thể.,translated_subagent_draft,不但……而且……；又……又……；看起来……；一边……一边……；如果一个纸箱子放不下，可以放在另一个箱子里。；搬家公司帮我把这些东西搬走。；离学校东门不远有个小公园。；我可以一边散步一边练习中文。,不但……而且……；又……又……；看起来……；一边……一边……；如果一个纸箱子放不下，可以放在另一个箱子里。；搬家公司帮我把这些东西搬走。；离学校东门不远有个小公园。；我可以一边散步一边练习中文。,参考句式／搬家活动；常用句子,131,120,131;132,120;121,explicit_section_ocr_needs_manual,true,独立 PDF 语法审计草稿；参考句式／句型明确出现，仍需逐页人工核对。
boya-elementary-ii:lesson-12:audit-grammar-004,boya-elementary-ii:lesson-12,boya-elementary-ii,初级起步篇 II,lesson-12,12,搬进学校的宿舍,在……里／上／旁边,,在…里 上 旁边 dùng để chỉ vị trí trong trên hoặc bên cạnh một nơi.,translated_subagent_draft,不但……而且……；又……又……；看起来……；一边……一边……；如果一个纸箱子放不下，可以放在另一个箱子里。；搬家公司帮我把这些东西搬走。；离学校东门不远有个小公园。；我可以一边散步一边练习中文。,不但……而且……；又……又……；看起来……；一边……一边……；如果一个纸箱子放不下，可以放在另一个箱子里。；搬家公司帮我把这些东西搬走。；离学校东门不远有个小公园。；我可以一边散步一边练习中文。,参考句式／搬家活动；常用句子,131,120,131;132,120;121,explicit_section_ocr_needs_manual,true,独立 PDF 语法审计草稿；参考句式／句型明确出现，仍需逐页人工核对。
boya-elementary-ii:lesson-12:audit-grammar-005,boya-elementary-ii:lesson-12,boya-elementary-ii,初级起步篇 II,lesson-12,12,搬进学校的宿舍,如果……可以……,,如果…可以… nói nếu điều kiện xảy ra thì có thể làm việc ở vế sau.,translated_subagent_draft,不但……而且……；又……又……；看起来……；一边……一边……；如果一个纸箱子放不下，可以放在另一个箱子里。；搬家公司帮我把这些东西搬走。；离学校东门不远有个小公园。；我可以一边散步一边练习中文。,不但……而且……；又……又……；看起来……；一边……一边……；如果一个纸箱子放不下，可以放在另一个箱子里。；搬家公司帮我把这些东西搬走。；离学校东门不远有个小公园。；我可以一边散步一边练习中文。,参考句式／搬家活动；常用句子,131,120,131;132,120;121,explicit_section_ocr_needs_manual,true,独立 PDF 语法审计草稿；参考句式／句型明确出现，仍需逐页人工核对。
boya-elementary-ii:lesson-12:audit-grammar-006,boya-elementary-ii:lesson-12,boya-elementary-ii,初级起步篇 II,lesson-12,12,搬进学校的宿舍,放不下（可能补语）,,放不下 là bổ ngữ khả năng: không thể đặt vừa vì thiếu chỗ.,translated_subagent_draft,不但……而且……；又……又……；看起来……；一边……一边……；如果一个纸箱子放不下，可以放在另一个箱子里。；搬家公司帮我把这些东西搬走。；离学校东门不远有个小公园。；我可以一边散步一边练习中文。,不但……而且……；又……又……；看起来……；一边……一边……；如果一个纸箱子放不下，可以放在另一个箱子里。；搬家公司帮我把这些东西搬走。；离学校东门不远有个小公园。；我可以一边散步一边练习中文。,参考句式／搬家活动；常用句子,131,120,131;132,120;121,explicit_section_ocr_needs_manual,true,独立 PDF 语法审计草稿；参考句式／句型明确出现，仍需逐页人工核对。
boya-elementary-ii:lesson-12:audit-grammar-007,boya-elementary-ii:lesson-12,boya-elementary-ii,初级起步篇 II,lesson-12,12,搬进学校的宿舍,看起来+形容词,,看起来加 tính từ diễn tả vẻ bên ngoài hoặc nhận xét dựa vào quan sát.,translated_subagent_draft,不但……而且……；又……又……；看起来……；一边……一边……；如果一个纸箱子放不下，可以放在另一个箱子里。；搬家公司帮我把这些东西搬走。；离学校东门不远有个小公园。；我可以一边散步一边练习中文。,不但……而且……；又……又……；看起来……；一边……一边……；如果一个纸箱子放不下，可以放在另一个箱子里。；搬家公司帮我把这些东西搬走。；离学校东门不远有个小公园。；我可以一边散步一边练习中文。,参考句式／搬家活动；常用句子,131,120,131;132,120;121,explicit_section_ocr_needs_manual,true,独立 PDF 语法审计草稿；参考句式／句型明确出现，仍需逐页人工核对。
boya-elementary-ii:lesson-12:audit-grammar-008,boya-elementary-ii:lesson-12,boya-elementary-ii,初级起步篇 II,lesson-12,12,搬进学校的宿舍,一边……一边……,,一边…一边… diễn tả làm hai việc cùng lúc.,translated_subagent_draft,不但……而且……；又……又……；看起来……；一边……一边……；如果一个纸箱子放不下，可以放在另一个箱子里。；搬家公司帮我把这些东西搬走。；离学校东门不远有个小公园。；我可以一边散步一边练习中文。,不但……而且……；又……又……；看起来……；一边……一边……；如果一个纸箱子放不下，可以放在另一个箱子里。；搬家公司帮我把这些东西搬走。；离学校东门不远有个小公园。；我可以一边散步一边练习中文。,参考句式／搬家活动；常用句子,131,120,131;132,120;121,explicit_section_ocr_needs_manual,true,独立 PDF 语法审计草稿；参考句式／句型明确出现，仍需逐页人工核对。
boya-elementary-ii:lesson-12:audit-grammar-009,boya-elementary-ii:lesson-12,boya-elementary-ii,初级起步篇 II,lesson-12,12,搬进学校的宿舍,不但……而且……,,不但…而且… nối hai ý cùng đúng và nhấn ý sau mạnh hơn.,translated_subagent_draft,不但……而且……；又……又……；看起来……；一边……一边……；如果一个纸箱子放不下，可以放在另一个箱子里。；搬家公司帮我把这些东西搬走。；离学校东门不远有个小公园。；我可以一边散步一边练习中文。,不但……而且……；又……又……；看起来……；一边……一边……；如果一个纸箱子放不下，可以放在另一个箱子里。；搬家公司帮我把这些东西搬走。；离学校东门不远有个小公园。；我可以一边散步一边练习中文。,参考句式／搬家活动；常用句子,131,120,131;132,120;121,explicit_section_ocr_needs_manual,true,独立 PDF 语法审计草稿；参考句式／句型明确出现，仍需逐页人工核对。
boya-elementary-ii:lesson-12:audit-grammar-010,boya-elementary-ii:lesson-12,boya-elementary-ii,初级起步篇 II,lesson-12,12,搬进学校的宿舍,有个+名词,,有个加 danh từ giới thiệu sự tồn tại của một người hoặc vật chưa xác định.,translated_subagent_draft,不但……而且……；又……又……；看起来……；一边……一边……；如果一个纸箱子放不下，可以放在另一个箱子里。；搬家公司帮我把这些东西搬走。；离学校东门不远有个小公园。；我可以一边散步一边练习中文。,不但……而且……；又……又……；看起来……；一边……一边……；如果一个纸箱子放不下，可以放在另一个箱子里。；搬家公司帮我把这些东西搬走。；离学校东门不远有个小公园。；我可以一边散步一边练习中文。,参考句式／搬家活动；常用句子,131,120,131;132,120;121,explicit_section_ocr_needs_manual,true,独立 PDF 语法审计草稿；参考句式／句型明确出现，仍需逐页人工核对。
boya-elementary-ii:lesson-13:audit-grammar-001,boya-elementary-ii:lesson-13,boya-elementary-ii,初级起步篇 II,lesson-13,13,我叫‘不紧张’,V不出来（可能补语）,,Động từ加不出来 là bổ ngữ khả năng: muốn làm nhưng không thể cho ra kết quả.,translated_subagent_draft,V+不出来；adj.+得……；越……越……；连……都……；不管……都……；我紧张得连‘你好’都说不出来。；越紧张，越不知道该怎么说。；她不管遇到什么事情，都不紧张。；最重要的是，一遍一遍告诉自己，我叫‘不紧张’。,V+不出来；adj.+得……；越……越……；连……都……；不管……都……；我紧张得连‘你好’都说不出来。；越紧张，越不知道该怎么说。；她不管遇到什么事情，都不紧张。；最重要的是，一遍一遍告诉自己，我叫‘不紧张’。,参考句式／常用句子；常用句子续页,141,130,141;142,130;131,explicit_section_ocr_needs_manual,true,独立 PDF 语法审计草稿；参考句式／句型明确出现，仍需逐页人工核对。
boya-elementary-ii:lesson-13:audit-grammar-002,boya-elementary-ii:lesson-13,boya-elementary-ii,初级起步篇 II,lesson-13,13,我叫‘不紧张’,adj.+得+结果／程度,,Tính từ加得加 kết quả hoặc mức độ diễn tả mức độ mạnh dẫn đến một hệ quả.,translated_subagent_draft,V+不出来；adj.+得……；越……越……；连……都……；不管……都……；我紧张得连‘你好’都说不出来。；越紧张，越不知道该怎么说。；她不管遇到什么事情，都不紧张。；最重要的是，一遍一遍告诉自己，我叫‘不紧张’。,V+不出来；adj.+得……；越……越……；连……都……；不管……都……；我紧张得连‘你好’都说不出来。；越紧张，越不知道该怎么说。；她不管遇到什么事情，都不紧张。；最重要的是，一遍一遍告诉自己，我叫‘不紧张’。,参考句式／常用句子；常用句子续页,141,130,141;142,130;131,explicit_section_ocr_needs_manual,true,独立 PDF 语法审计草稿；参考句式／句型明确出现，仍需逐页人工核对。
boya-elementary-ii:lesson-13:audit-grammar-003,boya-elementary-ii:lesson-13,boya-elementary-ii,初级起步篇 II,lesson-13,13,我叫‘不紧张’,越……越……,,越…越… diễn tả sự thay đổi dần: càng… càng….,translated_subagent_draft,V+不出来；adj.+得……；越……越……；连……都……；不管……都……；我紧张得连‘你好’都说不出来。；越紧张，越不知道该怎么说。；她不管遇到什么事情，都不紧张。；最重要的是，一遍一遍告诉自己，我叫‘不紧张’。,V+不出来；adj.+得……；越……越……；连……都……；不管……都……；我紧张得连‘你好’都说不出来。；越紧张，越不知道该怎么说。；她不管遇到什么事情，都不紧张。；最重要的是，一遍一遍告诉自己，我叫‘不紧张’。,参考句式／常用句子；常用句子续页,141,130,141;142,130;131,explicit_section_ocr_needs_manual,true,独立 PDF 语法审计草稿；参考句式／句型明确出现，仍需逐页人工核对。
boya-elementary-ii:lesson-13:audit-grammar-004,boya-elementary-ii:lesson-13,boya-elementary-ii,初级起步篇 II,lesson-13,13,我叫‘不紧张’,连……都……,,连…都… nhấn mạnh ngay cả trường hợp cực đoan cũng như vậy.,translated_subagent_draft,V+不出来；adj.+得……；越……越……；连……都……；不管……都……；我紧张得连‘你好’都说不出来。；越紧张，越不知道该怎么说。；她不管遇到什么事情，都不紧张。；最重要的是，一遍一遍告诉自己，我叫‘不紧张’。,V+不出来；adj.+得……；越……越……；连……都……；不管……都……；我紧张得连‘你好’都说不出来。；越紧张，越不知道该怎么说。；她不管遇到什么事情，都不紧张。；最重要的是，一遍一遍告诉自己，我叫‘不紧张’。,参考句式／常用句子；常用句子续页,141,130,141;142,130;131,explicit_section_ocr_needs_manual,true,独立 PDF 语法审计草稿；参考句式／句型明确出现，仍需逐页人工核对。
boya-elementary-ii:lesson-13:audit-grammar-005,boya-elementary-ii:lesson-13,boya-elementary-ii,初级起步篇 II,lesson-13,13,我叫‘不紧张’,不管……都……,,不管…都… nghĩa là bất kể điều kiện nào thì kết quả vẫn không thay đổi.,translated_subagent_draft,V+不出来；adj.+得……；越……越……；连……都……；不管……都……；我紧张得连‘你好’都说不出来。；越紧张，越不知道该怎么说。；她不管遇到什么事情，都不紧张。；最重要的是，一遍一遍告诉自己，我叫‘不紧张’。,V+不出来；adj.+得……；越……越……；连……都……；不管……都……；我紧张得连‘你好’都说不出来。；越紧张，越不知道该怎么说。；她不管遇到什么事情，都不紧张。；最重要的是，一遍一遍告诉自己，我叫‘不紧张’。,参考句式／常用句子；常用句子续页,141,130,141;142,130;131,explicit_section_ocr_needs_manual,true,独立 PDF 语法审计草稿；参考句式／句型明确出现，仍需逐页人工核对。
boya-elementary-ii:lesson-13:audit-grammar-006,boya-elementary-ii:lesson-13,boya-elementary-ii,初级起步篇 II,lesson-13,13,我叫‘不紧张’,为了……,,为了… dùng để nêu mục đích của hành động.,translated_subagent_draft,V+不出来；adj.+得……；越……越……；连……都……；不管……都……；我紧张得连‘你好’都说不出来。；越紧张，越不知道该怎么说。；她不管遇到什么事情，都不紧张。；最重要的是，一遍一遍告诉自己，我叫‘不紧张’。,V+不出来；adj.+得……；越……越……；连……都……；不管……都……；我紧张得连‘你好’都说不出来。；越紧张，越不知道该怎么说。；她不管遇到什么事情，都不紧张。；最重要的是，一遍一遍告诉自己，我叫‘不紧张’。,参考句式／常用句子；常用句子续页,141,130,141;142,130;131,explicit_section_ocr_needs_manual,true,独立 PDF 语法审计草稿；参考句式／句型明确出现，仍需逐页人工核对。
boya-elementary-ii:lesson-13:audit-grammar-007,boya-elementary-ii:lesson-13,boya-elementary-ii,初级起步篇 II,lesson-13,13,我叫‘不紧张’,一遍一遍+V,,一遍一遍加 động từ diễn tả làm lặp lại hết lần này đến lần khác.,translated_subagent_draft,V+不出来；adj.+得……；越……越……；连……都……；不管……都……；我紧张得连‘你好’都说不出来。；越紧张，越不知道该怎么说。；她不管遇到什么事情，都不紧张。；最重要的是，一遍一遍告诉自己，我叫‘不紧张’。,V+不出来；adj.+得……；越……越……；连……都……；不管……都……；我紧张得连‘你好’都说不出来。；越紧张，越不知道该怎么说。；她不管遇到什么事情，都不紧张。；最重要的是，一遍一遍告诉自己，我叫‘不紧张’。,参考句式／常用句子；常用句子续页,141,130,141;142,130;131,explicit_section_ocr_needs_manual,true,独立 PDF 语法审计草稿；参考句式／句型明确出现，仍需逐页人工核对。
boya-elementary-ii:lesson-13:audit-grammar-008,boya-elementary-ii:lesson-13,boya-elementary-ii,初级起步篇 II,lesson-13,13,我叫‘不紧张’,看起来+形容词,,看起来加 tính từ nói ấn tượng nhận được từ quan sát bên ngoài.,translated_subagent_draft,V+不出来；adj.+得……；越……越……；连……都……；不管……都……；我紧张得连‘你好’都说不出来。；越紧张，越不知道该怎么说。；她不管遇到什么事情，都不紧张。；最重要的是，一遍一遍告诉自己，我叫‘不紧张’。,V+不出来；adj.+得……；越……越……；连……都……；不管……都……；我紧张得连‘你好’都说不出来。；越紧张，越不知道该怎么说。；她不管遇到什么事情，都不紧张。；最重要的是，一遍一遍告诉自己，我叫‘不紧张’。,参考句式／常用句子；常用句子续页,141,130,141;142,130;131,explicit_section_ocr_needs_manual,true,独立 PDF 语法审计草稿；参考句式／句型明确出现，仍需逐页人工核对。
boya-elementary-ii:lesson-13:audit-grammar-009,boya-elementary-ii:lesson-13,boya-elementary-ii,初级起步篇 II,lesson-13,13,我叫‘不紧张’,连……都忘了怎么说,,连…都忘了怎么说 nhấn mạnh đến điều cơ bản cũng quên cách nói.,translated_subagent_draft,V+不出来；adj.+得……；越……越……；连……都……；不管……都……；我紧张得连‘你好’都说不出来。；越紧张，越不知道该怎么说。；她不管遇到什么事情，都不紧张。；最重要的是，一遍一遍告诉自己，我叫‘不紧张’。,V+不出来；adj.+得……；越……越……；连……都……；不管……都……；我紧张得连‘你好’都说不出来。；越紧张，越不知道该怎么说。；她不管遇到什么事情，都不紧张。；最重要的是，一遍一遍告诉自己，我叫‘不紧张’。,参考句式／常用句子；常用句子续页,141,130,141;142,130;131,explicit_section_ocr_needs_manual,true,独立 PDF 语法审计草稿；参考句式／句型明确出现，仍需逐页人工核对。
boya-elementary-ii:lesson-14:audit-grammar-001,boya-elementary-ii:lesson-14,boya-elementary-ii,初级起步篇 II,lesson-14,14,实现理想,其实……,,其实 dùng để nêu sự thật hoặc ý giải thích đằng sau bề ngoài.,translated_subagent_draft,其实……；为了……；V下来；我专门学过唱歌，但后来觉得太麻烦了，就没坚持下来。；只要坚持努力，就可以成功。；为了和小孩子沟通，你应该多花时间学习中文。；怎么做才能实现理想呢？只要……，就……。,其实……；为了……；V下来；我专门学过唱歌，但后来觉得太麻烦了，就没坚持下来。；只要坚持努力，就可以成功。；为了和小孩子沟通，你应该多花时间学习中文。；怎么做才能实现理想呢？只要……，就……。,综合练习／参考词语；参考句式／常用句子,149,138,149;150,138;139,explicit_section_ocr_needs_manual,true,独立 PDF 语法审计草稿；参考句式／句型明确出现，仍需逐页人工核对。
boya-elementary-ii:lesson-14:audit-grammar-002,boya-elementary-ii:lesson-14,boya-elementary-ii,初级起步篇 II,lesson-14,14,实现理想,为了……,,为了… diễn tả mục đích hoặc động cơ của việc làm.,translated_subagent_draft,其实……；为了……；V下来；我专门学过唱歌，但后来觉得太麻烦了，就没坚持下来。；只要坚持努力，就可以成功。；为了和小孩子沟通，你应该多花时间学习中文。；怎么做才能实现理想呢？只要……，就……。,其实……；为了……；V下来；我专门学过唱歌，但后来觉得太麻烦了，就没坚持下来。；只要坚持努力，就可以成功。；为了和小孩子沟通，你应该多花时间学习中文。；怎么做才能实现理想呢？只要……，就……。,综合练习／参考词语；参考句式／常用句子,149,138,149;150,138;139,explicit_section_ocr_needs_manual,true,独立 PDF 语法审计草稿；参考句式／句型明确出现，仍需逐页人工核对。
boya-elementary-ii:lesson-14:audit-grammar-003,boya-elementary-ii:lesson-14,boya-elementary-ii,初级起步篇 II,lesson-14,14,实现理想,只要……就……,,只要…就… nêu điều kiện đủ: chỉ cần vế đầu đúng thì vế sau xảy ra.,translated_subagent_draft,其实……；为了……；V下来；我专门学过唱歌，但后来觉得太麻烦了，就没坚持下来。；只要坚持努力，就可以成功。；为了和小孩子沟通，你应该多花时间学习中文。；怎么做才能实现理想呢？只要……，就……。,其实……；为了……；V下来；我专门学过唱歌，但后来觉得太麻烦了，就没坚持下来。；只要坚持努力，就可以成功。；为了和小孩子沟通，你应该多花时间学习中文。；怎么做才能实现理想呢？只要……，就……。,综合练习／参考词语；参考句式／常用句子,149,138,149;150,138;139,explicit_section_ocr_needs_manual,true,独立 PDF 语法审计草稿；参考句式／句型明确出现，仍需逐页人工核对。
boya-elementary-ii:lesson-14:audit-grammar-004,boya-elementary-ii:lesson-14,boya-elementary-ii,初级起步篇 II,lesson-14,14,实现理想,V下来（坚持下来）,,Động từ加下来 như 坚持下来 diễn tả tiếp tục và duy trì đến cuối cùng.,translated_subagent_draft,其实……；为了……；V下来；我专门学过唱歌，但后来觉得太麻烦了，就没坚持下来。；只要坚持努力，就可以成功。；为了和小孩子沟通，你应该多花时间学习中文。；怎么做才能实现理想呢？只要……，就……。,其实……；为了……；V下来；我专门学过唱歌，但后来觉得太麻烦了，就没坚持下来。；只要坚持努力，就可以成功。；为了和小孩子沟通，你应该多花时间学习中文。；怎么做才能实现理想呢？只要……，就……。,综合练习／参考词语；参考句式／常用句子,149,138,149;150,138;139,explicit_section_ocr_needs_manual,true,独立 PDF 语法审计草稿；参考句式／句型明确出现，仍需逐页人工核对。
boya-elementary-ii:lesson-14:audit-grammar-005,boya-elementary-ii:lesson-14,boya-elementary-ii,初级起步篇 II,lesson-14,14,实现理想,专门+V,,专门 đứng trước động từ để nói cố ý dành riêng cho một mục đích.,translated_subagent_draft,其实……；为了……；V下来；我专门学过唱歌，但后来觉得太麻烦了，就没坚持下来。；只要坚持努力，就可以成功。；为了和小孩子沟通，你应该多花时间学习中文。；怎么做才能实现理想呢？只要……，就……。,其实……；为了……；V下来；我专门学过唱歌，但后来觉得太麻烦了，就没坚持下来。；只要坚持努力，就可以成功。；为了和小孩子沟通，你应该多花时间学习中文。；怎么做才能实现理想呢？只要……，就……。,综合练习／参考词语；参考句式／常用句子,149,138,149;150,138;139,explicit_section_ocr_needs_manual,true,独立 PDF 语法审计草稿；参考句式／句型明确出现，仍需逐页人工核对。
boya-elementary-ii:lesson-14:audit-grammar-006,boya-elementary-ii:lesson-14,boya-elementary-ii,初级起步篇 II,lesson-14,14,实现理想,V过（经历）,,过 sau động từ diễn tả đã từng trải qua kinh nghiệm đó.,translated_subagent_draft,其实……；为了……；V下来；我专门学过唱歌，但后来觉得太麻烦了，就没坚持下来。；只要坚持努力，就可以成功。；为了和小孩子沟通，你应该多花时间学习中文。；怎么做才能实现理想呢？只要……，就……。,其实……；为了……；V下来；我专门学过唱歌，但后来觉得太麻烦了，就没坚持下来。；只要坚持努力，就可以成功。；为了和小孩子沟通，你应该多花时间学习中文。；怎么做才能实现理想呢？只要……，就……。,综合练习／参考词语；参考句式／常用句子,149,138,149;150,138;139,explicit_section_ocr_needs_manual,true,独立 PDF 语法审计草稿；参考句式／句型明确出现，仍需逐页人工核对。
boya-elementary-ii:lesson-14:audit-grammar-007,boya-elementary-ii:lesson-14,boya-elementary-ii,初级起步篇 II,lesson-14,14,实现理想,就+结果,,就 đứng trước kết quả để nhấn mạnh kết quả đến ngay hay tất yếu.,translated_subagent_draft,其实……；为了……；V下来；我专门学过唱歌，但后来觉得太麻烦了，就没坚持下来。；只要坚持努力，就可以成功。；为了和小孩子沟通，你应该多花时间学习中文。；怎么做才能实现理想呢？只要……，就……。,其实……；为了……；V下来；我专门学过唱歌，但后来觉得太麻烦了，就没坚持下来。；只要坚持努力，就可以成功。；为了和小孩子沟通，你应该多花时间学习中文。；怎么做才能实现理想呢？只要……，就……。,综合练习／参考词语；参考句式／常用句子,149,138,149;150,138;139,explicit_section_ocr_needs_manual,true,独立 PDF 语法审计草稿；参考句式／句型明确出现，仍需逐页人工核对。
boya-elementary-ii:lesson-14:audit-grammar-008,boya-elementary-ii:lesson-14,boya-elementary-ii,初级起步篇 II,lesson-14,14,实现理想,因为……所以……,,因为…所以… nối nguyên nhân ở vế đầu với kết quả ở vế sau.,translated_subagent_draft,其实……；为了……；V下来；我专门学过唱歌，但后来觉得太麻烦了，就没坚持下来。；只要坚持努力，就可以成功。；为了和小孩子沟通，你应该多花时间学习中文。；怎么做才能实现理想呢？只要……，就……。,其实……；为了……；V下来；我专门学过唱歌，但后来觉得太麻烦了，就没坚持下来。；只要坚持努力，就可以成功。；为了和小孩子沟通，你应该多花时间学习中文。；怎么做才能实现理想呢？只要……，就……。,综合练习／参考词语；参考句式／常用句子,149,138,149;150,138;139,explicit_section_ocr_needs_manual,true,独立 PDF 语法审计草稿；参考句式／句型明确出现，仍需逐页人工核对。
boya-elementary-ii:lesson-14:audit-grammar-009,boya-elementary-ii:lesson-14,boya-elementary-ii,初级起步篇 II,lesson-14,14,实现理想,当+职业,,当 cộng nghề nghiệp nghĩa là làm nghề hoặc giữ vai trò đó.,translated_subagent_draft,其实……；为了……；V下来；我专门学过唱歌，但后来觉得太麻烦了，就没坚持下来。；只要坚持努力，就可以成功。；为了和小孩子沟通，你应该多花时间学习中文。；怎么做才能实现理想呢？只要……，就……。,其实……；为了……；V下来；我专门学过唱歌，但后来觉得太麻烦了，就没坚持下来。；只要坚持努力，就可以成功。；为了和小孩子沟通，你应该多花时间学习中文。；怎么做才能实现理想呢？只要……，就……。,综合练习／参考词语；参考句式／常用句子,149,138,149;150,138;139,explicit_section_ocr_needs_manual,true,独立 PDF 语法审计草稿；参考句式／句型明确出现，仍需逐页人工核对。
boya-elementary-ii:lesson-14:audit-grammar-010,boya-elementary-ii:lesson-14,boya-elementary-ii,初级起步篇 II,lesson-14,14,实现理想,必须／一定要+V,,必须 hoặc 一定要加 động từ diễn tả yêu cầu bắt buộc hay rất cần thiết.,translated_subagent_draft,其实……；为了……；V下来；我专门学过唱歌，但后来觉得太麻烦了，就没坚持下来。；只要坚持努力，就可以成功。；为了和小孩子沟通，你应该多花时间学习中文。；怎么做才能实现理想呢？只要……，就……。,其实……；为了……；V下来；我专门学过唱歌，但后来觉得太麻烦了，就没坚持下来。；只要坚持努力，就可以成功。；为了和小孩子沟通，你应该多花时间学习中文。；怎么做才能实现理想呢？只要……，就……。,综合练习／参考词语；参考句式／常用句子,149,138,149;150,138;139,explicit_section_ocr_needs_manual,true,独立 PDF 语法审计草稿；参考句式／句型明确出现，仍需逐页人工核对。
boya-elementary-ii:lesson-15:audit-grammar-001,boya-elementary-ii:lesson-15,boya-elementary-ii,初级起步篇 II,lesson-15,15,我喜欢的咖啡厅,V+一下儿,,Động từ加一下儿 làm yêu cầu hay hành động nghe ngắn và nhẹ hơn.,translated_subagent_draft,V+一下儿；如果……就……；又……又……；V+着；越来越……；……就可以了；这儿的音乐让人很放松。；这儿咖啡不但种类多，而且味道好。；把糖放在盘子里一起拿过来好吗？；现在生活真是越来越方便了。,V+一下儿；如果……就……；又……又……；V+着；越来越……；……就可以了；这儿的音乐让人很放松。；这儿咖啡不但种类多，而且味道好。；把糖放在盘子里一起拿过来好吗？；现在生活真是越来越方便了。,活动对话；参考句式／常用句子,159,148,159;160,148;149,explicit_section_ocr_needs_manual,true,独立 PDF 语法审计草稿；参考句式／句型明确出现，仍需逐页人工核对。
boya-elementary-ii:lesson-15:audit-grammar-002,boya-elementary-ii:lesson-15,boya-elementary-ii,初级起步篇 II,lesson-15,15,我喜欢的咖啡厅,如果……就……,,如果…就… nêu điều kiện và kết quả tương ứng.,translated_subagent_draft,V+一下儿；如果……就……；又……又……；V+着；越来越……；……就可以了；这儿的音乐让人很放松。；这儿咖啡不但种类多，而且味道好。；把糖放在盘子里一起拿过来好吗？；现在生活真是越来越方便了。,V+一下儿；如果……就……；又……又……；V+着；越来越……；……就可以了；这儿的音乐让人很放松。；这儿咖啡不但种类多，而且味道好。；把糖放在盘子里一起拿过来好吗？；现在生活真是越来越方便了。,活动对话；参考句式／常用句子,159,148,159;160,148;149,explicit_section_ocr_needs_manual,true,独立 PDF 语法审计草稿；参考句式／句型明确出现，仍需逐页人工核对。
boya-elementary-ii:lesson-15:audit-grammar-003,boya-elementary-ii:lesson-15,boya-elementary-ii,初级起步篇 II,lesson-15,15,我喜欢的咖啡厅,又……又……,,又…又… mô tả hai đặc điểm hoặc hai việc cùng có.,translated_subagent_draft,V+一下儿；如果……就……；又……又……；V+着；越来越……；……就可以了；这儿的音乐让人很放松。；这儿咖啡不但种类多，而且味道好。；把糖放在盘子里一起拿过来好吗？；现在生活真是越来越方便了。,V+一下儿；如果……就……；又……又……；V+着；越来越……；……就可以了；这儿的音乐让人很放松。；这儿咖啡不但种类多，而且味道好。；把糖放在盘子里一起拿过来好吗？；现在生活真是越来越方便了。,活动对话；参考句式／常用句子,159,148,159;160,148;149,explicit_section_ocr_needs_manual,true,独立 PDF 语法审计草稿；参考句式／句型明确出现，仍需逐页人工核对。
boya-elementary-ii:lesson-15:audit-grammar-004,boya-elementary-ii:lesson-15,boya-elementary-ii,初级起步篇 II,lesson-15,15,我喜欢的咖啡厅,V+着,,着 sau động từ diễn tả trạng thái đang tiếp diễn hay đang được duy trì.,translated_subagent_draft,V+一下儿；如果……就……；又……又……；V+着；越来越……；……就可以了；这儿的音乐让人很放松。；这儿咖啡不但种类多，而且味道好。；把糖放在盘子里一起拿过来好吗？；现在生活真是越来越方便了。,V+一下儿；如果……就……；又……又……；V+着；越来越……；……就可以了；这儿的音乐让人很放松。；这儿咖啡不但种类多，而且味道好。；把糖放在盘子里一起拿过来好吗？；现在生活真是越来越方便了。,活动对话；参考句式／常用句子,159,148,159;160,148;149,explicit_section_ocr_needs_manual,true,独立 PDF 语法审计草稿；参考句式／句型明确出现，仍需逐页人工核对。
boya-elementary-ii:lesson-15:audit-grammar-005,boya-elementary-ii:lesson-15,boya-elementary-ii,初级起步篇 II,lesson-15,15,我喜欢的咖啡厅,越来越……,,越来越… diễn tả mức độ thay đổi ngày càng tăng hoặc giảm.,translated_subagent_draft,V+一下儿；如果……就……；又……又……；V+着；越来越……；……就可以了；这儿的音乐让人很放松。；这儿咖啡不但种类多，而且味道好。；把糖放在盘子里一起拿过来好吗？；现在生活真是越来越方便了。,V+一下儿；如果……就……；又……又……；V+着；越来越……；……就可以了；这儿的音乐让人很放松。；这儿咖啡不但种类多，而且味道好。；把糖放在盘子里一起拿过来好吗？；现在生活真是越来越方便了。,活动对话；参考句式／常用句子,159,148,159;160,148;149,explicit_section_ocr_needs_manual,true,独立 PDF 语法审计草稿；参考句式／句型明确出现，仍需逐页人工核对。
boya-elementary-ii:lesson-15:audit-grammar-006,boya-elementary-ii:lesson-15,boya-elementary-ii,初级起步篇 II,lesson-15,15,我喜欢的咖啡厅,……就可以了,,…就可以了 nghĩa là chỉ cần làm đến đó là được.,translated_subagent_draft,V+一下儿；如果……就……；又……又……；V+着；越来越……；……就可以了；这儿的音乐让人很放松。；这儿咖啡不但种类多，而且味道好。；把糖放在盘子里一起拿过来好吗？；现在生活真是越来越方便了。,V+一下儿；如果……就……；又……又……；V+着；越来越……；……就可以了；这儿的音乐让人很放松。；这儿咖啡不但种类多，而且味道好。；把糖放在盘子里一起拿过来好吗？；现在生活真是越来越方便了。,活动对话；参考句式／常用句子,159,148,159;160,148;149,explicit_section_ocr_needs_manual,true,独立 PDF 语法审计草稿；参考句式／句型明确出现，仍需逐页人工核对。
boya-elementary-ii:lesson-15:audit-grammar-007,boya-elementary-ii:lesson-15,boya-elementary-ii,初级起步篇 II,lesson-15,15,我喜欢的咖啡厅,不但……而且……,,不但…而且… thêm một ý cùng đúng và thường nhấn mạnh ý sau.,translated_subagent_draft,V+一下儿；如果……就……；又……又……；V+着；越来越……；……就可以了；这儿的音乐让人很放松。；这儿咖啡不但种类多，而且味道好。；把糖放在盘子里一起拿过来好吗？；现在生活真是越来越方便了。,V+一下儿；如果……就……；又……又……；V+着；越来越……；……就可以了；这儿的音乐让人很放松。；这儿咖啡不但种类多，而且味道好。；把糖放在盘子里一起拿过来好吗？；现在生活真是越来越方便了。,活动对话；参考句式／常用句子,159,148,159;160,148;149,explicit_section_ocr_needs_manual,true,独立 PDF 语法审计草稿；参考句式／句型明确出现，仍需逐页人工核对。
boya-elementary-ii:lesson-15:audit-grammar-008,boya-elementary-ii:lesson-15,boya-elementary-ii,初级起步篇 II,lesson-15,15,我喜欢的咖啡厅,把+物+放在……,,把加 đồ vật加放在… dùng để nói đặt đồ vật vào vị trí nào.,translated_subagent_draft,V+一下儿；如果……就……；又……又……；V+着；越来越……；……就可以了；这儿的音乐让人很放松。；这儿咖啡不但种类多，而且味道好。；把糖放在盘子里一起拿过来好吗？；现在生活真是越来越方便了。,V+一下儿；如果……就……；又……又……；V+着；越来越……；……就可以了；这儿的音乐让人很放松。；这儿咖啡不但种类多，而且味道好。；把糖放在盘子里一起拿过来好吗？；现在生活真是越来越方便了。,活动对话；参考句式／常用句子,159,148,159;160,148;149,explicit_section_ocr_needs_manual,true,独立 PDF 语法审计草稿；参考句式／句型明确出现，仍需逐页人工核对。
boya-elementary-ii:lesson-15:audit-grammar-009,boya-elementary-ii:lesson-15,boya-elementary-ii,初级起步篇 II,lesson-15,15,我喜欢的咖啡厅,让+人+形容词,,让加 người加 tính từ nghĩa là làm cho ai có cảm giác hay trở nên thế nào.,translated_subagent_draft,V+一下儿；如果……就……；又……又……；V+着；越来越……；……就可以了；这儿的音乐让人很放松。；这儿咖啡不但种类多，而且味道好。；把糖放在盘子里一起拿过来好吗？；现在生活真是越来越方便了。,V+一下儿；如果……就……；又……又……；V+着；越来越……；……就可以了；这儿的音乐让人很放松。；这儿咖啡不但种类多，而且味道好。；把糖放在盘子里一起拿过来好吗？；现在生活真是越来越方便了。,活动对话；参考句式／常用句子,159,148,159;160,148;149,explicit_section_ocr_needs_manual,true,独立 PDF 语法审计草稿；参考句式／句型明确出现，仍需逐页人工核对。
boya-elementary-ii:lesson-15:audit-grammar-010,boya-elementary-ii:lesson-15,boya-elementary-ii,初级起步篇 II,lesson-15,15,我喜欢的咖啡厅,可以+V,,可以加 động từ diễn tả cho phép hoặc khả năng.,translated_subagent_draft,V+一下儿；如果……就……；又……又……；V+着；越来越……；……就可以了；这儿的音乐让人很放松。；这儿咖啡不但种类多，而且味道好。；把糖放在盘子里一起拿过来好吗？；现在生活真是越来越方便了。,V+一下儿；如果……就……；又……又……；V+着；越来越……；……就可以了；这儿的音乐让人很放松。；这儿咖啡不但种类多，而且味道好。；把糖放在盘子里一起拿过来好吗？；现在生活真是越来越方便了。,活动对话；参考句式／常用句子,159,148,159;160,148;149,explicit_section_ocr_needs_manual,true,独立 PDF 语法审计草稿；参考句式／句型明确出现，仍需逐页人工核对。
boya-elementary-ii:lesson-16:audit-grammar-001,boya-elementary-ii:lesson-16,boya-elementary-ii,初级起步篇 II,lesson-16,16,母校聚会,除了……以外,,除了…以外 dùng để nói ngoài người vật hay phạm vi đã nêu ra.,translated_subagent_draft,除了……以外；别+V；一边……一边……；真是太……了；我一回到母校，就会有一种熟悉的感觉。；我记得那时我经常一边喝咖啡，一边看书。；你现在还像上大学时候那样每天晚上跑步吗？；别担心，大家会找到共同话题。,除了……以外；别+V；一边……一边……；真是太……了；我一回到母校，就会有一种熟悉的感觉。；我记得那时我经常一边喝咖啡，一边看书。；你现在还像上大学时候那样每天晚上跑步吗？；别担心，大家会找到共同话题。,参考句式；常用句子,166,155,166;167,155;156,explicit_section_ocr_needs_manual,true,独立 PDF 语法审计草稿；参考句式／句型明确出现，仍需逐页人工核对。
boya-elementary-ii:lesson-16:audit-grammar-002,boya-elementary-ii:lesson-16,boya-elementary-ii,初级起步篇 II,lesson-16,16,母校聚会,别+V,,别加 động từ dùng để ngăn hoặc khuyên đừng làm việc gì.,translated_subagent_draft,除了……以外；别+V；一边……一边……；真是太……了；我一回到母校，就会有一种熟悉的感觉。；我记得那时我经常一边喝咖啡，一边看书。；你现在还像上大学时候那样每天晚上跑步吗？；别担心，大家会找到共同话题。,除了……以外；别+V；一边……一边……；真是太……了；我一回到母校，就会有一种熟悉的感觉。；我记得那时我经常一边喝咖啡，一边看书。；你现在还像上大学时候那样每天晚上跑步吗？；别担心，大家会找到共同话题。,参考句式；常用句子,166,155,166;167,155;156,explicit_section_ocr_needs_manual,true,独立 PDF 语法审计草稿；参考句式／句型明确出现，仍需逐页人工核对。
boya-elementary-ii:lesson-16:audit-grammar-003,boya-elementary-ii:lesson-16,boya-elementary-ii,初级起步篇 II,lesson-16,16,母校聚会,一边……一边……,,一边…一边… diễn tả hai hành động xảy ra đồng thời.,translated_subagent_draft,除了……以外；别+V；一边……一边……；真是太……了；我一回到母校，就会有一种熟悉的感觉。；我记得那时我经常一边喝咖啡，一边看书。；你现在还像上大学时候那样每天晚上跑步吗？；别担心，大家会找到共同话题。,除了……以外；别+V；一边……一边……；真是太……了；我一回到母校，就会有一种熟悉的感觉。；我记得那时我经常一边喝咖啡，一边看书。；你现在还像上大学时候那样每天晚上跑步吗？；别担心，大家会找到共同话题。,参考句式；常用句子,166,155,166;167,155;156,explicit_section_ocr_needs_manual,true,独立 PDF 语法审计草稿；参考句式／句型明确出现，仍需逐页人工核对。
boya-elementary-ii:lesson-16:audit-grammar-004,boya-elementary-ii:lesson-16,boya-elementary-ii,初级起步篇 II,lesson-16,16,母校聚会,真是太……了,,真是太…了 dùng để cảm thán mức độ rất cao.,translated_subagent_draft,除了……以外；别+V；一边……一边……；真是太……了；我一回到母校，就会有一种熟悉的感觉。；我记得那时我经常一边喝咖啡，一边看书。；你现在还像上大学时候那样每天晚上跑步吗？；别担心，大家会找到共同话题。,除了……以外；别+V；一边……一边……；真是太……了；我一回到母校，就会有一种熟悉的感觉。；我记得那时我经常一边喝咖啡，一边看书。；你现在还像上大学时候那样每天晚上跑步吗？；别担心，大家会找到共同话题。,参考句式；常用句子,166,155,166;167,155;156,explicit_section_ocr_needs_manual,true,独立 PDF 语法审计草稿；参考句式／句型明确出现，仍需逐页人工核对。
boya-elementary-ii:lesson-16:audit-grammar-005,boya-elementary-ii:lesson-16,boya-elementary-ii,初级起步篇 II,lesson-16,16,母校聚会,一……就……,,一…就… nói hễ việc đầu xảy ra thì việc sau xảy ra ngay.,translated_subagent_draft,除了……以外；别+V；一边……一边……；真是太……了；我一回到母校，就会有一种熟悉的感觉。；我记得那时我经常一边喝咖啡，一边看书。；你现在还像上大学时候那样每天晚上跑步吗？；别担心，大家会找到共同话题。,除了……以外；别+V；一边……一边……；真是太……了；我一回到母校，就会有一种熟悉的感觉。；我记得那时我经常一边喝咖啡，一边看书。；你现在还像上大学时候那样每天晚上跑步吗？；别担心，大家会找到共同话题。,参考句式；常用句子,166,155,166;167,155;156,explicit_section_ocr_needs_manual,true,独立 PDF 语法审计草稿；参考句式／句型明确出现，仍需逐页人工核对。
boya-elementary-ii:lesson-16:audit-grammar-006,boya-elementary-ii:lesson-16,boya-elementary-ii,初级起步篇 II,lesson-16,16,母校聚会,时（上大学时）,,时 đứng sau hoạt động hoặc mốc thời gian để chỉ lúc đó.,translated_subagent_draft,除了……以外；别+V；一边……一边……；真是太……了；我一回到母校，就会有一种熟悉的感觉。；我记得那时我经常一边喝咖啡，一边看书。；你现在还像上大学时候那样每天晚上跑步吗？；别担心，大家会找到共同话题。,除了……以外；别+V；一边……一边……；真是太……了；我一回到母校，就会有一种熟悉的感觉。；我记得那时我经常一边喝咖啡，一边看书。；你现在还像上大学时候那样每天晚上跑步吗？；别担心，大家会找到共同话题。,参考句式；常用句子,166,155,166;167,155;156,explicit_section_ocr_needs_manual,true,独立 PDF 语法审计草稿；参考句式／句型明确出现，仍需逐页人工核对。
boya-elementary-ii:lesson-16:audit-grammar-007,boya-elementary-ii:lesson-16,boya-elementary-ii,初级起步篇 II,lesson-16,16,母校聚会,还是+名词／形容词,,还是 đứng trước danh từ hoặc tính từ để chọn phương án cũ hay phương án tốt hơn.,translated_subagent_draft,除了……以外；别+V；一边……一边……；真是太……了；我一回到母校，就会有一种熟悉的感觉。；我记得那时我经常一边喝咖啡，一边看书。；你现在还像上大学时候那样每天晚上跑步吗？；别担心，大家会找到共同话题。,除了……以外；别+V；一边……一边……；真是太……了；我一回到母校，就会有一种熟悉的感觉。；我记得那时我经常一边喝咖啡，一边看书。；你现在还像上大学时候那样每天晚上跑步吗？；别担心，大家会找到共同话题。,参考句式；常用句子,166,155,166;167,155;156,explicit_section_ocr_needs_manual,true,独立 PDF 语法审计草稿；参考句式／句型明确出现，仍需逐页人工核对。
boya-elementary-ii:lesson-16:audit-grammar-008,boya-elementary-ii:lesson-16,boya-elementary-ii,初级起步篇 II,lesson-16,16,母校聚会,像……那样,,像…那样 dùng để so sánh với cách hay trạng thái như thế kia.,translated_subagent_draft,除了……以外；别+V；一边……一边……；真是太……了；我一回到母校，就会有一种熟悉的感觉。；我记得那时我经常一边喝咖啡，一边看书。；你现在还像上大学时候那样每天晚上跑步吗？；别担心，大家会找到共同话题。,除了……以外；别+V；一边……一边……；真是太……了；我一回到母校，就会有一种熟悉的感觉。；我记得那时我经常一边喝咖啡，一边看书。；你现在还像上大学时候那样每天晚上跑步吗？；别担心，大家会找到共同话题。,参考句式；常用句子,166,155,166;167,155;156,explicit_section_ocr_needs_manual,true,独立 PDF 语法审计草稿；参考句式／句型明确出现，仍需逐页人工核对。
boya-elementary-ii:lesson-16:audit-grammar-009,boya-elementary-ii:lesson-16,boya-elementary-ii,初级起步篇 II,lesson-16,16,母校聚会,V后（见面后）,,Động từ加后 nghĩa là sau khi làm việc đó.,translated_subagent_draft,除了……以外；别+V；一边……一边……；真是太……了；我一回到母校，就会有一种熟悉的感觉。；我记得那时我经常一边喝咖啡，一边看书。；你现在还像上大学时候那样每天晚上跑步吗？；别担心，大家会找到共同话题。,除了……以外；别+V；一边……一边……；真是太……了；我一回到母校，就会有一种熟悉的感觉。；我记得那时我经常一边喝咖啡，一边看书。；你现在还像上大学时候那样每天晚上跑步吗？；别担心，大家会找到共同话题。,参考句式；常用句子,166,155,166;167,155;156,explicit_section_ocr_needs_manual,true,独立 PDF 语法审计草稿；参考句式／句型明确出现，仍需逐页人工核对。
boya-elementary-ii:lesson-16:audit-grammar-010,boya-elementary-ii:lesson-16,boya-elementary-ii,初级起步篇 II,lesson-16,16,母校聚会,有点儿+形容词,,有点儿 đứng trước tính từ chỉ mức độ hơi và thường hàm ý chưa như mong muốn.,translated_subagent_draft,除了……以外；别+V；一边……一边……；真是太……了；我一回到母校，就会有一种熟悉的感觉。；我记得那时我经常一边喝咖啡，一边看书。；你现在还像上大学时候那样每天晚上跑步吗？；别担心，大家会找到共同话题。,除了……以外；别+V；一边……一边……；真是太……了；我一回到母校，就会有一种熟悉的感觉。；我记得那时我经常一边喝咖啡，一边看书。；你现在还像上大学时候那样每天晚上跑步吗？；别担心，大家会找到共同话题。,参考句式；常用句子,166,155,166;167,155;156,explicit_section_ocr_needs_manual,true,独立 PDF 语法审计草稿；参考句式／句型明确出现，仍需逐页人工核对。
boya-elementary-ii:lesson-16:audit-grammar-011,boya-elementary-ii:lesson-16,boya-elementary-ii,初级起步篇 II,lesson-16,16,母校聚会,会+V,,会加 động từ diễn tả biết làm hoặc khả năng sẽ xảy ra.,translated_subagent_draft,除了……以外；别+V；一边……一边……；真是太……了；我一回到母校，就会有一种熟悉的感觉。；我记得那时我经常一边喝咖啡，一边看书。；你现在还像上大学时候那样每天晚上跑步吗？；别担心，大家会找到共同话题。,除了……以外；别+V；一边……一边……；真是太……了；我一回到母校，就会有一种熟悉的感觉。；我记得那时我经常一边喝咖啡，一边看书。；你现在还像上大学时候那样每天晚上跑步吗？；别担心，大家会找到共同话题。,参考句式；常用句子,166,155,166;167,155;156,explicit_section_ocr_needs_manual,true,独立 PDF 语法审计草稿；参考句式／句型明确出现，仍需逐页人工核对。
boya-elementary-ii:lesson-16:audit-grammar-012,boya-elementary-ii:lesson-16,boya-elementary-ii,初级起步篇 II,lesson-16,16,母校聚会,可以+V,,可以加 động từ dùng để xin phép hoặc nói có thể làm.,translated_subagent_draft,除了……以外；别+V；一边……一边……；真是太……了；我一回到母校，就会有一种熟悉的感觉。；我记得那时我经常一边喝咖啡，一边看书。；你现在还像上大学时候那样每天晚上跑步吗？；别担心，大家会找到共同话题。,除了……以外；别+V；一边……一边……；真是太……了；我一回到母校，就会有一种熟悉的感觉。；我记得那时我经常一边喝咖啡，一边看书。；你现在还像上大学时候那样每天晚上跑步吗？；别担心，大家会找到共同话题。,参考句式；常用句子,166,155,166;167,155;156,explicit_section_ocr_needs_manual,true,独立 PDF 语法审计草稿；参考句式／句型明确出现，仍需逐页人工核对。
boya-elementary-ii:lesson-17:audit-grammar-001,boya-elementary-ii:lesson-17,boya-elementary-ii,初级起步篇 II,lesson-17,17,我的假期,马上就要+V+了,,马上就要加 động từ加了 nhấn mạnh sự việc sắp xảy ra rất nhanh.,translated_subagent_draft,连着+V；把……玩儿个遍；……地+V；V+一下儿；一方面……另一方面……；黄金周马上就要到了。；这么难得的假期，我可得痛快地玩儿一下儿。；我打算把所有的省玩儿个遍。；时间恐怕不够你一个省一个省地看。；去山东不错，一方面，离北京不太远；另一方面，那里很好玩儿。,连着+V；把……玩儿个遍；……地+V；V+一下儿；一方面……另一方面……；黄金周马上就要到了。；这么难得的假期，我可得痛快地玩儿一下儿。；我打算把所有的省玩儿个遍。；时间恐怕不够你一个省一个省地看。；去山东不错，一方面，离北京不太远；另一方面，那里很好玩儿。,参考式；常用句子,176,165,176;177,165;166,explicit_section_ocr_needs_manual,true,独立 PDF 语法审计草稿；参考句式／句型明确出现，仍需逐页人工核对。
boya-elementary-ii:lesson-17:audit-grammar-002,boya-elementary-ii:lesson-17,boya-elementary-ii,初级起步篇 II,lesson-17,17,我的假期,可得+V,,可得加 động từ nhấn mạnh lời nhắc hoặc yêu cầu rất cần thiết: nhất định phải.,translated_subagent_draft,连着+V；把……玩儿个遍；……地+V；V+一下儿；一方面……另一方面……；黄金周马上就要到了。；这么难得的假期，我可得痛快地玩儿一下儿。；我打算把所有的省玩儿个遍。；时间恐怕不够你一个省一个省地看。；去山东不错，一方面，离北京不太远；另一方面，那里很好玩儿。,连着+V；把……玩儿个遍；……地+V；V+一下儿；一方面……另一方面……；黄金周马上就要到了。；这么难得的假期，我可得痛快地玩儿一下儿。；我打算把所有的省玩儿个遍。；时间恐怕不够你一个省一个省地看。；去山东不错，一方面，离北京不太远；另一方面，那里很好玩儿。,参考式；常用句子,176,165,176;177,165;166,explicit_section_ocr_needs_manual,true,独立 PDF 语法审计草稿；参考句式／句型明确出现，仍需逐页人工核对。
boya-elementary-ii:lesson-17:audit-grammar-003,boya-elementary-ii:lesson-17,boya-elementary-ii,初级起步篇 II,lesson-17,17,我的假期,连着+V／连着放,,连着加 động từ diễn tả làm liên tiếp không ngừng hoặc đặt nối liền nhau.,translated_subagent_draft,连着+V；把……玩儿个遍；……地+V；V+一下儿；一方面……另一方面……；黄金周马上就要到了。；这么难得的假期，我可得痛快地玩儿一下儿。；我打算把所有的省玩儿个遍。；时间恐怕不够你一个省一个省地看。；去山东不错，一方面，离北京不太远；另一方面，那里很好玩儿。,连着+V；把……玩儿个遍；……地+V；V+一下儿；一方面……另一方面……；黄金周马上就要到了。；这么难得的假期，我可得痛快地玩儿一下儿。；我打算把所有的省玩儿个遍。；时间恐怕不够你一个省一个省地看。；去山东不错，一方面，离北京不太远；另一方面，那里很好玩儿。,参考式；常用句子,176,165,176;177,165;166,explicit_section_ocr_needs_manual,true,独立 PDF 语法审计草稿；参考句式／句型明确出现，仍需逐页人工核对。
boya-elementary-ii:lesson-17:audit-grammar-004,boya-elementary-ii:lesson-17,boya-elementary-ii,初级起步篇 II,lesson-17,17,我的假期,把+宾语+V个遍,,把加 tân ngữ加 động từ个遍 nghĩa là làm hành động đó với toàn bộ từng phần của đối tượng.,translated_subagent_draft,连着+V；把……玩儿个遍；……地+V；V+一下儿；一方面……另一方面……；黄金周马上就要到了。；这么难得的假期，我可得痛快地玩儿一下儿。；我打算把所有的省玩儿个遍。；时间恐怕不够你一个省一个省地看。；去山东不错，一方面，离北京不太远；另一方面，那里很好玩儿。,连着+V；把……玩儿个遍；……地+V；V+一下儿；一方面……另一方面……；黄金周马上就要到了。；这么难得的假期，我可得痛快地玩儿一下儿。；我打算把所有的省玩儿个遍。；时间恐怕不够你一个省一个省地看。；去山东不错，一方面，离北京不太远；另一方面，那里很好玩儿。,参考式；常用句子,176,165,176;177,165;166,explicit_section_ocr_needs_manual,true,独立 PDF 语法审计草稿；参考句式／句型明确出现，仍需逐页人工核对。
boya-elementary-ii:lesson-17:audit-grammar-005,boya-elementary-ii:lesson-17,boya-elementary-ii,初级起步篇 II,lesson-17,17,我的假期,一个一个地+V,,一个一个地加 động từ nghĩa là làm lần lượt từng cái hoặc từng người.,translated_subagent_draft,连着+V；把……玩儿个遍；……地+V；V+一下儿；一方面……另一方面……；黄金周马上就要到了。；这么难得的假期，我可得痛快地玩儿一下儿。；我打算把所有的省玩儿个遍。；时间恐怕不够你一个省一个省地看。；去山东不错，一方面，离北京不太远；另一方面，那里很好玩儿。,连着+V；把……玩儿个遍；……地+V；V+一下儿；一方面……另一方面……；黄金周马上就要到了。；这么难得的假期，我可得痛快地玩儿一下儿。；我打算把所有的省玩儿个遍。；时间恐怕不够你一个省一个省地看。；去山东不错，一方面，离北京不太远；另一方面，那里很好玩儿。,参考式；常用句子,176,165,176;177,165;166,explicit_section_ocr_needs_manual,true,独立 PDF 语法审计草稿；参考句式／句型明确出现，仍需逐页人工核对。
boya-elementary-ii:lesson-17:audit-grammar-006,boya-elementary-ii:lesson-17,boya-elementary-ii,初级起步篇 II,lesson-17,17,我的假期,一方面……另一方面……,,一方面…另一方面… trình bày hai mặt hay hai lý do song song.,translated_subagent_draft,连着+V；把……玩儿个遍；……地+V；V+一下儿；一方面……另一方面……；黄金周马上就要到了。；这么难得的假期，我可得痛快地玩儿一下儿。；我打算把所有的省玩儿个遍。；时间恐怕不够你一个省一个省地看。；去山东不错，一方面，离北京不太远；另一方面，那里很好玩儿。,连着+V；把……玩儿个遍；……地+V；V+一下儿；一方面……另一方面……；黄金周马上就要到了。；这么难得的假期，我可得痛快地玩儿一下儿。；我打算把所有的省玩儿个遍。；时间恐怕不够你一个省一个省地看。；去山东不错，一方面，离北京不太远；另一方面，那里很好玩儿。,参考式；常用句子,176,165,176;177,165;166,explicit_section_ocr_needs_manual,true,独立 PDF 语法审计草稿；参考句式／句型明确出现，仍需逐页人工核对。
boya-elementary-ii:lesson-17:audit-grammar-007,boya-elementary-ii:lesson-17,boya-elementary-ii,初级起步篇 II,lesson-17,17,我的假期,不够+人／时间+V,,不够加 người hoặc thời gian加 động từ nghĩa là không đủ nguồn lực để làm.,translated_subagent_draft,连着+V；把……玩儿个遍；……地+V；V+一下儿；一方面……另一方面……；黄金周马上就要到了。；这么难得的假期，我可得痛快地玩儿一下儿。；我打算把所有的省玩儿个遍。；时间恐怕不够你一个省一个省地看。；去山东不错，一方面，离北京不太远；另一方面，那里很好玩儿。,连着+V；把……玩儿个遍；……地+V；V+一下儿；一方面……另一方面……；黄金周马上就要到了。；这么难得的假期，我可得痛快地玩儿一下儿。；我打算把所有的省玩儿个遍。；时间恐怕不够你一个省一个省地看。；去山东不错，一方面，离北京不太远；另一方面，那里很好玩儿。,参考式；常用句子,176,165,176;177,165;166,explicit_section_ocr_needs_manual,true,独立 PDF 语法审计草稿；参考句式／句型明确出现，仍需逐页人工核对。
boya-elementary-ii:lesson-17:audit-grammar-008,boya-elementary-ii:lesson-17,boya-elementary-ii,初级起步篇 II,lesson-17,17,我的假期,可以+V,,可以加 động từ diễn tả được phép hoặc có thể.,translated_subagent_draft,连着+V；把……玩儿个遍；……地+V；V+一下儿；一方面……另一方面……；黄金周马上就要到了。；这么难得的假期，我可得痛快地玩儿一下儿。；我打算把所有的省玩儿个遍。；时间恐怕不够你一个省一个省地看。；去山东不错，一方面，离北京不太远；另一方面，那里很好玩儿。,连着+V；把……玩儿个遍；……地+V；V+一下儿；一方面……另一方面……；黄金周马上就要到了。；这么难得的假期，我可得痛快地玩儿一下儿。；我打算把所有的省玩儿个遍。；时间恐怕不够你一个省一个省地看。；去山东不错，一方面，离北京不太远；另一方面，那里很好玩儿。,参考式；常用句子,176,165,176;177,165;166,explicit_section_ocr_needs_manual,true,独立 PDF 语法审计草稿；参考句式／句型明确出现，仍需逐页人工核对。
boya-elementary-ii:lesson-17:audit-grammar-009,boya-elementary-ii:lesson-17,boya-elementary-ii,初级起步篇 II,lesson-17,17,我的假期,V+时量,,Động từ加 thời lượng cho biết làm việc đó trong bao lâu.,translated_subagent_draft,连着+V；把……玩儿个遍；……地+V；V+一下儿；一方面……另一方面……；黄金周马上就要到了。；这么难得的假期，我可得痛快地玩儿一下儿。；我打算把所有的省玩儿个遍。；时间恐怕不够你一个省一个省地看。；去山东不错，一方面，离北京不太远；另一方面，那里很好玩儿。,连着+V；把……玩儿个遍；……地+V；V+一下儿；一方面……另一方面……；黄金周马上就要到了。；这么难得的假期，我可得痛快地玩儿一下儿。；我打算把所有的省玩儿个遍。；时间恐怕不够你一个省一个省地看。；去山东不错，一方面，离北京不太远；另一方面，那里很好玩儿。,参考式；常用句子,176,165,176;177,165;166,explicit_section_ocr_needs_manual,true,独立 PDF 语法审计草稿；参考句式／句型明确出现，仍需逐页人工核对。
boya-elementary-ii:lesson-17:audit-grammar-010,boya-elementary-ii:lesson-17,boya-elementary-ii,初级起步篇 II,lesson-17,17,我的假期,多么+形容词+啊,,多么加 tính từ加啊 là câu cảm thán nhấn mạnh mức độ rất cao.,translated_subagent_draft,连着+V；把……玩儿个遍；……地+V；V+一下儿；一方面……另一方面……；黄金周马上就要到了。；这么难得的假期，我可得痛快地玩儿一下儿。；我打算把所有的省玩儿个遍。；时间恐怕不够你一个省一个省地看。；去山东不错，一方面，离北京不太远；另一方面，那里很好玩儿。,连着+V；把……玩儿个遍；……地+V；V+一下儿；一方面……另一方面……；黄金周马上就要到了。；这么难得的假期，我可得痛快地玩儿一下儿。；我打算把所有的省玩儿个遍。；时间恐怕不够你一个省一个省地看。；去山东不错，一方面，离北京不太远；另一方面，那里很好玩儿。,参考式；常用句子,176,165,176;177,165;166,explicit_section_ocr_needs_manual,true,独立 PDF 语法审计草稿；参考句式／句型明确出现，仍需逐页人工核对。
boya-elementary-ii:lesson-18:audit-grammar-001,boya-elementary-ii:lesson-18,boya-elementary-ii,初级起步篇 II,lesson-18,18,去打工,虽然……但是……,,虽然…但是… diễn tả dù có điều ở vế đầu nhưng kết quả trái với mong đợi ở vế sau.,translated_subagent_draft,虽然……但是……；被动句；只要……就……；一边……一边……；从来没+V；要是想做好这个工作，非学习几年不可。；虽然需要很长时间，但是我有信心成功。；我从来没做过这样工作。；面试的时候，会被问一些问题。；只要我愿意花时间，我就可以做好。,虽然……但是……；被动句；只要……就……；一边……一边……；从来没+V；要是想做好这个工作，非学习几年不可。；虽然需要很长时间，但是我有信心成功。；我从来没做过这样工作。；面试的时候，会被问一些问题。；只要我愿意花时间，我就可以做好。,面试准备活动；参考式／常用句子,186,175,186;187,175;176,explicit_section_ocr_needs_manual,true,独立 PDF 语法审计草稿；参考句式／句型明确出现，仍需逐页人工核对。
boya-elementary-ii:lesson-18:audit-grammar-002,boya-elementary-ii:lesson-18,boya-elementary-ii,初级起步篇 II,lesson-18,18,去打工,被动句（会被问……）,,Câu bị động dùng 被 để nói chủ thể chịu tác động của hành động từ bên ngoài.,translated_subagent_draft,虽然……但是……；被动句；只要……就……；一边……一边……；从来没+V；要是想做好这个工作，非学习几年不可。；虽然需要很长时间，但是我有信心成功。；我从来没做过这样工作。；面试的时候，会被问一些问题。；只要我愿意花时间，我就可以做好。,虽然……但是……；被动句；只要……就……；一边……一边……；从来没+V；要是想做好这个工作，非学习几年不可。；虽然需要很长时间，但是我有信心成功。；我从来没做过这样工作。；面试的时候，会被问一些问题。；只要我愿意花时间，我就可以做好。,面试准备活动；参考式／常用句子,186,175,186;187,175;176,explicit_section_ocr_needs_manual,true,独立 PDF 语法审计草稿；参考句式／句型明确出现，仍需逐页人工核对。
boya-elementary-ii:lesson-18:audit-grammar-003,boya-elementary-ii:lesson-18,boya-elementary-ii,初级起步篇 II,lesson-18,18,去打工,只要……就……,,只要…就… nói chỉ cần một điều kiện là kết quả có thể xảy ra.,translated_subagent_draft,虽然……但是……；被动句；只要……就……；一边……一边……；从来没+V；要是想做好这个工作，非学习几年不可。；虽然需要很长时间，但是我有信心成功。；我从来没做过这样工作。；面试的时候，会被问一些问题。；只要我愿意花时间，我就可以做好。,虽然……但是……；被动句；只要……就……；一边……一边……；从来没+V；要是想做好这个工作，非学习几年不可。；虽然需要很长时间，但是我有信心成功。；我从来没做过这样工作。；面试的时候，会被问一些问题。；只要我愿意花时间，我就可以做好。,面试准备活动；参考式／常用句子,186,175,186;187,175;176,explicit_section_ocr_needs_manual,true,独立 PDF 语法审计草稿；参考句式／句型明确出现，仍需逐页人工核对。
boya-elementary-ii:lesson-18:audit-grammar-004,boya-elementary-ii:lesson-18,boya-elementary-ii,初级起步篇 II,lesson-18,18,去打工,一边……一边……,,一边…一边… diễn tả đồng thời làm hai việc.,translated_subagent_draft,虽然……但是……；被动句；只要……就……；一边……一边……；从来没+V；要是想做好这个工作，非学习几年不可。；虽然需要很长时间，但是我有信心成功。；我从来没做过这样工作。；面试的时候，会被问一些问题。；只要我愿意花时间，我就可以做好。,虽然……但是……；被动句；只要……就……；一边……一边……；从来没+V；要是想做好这个工作，非学习几年不可。；虽然需要很长时间，但是我有信心成功。；我从来没做过这样工作。；面试的时候，会被问一些问题。；只要我愿意花时间，我就可以做好。,面试准备活动；参考式／常用句子,186,175,186;187,175;176,explicit_section_ocr_needs_manual,true,独立 PDF 语法审计草稿；参考句式／句型明确出现，仍需逐页人工核对。
boya-elementary-ii:lesson-18:audit-grammar-005,boya-elementary-ii:lesson-18,boya-elementary-ii,初级起步篇 II,lesson-18,18,去打工,从来没+V,,从来没加 động từ nghĩa là từ trước đến nay chưa từng làm hoặc chưa từng xảy ra.,translated_subagent_draft,虽然……但是……；被动句；只要……就……；一边……一边……；从来没+V；要是想做好这个工作，非学习几年不可。；虽然需要很长时间，但是我有信心成功。；我从来没做过这样工作。；面试的时候，会被问一些问题。；只要我愿意花时间，我就可以做好。,虽然……但是……；被动句；只要……就……；一边……一边……；从来没+V；要是想做好这个工作，非学习几年不可。；虽然需要很长时间，但是我有信心成功。；我从来没做过这样工作。；面试的时候，会被问一些问题。；只要我愿意花时间，我就可以做好。,面试准备活动；参考式／常用句子,186,175,186;187,175;176,explicit_section_ocr_needs_manual,true,独立 PDF 语法审计草稿；参考句式／句型明确出现，仍需逐页人工核对。
boya-elementary-ii:lesson-18:audit-grammar-006,boya-elementary-ii:lesson-18,boya-elementary-ii,初级起步篇 II,lesson-18,18,去打工,要是……非……不可,,要是…非…不可 nêu điều kiện rồi nhấn mạnh bắt buộc phải làm điều ở vế sau.,translated_subagent_draft,虽然……但是……；被动句；只要……就……；一边……一边……；从来没+V；要是想做好这个工作，非学习几年不可。；虽然需要很长时间，但是我有信心成功。；我从来没做过这样工作。；面试的时候，会被问一些问题。；只要我愿意花时间，我就可以做好。,虽然……但是……；被动句；只要……就……；一边……一边……；从来没+V；要是想做好这个工作，非学习几年不可。；虽然需要很长时间，但是我有信心成功。；我从来没做过这样工作。；面试的时候，会被问一些问题。；只要我愿意花时间，我就可以做好。,面试准备活动；参考式／常用句子,186,175,186;187,175;176,explicit_section_ocr_needs_manual,true,独立 PDF 语法审计草稿；参考句式／句型明确出现，仍需逐页人工核对。
boya-elementary-ii:lesson-18:audit-grammar-007,boya-elementary-ii:lesson-18,boya-elementary-ii,初级起步篇 II,lesson-18,18,去打工,V得很,,Động từ加得很 diễn tả hành động được thực hiện ở mức độ cao.,translated_subagent_draft,虽然……但是……；被动句；只要……就……；一边……一边……；从来没+V；要是想做好这个工作，非学习几年不可。；虽然需要很长时间，但是我有信心成功。；我从来没做过这样工作。；面试的时候，会被问一些问题。；只要我愿意花时间，我就可以做好。,虽然……但是……；被动句；只要……就……；一边……一边……；从来没+V；要是想做好这个工作，非学习几年不可。；虽然需要很长时间，但是我有信心成功。；我从来没做过这样工作。；面试的时候，会被问一些问题。；只要我愿意花时间，我就可以做好。,面试准备活动；参考式／常用句子,186,175,186;187,175;176,explicit_section_ocr_needs_manual,true,独立 PDF 语法审计草稿；参考句式／句型明确出现，仍需逐页人工核对。
boya-elementary-ii:lesson-18:audit-grammar-008,boya-elementary-ii:lesson-18,boya-elementary-ii,初级起步篇 II,lesson-18,18,去打工,应该+V,,应该加 động từ dùng để khuyên hoặc nói việc nên làm.,translated_subagent_draft,虽然……但是……；被动句；只要……就……；一边……一边……；从来没+V；要是想做好这个工作，非学习几年不可。；虽然需要很长时间，但是我有信心成功。；我从来没做过这样工作。；面试的时候，会被问一些问题。；只要我愿意花时间，我就可以做好。,虽然……但是……；被动句；只要……就……；一边……一边……；从来没+V；要是想做好这个工作，非学习几年不可。；虽然需要很长时间，但是我有信心成功。；我从来没做过这样工作。；面试的时候，会被问一些问题。；只要我愿意花时间，我就可以做好。,面试准备活动；参考式／常用句子,186,175,186;187,175;176,explicit_section_ocr_needs_manual,true,独立 PDF 语法审计草稿；参考句式／句型明确出现，仍需逐页人工核对。
boya-elementary-ii:lesson-18:audit-grammar-009,boya-elementary-ii:lesson-18,boya-elementary-ii,初级起步篇 II,lesson-18,18,去打工,最好+V,,最好加 động từ đưa ra lời khuyên về lựa chọn tốt nhất.,translated_subagent_draft,虽然……但是……；被动句；只要……就……；一边……一边……；从来没+V；要是想做好这个工作，非学习几年不可。；虽然需要很长时间，但是我有信心成功。；我从来没做过这样工作。；面试的时候，会被问一些问题。；只要我愿意花时间，我就可以做好。,虽然……但是……；被动句；只要……就……；一边……一边……；从来没+V；要是想做好这个工作，非学习几年不可。；虽然需要很长时间，但是我有信心成功。；我从来没做过这样工作。；面试的时候，会被问一些问题。；只要我愿意花时间，我就可以做好。,面试准备活动；参考式／常用句子,186,175,186;187,175;176,explicit_section_ocr_needs_manual,true,独立 PDF 语法审计草稿；参考句式／句型明确出现，仍需逐页人工核对。
boya-elementary-ii:lesson-18:audit-grammar-010,boya-elementary-ii:lesson-18,boya-elementary-ii,初级起步篇 II,lesson-18,18,去打工,的时候,,的时候 đặt sau cụm thời gian hay hành động để nói vào lúc đó.,translated_subagent_draft,虽然……但是……；被动句；只要……就……；一边……一边……；从来没+V；要是想做好这个工作，非学习几年不可。；虽然需要很长时间，但是我有信心成功。；我从来没做过这样工作。；面试的时候，会被问一些问题。；只要我愿意花时间，我就可以做好。,虽然……但是……；被动句；只要……就……；一边……一边……；从来没+V；要是想做好这个工作，非学习几年不可。；虽然需要很长时间，但是我有信心成功。；我从来没做过这样工作。；面试的时候，会被问一些问题。；只要我愿意花时间，我就可以做好。,面试准备活动；参考式／常用句子,186,175,186;187,175;176,explicit_section_ocr_needs_manual,true,独立 PDF 语法审计草稿；参考句式／句型明确出现，仍需逐页人工核对。
boya-elementary-ii:lesson-18:audit-grammar-011,boya-elementary-ii:lesson-18,boya-elementary-ii,初级起步篇 II,lesson-18,18,去打工,一件一件地+V,,一件一件地加 động từ nghĩa là làm hoặc xử lý từng việc từng món một.,translated_subagent_draft,虽然……但是……；被动句；只要……就……；一边……一边……；从来没+V；要是想做好这个工作，非学习几年不可。；虽然需要很长时间，但是我有信心成功。；我从来没做过这样工作。；面试的时候，会被问一些问题。；只要我愿意花时间，我就可以做好。,虽然……但是……；被动句；只要……就……；一边……一边……；从来没+V；要是想做好这个工作，非学习几年不可。；虽然需要很长时间，但是我有信心成功。；我从来没做过这样工作。；面试的时候，会被问一些问题。；只要我愿意花时间，我就可以做好。,面试准备活动；参考式／常用句子,186,175,186;187,175;176,explicit_section_ocr_needs_manual,true,独立 PDF 语法审计草稿；参考句式／句型明确出现，仍需逐页人工核对。
boya-elementary-ii:lesson-18:audit-grammar-012,boya-elementary-ii:lesson-18,boya-elementary-ii,初级起步篇 II,lesson-18,18,去打工,对……来说,,对…来说 dùng để nêu nhận xét theo góc nhìn của một người hay phương diện.,translated_subagent_draft,虽然……但是……；被动句；只要……就……；一边……一边……；从来没+V；要是想做好这个工作，非学习几年不可。；虽然需要很长时间，但是我有信心成功。；我从来没做过这样工作。；面试的时候，会被问一些问题。；只要我愿意花时间，我就可以做好。,虽然……但是……；被动句；只要……就……；一边……一边……；从来没+V；要是想做好这个工作，非学习几年不可。；虽然需要很长时间，但是我有信心成功。；我从来没做过这样工作。；面试的时候，会被问一些问题。；只要我愿意花时间，我就可以做好。,面试准备活动；参考式／常用句子,186,175,186;187,175;176,explicit_section_ocr_needs_manual,true,独立 PDF 语法审计草稿；参考句式／句型明确出现，仍需逐页人工核对。
boya-elementary-ii:lesson-18:audit-grammar-013,boya-elementary-ii:lesson-18,boya-elementary-ii,初级起步篇 II,lesson-18,18,去打工,同时+V,,同时加 động từ diễn tả hai hành động hoặc tình huống xảy ra cùng lúc.,translated_subagent_draft,虽然……但是……；被动句；只要……就……；一边……一边……；从来没+V；要是想做好这个工作，非学习几年不可。；虽然需要很长时间，但是我有信心成功。；我从来没做过这样工作。；面试的时候，会被问一些问题。；只要我愿意花时间，我就可以做好。,虽然……但是……；被动句；只要……就……；一边……一边……；从来没+V；要是想做好这个工作，非学习几年不可。；虽然需要很长时间，但是我有信心成功。；我从来没做过这样工作。；面试的时候，会被问一些问题。；只要我愿意花时间，我就可以做好。,面试准备活动；参考式／常用句子,186,175,186;187,175;176,explicit_section_ocr_needs_manual,true,独立 PDF 语法审计草稿；参考句式／句型明确出现，仍需逐页人工核对。
