record_type,record_id,textbook_id,lesson_key,word,pinyin,pattern,expression,meaning_en_source,meaning_vi,meaning_vi_status
vocabulary,boya-elementary-i:杯子:beizi,boya-elementary-i,,杯子,beizi,,,cup,cái cốc; ly,translated_subagent_draft
vocabulary,boya-elementary-i:北方:beifang,boya-elementary-i,,北方,beifang,,,,miền Bắc,translated_subagent_draft
vocabulary,boya-elementary-i:安静:anjing,boya-elementary-i,,安静,anjing,,,quiet,yên tĩnh,translated_subagent_draft
vocabulary,boya-elementary-i:本子:benzi,boya-elementary-i,,本子,benzi,,,notebook,quyển vở,translated_subagent_draft
vocabulary,boya-elementary-i:安排:ainpai,boya-elementary-i,,安排,ainpai,,,to plan,sắp xếp; bố trí,translated_subagent_draft
vocabulary,boya-elementary-i:比较:bijido,boya-elementary-i,,比较,bijido,,,comparactively; relatively,khá; tương đối; so sánh,translated_subagent_draft
vocabulary,boya-elementary-i:熬夜:doye,boya-elementary-i,,熬夜,do ye,,,to stay up late,thức khuya,translated_subagent_draft
vocabulary,boya-elementary-i:比如:biru,boya-elementary-i,,比如,biru,,,for example,ví dụ như,translated_subagent_draft
vocabulary,boya-elementary-i:比赛:bisai,boya-elementary-i,,比赛,bisai,,,match; competition,cuộc thi; trận đấu,translated_subagent_draft
vocabulary,boya-elementary-i:吧:ba,boya-elementary-i,,吧,ba,,,"of a sentence to indicate a supposition, suggestion， request or order","trợ từ cuối câu dùng để đề nghị, yêu cầu hoặc phỏng đoán",translated_subagent_draft
vocabulary,boya-elementary-i:笔:bi,boya-elementary-i,,笔,bǐ,,,pen,bút,translated_subagent_draft
vocabulary,boya-elementary-i:爸爸:baba,boya-elementary-i,,爸爸,baba,,,father,bố; ba,translated_subagent_draft
vocabulary,boya-elementary-i:笔试:bishi,boya-elementary-i,,笔试,bishi,,,written examination,thi viết,translated_subagent_draft
vocabulary,boya-elementary-i:白:bai,boya-elementary-i,,白,bai,,,"possession, roughly equiva- lent to “-S” suffix",trợ từ chỉ quan hệ sở hữu,translated_subagent_draft
vocabulary,boya-elementary-i:表演:biaoyan,boya-elementary-i,,表演,biaoyan,,,to perform,biểu diễn,translated_subagent_draft
vocabulary,boya-elementary-i:白菜:baicai,boya-elementary-i,,白菜,baicai,,,cabbage,cải thảo,translated_subagent_draft
vocabulary,boya-elementary-i:别:bie,boya-elementary-i,,别,bie,,,do not,đừng,translated_subagent_draft
vocabulary,boya-elementary-i:白天:baitian,boya-elementary-i,,白天,baitian,,,daytime,ban ngày,translated_subagent_draft
vocabulary,boya-elementary-i:别的:biede,boya-elementary-i,,别的,bie de,,,oneself,khác; cái khác,translated_subagent_draft
vocabulary,boya-elementary-i:班:ban,boya-elementary-i,,班,ban,,,Class,lớp,translated_subagent_draft
vocabulary,boya-elementary-i:冰:bing,boya-elementary-i,,冰,bing,,,ice,đá; băng,translated_subagent_draft
vocabulary,boya-elementary-i:搬:ban,boya-elementary-i,,搬,ban,,,to move,chuyển; dọn,translated_subagent_draft
vocabulary,boya-elementary-i:病假条:bingjiatido,boya-elementary-i,,病假条,bingjiatido,,,certificate for sick leave,giấy xin nghỉ ốm,translated_subagent_draft
vocabulary,boya-elementary-i:办:ban,boya-elementary-i,,办,ban,,,to do,làm; giải quyết,translated_subagent_draft
vocabulary,boya-elementary-i:补考:bukdo,boya-elementary-i,,补考,bukdo,,,to make-up examination,thi lại,translated_subagent_draft
vocabulary,boya-elementary-i:办法:banfd,boya-elementary-i,,办法,banfd,,,method; means,cách; biện pháp,translated_subagent_draft
vocabulary,boya-elementary-i:不:bu,boya-elementary-i,,不,bu,,,no; not,không,translated_subagent_draft
vocabulary,boya-elementary-i:办公室:bangongshi,boya-elementary-i,,办公室,bangongshi,,,ofhice,văn phòng,translated_subagent_draft
vocabulary,boya-elementary-i:不错:bucuo,boya-elementary-i,,不错,bucuo,,,not bad,không tệ; khá tốt,translated_subagent_draft
vocabulary,boya-elementary-i:半:ban,boya-elementary-i,,半,ban,,,half,một nửa,translated_subagent_draft
vocabulary,boya-elementary-i:不过:buguo,boya-elementary-i,,不过,buguo,,,but; however,nhưng; tuy nhiên,translated_subagent_draft
vocabulary,boya-elementary-i:帮:bang,boya-elementary-i,,帮,bang,,,to help,giúp,translated_subagent_draft
vocabulary,boya-elementary-i:不好意思:buhdoyisi,boya-elementary-i,,不好意思,bu hdoyisi,,,excuse me,xin lỗi; ngại quá,translated_subagent_draft
vocabulary,boya-elementary-i:帮忙:bangmang,boya-elementary-i,,帮忙,bang mang,,,to help,giúp đỡ,translated_subagent_draft
vocabulary,boya-elementary-i:不用:buyong,boya-elementary-i,,不用,buyong,,,need not,không cần,translated_subagent_draft
vocabulary,boya-elementary-i:包子:bdozi,boya-elementary-i,,包子,bdozi,,,steamed stu ffed bun,bánh bao,translated_subagent_draft
vocabulary,boya-elementary-i:部分:bufen,boya-elementary-i,,部分,bufen,,,part; section,phần; bộ phận,translated_subagent_draft
vocabulary,boya-elementary-i:报告:baogdo,boya-elementary-i,,报告,baogdo,,,report,báo cáo,translated_subagent_draft
vocabulary,boya-elementary-i:报名:bdoming,boya-elementary-i,,报名,bdo ming,,,to enroll; to sign up,đăng ký,translated_subagent_draft
vocabulary,boya-elementary-i:抱歉:bdoqian,boya-elementary-i,,抱歉,bdoqian,,,sorry,xin lỗi; lấy làm tiếc,translated_subagent_draft
vocabulary,boya-elementary-i:菜:cai,boya-elementary-i,,菜,cai,,,dish,món ăn; rau,translated_subagent_draft
vocabulary,boya-elementary-i:杯:bei,boya-elementary-i,,杯,bei,,,Cup,cốc; ly (lượng từ),translated_subagent_draft
vocabulary,boya-elementary-i:菜单:caidan,boya-elementary-i,,菜单,caidan,,,menu li to be away from,thực đơn,translated_subagent_draft
vocabulary,boya-elementary-i:待:dai,boya-elementary-i,,待,dai,,,to stay,ở lại; lưu lại,translated_subagent_draft
vocabulary,boya-elementary-i:参加:canjia,boya-elementary-i,,参加,canjia,,,to join; to attend; take part in,tham gia,translated_subagent_draft
vocabulary,boya-elementary-i:茶:cha,boya-elementary-i,,茶,cha,,,tea,trà,translated_subagent_draft
vocabulary,boya-elementary-i:担心:danxin,boya-elementary-i,,担心,dan xin,,,to Worry dui： • Iai shuo for （Sb.）,lo lắng,translated_subagent_draft
vocabulary,boya-elementary-i:查:cha,boya-elementary-i,,查,cha,,,to check; to examine,kiểm tra; tra cứu,translated_subagent_draft
vocabulary,boya-elementary-i:蛋糕:dangao,boya-elementary-i,,蛋糕,dangao,,,cake,bánh ngọt,translated_subagent_draft
vocabulary,boya-elementary-i:差:cha,boya-elementary-i,,差,cha,,,to lack; to be short （by some amount）,thiếu; kém,translated_subagent_draft
vocabulary,boya-elementary-i:当然:dangran,boya-elementary-i,,当然,dangran,,,"of course, certainly",đương nhiên; tất nhiên,translated_subagent_draft
vocabulary,boya-elementary-i:差不多:chabudui,boya-elementary-i,,差不多,chabudui,,,almost; nearly,gần như; xấp xỉ,translated_subagent_draft
vocabulary,boya-elementary-i:倒霉:ddomei,boya-elementary-i,,倒霉,ddomei,,,unlucky,xui xẻo,translated_subagent_draft
vocabulary,boya-elementary-i:尝:chang,boya-elementary-i,,尝,chang,,,to taste,nếm,translated_subagent_draft
vocabulary,boya-elementary-i:到:ddo,boya-elementary-i,,到,ddo,,,to arrive,đến; tới,translated_subagent_draft
vocabulary,boya-elementary-i:常（常）:changchang,boya-elementary-i,,常（常）,cháng (cháng),,,"often, usually",thường; thường xuyên,translated_subagent_draft
vocabulary,boya-elementary-i:唱:chang,boya-elementary-i,,唱,chang,,,to sing,hát,translated_subagent_draft
vocabulary,boya-elementary-i:得:de,boya-elementary-i,,得,de,,,structural particle,trợ từ đặt sau động từ để bổ sung mức độ hoặc cách thức,translated_subagent_draft
vocabulary,boya-elementary-i:车站:chezhan,boya-elementary-i,,车站,chezhan,,,station,nhà ga; trạm xe,translated_subagent_draft
vocabulary,boya-elementary-i:得:dei,boya-elementary-i,,得,dei,,,need to,phải; cần phải,translated_subagent_draft
vocabulary,boya-elementary-i:吃饭:chifan,boya-elementary-i,,吃饭,chi fan,,,to eat,ăn cơm; dùng bữa,translated_subagent_draft
vocabulary,boya-elementary-i:等:deng,boya-elementary-i,,等,deng,,,to wait cong・・・・ddo・・・ from... to,đợi; chờ,translated_subagent_draft
vocabulary,boya-elementary-i:迟到:chiddo,boya-elementary-i,,迟到,chiddo,,,to be late,đến muộn,translated_subagent_draft
vocabulary,boya-elementary-i:地方:difang,boya-elementary-i,,地方,difang,,,place,nơi; địa điểm,translated_subagent_draft
vocabulary,boya-elementary-i:充值:chongzhi,boya-elementary-i,,充值,chong zhi,,,top up; recharge,nạp tiền; nạp lại,translated_subagent_draft
vocabulary,boya-elementary-i:地铁:ditie,boya-elementary-i,,地铁,ditie,,,subway,tàu điện ngầm,translated_subagent_draft
vocabulary,boya-elementary-i:出门:chimen,boya-elementary-i,,出门,chi men,,,to gq0 out,ra khỏi nhà,translated_subagent_draft
vocabulary,boya-elementary-i:第一:diyi,boya-elementary-i,,第一,di-yi,,,auxiliary word for ordinal numbers,thứ nhất; đầu tiên,translated_subagent_draft
vocabulary,boya-elementary-i:出租车:chuzuche,boya-elementary-i,,出租车,chuzuche,,,taxi,taxi,translated_subagent_draft
vocabulary,boya-elementary-i:点:dian,boya-elementary-i,,点,diǎn,,,o'clock ; hour on the clock,giờ (trên đồng hồ),translated_subagent_draft
vocabulary,boya-elementary-i:穿:chuan,boya-elementary-i,,穿,chuan,,,to wear,mặc; đi (quần áo),translated_subagent_draft
vocabulary,boya-elementary-i:春天:chuntian,boya-elementary-i,,春天,chuntian,,,spring,mùa xuân,translated_subagent_draft
vocabulary,boya-elementary-i:电话:didnhua,boya-elementary-i,,电话,didnhua,,,telephone,điện thoại,translated_subagent_draft
vocabulary,boya-elementary-i:次:ci,boya-elementary-i,,次,ci,,,time; measure word （for action）,lần (lượng từ cho hành động),translated_subagent_draft
vocabulary,boya-elementary-i:电脑:dianndo,boya-elementary-i,,电脑,dianndo,,,computer,máy tính,translated_subagent_draft
vocabulary,boya-elementary-i:电影:dianying,boya-elementary-i,,电影,dianying,,,movie,phim,translated_subagent_draft
vocabulary,boya-elementary-i:订:ding,boya-elementary-i,,订,ding,,,to book,đặt trước,translated_subagent_draft
vocabulary,boya-elementary-i:东边:dongbian,boya-elementary-i,,东边,dongbian,,,the east side,phía đông,translated_subagent_draft
vocabulary,boya-elementary-i:打（电话）:dadianhua,boya-elementary-i,,打（电话）,dǎ (diànhuà),,,to call,gọi điện,translated_subagent_draft
vocabulary,boya-elementary-i:东门:dongmen,boya-elementary-i,,东门,dongmen,,,east gate,cổng phía đông,translated_subagent_draft
vocabulary,boya-elementary-i:打车:ddche,boya-elementary-i,,打车,dd che,,,to hire or take a taxi,bắt taxi; đi taxi,translated_subagent_draft
vocabulary,boya-elementary-i:冬天:dongtian,boya-elementary-i,,冬天,dongtian,,,winter,mùa đông,translated_subagent_draft
vocabulary,boya-elementary-i:打算:ddsuan,boya-elementary-i,,打算,ddsuan,,,to plan to,dự định,translated_subagent_draft
vocabulary,boya-elementary-i:懂:dong,boya-elementary-i,,懂,dong,,,to understand,hiểu,translated_subagent_draft
vocabulary,boya-elementary-i:打针:ddzhen,boya-elementary-i,,打针,dd zhen,,,to give or have an injection,tiêm; chích,translated_subagent_draft
vocabulary,boya-elementary-i:动物园:dongwuyuan,boya-elementary-i,,动物园,dongwuyuan,,,ZOO,sở thú,translated_subagent_draft
vocabulary,boya-elementary-i:大:da,boya-elementary-i,,大,da,,,big,to; lớn,translated_subagent_draft
vocabulary,boya-elementary-i:都:dou,boya-elementary-i,,都,dOu,,,all; both,đều; tất cả,translated_subagent_draft
vocabulary,boya-elementary-i:大概:ddgai,boya-elementary-i,,大概,ddgai,,,approximately; roughly,khoảng; đại khái,translated_subagent_draft
vocabulary,boya-elementary-i:堵车:duche,boya-elementary-i,,堵车,du che,,,traffic jam,tắc đường,translated_subagent_draft
vocabulary,boya-elementary-i:大号:dahdo,boya-elementary-i,,大号,dahdo,,,large size,cỡ lớn,translated_subagent_draft
vocabulary,boya-elementary-i:度:du,boya-elementary-i,,度,du,,,degree,độ (đơn vị),translated_subagent_draft
vocabulary,boya-elementary-i:大学:daxue,boya-elementary-i,,大学,daxue,,,university,trường đại học,translated_subagent_draft
vocabulary,boya-elementary-i:短:dudn,boya-elementary-i,,短,dudn,,,short,ngắn,translated_subagent_draft
vocabulary,boya-elementary-i:大夫:daifu,boya-elementary-i,,大夫,daifu,,,doctor,bác sĩ,translated_subagent_draft
vocabulary,boya-elementary-i:段:duan,boya-elementary-i,,段,duan,,,section; paragraph,đoạn (lượng từ),translated_subagent_draft
vocabulary,boya-elementary-i:对:dui,boya-elementary-i,,对,dui,,,tor,đối với,translated_subagent_draft
vocabulary,boya-elementary-i:付:fu,boya-elementary-i,,付,fu,,,to pay,trả tiền,translated_subagent_draft
vocabulary,boya-elementary-i:对方:duifang,boya-elementary-i,,对方,duifang,,,the opposite side,đối phương; phía bên kia,translated_subagent_draft
vocabulary,boya-elementary-i:改:gdi,boya-elementary-i,,改,gdi,,,to change,sửa; thay đổi,translated_subagent_draft
vocabulary,boya-elementary-i:对了:duile,boya-elementary-i,,对了,dui le,,,oh yeah; by the way,à đúng rồi; tiện thể,translated_subagent_draft
vocabulary,boya-elementary-i:干净:ganjing,boya-elementary-i,,干净,ganjing,,,clean,sạch sẽ,translated_subagent_draft
vocabulary,boya-elementary-i:对面:duimian,boya-elementary-i,,对面,duimian,,,"facing, across from",đối diện,translated_subagent_draft
vocabulary,boya-elementary-i:感冒:gdnmdo,boya-elementary-i,,感冒,gdnmdo,,,to have a cold; cold,cảm lạnh; bị cảm,translated_subagent_draft
vocabulary,boya-elementary-i:多:duo,boya-elementary-i,,多,duō,,,how,bao nhiêu (hỏi số lượng hoặc mức độ),translated_subagent_draft
vocabulary,boya-elementary-i:感兴趣:ganxingqu,boya-elementary-i,,感兴趣,gan xingqu,,,to be interested in,hứng thú với,translated_subagent_draft
vocabulary,boya-elementary-i:干:gan,boya-elementary-i,,干,gan,,,to do,làm,translated_subagent_draft
vocabulary,boya-elementary-i:多少:duishao,boya-elementary-i,,多少,duishao,,,how many; how much,bao nhiêu,translated_subagent_draft
vocabulary,boya-elementary-i:刚:gang,boya-elementary-i,,刚,gang,,,Just,vừa mới,translated_subagent_draft
vocabulary,boya-elementary-i:高:gao,boya-elementary-i,,高,gao,,,high,cao,translated_subagent_draft
vocabulary,boya-elementary-i:饿:e,boya-elementary-i,,饿,e,,,hungry,đói,translated_subagent_draft
vocabulary,boya-elementary-i:高兴:gaoxing,boya-elementary-i,,高兴,gaoxing,,,happy; glad,vui; vui mừng,translated_subagent_draft
vocabulary,boya-elementary-i:耳机:erj,boya-elementary-i,,耳机,erj,,,earphone,tai nghe,translated_subagent_draft
vocabulary,boya-elementary-i:告诉:gaosu,boya-elementary-i,,告诉,gaosu,,,to tell,nói cho; báo cho,translated_subagent_draft
vocabulary,boya-elementary-i:歌:ge,boya-elementary-i,,歌,ge,,,song,bài hát,translated_subagent_draft
vocabulary,boya-elementary-i:个:ge,boya-elementary-i,,个,ge,,,measure word,cái; người (lượng từ phổ biến),translated_subagent_draft
vocabulary,boya-elementary-i:发:fa,boya-elementary-i,,发,fa,,,to send,gửi; phát,translated_subagent_draft
vocabulary,boya-elementary-i:给:gei,boya-elementary-i,,给,gei,,,to give,cho; đưa,translated_subagent_draft
vocabulary,boya-elementary-i:发烧:fashao,boya-elementary-i,,发烧,fa shao,,,to have a fever,sốt,translated_subagent_draft
vocabulary,boya-elementary-i:跟:gen,boya-elementary-i,,跟,gen,,,to,với; theo,translated_subagent_draft
vocabulary,boya-elementary-i:翻译:fanyi,boya-elementary-i,,翻译,fanyi,,,to translate,dịch; phiên dịch,translated_subagent_draft
vocabulary,boya-elementary-i:更:geng,boya-elementary-i,,更,geng,,,,càng; hơn,translated_subagent_draft
vocabulary,boya-elementary-i:饭店:fandian,boya-elementary-i,,饭店,fandian,,,restaurant,nhà hàng,translated_subagent_draft
vocabulary,boya-elementary-i:公共汽车:gonggongqiche,boya-elementary-i,,公共汽车,gonggong qiche,,,bus,xe buýt,translated_subagent_draft
vocabulary,boya-elementary-i:房间:fangjian,boya-elementary-i,,房间,fangjian,,,rOom,phòng,translated_subagent_draft
vocabulary,boya-elementary-i:狗:gou,boya-elementary-i,,狗,gou,,,dog,chó,translated_subagent_draft
vocabulary,boya-elementary-i:放:fang,boya-elementary-i,,放,fang,,,,đặt; để,translated_subagent_draft
vocabulary,boya-elementary-i:够:gou,boya-elementary-i,,够,gou,,,,đủ,translated_subagent_draft
vocabulary,boya-elementary-i:放松:fangsong,boya-elementary-i,,放松,fangsong,,,"to relax to remember, to bear in mind",thư giãn,translated_subagent_draft
vocabulary,boya-elementary-i:刮风:guafeng,boya-elementary-i,,刮风,gua feng,,,to wind blowing,có gió; gió thổi,translated_subagent_draft
vocabulary,boya-elementary-i:放心:fangxin,boya-elementary-i,,放心,fang xin,,,to be at ease,yên tâm,translated_subagent_draft
vocabulary,boya-elementary-i:光临:guanglin,boya-elementary-i,,光临,guanglin,,,gracious presence,ghé thăm (cách nói lịch sự),translated_subagent_draft
vocabulary,boya-elementary-i:飞机:feiji,boya-elementary-i,,飞机,feiji,,,airplane,máy bay,translated_subagent_draft
vocabulary,boya-elementary-i:逛街:gudngjie,boya-elementary-i,,逛街,gudng jie,,,to go shopping,đi dạo phố; mua sắm,translated_subagent_draft
vocabulary,boya-elementary-i:分:fen,boya-elementary-i,,分,fen,,,minute,phút (lượng từ),translated_subagent_draft
vocabulary,boya-elementary-i:贵:gui,boya-elementary-i,,贵,guì,,,expensive,đắt,translated_subagent_draft
vocabulary,boya-elementary-i:国:guo,boya-elementary-i,,国,guó,,,country,nước; quốc gia,translated_subagent_draft
vocabulary,boya-elementary-i:分钟:fenzhong,boya-elementary-i,,分钟,fenzhong,,,minute,phút,translated_subagent_draft
vocabulary,boya-elementary-i:国际关系:guojiguanxi,boya-elementary-i,,国际关系,guoji guanxi,,,international relations,quan hệ quốc tế,translated_subagent_draft
vocabulary,boya-elementary-i:份:fen,boya-elementary-i,,份,fen,,,portion,phần; suất (lượng từ),translated_subagent_draft
vocabulary,boya-elementary-i:国家:guojia,boya-elementary-i,,国家,guojia,,,country,quốc gia,translated_subagent_draft
vocabulary,boya-elementary-i:风:feng,boya-elementary-i,,风,feng,,,windy,gió,translated_subagent_draft
vocabulary,boya-elementary-i:过:guo,boya-elementary-i,,过,guo,,,to spend （time）； to celebrate,trải qua; ăn mừng,translated_subagent_draft
vocabulary,boya-elementary-i:风景:fengiing,boya-elementary-i,,风景,fengiing,,,scenery to go on break; to start fang the vacation period,phong cảnh,translated_subagent_draft
vocabulary,boya-elementary-i:服务员:fuwiyuan,boya-elementary-i,,服务员,fuwiyuan,,,waiter; waitress,nhân viên phục vụ,translated_subagent_draft
vocabulary,boya-elementary-i:辅导:tuddo,boya-elementary-i,,辅导,tuddo,,,to tutor,phụ đạo; hướng dẫn,translated_subagent_draft
vocabulary,boya-elementary-i:还:hai,boya-elementary-i,,还,hai,,,also; in addition,còn; cũng,translated_subagent_draft
vocabulary,boya-elementary-i:还可以:haikeyi,boya-elementary-i,,还可以,hai keyi,,,so-sO;Okay; passable,cũng được; tạm ổn,translated_subagent_draft
vocabulary,boya-elementary-i:………极了:jile,boya-elementary-i,,………极了,..jile,,,,cực kỳ; vô cùng,translated_subagent_draft
vocabulary,boya-elementary-i:还是:haishi,boya-elementary-i,,还是,haishi,,,OT,vẫn; hay là,translated_subagent_draft
vocabulary,boya-elementary-i:急事:jishi,boya-elementary-i,,急事,jishi,,,emergency,việc gấp,translated_subagent_draft
vocabulary,boya-elementary-i:好:hdo,boya-elementary-i,,好,hdo,,,well; good,tốt; khỏe; được,translated_subagent_draft
vocabulary,boya-elementary-i:几:ji,boya-elementary-i,,几,jǐ,,,how many,mấy; bao nhiêu (số nhỏ),translated_subagent_draft
vocabulary,boya-elementary-i:好吃:hdochi,boya-elementary-i,,好吃,hdochi,,,delicious,ngon,translated_subagent_draft
vocabulary,boya-elementary-i:记:ji,boya-elementary-i,,记,ji,,,,nhớ; ghi nhớ,translated_subagent_draft
vocabulary,boya-elementary-i:好好儿:hdohdor,boya-elementary-i,,好好儿,hdohdor,,,all out,cho tốt; thật kỹ,translated_subagent_draft
vocabulary,boya-elementary-i:季节:ijie,boya-elementary-i,,季节,ijie,,,season,mùa,translated_subagent_draft
vocabulary,boya-elementary-i:好听:haoting,boya-elementary-i,,好听,haoting,,,be pleasant to hear,hay; dễ nghe,translated_subagent_draft
vocabulary,boya-elementary-i:继续:jixu,boya-elementary-i,,继续,jixU,,,to continue,tiếp tục,translated_subagent_draft
vocabulary,boya-elementary-i:好像:hdoxiang,boya-elementary-i,,好像,hdoxiang,,,1t seems,hình như; có vẻ,translated_subagent_draft
vocabulary,boya-elementary-i:加:jia,boya-elementary-i,,加,jia,,,to add,thêm; cộng,translated_subagent_draft
vocabulary,boya-elementary-i:号:hao,boya-elementary-i,,号,hao,,,number,số; ngày,translated_subagent_draft
vocabulary,boya-elementary-i:家:jia,boya-elementary-i,,家,jia,,,home,nhà; gia đình,translated_subagent_draft
vocabulary,boya-elementary-i:号码:hdoma,boya-elementary-i,,号码,hdoma,,,number,số; số điện thoại,translated_subagent_draft
vocabulary,boya-elementary-i:假期:jiaai,boya-elementary-i,,假期,jiaai,,,holiday; vacation period,kỳ nghỉ,translated_subagent_draft
vocabulary,boya-elementary-i:喝:he,boya-elementary-i,,喝,he,,,to drink,uống,translated_subagent_draft
vocabulary,boya-elementary-i:简单:jidndan,boya-elementary-i,,简单,jidndan,,,simple,đơn giản,translated_subagent_draft
vocabulary,boya-elementary-i:合适:heshi,boya-elementary-i,,合适,heshi,,,suitable,phù hợp; vừa,translated_subagent_draft
vocabulary,boya-elementary-i:见:jian,boya-elementary-i,,见,jian,,,"to see, to meet",gặp; thấy,translated_subagent_draft
vocabulary,boya-elementary-i:和:he,boya-elementary-i,,和,he,,,,và; với,translated_subagent_draft
vocabulary,boya-elementary-i:件:jian,boya-elementary-i,,件,jian,,,measure word （for pieces of clothing..）,chiếc; bộ (lượng từ quần áo),translated_subagent_draft
vocabulary,boya-elementary-i:黑:hei,boya-elementary-i,,黑,hei,,,black,đen,translated_subagent_draft
vocabulary,boya-elementary-i:建议:jianyi,boya-elementary-i,,建议,jianyi,,,to suggest; to advise； suggestion,đề nghị; góp ý,translated_subagent_draft
vocabulary,boya-elementary-i:很:hen,boya-elementary-i,,很,hen,,,,rất,translated_subagent_draft
vocabulary,boya-elementary-i:交:jiao,boya-elementary-i,,交,jiao,,,to hand over,nộp; giao,translated_subagent_draft
vocabulary,boya-elementary-i:红:hong,boya-elementary-i,,红,hong,,,red,đỏ,translated_subagent_draft
vocabulary,boya-elementary-i:饺子:jiaozi,boya-elementary-i,,饺子,jiaozi,,,dumplings,bánh chẻo,translated_subagent_draft
vocabulary,boya-elementary-i:红酒:hongjiu,boya-elementary-i,,红酒,hongjiu,,,wine,rượu vang,translated_subagent_draft
vocabulary,boya-elementary-i:叫:jiao,boya-elementary-i,,叫,jiao,,,,gọi; tên là,translated_subagent_draft
vocabulary,boya-elementary-i:后天:houtian,boya-elementary-i,,后天,houtian,,,the day after tomorrow,ngày kia,translated_subagent_draft
vocabulary,boya-elementary-i:教室:jidoshi,boya-elementary-i,,教室,jidoshi,,,Classroom,phòng học,translated_subagent_draft
vocabulary,boya-elementary-i:花儿:huar,boya-elementary-i,,花儿,huar,,,flower,hoa,translated_subagent_draft
vocabulary,boya-elementary-i:接:jie,boya-elementary-i,,接,jie,,,to pick up,đón; nhận,translated_subagent_draft
vocabulary,boya-elementary-i:坏:huai,boya-elementary-i,,坏,huai,,,be broken or ruined,hỏng; xấu,translated_subagent_draft
vocabulary,boya-elementary-i:节:jie,boya-elementary-i,,节,jie,,,measure word （for class）,tiết (lượng từ cho buổi học),translated_subagent_draft
vocabulary,boya-elementary-i:欢迎:huanying,boya-elementary-i,,欢迎,huanying,,,to welcome,hoan nghênh; chào mừng,translated_subagent_draft
vocabulary,boya-elementary-i:节目:jiemi,boya-elementary-i,,节目,jiemi,,,program,chương trình; tiết mục,translated_subagent_draft
vocabulary,boya-elementary-i:回:hui,boya-elementary-i,,回,hui,,,to reply,trả lời; hồi đáp,translated_subagent_draft
vocabulary,boya-elementary-i:结果:jieguo,boya-elementary-i,,结果,jieguo,,,result,kết quả,translated_subagent_draft
vocabulary,boya-elementary-i:回来:huilai,boya-elementary-i,,回来,hui lai,,,to ggo back,quay lại; trở về,translated_subagent_draft
vocabulary,boya-elementary-i:结束:jieshu,boya-elementary-i,,结束,jieshu,,,to finish; to end,kết thúc,translated_subagent_draft
vocabulary,boya-elementary-i:会:hui,boya-elementary-i,,会,hui,,,"can, be able to",biết; có thể (kỹ năng),translated_subagent_draft
vocabulary,boya-elementary-i:解决:jiejue,boya-elementary-i,,解决,jiejue,,,to solve; to resolve,giải quyết,translated_subagent_draft
vocabulary,boya-elementary-i:活动:huodong,boya-elementary-i,,活动,huodong,,,activity,hoạt động,translated_subagent_draft
vocabulary,boya-elementary-i:介绍:jieshao,boya-elementary-i,,介绍,jieshao,,,to introduce,giới thiệu,translated_subagent_draft
vocabulary,boya-elementary-i:火车:huoche,boya-elementary-i,,火车,huoche,,,train,tàu hỏa,translated_subagent_draft
vocabulary,boya-elementary-i:斤:jin,boya-elementary-i,,斤,jin,,,half a kilogram,cân (nửa kilogram),translated_subagent_draft
vocabulary,boya-elementary-i:或者:huozhe,boya-elementary-i,,或者,huozhe,,,Or,hoặc,translated_subagent_draft
vocabulary,boya-elementary-i:今天:jintian,boya-elementary-i,,今天,Jintian,,,today,hôm nay,translated_subagent_draft
vocabulary,boya-elementary-i:进:jin,boya-elementary-i,,进,jin,,,to come in,vào,translated_subagent_draft
vocabulary,boya-elementary-i:近:jin,boya-elementary-i,,近,jin,,,near,gần,translated_subagent_draft
vocabulary,boya-elementary-i:机场:jichang,boya-elementary-i,,机场,jichang,,,airport,sân bay,translated_subagent_draft
vocabulary,boya-elementary-i:纠正:jiuzheng,boya-elementary-i,,纠正,jiuzheng,,,to correct,sửa; chỉnh sửa,translated_subagent_draft
vocabulary,boya-elementary-i:鸡肉:jirou,boya-elementary-i,,鸡肉,jirou,,,Chicken,thịt gà,translated_subagent_draft
vocabulary,boya-elementary-i:久:jiu,boya-elementary-i,,久,jiǔ,,,for a long time,lâu,translated_subagent_draft
vocabulary,boya-elementary-i:就:jiu,boya-elementary-i,,就,jiù,,,at once; right away,liền; ngay; thì,translated_subagent_draft
vocabulary,boya-elementary-i:快递:kudidi,boya-elementary-i,,快递,kudidi,,,express delivery,chuyển phát nhanh,translated_subagent_draft
vocabulary,boya-elementary-i:聚餐:jucan,boya-elementary-i,,聚餐,ju can,,,to dine together,ăn chung; liên hoan,translated_subagent_draft
vocabulary,boya-elementary-i:快乐:kudile,boya-elementary-i,,快乐,kudile,,,happy,vui vẻ,translated_subagent_draft
vocabulary,boya-elementary-i:聚会:juhui,boya-elementary-i,,聚会,juhui,,,to have a get-together or party,buổi tụ họp; tiệc,translated_subagent_draft
vocabulary,boya-elementary-i:困:kun,boya-elementary-i,,困,kun,,,sleepy,buồn ngủ,translated_subagent_draft
vocabulary,boya-elementary-i:决定:jueding,boya-elementary-i,,决定,jueding,,,to decide; decision,quyết định,translated_subagent_draft
vocabulary,boya-elementary-i:觉得:juede,boya-elementary-i,,觉得,juede,,,to teel,cảm thấy; nghĩ rằng,translated_subagent_draft
vocabulary,boya-elementary-i:来:lai,boya-elementary-i,,来,lai,,,to come; to indicate someone will do something,đến; dùng để chỉ việc sắp làm,translated_subagent_draft
vocabulary,boya-elementary-i:蓝:lan,boya-elementary-i,,蓝,lan,,,blue,xanh lam,translated_subagent_draft
vocabulary,boya-elementary-i:咖啡:kafei,boya-elementary-i,,咖啡,kafei,,,coffee,cà phê,translated_subagent_draft
vocabulary,boya-elementary-i:篮球:lanqid,boya-elementary-i,,篮球,lanqid,,,basketball,bóng rổ,translated_subagent_draft
vocabulary,boya-elementary-i:卡拉OK:kalaok,boya-elementary-i,,卡拉OK,kala OK,,,karaoke,karaoke,translated_subagent_draft
vocabulary,boya-elementary-i:老家:idojia,boya-elementary-i,,老家,Idojia,,,hometown,quê nhà,translated_subagent_draft
vocabulary,boya-elementary-i:开:kai,boya-elementary-i,,开,kai,,,leave...）,mở; rời đi,translated_subagent_draft
vocabulary,boya-elementary-i:老师:laoshi,boya-elementary-i,,老师,laoshi,,,teacher,giáo viên,translated_subagent_draft
vocabulary,boya-elementary-i:开始:kaishi,boya-elementary-i,,开始,kaishi,,,to begin; to start,bắt đầu,translated_subagent_draft
vocabulary,boya-elementary-i:了:le,boya-elementary-i,,了,le,,,particle,trợ từ chỉ sự hoàn tất hoặc sự thay đổi,translated_subagent_draft
vocabulary,boya-elementary-i:开玩笑:kaiwanxido,boya-elementary-i,,开玩笑,kai wanxido,,,"to crack a joke, to make fun of",nói đùa; trêu,translated_subagent_draft
vocabulary,boya-elementary-i:累:lei,boya-elementary-i,,累,lei,,,tired,mệt,translated_subagent_draft
vocabulary,boya-elementary-i:开心:kaixin,boya-elementary-i,,开心,kaixin,,,happy,vui vẻ,translated_subagent_draft
vocabulary,boya-elementary-i:冷:leng,boya-elementary-i,,冷,leng,,,cold,lạnh,translated_subagent_draft
vocabulary,boya-elementary-i:开学:kaixue,boya-elementary-i,,开学,kai xue,,,term begins,bắt đầu học kỳ,translated_subagent_draft
vocabulary,boya-elementary-i:离:ii,boya-elementary-i,,离,Ii,,,,cách; rời khỏi,translated_subagent_draft
vocabulary,boya-elementary-i:看:kan,boya-elementary-i,,看,kan,,,to look; to watch,nhìn; xem,translated_subagent_draft
vocabulary,boya-elementary-i:礼物:iiwu,boya-elementary-i,,礼物,Iiwu,,,gift,quà,translated_subagent_draft
vocabulary,boya-elementary-i:看起来:kanqilai,boya-elementary-i,,看起来,kan qilai,,,it seems that; it looks like,trông có vẻ,translated_subagent_draft
vocabulary,boya-elementary-i:里（边）:libian,boya-elementary-i,,里（边）,lǐ (bian),,,inside,bên trong,translated_subagent_draft
vocabulary,boya-elementary-i:考虑:kdolii,boya-elementary-i,,考虑,kdolii,,,to consider,cân nhắc; xem xét,translated_subagent_draft
vocabulary,boya-elementary-i:历史:lishr,boya-elementary-i,,历史,lishr,,,history,lịch sử,translated_subagent_draft
vocabulary,boya-elementary-i:考试:kaoshi,boya-elementary-i,,考试,kaoshi,,,to examine,thi; kỳ thi,translated_subagent_draft
vocabulary,boya-elementary-i:厉害:lihai,boya-elementary-i,,厉害,lihai,,,severe; Sharp; fierce； powertul,lợi hại; nghiêm trọng; giỏi,translated_subagent_draft
vocabulary,boya-elementary-i:烤鸭:kdoya,boya-elementary-i,,烤鸭,kdoya,,,roast duck,vịt quay,translated_subagent_draft
vocabulary,boya-elementary-i:练习:lianxi,boya-elementary-i,,练习,lianxi,,,"to practice, exercise",luyện tập; bài tập,translated_subagent_draft
vocabulary,boya-elementary-i:咳嗽:kesou,boya-elementary-i,,咳嗽,kesou,,,to cough,ho,translated_subagent_draft
vocabulary,boya-elementary-i:可乐:kele,boya-elementary-i,,可乐,kele,,,cola,nước cola,translated_subagent_draft
vocabulary,boya-elementary-i:两:lidng,boya-elementary-i,,两,lidng,,,tWO,hai (đứng trước lượng từ),translated_subagent_draft
vocabulary,boya-elementary-i:可能:keneng,boya-elementary-i,,可能,keneng,,,maybe,có thể; có lẽ,translated_subagent_draft
vocabulary,boya-elementary-i:可是:keshi,boya-elementary-i,,可是,keshi,,,but; however,nhưng; tuy nhiên,translated_subagent_draft
vocabulary,boya-elementary-i:辆:liang,boya-elementary-i,,辆,liang,,,measure word （ for vehicles）,chiếc (lượng từ cho xe),translated_subagent_draft
vocabulary,boya-elementary-i:可以:keyi,boya-elementary-i,,可以,keyi,,,be able to; can,có thể; được phép,translated_subagent_draft
vocabulary,boya-elementary-i:聊天儿:lidotianr,boya-elementary-i,,聊天儿,lido tianr,,,to chat,trò chuyện,translated_subagent_draft
vocabulary,boya-elementary-i:刻:ke,boya-elementary-i,,刻,ke,,,a quarter （of an hour）,một phần tư giờ,translated_subagent_draft
vocabulary,boya-elementary-i:零下:iingxid,boya-elementary-i,,零下,Iingxid,,,below zero,dưới 0 độ,translated_subagent_draft
vocabulary,boya-elementary-i:课:ke,boya-elementary-i,,课,ke,,,,bài học; tiết học,translated_subagent_draft
vocabulary,boya-elementary-i:留学生:liuxuesheng,boya-elementary-i,,留学生,liuxuesheng,,,foreign student used at the end of a declarative,du học sinh,translated_subagent_draft
vocabulary,boya-elementary-i:课间:kejian,boya-elementary-i,,课间,kejian,,,class break,giờ ra chơi,translated_subagent_draft
vocabulary,boya-elementary-i:六:iiu,boya-elementary-i,,六,Iiu,,,,sáu,translated_subagent_draft
vocabulary,boya-elementary-i:口语:kouy,boya-elementary-i,,口语,kouy,,,spoken language because,khẩu ngữ; tiếng nói,translated_subagent_draft
vocabulary,boya-elementary-i:楼:iou,boya-elementary-i,,楼,IOu,,,building,tầng; tòa nhà,translated_subagent_draft
vocabulary,boya-elementary-i:块（元）:kuaiyuan,boya-elementary-i,,块（元）,kuai (yuan),,,Chinese basic monetary unit,đồng (đơn vị tiền Trung Quốc),translated_subagent_draft
vocabulary,boya-elementary-i:路口:lkou,boya-elementary-i,,路口,lkou,,,crossing; intersection,ngã tư; giao lộ,translated_subagent_draft
vocabulary,boya-elementary-i:快……了:kuaile,boya-elementary-i,,快……了,kuài……le,,,be about to do,sắp; gần đến lúc,translated_subagent_draft
vocabulary,boya-elementary-i:路上:lushang,boya-elementary-i,,路上,lushang,,,on the way,trên đường,translated_subagent_draft
vocabulary,boya-elementary-i:旅行:luxing,boya-elementary-i,,旅行,luxing,,,to travel,du lịch,translated_subagent_draft
vocabulary,boya-elementary-i:能:neng,boya-elementary-i,,能,neng,,,can; be able to,có thể,translated_subagent_draft
vocabulary,boya-elementary-i:你:ni,boya-elementary-i,,你,ni,,,yOu jido to call,bạn; anh/chị,translated_subagent_draft
vocabulary,boya-elementary-i:你们:nimen,boya-elementary-i,,你们,nimen,,,you （plural）,các bạn; mọi người,translated_subagent_draft
vocabulary,boya-elementary-i:妈妈:mama,boya-elementary-i,,妈妈,mama,,,mother,mẹ,translated_subagent_draft
vocabulary,boya-elementary-i:牛奶:niundi,boya-elementary-i,,牛奶,niundi,,,milk,sữa,translated_subagent_draft
vocabulary,boya-elementary-i:吗:ma,boya-elementary-i,,吗,ma,,,sentence to transform it into a question,trợ từ đặt cuối câu hỏi,translated_subagent_draft
vocabulary,boya-elementary-i:努力:nuli,boya-elementary-i,,努力,nuli,,,hard; arduous,chăm chỉ; cố gắng,translated_subagent_draft
vocabulary,boya-elementary-i:头:mai,boya-elementary-i,,头,mai,,,to buy,mua,translated_subagent_draft
vocabulary,boya-elementary-i:女:ni,boya-elementary-i,,女,ni,,,female,nữ; phụ nữ,translated_subagent_draft
vocabulary,boya-elementary-i:卖:mai,boya-elementary-i,,卖,mai,,,to sell,bán,translated_subagent_draft
vocabulary,boya-elementary-i:女朋友:nupengyou,boya-elementary-i,,女朋友,nupengyou,,,geilfriend,bạn gái,translated_subagent_draft
vocabulary,boya-elementary-i:忙:mang,boya-elementary-i,,忙,mang,,,busy,bận,translated_subagent_draft
vocabulary,boya-elementary-i:毛（角）:maojiao,boya-elementary-i,,毛（角）,máo (jiǎo),,,,hào (một phần mười đồng),translated_subagent_draft
vocabulary,boya-elementary-i:毛笔:maobi,boya-elementary-i,,毛笔,maobi,,,Chinese writing brush,bút lông,translated_subagent_draft
vocabulary,boya-elementary-i:爬山:pashan,boya-elementary-i,,爬山,pa shan,,,to clime the mountain,leo núi,translated_subagent_draft
vocabulary,boya-elementary-i:没（有）:meiyou,boya-elementary-i,,没（有）,méi(yǒu),,,to do not have,không có,translated_subagent_draft
vocabulary,boya-elementary-i:拍:pai,boya-elementary-i,,拍,pai,,,to take （a picture）； to pat,chụp; vỗ,translated_subagent_draft
vocabulary,boya-elementary-i:每:mei,boya-elementary-i,,每,mei,,,Cvery,mỗi,translated_subagent_draft
vocabulary,boya-elementary-i:旁边:pangbian,boya-elementary-i,,旁边,pangbian,,,side,bên cạnh,translated_subagent_draft
vocabulary,boya-elementary-i:门口:menkou,boya-elementary-i,,门口,menkou,,,"entrance, gate",cửa ra vào; trước cửa,translated_subagent_draft
vocabulary,boya-elementary-i:胖:pang,boya-elementary-i,,胖,pang,,,fat,béo; mập,translated_subagent_draft
vocabulary,boya-elementary-i:米饭:mifan,boya-elementary-i,,米饭,mifan,,,,cơm,translated_subagent_draft
vocabulary,boya-elementary-i:朋友:pengyou,boya-elementary-i,,朋友,pengyou,,,friend,bạn bè,translated_subagent_draft
vocabulary,boya-elementary-i:面包:mianbao,boya-elementary-i,,面包,mianbao,,,bread,bánh mì,translated_subagent_draft
vocabulary,boya-elementary-i:啤酒:piji,boya-elementary-i,,啤酒,piji,,,beer,bia,translated_subagent_draft
vocabulary,boya-elementary-i:面食:midnshi,boya-elementary-i,,面食,midnshi,,,wheat-based food,món làm từ bột mì,translated_subagent_draft
vocabulary,boya-elementary-i:便宜:pianyi,boya-elementary-i,,便宜,pianyi,,,cheap,rẻ,translated_subagent_draft
vocabulary,boya-elementary-i:面条儿:miantidor,boya-elementary-i,,面条儿,miantidor,,,noodle,mì sợi,translated_subagent_draft
vocabulary,boya-elementary-i:票:pido,boya-elementary-i,,票,pido,,,ticket extremely （used after adjective indicating to a high degree）,vé,translated_subagent_draft
vocabulary,boya-elementary-i:名字:mingzi,boya-elementary-i,,名字,mingzi,,,name,tên,translated_subagent_draft
vocabulary,boya-elementary-i:漂亮:pidoliang,boya-elementary-i,,漂亮,pidoliang,,,beautiful,đẹp,translated_subagent_draft
vocabulary,boya-elementary-i:明白:mingbai,boya-elementary-i,,明白,mingbai,,,to understand,hiểu; rõ,translated_subagent_draft
vocabulary,boya-elementary-i:苹果:pinggui,boya-elementary-i,,苹果,pinggui,,,apple,táo,translated_subagent_draft
vocabulary,boya-elementary-i:明天:mingtian,boya-elementary-i,,明天,mingtian,,,tomorrow,ngày mai,translated_subagent_draft
vocabulary,boya-elementary-i:屏幕:pingmi,boya-elementary-i,,屏幕,pingmi,,,screen,màn hình,translated_subagent_draft
vocabulary,boya-elementary-i:蘑菇:mogu,boya-elementary-i,,蘑菇,mogu,,,mushroom,nấm,translated_subagent_draft
vocabulary,boya-elementary-i:瓶:ping,boya-elementary-i,,瓶,ping,,,"bottle master in trade, used to",chai (lượng từ),translated_subagent_draft
vocabulary,boya-elementary-i:哪:nd,boya-elementary-i,,哪,nd,,,which,nào; cái nào,translated_subagent_draft
vocabulary,boya-elementary-i:骑:qi,boya-elementary-i,,骑,qí,,,,cưỡi; đi (xe),translated_subagent_draft
vocabulary,boya-elementary-i:哪儿:nar,boya-elementary-i,,哪儿,nar,,,where,ở đâu,translated_subagent_draft
vocabulary,boya-elementary-i:起床:qichuang,boya-elementary-i,,起床,qi chuang,,,to gqet up,thức dậy,translated_subagent_draft
vocabulary,boya-elementary-i:那:na,boya-elementary-i,,那,na,,,that book,kia; đó,translated_subagent_draft
vocabulary,boya-elementary-i:钱:qian,boya-elementary-i,,钱,qian,,,money,tiền,translated_subagent_draft
vocabulary,boya-elementary-i:男:nan,boya-elementary-i,,男,nan,,,male,nam; con trai,translated_subagent_draft
vocabulary,boya-elementary-i:清楚:qingchu,boya-elementary-i,,清楚,qingchu,,,clear,rõ; rõ ràng,translated_subagent_draft
vocabulary,boya-elementary-i:南方:nanfang,boya-elementary-i,,南方,nanfang,,,south; the southern part,miền nam,translated_subagent_draft
vocabulary,boya-elementary-i:晴天:qingtian,boya-elementary-i,,晴天,qingtian,,,sunny day; clear day,ngày nắng; trời quang,translated_subagent_draft
vocabulary,boya-elementary-i:难:nan,boya-elementary-i,,难,nan,,,difficult,khó,translated_subagent_draft
vocabulary,boya-elementary-i:请假:qingjia,boya-elementary-i,,请假,qing jia,,,to ask for a leave,xin nghỉ,translated_subagent_draft
vocabulary,boya-elementary-i:难看:nankan,boya-elementary-i,,难看,nankan,,,ugly; unsightly,xấu; khó coi,translated_subagent_draft
vocabulary,boya-elementary-i:请客:qingke,boya-elementary-i,,请客,qing ke,,,to host （usually a meal）； to entertain guests,mời ăn; đãi khách,translated_subagent_draft
vocabulary,boya-elementary-i:呢:ne,boya-elementary-i,,呢,ne,,,"atternative, or rhetorical question to indicate a question auxiliary word indicating",nhỉ; vậy (trợ từ cuối câu),translated_subagent_draft
vocabulary,boya-elementary-i:秋天:qiutian,boya-elementary-i,,秋天,qiutian,,,autumn,mùa thu,translated_subagent_draft
vocabulary,boya-elementary-i:去:qu,boya-elementary-i,,去,qU,,,to gq0,đi,translated_subagent_draft
vocabulary,boya-elementary-i:事:shi,boya-elementary-i,,事,shi,,,matter or thing,việc; chuyện,translated_subagent_draft
vocabulary,boya-elementary-i:去年:qunian,boya-elementary-i,,去年,qunian,,,last year,năm ngoái,translated_subagent_draft
vocabulary,boya-elementary-i:试:shi,boya-elementary-i,,试,shi,,,to try,thử,translated_subagent_draft
vocabulary,boya-elementary-i:确实:queshi,boya-elementary-i,,确实,queshi,,,really; indeed,quả thật; đúng là,translated_subagent_draft
vocabulary,boya-elementary-i:试衣间:shiyijian,boya-elementary-i,,试衣间,shiyijian,,,fitting room,phòng thử đồ,translated_subagent_draft
vocabulary,boya-elementary-i:是:shi,boya-elementary-i,,是,shi,,,am; is; are,là; phải,translated_subagent_draft
vocabulary,boya-elementary-i:收到:shoudao,boya-elementary-i,,收到,shoudao,,,to receive,nhận được,translated_subagent_draft
vocabulary,boya-elementary-i:然后:ranhou,boya-elementary-i,,然后,ranhou,,,"then, after that",sau đó; rồi,translated_subagent_draft
vocabulary,boya-elementary-i:手:shou,boya-elementary-i,,手,shou,,,hand,tay,translated_subagent_draft
vocabulary,boya-elementary-i:让:rang,boya-elementary-i,,让,rang,,,"to cause, to make; to ask sb. to do sth.",khiến; bảo,translated_subagent_draft
vocabulary,boya-elementary-i:手机:shouji,boya-elementary-i,,手机,shouji,,,mobile phone,điện thoại di động,translated_subagent_draft
vocabulary,boya-elementary-i:热:re,boya-elementary-i,,热,re,,,hot,nóng,translated_subagent_draft
vocabulary,boya-elementary-i:书:shu,boya-elementary-i,,书,shu,,,,sách,translated_subagent_draft
vocabulary,boya-elementary-i:热闹:renao,boya-elementary-i,,热闹,renao,,,,nhộn nhịp; đông vui,translated_subagent_draft
vocabulary,boya-elementary-i:书包:shubao,boya-elementary-i,,书包,shubao,,,schoolbag,cặp sách,translated_subagent_draft
vocabulary,boya-elementary-i:人:ren,boya-elementary-i,,人,ren,,,people; person,người,translated_subagent_draft
vocabulary,boya-elementary-i:书法:shufd,boya-elementary-i,,书法,shufd,,,calligraphy,thư pháp,translated_subagent_draft
vocabulary,boya-elementary-i:认识:renshi,boya-elementary-i,,认识,renshi,,,to know,biết; quen,translated_subagent_draft
vocabulary,boya-elementary-i:舒服:shufu,boya-elementary-i,,舒服,shufu,,,comfortable,dễ chịu; thoải mái,translated_subagent_draft
vocabulary,boya-elementary-i:如果:ruguo,boya-elementary-i,,如果,ruguo,,,if,nếu,translated_subagent_draft
vocabulary,boya-elementary-i:输:shu,boya-elementary-i,,输,shu,,,to lose,thua,translated_subagent_draft
vocabulary,boya-elementary-i:暑假:shujia,boya-elementary-i,,暑假,shujia,,,summer vacation to one's heart content；,kỳ nghỉ hè,translated_subagent_draft
vocabulary,boya-elementary-i:扫:sdo,boya-elementary-i,,扫,sdo,,,to scan,quét; quét mã,translated_subagent_draft
vocabulary,boya-elementary-i:束:shu,boya-elementary-i,,束,shù,,,"bouquet, mearure word（for flowers ）",bó (lượng từ hoa),translated_subagent_draft
vocabulary,boya-elementary-i:删:shan,boya-elementary-i,,删,shan,,,to delete,xóa,translated_subagent_draft
vocabulary,boya-elementary-i:刷卡:shuaka,boya-elementary-i,,刷卡,shua ka,,,swipe the card,quẹt thẻ,translated_subagent_draft
vocabulary,boya-elementary-i:商店:shangaian,boya-elementary-i,,商店,shangaian,,,shop; store,cửa hàng,translated_subagent_draft
vocabulary,boya-elementary-i:帅:shudi,boya-elementary-i,,帅,shudi,,,handsome,đẹp trai,translated_subagent_draft
vocabulary,boya-elementary-i:上网:shangwdng,boya-elementary-i,,上网,shang wdng,,,to surf the Internet,lên mạng; lướt mạng,translated_subagent_draft
vocabulary,boya-elementary-i:谁:shuishei,boya-elementary-i,,谁,shui / shei,,,who; whom,ai,translated_subagent_draft
vocabulary,boya-elementary-i:上午:shangwi,boya-elementary-i,,上午,shangwi,,,morning,buổi sáng,translated_subagent_draft
vocabulary,boya-elementary-i:水:shui,boya-elementary-i,,水,shui,,,water,nước,translated_subagent_draft
vocabulary,boya-elementary-i:身体:shenti,boya-elementary-i,,身体,shenti,,,body,cơ thể; sức khỏe,translated_subagent_draft
vocabulary,boya-elementary-i:睡觉:shuijido,boya-elementary-i,,睡觉,shui jido,,,to sleep,ngủ,translated_subagent_draft
vocabulary,boya-elementary-i:生活:shenghuo,boya-elementary-i,,生活,shenghuo,,,life,cuộc sống; sinh sống,translated_subagent_draft
vocabulary,boya-elementary-i:顺利:shunli,boya-elementary-i,,顺利,shunli,,,smooth; successful,thuận lợi,translated_subagent_draft
vocabulary,boya-elementary-i:生气:shengqi,boya-elementary-i,,生气,sheng qi,,,to be angry,tức giận,translated_subagent_draft
vocabulary,boya-elementary-i:说:shuo,boya-elementary-i,,说,shuo,,,it is said,nói,translated_subagent_draft
vocabulary,boya-elementary-i:生日:shengri,boya-elementary-i,,生日,shengri,,,birthday liu S1X,sinh nhật,translated_subagent_draft
vocabulary,boya-elementary-i:说话:shuohua,boya-elementary-i,,说话,shuo hua,,,to speak; to talk,nói chuyện,translated_subagent_draft
vocabulary,boya-elementary-i:声调:shengdido,boya-elementary-i,,声调,shengdido,,,tone,thanh điệu,translated_subagent_draft
vocabulary,boya-elementary-i:……死了:sile,boya-elementary-i,,……死了,……sǐ le,,,a high degree,… chết đi được (mức độ rất cao),translated_subagent_draft
vocabulary,boya-elementary-i:师傅:shifu,boya-elementary-i,,师傅,shifu,,,address a variety of service Workers,bác/chú (cách gọi lịch sự người thợ hoặc tài xế),translated_subagent_draft
vocabulary,boya-elementary-i:送:song,boya-elementary-i,,送,song,,,to give,tặng; tiễn,translated_subagent_draft
vocabulary,boya-elementary-i:宿舍:sushe,boya-elementary-i,,宿舍,sushe,,,dormitory,ký túc xá,translated_subagent_draft
vocabulary,boya-elementary-i:十二:shier,boya-elementary-i,,十二,shi'er,,,twelve particle placed at the end,mười hai,translated_subagent_draft
vocabulary,boya-elementary-i:算了:suanle,boya-elementary-i,,算了,suanle,,,forget it,thôi bỏ đi,translated_subagent_draft
vocabulary,boya-elementary-i:什么:shenme,boya-elementary-i,,什么,shenme,,,what,cái gì; gì,translated_subagent_draft
vocabulary,boya-elementary-i:随便:suibian,boya-elementary-i,,随便,suibian,,,anything is okay； having no preference,tùy; gì cũng được,translated_subagent_draft
vocabulary,boya-elementary-i:时候:shihou,boya-elementary-i,,时候,shihou,,,time,lúc; khi,translated_subagent_draft
vocabulary,boya-elementary-i:岁:sui,boya-elementary-i,,岁,sui,,,years old,tuổi,translated_subagent_draft
vocabulary,boya-elementary-i:时间:shijian,boya-elementary-i,,时间,shijian,,,time,thời gian,translated_subagent_draft
vocabulary,boya-elementary-i:所以:suoyi,boya-elementary-i,,所以,suoyi,,,"theretore, so",vì vậy; cho nên,translated_subagent_draft
vocabulary,boya-elementary-i:食堂:shitang,boya-elementary-i,,食堂,shitang,,,canteen,nhà ăn; căng tin,translated_subagent_draft
vocabulary,boya-elementary-i:微信:weixin,boya-elementary-i,,微信,weixin,,,WeChat,WeChat,translated_subagent_draft
vocabulary,boya-elementary-i:为什么:weishenme,boya-elementary-i,,为什么,wei shenme,,,why,tại sao,translated_subagent_draft
vocabulary,boya-elementary-i:他:ta,boya-elementary-i,,他,ta,,,he; him,anh ấy; ông ấy,translated_subagent_draft
vocabulary,boya-elementary-i:位:wei,boya-elementary-i,,位,wei,,,measure word used for human,vị; người (lượng từ lịch sự),translated_subagent_draft
vocabulary,boya-elementary-i:他们:tamen,boya-elementary-i,,他们,tamen,,,they; them,họ,translated_subagent_draft
vocabulary,boya-elementary-i:味道:weidao,boya-elementary-i,,味道,weidao,,,,mùi vị; hương vị,translated_subagent_draft
vocabulary,boya-elementary-i:她:ta,boya-elementary-i,,她,ta,,,she; her,cô ấy; chị ấy,translated_subagent_draft
vocabulary,boya-elementary-i:喂:wei,boya-elementary-i,,喂,wei,,,hello （used to answer phone）,a-lô (khi nghe điện thoại),translated_subagent_draft
vocabulary,boya-elementary-i:太:tai,boya-elementary-i,,太,tai,,,too; much too,quá; rất,translated_subagent_draft
vocabulary,boya-elementary-i:问:wen,boya-elementary-i,,问,wen,,,to ask,hỏi,translated_subagent_draft
vocabulary,boya-elementary-i:趟:tang,boya-elementary-i,,趟,tang,,,measure word （for trips）,chuyến (lượng từ lượt đi),translated_subagent_draft
vocabulary,boya-elementary-i:问题:wenti,boya-elementary-i,,问题,wenti,,,question,câu hỏi; vấn đề,translated_subagent_draft
vocabulary,boya-elementary-i:特别:tebie,boya-elementary-i,,特别,tebie,,,especially; particularly,đặc biệt,translated_subagent_draft
vocabulary,boya-elementary-i:我:wo,boya-elementary-i,,我,wO,,,L;me,tôi; mình,translated_subagent_draft
vocabulary,boya-elementary-i:提前:tiqian,boya-elementary-i,,提前,tiqian,,,,sớm hơn; trước thời hạn,translated_subagent_draft
vocabulary,boya-elementary-i:我们:women,boya-elementary-i,,我们,women,,,We; US,chúng tôi; chúng ta,translated_subagent_draft
vocabulary,boya-elementary-i:体温:tiwen,boya-elementary-i,,体温,tiwen,,,temperature,thân nhiệt,translated_subagent_draft
vocabulary,boya-elementary-i:天气:tianqi,boya-elementary-i,,天气,tianqi,,,weather,thời tiết,translated_subagent_draft
vocabulary,boya-elementary-i:天气预报:tianqiyubao,boya-elementary-i,,天气预报,tianqi yubao,,,weather forecast,dự báo thời tiết,translated_subagent_draft
vocabulary,boya-elementary-i:西瓜:xigua,boya-elementary-i,,西瓜,xigua,,,watermelon,dưa hấu,translated_subagent_draft
vocabulary,boya-elementary-i:听:ting,boya-elementary-i,,听,ting,,,to obey,nghe,translated_subagent_draft
vocabulary,boya-elementary-i:习惯:xiguan,boya-elementary-i,,习惯,xiguan,,,to be used to,quen; thói quen,translated_subagent_draft
vocabulary,boya-elementary-i:听说:tingshuo,boya-elementary-i,,听说,tingshuo,,,to hear of,nghe nói,translated_subagent_draft
vocabulary,boya-elementary-i:洗:xi,boya-elementary-i,,洗,xi,,,to wash,rửa; giặt,translated_subagent_draft
vocabulary,boya-elementary-i:听写:tingxie,boya-elementary-i,,听写,tingxie,,,to have a dictation,nghe viết; chính tả,translated_subagent_draft
vocabulary,boya-elementary-i:喜欢:xihuan,boya-elementary-i,,喜欢,xihuan,,,to like,thích,translated_subagent_draft
vocabulary,boya-elementary-i:停:ting,boya-elementary-i,,停,ting,,,to stop,dừng; đỗ,translated_subagent_draft
vocabulary,boya-elementary-i:下:xid,boya-elementary-i,,下,xid,,,next,tiếp theo; dưới,translated_subagent_draft
vocabulary,boya-elementary-i:挺:ting,boya-elementary-i,,挺,ting,,,very,khá; rất,translated_subagent_draft
vocabulary,boya-elementary-i:下（雨）:xiayu,boya-elementary-i,,下（雨）,xia (yu),,,to fall,mưa; rơi (mưa),translated_subagent_draft
vocabulary,boya-elementary-i:同屋:tongwu,boya-elementary-i,,同屋,tongwu,,,roommate used at the end of a special，,bạn cùng phòng,translated_subagent_draft
vocabulary,boya-elementary-i:下课:xidke,boya-elementary-i,,下课,xid ke,,,to finish class,tan học,translated_subagent_draft
vocabulary,boya-elementary-i:同学:tongxue,boya-elementary-i,,同学,tongxue,,,classmate,bạn học,translated_subagent_draft
vocabulary,boya-elementary-i:下午:xidwu,boya-elementary-i,,下午,xidwu,,,afternoon,buổi chiều,translated_subagent_draft
vocabulary,boya-elementary-i:头疼:touteng,boya-elementary-i,,头疼,touteng,,,headache,đau đầu,translated_subagent_draft
vocabulary,boya-elementary-i:下载:xiazai,boya-elementary-i,,下载,xiazai,,,to download,tải xuống,translated_subagent_draft
vocabulary,boya-elementary-i:夏天:xiatian,boya-elementary-i,,夏天,xiatian,,,summer,mùa hè,translated_subagent_draft
vocabulary,boya-elementary-i:先:xian,boya-elementary-i,,先,xian,,,first,trước; trước hết,translated_subagent_draft
vocabulary,boya-elementary-i:外边:waibian,boya-elementary-i,,外边,waibian,,,outside,bên ngoài,translated_subagent_draft
vocabulary,boya-elementary-i:先生:xiansheng,boya-elementary-i,,先生,xiansheng,,,Sir,ông; ngài,translated_subagent_draft
vocabulary,boya-elementary-i:外卖:waimai,boya-elementary-i,,外卖,waimai,,,takeout,đồ ăn giao tận nơi,translated_subagent_draft
vocabulary,boya-elementary-i:现金:xidnjin,boya-elementary-i,,现金,xidnjin,,,cash,tiền mặt,translated_subagent_draft
vocabulary,boya-elementary-i:玩儿:wanr,boya-elementary-i,,玩儿,wanr,,,to play,chơi,translated_subagent_draft
vocabulary,boya-elementary-i:现在:xianzai,boya-elementary-i,,现在,xianzai,,,now,bây giờ; hiện tại,translated_subagent_draft
vocabulary,boya-elementary-i:晚:wan,boya-elementary-i,,晚,wan,,,late,muộn; tối,translated_subagent_draft
vocabulary,boya-elementary-i:线:xian,boya-elementary-i,,线,xian,,,line,dòng; tuyến,translated_subagent_draft
vocabulary,boya-elementary-i:晚会:wanhui,boya-elementary-i,,晚会,wanhui,,,evening party,buổi liên hoan tối,translated_subagent_draft
vocabulary,boya-elementary-i:馅儿:xianr,boya-elementary-i,,馅儿,xianr,,,filling; stuffing,nhân (bánh),translated_subagent_draft
vocabulary,boya-elementary-i:晚上:wanshang,boya-elementary-i,,晚上,wanshang,,,night; evening,buổi tối,translated_subagent_draft
vocabulary,boya-elementary-i:香蕉:xiangjido,boya-elementary-i,,香蕉,xiangjido,,,banana,chuối,translated_subagent_draft
vocabulary,boya-elementary-i:碗:wan,boya-elementary-i,,碗,wan,,,bowl,bát,translated_subagent_draft
vocabulary,boya-elementary-i:想:xidng,boya-elementary-i,,想,xidng,,,to want,muốn; nghĩ,translated_subagent_draft
vocabulary,boya-elementary-i:往:wding,boya-elementary-i,,往,wding,,,to; towards,hướng về; về phía,translated_subagent_draft
vocabulary,boya-elementary-i:想家:xiangjia,boya-elementary-i,,想家,xiang jia,,,to be homesick,nhớ nhà,translated_subagent_draft
vocabulary,boya-elementary-i:忘:wang,boya-elementary-i,,忘,wang,,,to forget,quên,translated_subagent_draft
vocabulary,boya-elementary-i:小时:xiaoshi,boya-elementary-i,,小时,xiaoshi,,,hour,giờ; tiếng,translated_subagent_draft
vocabulary,boya-elementary-i:一起:yiai,boya-elementary-i,,一起,yiai,,,together,cùng nhau,translated_subagent_draft
vocabulary,boya-elementary-i:辛苦:xinku,boya-elementary-i,,辛苦,xinku,,,hard; toilsome; laborious,vất vả; cực nhọc,translated_subagent_draft
vocabulary,boya-elementary-i:一下儿:yixiar,boya-elementary-i,,一下儿,yixiar,,,used after a verb to indicate a brief action,một chút; một lát (sau động từ),translated_subagent_draft
vocabulary,boya-elementary-i:新:xin,boya-elementary-i,,新,xin,,,new,mới,translated_subagent_draft
vocabulary,boya-elementary-i:一些:yixie,boya-elementary-i,,一些,yixie,,,some,một vài; một ít,translated_subagent_draft
vocabulary,boya-elementary-i:星期六:xingqiliu,boya-elementary-i,,星期六,xingqiliu,,,Saturday,thứ bảy,translated_subagent_draft
vocabulary,boya-elementary-i:一直:vizhi,boya-elementary-i,,一直,vizhi,,,always; all along,luôn luôn; suốt,translated_subagent_draft
vocabulary,boya-elementary-i:行:xing,boya-elementary-i,,行,xing,,,to be all right;OK,được; ổn,translated_subagent_draft
vocabulary,boya-elementary-i:衣服:yifu,boya-elementary-i,,衣服,yifu,,,clothes,quần áo,translated_subagent_draft
vocabulary,boya-elementary-i:姓:xing,boya-elementary-i,,姓,xing,,,to be surnamed,mang họ; họ,translated_subagent_draft
vocabulary,boya-elementary-i:医院:viyuan,boya-elementary-i,,医院,viyuan,,,hospital,bệnh viện,translated_subagent_draft
vocabulary,boya-elementary-i:休息:xiuxi,boya-elementary-i,,休息,xiuxi,,,to rest,nghỉ ngơi,translated_subagent_draft
vocabulary,boya-elementary-i:已经:yijing,boya-elementary-i,,已经,yijing,,,already,đã; rồi,translated_subagent_draft
vocabulary,boya-elementary-i:修:xiu,boya-elementary-i,,修,xiu,,,to repair,sửa chữa,translated_subagent_draft
vocabulary,boya-elementary-i:以后:yihou,boya-elementary-i,,以后,yihou,,,later on; afterwards,sau này; về sau,translated_subagent_draft
vocabulary,boya-elementary-i:选:xuan,boya-elementary-i,,选,xuan,,,to select; to choose,chọn; lựa chọn,translated_subagent_draft
vocabulary,boya-elementary-i:以前:yiqian,boya-elementary-i,,以前,yiqian,,,before,trước đây; trước khi,translated_subagent_draft
vocabulary,boya-elementary-i:学:xue,boya-elementary-i,,学,xue,,,to leamn; to study,học,translated_subagent_draft
vocabulary,boya-elementary-i:意见:yijian,boya-elementary-i,,意见,yijian,,,suggestion;opinion,ý kiến; đề xuất,translated_subagent_draft
vocabulary,boya-elementary-i:学期:xueqi,boya-elementary-i,,学期,Xueqi,,,semester,học kỳ,translated_subagent_draft
vocabulary,boya-elementary-i:因为:yinwei,boya-elementary-i,,因为,yinwei,,,,bởi vì; vì,translated_subagent_draft
vocabulary,boya-elementary-i:学生:xuesheng,boya-elementary-i,,学生,xuesheng,,,student,học sinh; sinh viên,translated_subagent_draft
vocabulary,boya-elementary-i:阴:yin,boya-elementary-i,,阴,yin,,,cloudy,âm u; nhiều mây,translated_subagent_draft
vocabulary,boya-elementary-i:学校:xuexido,boya-elementary-i,,学校,xuexido,,,school,trường học,translated_subagent_draft
vocabulary,boya-elementary-i:阴天:yintian,boya-elementary-i,,阴天,yintian,,,Cloudy day,ngày nhiều mây,translated_subagent_draft
vocabulary,boya-elementary-i:雪:xue,boya-elementary-i,,雪,xue,,,snow,tuyết,translated_subagent_draft
vocabulary,boya-elementary-i:应该:yinggai,boya-elementary-i,,应该,yinggai,,,Should; ought to,nên; cần phải,translated_subagent_draft
vocabulary,boya-elementary-i:赢:ying,boya-elementary-i,,赢,ying,,,to win,thắng,translated_subagent_draft
vocabulary,boya-elementary-i:研究生:yanjiusheng,boya-elementary-i,,研究生,yanjiusheng,,,geraduate student,học viên cao học,translated_subagent_draft
vocabulary,boya-elementary-i:用功:yonggong,boya-elementary-i,,用功,yonggong,,,"dilgent, hard-working in one's studies",chăm học; chịu khó học,translated_subagent_draft
vocabulary,boya-elementary-i:颜色:yanse,boya-elementary-i,,颜色,yanse,,,color,màu sắc,translated_subagent_draft
vocabulary,boya-elementary-i:游戏:youxi,boya-elementary-i,,游戏,youxi,,,game,trò chơi,translated_subagent_draft
vocabulary,boya-elementary-i:样子:yangzi,boya-elementary-i,,样子,yangzi,,,appearance; shape,dáng vẻ; kiểu dáng,translated_subagent_draft
vocabulary,boya-elementary-i:有:you,boya-elementary-i,,有,yǒu,,,to have,có,translated_subagent_draft
vocabulary,boya-elementary-i:药:yao,boya-elementary-i,,药,yao,,,medicine,thuốc,translated_subagent_draft
vocabulary,boya-elementary-i:有的:youde,boya-elementary-i,,有的,yǒude,,,some,một số; có người/cái,translated_subagent_draft
vocabulary,boya-elementary-i:要:yao,boya-elementary-i,,要,yao,,,to want （something） 6g,muốn; cần,translated_subagent_draft
vocabulary,boya-elementary-i:有点儿:youdianr,boya-elementary-i,,有点儿,youdianr,,,a litte; a bit,hơi; có một chút,translated_subagent_draft
vocabulary,boya-elementary-i:有意思:youyisi,boya-elementary-i,,有意思,you yisi,,,interesting,thú vị,translated_subagent_draft
vocabulary,boya-elementary-i:要是:yaoshi,boya-elementary-i,,要是,yaoshi,,,if,nếu mà,translated_subagent_draft
vocabulary,boya-elementary-i:也:ye,boya-elementary-i,,也,ye,,,also: too,cũng,translated_subagent_draft
vocabulary,boya-elementary-i:又:you,boya-elementary-i,,又,you,,,,lại; vừa… vừa…,translated_subagent_draft
vocabulary,boya-elementary-i:右边:youbian,boya-elementary-i,,右边,youbian,,,the right side,bên phải,translated_subagent_draft
vocabulary,boya-elementary-i:夜里:yeli,boya-elementary-i,,夜里,yeli,,,night,ban đêm,translated_subagent_draft
vocabulary,boya-elementary-i:雨:yi,boya-elementary-i,,雨,yi,,,rain,mưa,translated_subagent_draft
vocabulary,boya-elementary-i:一般:yiban,boya-elementary-i,,一般,yiban,,,generally; commonly,thường; nói chung,translated_subagent_draft
vocabulary,boya-elementary-i:雨季:ygj,boya-elementary-i,,雨季,yGj,,,rainy season,mùa mưa,translated_subagent_draft
vocabulary,boya-elementary-i:一点儿:yididnr,boya-elementary-i,,一点儿,yididnr,,,a litte bit,một chút,translated_subagent_draft
vocabulary,boya-elementary-i:一定:yiding,boya-elementary-i,,一定,yiding,,,certainly,nhất định; chắc chắn,translated_subagent_draft
vocabulary,boya-elementary-i:语法:yufa,boya-elementary-i,,语法,yǔfǎ,,,grammar,ngữ pháp,translated_subagent_draft
vocabulary,boya-elementary-i:一共:yigong,boya-elementary-i,,一共,yigong,,,in total,tổng cộng,translated_subagent_draft
vocabulary,boya-elementary-i:远:yudn,boya-elementary-i,,远,yudn,,,far,xa,translated_subagent_draft
vocabulary,boya-elementary-i:一会儿:yihuir,boya-elementary-i,,一会儿,yihuir,,,after a while; a little while,một lát nữa; một lúc,translated_subagent_draft
vocabulary,boya-elementary-i:约:yue,boya-elementary-i,,约,yue,,,month,hẹn (với ai đó),translated_subagent_draft
vocabulary,boya-elementary-i:月:yue,boya-elementary-i,,月,YUe,,,,tháng,translated_subagent_draft
vocabulary,boya-elementary-i:猪肉:zhurou,boya-elementary-i,,猪肉,zhurou,,,pork,thịt lợn,translated_subagent_draft
vocabulary,boya-elementary-i:主意:zhuyi,boya-elementary-i,,主意,zhuyi,,,idea,ý kiến; ý tưởng,translated_subagent_draft
vocabulary,boya-elementary-i:再:zai,boya-elementary-i,,再,Zai,,,again; once more; further,lại; thêm; nữa,translated_subagent_draft
vocabulary,boya-elementary-i:住:zhu,boya-elementary-i,,住,zhu,,,to live,sống; ở,translated_subagent_draft
vocabulary,boya-elementary-i:在:zai,boya-elementary-i,,在,Zai,,,to be at （in）,ở; tại; đang,translated_subagent_draft
vocabulary,boya-elementary-i:祝:zhu,boya-elementary-i,,祝,zhu,,,to wish,chúc,translated_subagent_draft
vocabulary,boya-elementary-i:咱们:zanmen,boya-elementary-i,,咱们,zanmen,,,"We, uS",chúng ta,translated_subagent_draft
vocabulary,boya-elementary-i:专业:zhuanye,boya-elementary-i,,专业,zhuanye,,,major,chuyên ngành,translated_subagent_draft
vocabulary,boya-elementary-i:怎么:zenme,boya-elementary-i,,怎么,zenme,,,how,thế nào; làm sao,translated_subagent_draft
vocabulary,boya-elementary-i:准备:zhunbei,boya-elementary-i,,准备,zhunbei,,,to prepare,chuẩn bị,translated_subagent_draft
vocabulary,boya-elementary-i:怎么样:zenmeyang,boya-elementary-i,,怎么样,zenmeyang,,,how,thế nào,translated_subagent_draft
vocabulary,boya-elementary-i:字:zi,boya-elementary-i,,字,Zi,,,character,chữ,translated_subagent_draft
vocabulary,boya-elementary-i:展览:zhanlan,boya-elementary-i,,展览,zhanlan,,,exhibition,triển lãm,translated_subagent_draft
vocabulary,boya-elementary-i:自己:zijy,boya-elementary-i,,自己,ZijY,,,,bản thân; tự mình,translated_subagent_draft
vocabulary,boya-elementary-i:张开:zhangkai,boya-elementary-i,,张开,zhang kai,,,to open,mở ra; dang ra,translated_subagent_draft
vocabulary,boya-elementary-i:自行车:zixingche,boya-elementary-i,,自行车,zixingche,,,bike,xe đạp,translated_subagent_draft
vocabulary,boya-elementary-i:长:zhang,boya-elementary-i,,长,zhang,,,to grow,lớn lên; mọc dài,translated_subagent_draft
vocabulary,boya-elementary-i:走:zou,boya-elementary-i,,走,zOu,,,to walk; to leave,đi; rời đi,translated_subagent_draft
vocabulary,boya-elementary-i:着急:zhaoji,boya-elementary-i,,着急,zhaoji,,,anxious,lo lắng; sốt ruột,translated_subagent_draft
vocabulary,boya-elementary-i:走路:zoul,boya-elementary-i,,走路,zou l,,,on toot,đi bộ,translated_subagent_draft
vocabulary,boya-elementary-i:找:zhdo,boya-elementary-i,,找,zhdo,,,to look for,tìm,translated_subagent_draft
vocabulary,boya-elementary-i:嘴:zui,boya-elementary-i,,嘴,Zui,,,mouth to write （prescript; sick,miệng,translated_subagent_draft
vocabulary,boya-elementary-i:照片:zhdopian,boya-elementary-i,,照片,zhdopian,,,photo,ảnh; bức ảnh,translated_subagent_draft
vocabulary,boya-elementary-i:最:zui,boya-elementary-i,,最,Zui,,,most,nhất,translated_subagent_draft
vocabulary,boya-elementary-i:这:zhe,boya-elementary-i,,这,zhe,,,this,này; đây,translated_subagent_draft
vocabulary,boya-elementary-i:最好:zuihdo,boya-elementary-i,,最好,zuihdo,,,"had better, it would be best",tốt nhất; nên,translated_subagent_draft
vocabulary,boya-elementary-i:这么:zheme,boya-elementary-i,,这么,zheme,,,,như thế này; đến mức này,translated_subagent_draft
vocabulary,boya-elementary-i:最近:zuijin,boya-elementary-i,,最近,zuijin,,,recently,gần đây,translated_subagent_draft
vocabulary,boya-elementary-i:这儿:zher,boya-elementary-i,,这儿,zher,,,here,ở đây,translated_subagent_draft
vocabulary,boya-elementary-i:醉:zui,boya-elementary-i,,醉,Zui,,,to be drunk,say rượu,translated_subagent_draft
vocabulary,boya-elementary-i:这样:zheyang,boya-elementary-i,,这样,zheyang,,,like this; this way,như thế này; cách này,translated_subagent_draft
vocabulary,boya-elementary-i:昨天:zuotian,boya-elementary-i,,昨天,zuotian,,,yesterday,hôm qua,translated_subagent_draft
vocabulary,boya-elementary-i:真:zhen,boya-elementary-i,,真,zhen,,,really,thật; rất,translated_subagent_draft
vocabulary,boya-elementary-i:左边:zuobian,boya-elementary-i,,左边,zuObian,,,the left side,bên trái,translated_subagent_draft
vocabulary,boya-elementary-i:正在:zhengzai,boya-elementary-i,,正在,zhengzai,,,in the course of,đang,translated_subagent_draft
vocabulary,boya-elementary-i:作业:zuoye,boya-elementary-i,,作业,zuoye,,,homework,bài tập,translated_subagent_draft
vocabulary,boya-elementary-i:只:zhi,boya-elementary-i,,只,Zhi,,,measure word,con; chiếc (lượng từ),translated_subagent_draft
vocabulary,boya-elementary-i:坐:zuo,boya-elementary-i,,坐,ZUO,,,"to take （acar, a plane..） to ride",ngồi; đi (xe/máy bay),translated_subagent_draft
vocabulary,boya-elementary-i:知道:zhidao,boya-elementary-i,,知道,zhidao,,,to know,biết,translated_subagent_draft
vocabulary,boya-elementary-i:座位:zuowei,boya-elementary-i,,座位,zuOwei,,,seat,chỗ ngồi,translated_subagent_draft
vocabulary,boya-elementary-i:做:zuo,boya-elementary-i,,做,ZUO,,,to do,làm,translated_subagent_draft
vocabulary,boya-elementary-i:质量:zhiliang,boya-elementary-i,,质量,zhiliang,,,quality,chất lượng,translated_subagent_draft
vocabulary,boya-elementary-i:做菜:zuocai,boya-elementary-i,,做菜,zuO cai,,,to cOoK,nấu ăn,translated_subagent_draft
vocabulary,boya-elementary-i:中午:zhongwu,boya-elementary-i,,中午,zhongwu,,,noon,buổi trưa,translated_subagent_draft
vocabulary,boya-elementary-i:种:zhong,boya-elementary-i,,种,zhong,,,kind,loại; giống,translated_subagent_draft
vocabulary,boya-elementary-i:澳大利亚:aodaliya,boya-elementary-i,,澳大利亚,Aodaliya,,,Australia,Úc,translated_subagent_draft
vocabulary,boya-elementary-i:日语:riyi,boya-elementary-i,,日语,Riyi,,,Japanese,tiếng Nhật,translated_subagent_draft
vocabulary,boya-elementary-i:北京大学:beijingdaxue,boya-elementary-i,,北京大学,Beijing Daxue,,,Peking Unversity,Đại học Bắc Kinh,translated_subagent_draft
vocabulary,boya-elementary-i:圣诞节:shengdanjie,boya-elementary-i,,圣诞节,Shengdan Jie,,,Christmas,Giáng sinh,translated_subagent_draft
vocabulary,boya-elementary-i:长城:changcheng,boya-elementary-i,,长城,Changcheng,,,the Great wall,Vạn Lý Trường Thành,translated_subagent_draft
vocabulary,boya-elementary-i:泰国:taiguo,boya-elementary-i,,泰国,Taiguo,,,Thailand,Thái Lan,translated_subagent_draft
vocabulary,boya-elementary-i:国庆节:guoqingjie,boya-elementary-i,,国庆节,Guoqing Jie,,,National Day,Quốc khánh,translated_subagent_draft
vocabulary,boya-elementary-i:王:wang,boya-elementary-i,,王,wang,,,a Chinese surname,Vương (họ Trung Quốc),translated_subagent_draft
vocabulary,boya-elementary-i:韩国:hanguo,boya-elementary-i,,韩国,Hanguo,,,The Republic of Korea,Hàn Quốc,translated_subagent_draft
vocabulary,boya-elementary-i:西安:xian,boya-elementary-i,,西安,Xian,,,Xi'an （capital of Shaanxi Province）,Tây An,translated_subagent_draft
vocabulary,boya-elementary-i:韩语:hanyi,boya-elementary-i,,韩语,Hanyi,,,Korean,tiếng Hàn,translated_subagent_draft
vocabulary,boya-elementary-i:汉语:hanyu,boya-elementary-i,,汉语,Hanyu,,,Chinese language,tiếng Hán; tiếng Trung,translated_subagent_draft
vocabulary,boya-elementary-i:华山:huashan,boya-elementary-i,,华山,Hua Shan,,,Hua Mountain,núi Hoa Sơn,translated_subagent_draft
vocabulary,boya-elementary-i:英国:yingguo,boya-elementary-i,,英国,Yingguo,,,the United Kingdom,Vương quốc Anh,translated_subagent_draft
vocabulary,boya-elementary-i:英语:yingyu,boya-elementary-i,,英语,Yingyu,,,English,tiếng Anh,translated_subagent_draft
vocabulary,boya-elementary-i:云南:yunnan,boya-elementary-i,,云南,Yunnan,,,Yunnan Province,Vân Nam,translated_subagent_draft
vocabulary,boya-elementary-i:李:ly,boya-elementary-i,,李,LY,,,a Chinese surname,Lý (họ Trung Quốc),translated_subagent_draft
vocabulary,boya-elementary-i:中国:zhongguo,boya-elementary-i,,中国,Zhongguo,,,China,Trung Quốc,translated_subagent_draft
vocabulary,boya-elementary-i:美国:meiguo,boya-elementary-i,,美国,Meiguo,,,the United States,Hoa Kỳ; Mỹ,translated_subagent_draft
vocabulary,boya-elementary-i:中文:zhongwen,boya-elementary-i,,中文,Zhongwen,,,Chinese,tiếng Trung; chữ Hán,translated_subagent_draft
vocabulary,boya-elementary-i:才:cai,boya-elementary-i,,才,cái,,,,mới; chỉ,translated_subagent_draft
vocabulary,boya-elementary-i:从……到……:congdao,boya-elementary-i,,从……到……,cóng……dào……,,,,từ… đến…,translated_subagent_draft
vocabulary,boya-elementary-i:的:de,boya-elementary-i,,的,de,,,,của; (trợ từ định ngữ),translated_subagent_draft
vocabulary,boya-elementary-i:带:dai,boya-elementary-i,,带,dài,,,to bring,mang; đem theo,translated_subagent_draft
vocabulary,boya-elementary-i:对……来说:duilaishuo,boya-elementary-i,,对……来说,duì……lái shuō,,,,đối với… mà nói,translated_subagent_draft
vocabulary,boya-elementary-i:量:liang,boya-elementary-i,,量,liàng,,,to measure,đo; số lượng,translated_subagent_draft
vocabulary,boya-elementary-ii:比:bi,boya-elementary-ii,,比,bǐ,,,compare; than,so với; hơn,translated_subagent_draft
vocabulary,boya-elementary-ii:比如说:birushuo,boya-elementary-ii,,比如说,birushuo,,,for example,ví dụ như; chẳng hạn,translated_subagent_draft
vocabulary,boya-elementary-ii:哎呀:diya,boya-elementary-ii,,哎呀,diya,,,"oh, my God",ôi chao; trời ơi,translated_subagent_draft
vocabulary,boya-elementary-ii:比赛:bisai,boya-elementary-ii,,比赛,bisai,,,competition; match,cuộc thi; trận đấu,translated_subagent_draft
vocabulary,boya-elementary-ii:安静:dinjing,boya-elementary-ii,,安静,dinjing,,,quiet,yên tĩnh,translated_subagent_draft
vocabulary,boya-elementary-ii:笔:by,boya-elementary-ii,,笔,bY,,,,bút,translated_subagent_draft
vocabulary,boya-elementary-ii:安排:anpai,boya-elementary-ii,,安排,anpai,,,to arrange,sắp xếp; bố trí,translated_subagent_draft
vocabulary,boya-elementary-ii:毕业:biye,boya-elementary-ii,,毕业,biye,,,to graduate,tốt nghiệp,translated_subagent_draft
vocabulary,boya-elementary-ii:按:an,boya-elementary-ii,,按,an,,,according to,theo; căn cứ theo,translated_subagent_draft
vocabulary,boya-elementary-ii:闭:bi,boya-elementary-ii,,闭,bi,,,to close,đóng; nhắm lại,translated_subagent_draft
vocabulary,boya-elementary-ii:变化:bianhud,boya-elementary-ii,,变化,bianhud,,,Change,sự thay đổi; thay đổi,translated_subagent_draft
vocabulary,boya-elementary-ii:把:ba,boya-elementary-ii,,把,ba,,,showing the influence on sb. or sth.， or how sth. is dealt with,đưa tân ngữ lên trước để nói cách xử lý hoặc tác động lên sự vật,translated_subagent_draft
vocabulary,boya-elementary-ii:遍:bian,boya-elementary-ii,,遍,bian,,,measure word （for time in repetition）,lần; lượng từ cho số lượt làm trọn một việc,translated_subagent_draft
vocabulary,boya-elementary-ii:摆:bai,boya-elementary-ii,,摆,bai,,,to lay; to set,bày; đặt; xếp,translated_subagent_draft
vocabulary,boya-elementary-ii:表现:bidoxian,boya-elementary-ii,,表现,bidoxian,,,to perform,thể hiện; biểu hiện,translated_subagent_draft
vocabulary,boya-elementary-ii:搬:ban,boya-elementary-ii,,搬,ban,,,to move,chuyển; di chuyển đồ đạc,translated_subagent_draft
vocabulary,boya-elementary-ii:宾馆:binguan,boya-elementary-ii,,宾馆,binguan,,,hotel,khách sạn,translated_subagent_draft
vocabulary,boya-elementary-ii:搬家:banjia,boya-elementary-ii,,搬家,ban jia,,,to move house,chuyển nhà,translated_subagent_draft
vocabulary,boya-elementary-ii:不但:budan,boya-elementary-ii,,不但,budan,,,not only,không những,translated_subagent_draft
vocabulary,boya-elementary-ii:办公室:bangongshi,boya-elementary-ii,,办公室,bangongshi,,,office,văn phòng,translated_subagent_draft
vocabulary,boya-elementary-ii:不见不散:bujianbusan,boya-elementary-ii,,不见不散,bu jian bu san,,,to not leave without seeing each other,không gặp không về; hẹn gặp nhất định,translated_subagent_draft
vocabulary,boya-elementary-ii:帮助:bangzhu,boya-elementary-ii,,帮助,bangzhu,,,to help,giúp đỡ; sự giúp đỡ,translated_subagent_draft
vocabulary,boya-elementary-ii:不管:bugudn,boya-elementary-ii,,不管,bugudn,,,no matter,bất kể; dù thế nào,translated_subagent_draft
vocabulary,boya-elementary-ii:包子:baozi,boya-elementary-ii,,包子,baozi,,,steamed stuffed bun,bánh bao nhân,translated_subagent_draft
vocabulary,boya-elementary-ii:饱:bdo,boya-elementary-ii,,饱,bdo,,,full,no,translated_subagent_draft
vocabulary,boya-elementary-ii:菜单:caidain,boya-elementary-ii,,菜单,caidain,,,menu,thực đơn,translated_subagent_draft
vocabulary,boya-elementary-ii:报:bao,boya-elementary-ii,,报,bao,,,newspaper,báo; tờ báo,translated_subagent_draft
vocabulary,boya-elementary-ii:参加:canjia,boya-elementary-ii,,参加,canjia,,,to join in; to take part in,tham gia,translated_subagent_draft
vocabulary,boya-elementary-ii:报名:bdoming,boya-elementary-ii,,报名,bdo ming,,,to sign up; to enroll,đăng ký,translated_subagent_draft
vocabulary,boya-elementary-ii:灿烂:canlan,boya-elementary-ii,,灿烂,canlan,,,brilliant; glorious,rực rỡ; tươi sáng,translated_subagent_draft
vocabulary,boya-elementary-ii:报名表:baomingbido,boya-elementary-ii,,报名表,baomingbido,,,application form,phiếu đăng ký,translated_subagent_draft
vocabulary,boya-elementary-ii:操场:caochang,boya-elementary-ii,,操场,caochang,,,playground,sân thể thao; sân trường,translated_subagent_draft
vocabulary,boya-elementary-ii:背:bei,boya-elementary-ii,,背,bei,,,to carry on the back,cõng; đeo trên lưng,translated_subagent_draft
vocabulary,boya-elementary-ii:层:ceng,boya-elementary-ii,,层,ceng,,,"measure word （for storey, floor）",tầng; lượng từ cho tầng nhà,translated_subagent_draft
vocabulary,boya-elementary-ii:北边:beibian,boya-elementary-ii,,北边,beibian,,,north,phía bắc,translated_subagent_draft
vocabulary,boya-elementary-ii:曾经:cengjing,boya-elementary-ii,,曾经,cengjing,,,once; ever,từng; đã từng,translated_subagent_draft
vocabulary,boya-elementary-ii:被:bei,boya-elementary-ii,,被,bei,,,used in a passive sentence indicidating that the subject is the receiver of the action,dùng trong câu bị động để chỉ chủ ngữ chịu tác động,translated_subagent_draft
vocabulary,boya-elementary-ii:茶:cha,boya-elementary-ii,,茶,cha,,,tea,trà,translated_subagent_draft
vocabulary,boya-elementary-ii:本子:benzi,boya-elementary-ii,,本子,benzi,,,exercise book,vở,translated_subagent_draft
vocabulary,boya-elementary-ii:查:cha,boya-elementary-ii,,查,cha,,,to check; to look up,tra; kiểm tra,translated_subagent_draft
vocabulary,boya-elementary-ii:鼻子:bizi,boya-elementary-ii,,鼻子,bizi,,,nose,mũi,translated_subagent_draft
vocabulary,boya-elementary-ii:尝:chang,boya-elementary-ii,,尝,chang,,,to taste,nếm; thử vị,translated_subagent_draft
vocabulary,boya-elementary-ii:场:chdng,boya-elementary-ii,,场,chdng,,,measure word （ for the process of something）,lượng từ cho một buổi hay một sự kiện,translated_subagent_draft
vocabulary,boya-elementary-ii:戴:dai,boya-elementary-ii,,戴,dài,,,to wear,đeo; đội,translated_subagent_draft
vocabulary,boya-elementary-ii:唱歌:changge,boya-elementary-ii,,唱歌,chang ge,,,to sing a song,hát,translated_subagent_draft
vocabulary,boya-elementary-ii:担心:danxin,boya-elementary-ii,,担心,danxin,,,to worry,lo lắng,translated_subagent_draft
vocabulary,boya-elementary-ii:超市:chaoshi,boya-elementary-ii,,超市,chaoshi,,,supermarket,siêu thị,translated_subagent_draft
vocabulary,boya-elementary-ii:蛋糕:dangao,boya-elementary-ii,,蛋糕,dangao,,,cake,bánh ngọt,translated_subagent_draft
vocabulary,boya-elementary-ii:炒:chdo,boya-elementary-ii,,炒,chdo,,,to try,xào,translated_subagent_draft
vocabulary,boya-elementary-ii:当:dang,boya-elementary-ii,,当,dang,,,to work as,làm; đảm nhiệm vai trò,translated_subagent_draft
vocabulary,boya-elementary-ii:衬衫:chenshan,boya-elementary-ii,,衬衫,chenshan,,,shirt,áo sơ mi,translated_subagent_draft
vocabulary,boya-elementary-ii:倒:dao,boya-elementary-ii,,倒,dao,,,to fall,ngã; đổ,translated_subagent_draft
vocabulary,boya-elementary-ii:成功:chenggong,boya-elementary-ii,,成功,chenggong,,,to succeed,thành công,translated_subagent_draft
vocabulary,boya-elementary-ii:到处:ddochi,boya-elementary-ii,,到处,ddochi,,,everywhere,khắp nơi,translated_subagent_draft
vocabulary,boya-elementary-ii:成绩:chengji,boya-elementary-ii,,成绩,chengji,,,gerade; score,điểm số; thành tích,translated_subagent_draft
vocabulary,boya-elementary-ii:到达:daoda,boya-elementary-ii,,到达,dàodá,,,to arrive,đến nơi,translated_subagent_draft
vocabulary,boya-elementary-ii:成为:chengwei,boya-elementary-ii,,成为,chengwei,,,to become,trở thành,translated_subagent_draft
vocabulary,boya-elementary-ii:乘客:chengke,boya-elementary-ii,,乘客,chengke,,,passenger,hành khách,translated_subagent_draft
vocabulary,boya-elementary-ii:道:dao,boya-elementary-ii,,道,dao,,,measure word （for examination questions）,lượng từ cho câu hỏi; món ăn,translated_subagent_draft
vocabulary,boya-elementary-ii:迟到:chiddo,boya-elementary-ii,,迟到,chiddo,,,to be late,đi muộn,translated_subagent_draft
vocabulary,boya-elementary-ii:得:de,boya-elementary-ii,,得,de,,,to get,phải; cần phải,translated_subagent_draft
vocabulary,boya-elementary-ii:抽空儿:choukongr,boya-elementary-ii,,抽空儿,chou kongr,,,to manage to find time,tranh thủ thời gian rảnh,translated_subagent_draft
vocabulary,boya-elementary-ii:灯:deng,boya-elementary-ii,,灯,deng,,,lamp; lantern,đèn,translated_subagent_draft
vocabulary,boya-elementary-ii:出租:chuzi,boya-elementary-ii,,出租,chuzi,,,to rent out,cho thuê,translated_subagent_draft
vocabulary,boya-elementary-ii:地道:didao,boya-elementary-ii,,地道,didao,,,authentic,chính gốc; chuẩn vị,translated_subagent_draft
vocabulary,boya-elementary-ii:出租车:chuziche,boya-elementary-ii,,出租车,chuziche,,,taxi,xe taxi,translated_subagent_draft
vocabulary,boya-elementary-ii:地点:dididn,boya-elementary-ii,,地点,dididn,,,place; site,địa điểm,translated_subagent_draft
vocabulary,boya-elementary-ii:除了:chule,boya-elementary-ii,,除了,chule,,,except; besides,ngoài; trừ,translated_subagent_draft
vocabulary,boya-elementary-ii:地铁:ditie,boya-elementary-ii,,地铁,ditie,,,subway,tàu điện ngầm,translated_subagent_draft
vocabulary,boya-elementary-ii:厨房:chutang,boya-elementary-ii,,厨房,chutang,,,kitchen,nhà bếp,translated_subagent_draft
vocabulary,boya-elementary-ii:地铁站:ditiezhan,boya-elementary-ii,,地铁站,ditiezhan,,,subway station,ga tàu điện ngầm,translated_subagent_draft
vocabulary,boya-elementary-ii:穿:chuan,boya-elementary-ii,,穿,chuan,,,to wear,mặc,translated_subagent_draft
vocabulary,boya-elementary-ii:点:didn,boya-elementary-ii,,点,didn,,,to order,gọi món; chọn,translated_subagent_draft
vocabulary,boya-elementary-ii:次:ci,boya-elementary-ii,,次,ci,,,measure word （for train or airplane）,lần; chuyến,translated_subagent_draft
vocabulary,boya-elementary-ii:点心:didnxin,boya-elementary-ii,,点心,didnxin,,,light refreshments; dessert,điểm tâm; món tráng miệng nhẹ,translated_subagent_draft
vocabulary,boya-elementary-ii:从来:conglai,boya-elementary-ii,,从来,conglai,,,always; at all times,từ trước đến nay; xưa nay,translated_subagent_draft
vocabulary,boya-elementary-ii:点着:didnzhao,boya-elementary-ii,,点着,didn zhao,,,to light a fire,châm; đốt lên,translated_subagent_draft
vocabulary,boya-elementary-ii:聪明:congming,boya-elementary-ii,,聪明,congming,,,smart; clever,thông minh,translated_subagent_draft
vocabulary,boya-elementary-ii:订:ding,boya-elementary-ii,,订,ding,,,,đặt trước; đặt mua,translated_subagent_draft
vocabulary,boya-elementary-ii:醋:cu,boya-elementary-ii,,醋,cù,,,TESOUIA,giấm,translated_subagent_draft
vocabulary,boya-elementary-ii:丢:diu,boya-elementary-ii,,丢,diu,,,to lose,làm mất; đánh rơi,translated_subagent_draft
vocabulary,boya-elementary-ii:东边:dongbian,boya-elementary-ii,,东边,dongbian,,,east,phía đông,translated_subagent_draft
vocabulary,boya-elementary-ii:东门:dongmen,boya-elementary-ii,,东门,dongmen,,,east gate,cổng phía đông,translated_subagent_draft
vocabulary,boya-elementary-ii:答案:daan,boya-elementary-ii,,答案,da'an,,,answer,đáp án,translated_subagent_draft
vocabulary,boya-elementary-ii:动物:dongwi,boya-elementary-ii,,动物,dongwi,,,animal,động vật,translated_subagent_draft
vocabulary,boya-elementary-ii:打包:ddbao,boya-elementary-ii,,打包,dd bao,,,to pack,gói mang về,translated_subagent_draft
vocabulary,boya-elementary-ii:动物园:dingwiyuan,boya-elementary-ii,,动物园,dingwiyuan,,,Z0O,vườn thú,translated_subagent_draft
vocabulary,boya-elementary-ii:打工:dagong,boya-elementary-ii,,打工,da gong,,,to do extra work,làm thêm; đi làm thuê,translated_subagent_draft
vocabulary,boya-elementary-ii:动作:dongzuo,boya-elementary-ii,,动作,dongzuo,,,action; movement,động tác,translated_subagent_draft
vocabulary,boya-elementary-ii:打算:ddsuan,boya-elementary-ii,,打算,ddsuan,,,to plan,dự định; kế hoạch,translated_subagent_draft
vocabulary,boya-elementary-ii:堵车:diche,boya-elementary-ii,,堵车,di che,,,to be stuck in a trafic jam,tắc đường,translated_subagent_draft
vocabulary,boya-elementary-ii:打招呼:dazhaohu,boya-elementary-ii,,打招呼,da zhaohu,,,to greet sb.； to say hello,chào hỏi,translated_subagent_draft
vocabulary,boya-elementary-ii:锻炼:dudnlian,boya-elementary-ii,,锻炼,dudnlian,,,to do exercise; to work out,tập luyện; rèn luyện,translated_subagent_draft
vocabulary,boya-elementary-ii:打折:ddzhe,boya-elementary-ii,,打折,dd zhe,,,to discount,giảm giá,translated_subagent_draft
vocabulary,boya-elementary-ii:对:dui,boya-elementary-ii,,对,dui,,,towaras; for,đối với; với,translated_subagent_draft
vocabulary,boya-elementary-ii:大象:ddxiang,boya-elementary-ii,,大象,ddxiang,,,elephant,con voi,translated_subagent_draft
vocabulary,boya-elementary-ii:对手:duishou,boya-elementary-ii,,对手,duishou,,,rival; opponent,đối thủ,translated_subagent_draft
vocabulary,boya-elementary-ii:待:dai,boya-elementary-ii,,待,dai,,,to stay,ở lại,translated_subagent_draft
vocabulary,boya-elementary-ii:多么:duome,boya-elementary-ii,,多么,duome,,,how,biết bao; biết mấy,translated_subagent_draft
vocabulary,boya-elementary-ii:感到:gandao,boya-elementary-ii,,感到,gandao,,,to feel,cảm thấy,translated_subagent_draft
vocabulary,boya-elementary-ii:感觉:ganjue,boya-elementary-ii,,感觉,ganjue,,,to feel,cảm giác; cảm thấy,translated_subagent_draft
vocabulary,boya-elementary-ii:饿:e,boya-elementary-ii,,饿,e,,,hungry,đói,translated_subagent_draft
vocabulary,boya-elementary-ii:刚才:gangcai,boya-elementary-ii,,刚才,gangcai,,,Just now,vừa nãy,translated_subagent_draft
vocabulary,boya-elementary-ii:而且:erqie,boya-elementary-ii,,而且,erqie,,,but also,hơn nữa; mà còn,translated_subagent_draft
vocabulary,boya-elementary-ii:歌手:geshou,boya-elementary-ii,,歌手,geshou,,,singer,ca sĩ,translated_subagent_draft
vocabulary,boya-elementary-ii:耳朵:erduo,boya-elementary-ii,,耳朵,erduo,,,ear,tai,translated_subagent_draft
vocabulary,boya-elementary-ii:个子:gezi,boya-elementary-ii,,个子,gezi,,,height,chiều cao; vóc dáng,translated_subagent_draft
vocabulary,boya-elementary-ii:更加:gengjia,boya-elementary-ii,,更加,gengjia,,,to a higher degree,càng; hơn nữa,translated_subagent_draft
vocabulary,boya-elementary-ii:发达:fada,boya-elementary-ii,,发达,fada,,,developed,phát triển,translated_subagent_draft
vocabulary,boya-elementary-ii:公交卡:gongjiaoka,boya-elementary-ii,,公交卡,gongjiaoka,,,bus card; transportation card,thẻ xe buýt; thẻ giao thông công cộng,translated_subagent_draft
vocabulary,boya-elementary-ii:饭馆儿:fanguanr,boya-elementary-ii,,饭馆儿,fanguanr,,,restaurant,quán ăn; nhà hàng,translated_subagent_draft
vocabulary,boya-elementary-ii:公司:gongsi,boya-elementary-ii,,公司,gongsi,,,company,công ty,translated_subagent_draft
vocabulary,boya-elementary-ii:饭卡:fankd,boya-elementary-ii,,饭卡,fankd,,,meal card,thẻ ăn; thẻ căng tin,translated_subagent_draft
vocabulary,boya-elementary-ii:公寓:gongyu,boya-elementary-ii,,公寓,gongyu,,,apartment,căn hộ,translated_subagent_draft
vocabulary,boya-elementary-ii:方便:fangbian,boya-elementary-ii,,方便,fangbian,,,convenient,tiện; thuận tiện,translated_subagent_draft
vocabulary,boya-elementary-ii:公园:gongyuan,boya-elementary-ii,,公园,gongyuan,,,park,công viên,translated_subagent_draft
vocabulary,boya-elementary-ii:房东:fangdong,boya-elementary-ii,,房东,fangdong,,,landlord,chủ nhà; chủ cho thuê,translated_subagent_draft
vocabulary,boya-elementary-ii:共同:gongtong,boya-elementary-ii,,共同,gongtong,,,common,chung; cùng nhau,translated_subagent_draft
vocabulary,boya-elementary-ii:房间:fangjian,boya-elementary-ii,,房间,fangjian,,,room,phòng,translated_subagent_draft
vocabulary,boya-elementary-ii:沟通:goutong,boya-elementary-ii,,沟通,goutong,,,to communicate,giao tiếp; trao đổi,translated_subagent_draft
vocabulary,boya-elementary-ii:房子:fangzi,boya-elementary-ii,,房子,fangzi,,,house,nhà; căn nhà,translated_subagent_draft
vocabulary,boya-elementary-ii:拐:gudi,boya-elementary-ii,,拐,gudi,,,to limp,rẽ; quẹo,translated_subagent_draft
vocabulary,boya-elementary-ii:房租:fangzi,boya-elementary-ii,,房租,fangzi,,,rent,tiền thuê nhà,translated_subagent_draft
vocabulary,boya-elementary-ii:逛:guang,boya-elementary-ii,,逛,guang,,,to stroll; to roam,đi dạo; đi tham quan,translated_subagent_draft
vocabulary,boya-elementary-ii:放松:fangsong,boya-elementary-ii,,放松,fangsong,,,to relax,thư giãn,translated_subagent_draft
vocabulary,boya-elementary-ii:锅:guo,boya-elementary-ii,,锅,guō,,,pan,chảo; nồi,translated_subagent_draft
vocabulary,boya-elementary-ii:飞机:feiji,boya-elementary-ii,,飞机,feiji,,,airplane,máy bay,translated_subagent_draft
vocabulary,boya-elementary-ii:过来:guolai,boya-elementary-ii,,过来,guo lai,,,to come over,qua đây; đến đây,translated_subagent_draft
vocabulary,boya-elementary-ii:非……不可:feibuke,boya-elementary-ii,,非……不可,fēi……bùkě,,,must,nhất định phải; không thể không,translated_subagent_draft
vocabulary,boya-elementary-ii:……分之……:fenzhi,boya-elementary-ii,,……分之……,……fēnzhī……,,,percent,phần; dùng để đọc phân số hoặc phần trăm,translated_subagent_draft
vocabulary,boya-elementary-ii:嗨:hai,boya-elementary-ii,,嗨,hai,,,hey,chào; này,translated_subagent_draft
vocabulary,boya-elementary-ii:份:fen,boya-elementary-ii,,份,fen,,,share; portion （a measure wora）,phần; suất; lượng từ cho phần ăn hay tài liệu,translated_subagent_draft
vocabulary,boya-elementary-ii:海边:hdibian,boya-elementary-ii,,海边,hdibian,,,seaside; beach,bờ biển,translated_subagent_draft
vocabulary,boya-elementary-ii:风景:fengjing,boya-elementary-ii,,风景,fengjing,,,scenery,phong cảnh,translated_subagent_draft
vocabulary,boya-elementary-ii:害怕:haipa,boya-elementary-ii,,害怕,haipa,,,to fear,sợ,translated_subagent_draft
vocabulary,boya-elementary-ii:服务员:fuwuyuan,boya-elementary-ii,,服务员,fuwuyuan,,,"waiter, waitress",nhân viên phục vụ,translated_subagent_draft
vocabulary,boya-elementary-ii:汉堡包:hanbaobdo,boya-elementary-ii,,汉堡包,hanbaobdo,,,hamburger,bánh hamburger,translated_subagent_draft
vocabulary,boya-elementary-ii:辅导:fuddo,boya-elementary-ii,,辅导,fuddo,,,to coach; to tutor,hướng dẫn; kèm học,translated_subagent_draft
vocabulary,boya-elementary-ii:航班:hangban,boya-elementary-ii,,航班,hangban,,,flight,chuyến bay,translated_subagent_draft
vocabulary,boya-elementary-ii:父母:fumu,boya-elementary-ii,,父母,fumu,,,parents,cha mẹ,translated_subagent_draft
vocabulary,boya-elementary-ii:好不:hobi,boya-elementary-ii,,好不,h obi,,,show high degree,rất; dùng để nhấn mạnh mức độ cao,translated_subagent_draft
vocabulary,boya-elementary-ii:负责:fuze,boya-elementary-ii,,负责,fuze,,,to be in charge of,phụ trách; chịu trách nhiệm,translated_subagent_draft
vocabulary,boya-elementary-ii:好玩儿:hdowanr,boya-elementary-ii,,好玩儿,hdowanr,,,interesting,vui; thú vị,translated_subagent_draft
vocabulary,boya-elementary-ii:附近:fujin,boya-elementary-ii,,附近,fujin,,,nearby region,gần đây; vùng lân cận,translated_subagent_draft
vocabulary,boya-elementary-ii:好像:hdoxiang,boya-elementary-ii,,好像,hdoxiang,,,as if,hình như; dường như,translated_subagent_draft
vocabulary,boya-elementary-ii:复习:fuxi,boya-elementary-ii,,复习,fuxi,,,to review,ôn tập,translated_subagent_draft
vocabulary,boya-elementary-ii:亏码:haoma,boya-elementary-ii,,亏码,haoma,,,number,số; số điện thoại,translated_subagent_draft
vocabulary,boya-elementary-ii:盒:he,boya-elementary-ii,,盒,he,,,box,hộp,translated_subagent_draft
vocabulary,boya-elementary-ii:该:gai,boya-elementary-ii,,该,gai,,,should,nên; đến lượt; đến lúc,translated_subagent_draft
vocabulary,boya-elementary-ii:河流:heliu,boya-elementary-ii,,河流,heliu,,,river,sông ngòi,translated_subagent_draft
vocabulary,boya-elementary-ii:干净:ganjing,boya-elementary-ii,,干净,ganjing,,,clean,sạch,translated_subagent_draft
vocabulary,boya-elementary-ii:黑板:heiban,boya-elementary-ii,,黑板,heiban,,,blackboard,bảng đen,translated_subagent_draft
vocabulary,boya-elementary-ii:烘干机:hongganji,boya-elementary-ii,,烘干机,hongganji,,,,máy sấy khô,translated_subagent_draft
vocabulary,boya-elementary-ii:家具:jiaju,boya-elementary-ii,,家具,jiaju,,,furniture,đồ nội thất,translated_subagent_draft
vocabulary,boya-elementary-ii:呼吸:huxi,boya-elementary-ii,,呼吸,huxi,,,to breathe,hô hấp; thở,translated_subagent_draft
vocabulary,boya-elementary-ii:家乡:jiaxiaing,boya-elementary-ii,,家乡,jiaxiaing,,,hometown,quê hương,translated_subagent_draft
vocabulary,boya-elementary-ii:湖:hu,boya-elementary-ii,,湖,hu,,,lake,hồ,translated_subagent_draft
vocabulary,boya-elementary-ii:价钱:jidqian,boya-elementary-ii,,价钱,jidqian,,,price,giá tiền,translated_subagent_draft
vocabulary,boya-elementary-ii:护照:huzhdo,boya-elementary-ii,,护照,huzhdo,,,passport,hộ chiếu,translated_subagent_draft
vocabulary,boya-elementary-ii:假期:jidqi,boya-elementary-ii,,假期,jidqi,,,vacation,kỳ nghỉ,translated_subagent_draft
vocabulary,boya-elementary-ii:花儿:huar,boya-elementary-ii,,花儿,huar,,,flower,hoa,translated_subagent_draft
vocabulary,boya-elementary-ii:坚持:jianchi,boya-elementary-ii,,坚持,jianchi,,,to insist on,kiên trì; kiên quyết giữ vững,translated_subagent_draft
vocabulary,boya-elementary-ii:话剧:huaju,boya-elementary-ii,,话剧,huaju,,,play,kịch nói,translated_subagent_draft
vocabulary,boya-elementary-ii:简历:jiani,boya-elementary-ii,,简历,jiani,,,resume,sơ yếu lý lịch; CV,translated_subagent_draft
vocabulary,boya-elementary-ii:话题:huati,boya-elementary-ii,,话题,huati,,,topic,chủ đề,translated_subagent_draft
vocabulary,boya-elementary-ii:健身房:jidnshentang,boya-elementary-ii,,健身房,jidnshentang,,,geym,phòng tập thể dục,translated_subagent_draft
vocabulary,boya-elementary-ii:坏:huai,boya-elementary-ii,,坏,huai,,,bad; awful,xấu; hỏng,translated_subagent_draft
vocabulary,boya-elementary-ii:交:jigo,boya-elementary-ii,,交,JiGO,,,to make （friends with）,kết; giao; nộp,translated_subagent_draft
vocabulary,boya-elementary-ii:欢迎:huanying,boya-elementary-ii,,欢迎,huanying,,,to welcome,chào mừng; hoan nghênh,translated_subagent_draft
vocabulary,boya-elementary-ii:教:jiao,boya-elementary-ii,,教,jiao,,,to teach,dạy,translated_subagent_draft
vocabulary,boya-elementary-ii:环境:huanjing,boya-elementary-ii,,环境,huanjing,,,environment,môi trường,translated_subagent_draft
vocabulary,boya-elementary-ii:教室:jidoshi,boya-elementary-ii,,教室,jidoshi,,,classroom,lớp học; phòng học,translated_subagent_draft
vocabulary,boya-elementary-ii:换:huan,boya-elementary-ii,,换,huan,,,to change,đổi; thay,translated_subagent_draft
vocabulary,boya-elementary-ii:接:jie,boya-elementary-ii,,接,jie,,,to meet; to welcome,đón; nhận,translated_subagent_draft
vocabulary,boya-elementary-ii:黄金周:huangjinzhou,boya-elementary-ii,,黄金周,huangjinzhou,,,the Golden week,Tuần lễ Vàng,translated_subagent_draft
vocabulary,boya-elementary-ii:结果:jieguo,boya-elementary-ii,,结果,jieguo,,,as a result,kết quả; vì vậy,translated_subagent_draft
vocabulary,boya-elementary-ii:回:hui,boya-elementary-ii,,回,hui,,,measure word （used in times of action）,lần; lượng từ cho số lần làm một việc,translated_subagent_draft
vocabulary,boya-elementary-ii:紧张:jinzhang,boya-elementary-ii,,紧张,jinzhang,,,nervous,căng thẳng; hồi hộp,translated_subagent_draft
vocabulary,boya-elementary-ii:回忆:huiyi,boya-elementary-ii,,回忆,huiyi,,,to recall,hồi tưởng; ký ức,translated_subagent_draft
vocabulary,boya-elementary-ii:近:jin,boya-elementary-ii,,近,jin,,,near; Close,gần,translated_subagent_draft
vocabulary,boya-elementary-ii:火:huo,boya-elementary-ii,,火,huo,,,fire,lửa,translated_subagent_draft
vocabulary,boya-elementary-ii:近视:jinshi,boya-elementary-ii,,近视,jinshi,,,"myopia, short-sighted used after a verb to indicate the result of",cận thị,translated_subagent_draft
vocabulary,boya-elementary-ii:或者:huozhe,boya-elementary-ii,,或者,huozhe,,,OT,hoặc,translated_subagent_draft
vocabulary,boya-elementary-ii:经常:jingchang,boya-elementary-ii,,经常,jingchang,,,often,thường xuyên,translated_subagent_draft
vocabulary,boya-elementary-ii:经济舱:jingjicang,boya-elementary-ii,,经济舱,jingjicang,,,economy class toudengcang first class,hạng phổ thông,translated_subagent_draft
vocabulary,boya-elementary-ii:经验:jingyan,boya-elementary-ii,,经验,jingyan,,,experience,kinh nghiệm,translated_subagent_draft
vocabulary,boya-elementary-ii:机场:jichaing,boya-elementary-ii,,机场,jichaing,,,airport,sân bay,translated_subagent_draft
vocabulary,boya-elementary-ii:机会:jihui,boya-elementary-ii,,机会,Jihui,,,chance; opportunity,cơ hội,translated_subagent_draft
vocabulary,boya-elementary-ii:惊喜:jingxi,boya-elementary-ii,,惊喜,jīngxǐ,,,surprise,bất ngờ; niềm vui bất ngờ,translated_subagent_draft
vocabulary,boya-elementary-ii:机票:jipido,boya-elementary-ii,,机票,jipido,,,airline ticket,vé máy bay,translated_subagent_draft
vocabulary,boya-elementary-ii:精彩:jingcai,boya-elementary-ii,,精彩,Jingcai,,,wonderful,tuyệt vời; đặc sắc,translated_subagent_draft
vocabulary,boya-elementary-ii:急忙:jimang,boya-elementary-ii,,急忙,jimang,,,in a hurry,vội vàng,translated_subagent_draft
vocabulary,boya-elementary-ii:聚会:juhui,boya-elementary-ii,,聚会,juhui,,,to get together,tụ họp; buổi gặp mặt,translated_subagent_draft
vocabulary,boya-elementary-ii:挤:ji,boya-elementary-ii,,挤,jǐ,,,to cram; to squceze,chen chúc; chật chội,translated_subagent_draft
vocabulary,boya-elementary-ii:决赛:juesai,boya-elementary-ii,,决赛,juesai,,,finals,trận chung kết,translated_subagent_draft
vocabulary,boya-elementary-ii:计划:jihua,boya-elementary-ii,,计划,jihua,,,plan,kế hoạch,translated_subagent_draft
vocabulary,boya-elementary-ii:记得:jide,boya-elementary-ii,,记得,jìde,,,to remember,nhớ,translated_subagent_draft
vocabulary,boya-elementary-ii:咖啡厅:kafeiting,boya-elementary-ii,,咖啡厅,kafeiting,,,cafe; coffee house,quán cà phê,translated_subagent_draft
vocabulary,boya-elementary-ii:记住:jizhu,boya-elementary-ii,,记住,jìzhù,,,to bear in mind,ghi nhớ,translated_subagent_draft
vocabulary,boya-elementary-ii:开玩笑:kaiwanxido,boya-elementary-ii,,开玩笑,kai wanxido,,,to make fun of,đùa; nói đùa,translated_subagent_draft
vocabulary,boya-elementary-ii:加:jia,boya-elementary-ii,,加,jia,,,to add,thêm; cộng,translated_subagent_draft
vocabulary,boya-elementary-ii:开心:kaixin,boya-elementary-ii,,开心,kaixin,,,happy; glad,vui; vui vẻ,translated_subagent_draft
vocabulary,boya-elementary-ii:加油:jiayou,boya-elementary-ii,,加油,jia you,,,effort,cố lên; cổ vũ,translated_subagent_draft
vocabulary,boya-elementary-ii:考试:kdoshi,boya-elementary-ii,,考试,kdo shi,,,to examine,thi; kiểm tra,translated_subagent_draft
vocabulary,boya-elementary-ii:家:jia,boya-elementary-ii,,家,jia,,,"measure word （for enterprises， such as restaurant, bookstore, etc.）",lượng từ cho cơ sở kinh doanh như nhà hàng hoặc cửa hàng,translated_subagent_draft
vocabulary,boya-elementary-ii:靠近:kdojin,boya-elementary-ii,,靠近,kdojin,,,to be close to,gần; đến gần,translated_subagent_draft
vocabulary,boya-elementary-ii:家常菜:jiachangcai,boya-elementary-ii,,家常菜,jiachangcai,,,home-made dish（food）,món ăn gia đình,translated_subagent_draft
vocabulary,boya-elementary-ii:可爱:keai,boya-elementary-ii,,可爱,ke'ai,,,lovely; cute,đáng yêu,translated_subagent_draft
vocabulary,boya-elementary-ii:可口:kekou,boya-elementary-ii,,可口,kekou,,,tasty,ngon miệng,translated_subagent_draft
vocabulary,boya-elementary-ii:麻婆豆腐:mapodoufu,boya-elementary-ii,,麻婆豆腐,mapo doufu,,,stir-fried beancurd in hot sauce,đậu phụ Ma Bà,translated_subagent_draft
vocabulary,boya-elementary-ii:可惜:kexi,boya-elementary-ii,,可惜,kexi,,,It is a pity that...,đáng tiếc,translated_subagent_draft
vocabulary,boya-elementary-ii:买单:maidan,boya-elementary-ii,,买单,mai dan,,,to pay the bill,thanh toán hóa đơn,translated_subagent_draft
vocabulary,boya-elementary-ii:肯定:kending,boya-elementary-ii,,肯定,kending,,,certainly,chắc chắn; khẳng định,translated_subagent_draft
vocabulary,boya-elementary-ii:满:man,boya-elementary-ii,,满,man,,,full,đầy; kín,translated_subagent_draft
vocabulary,boya-elementary-ii:恐怕:kongpo,boya-elementary-ii,,恐怕,kongpo,,,perhaps,e rằng; có lẽ,translated_subagent_draft
vocabulary,boya-elementary-ii:满意:manyi,boya-elementary-ii,,满意,manyi,,,satisfied,hài lòng,translated_subagent_draft
vocabulary,boya-elementary-ii:口:kou,boya-elementary-ii,,口,kou,,,measure word for person etc.,lượng từ cho người trong gia đình hoặc miệng,translated_subagent_draft
vocabulary,boya-elementary-ii:慢:man,boya-elementary-ii,,慢,man,,,slow,chậm,translated_subagent_draft
vocabulary,boya-elementary-ii:块:kudi,boya-elementary-ii,,块,kudi,,,piece,miếng; đồng tệ,translated_subagent_draft
vocabulary,boya-elementary-ii:门口:menkou,boya-elementary-ii,,门口,menkou,,,doorway,cửa ra vào,translated_subagent_draft
vocabulary,boya-elementary-ii:快:kuai,boya-elementary-ii,,快,kuai,,,quick,nhanh,translated_subagent_draft
vocabulary,boya-elementary-ii:米饭:mifan,boya-elementary-ii,,米饭,mifan,,,rice,cơm,translated_subagent_draft
vocabulary,boya-elementary-ii:快乐:kudile,boya-elementary-ii,,快乐,kudile,,,happy; joyful,vui vẻ; hạnh phúc,translated_subagent_draft
vocabulary,boya-elementary-ii:面试:mianshi,boya-elementary-ii,,面试,mianshi,,,to interview,phỏng vấn,translated_subagent_draft
vocabulary,boya-elementary-ii:矿泉水:kudngquanshui,boya-elementary-ii,,矿泉水,kudngquanshui,,,mineral water,nước khoáng,translated_subagent_draft
vocabulary,boya-elementary-ii:名:ming,boya-elementary-ii,,名,ming,,,measure word （for human）,lượng từ lịch sự cho người,translated_subagent_draft
vocabulary,boya-elementary-ii:陌生:mosheng,boya-elementary-ii,,陌生,mosheng,,,strange,xa lạ,translated_subagent_draft
vocabulary,boya-elementary-ii:母校:muxido,boya-elementary-ii,,母校,muxido,,,one's mother school; Alma Mater,trường cũ; trường mẹ,translated_subagent_draft
vocabulary,boya-elementary-ii:辣:la,boya-elementary-ii,,辣,la,,,hot; spicy,cay,translated_subagent_draft
vocabulary,boya-elementary-ii:辣椒:lajiao,boya-elementary-ii,,辣椒,lajiao,,,pepper,ớt,translated_subagent_draft
vocabulary,boya-elementary-ii:篮球:lanqiu,boya-elementary-ii,,篮球,lanqiu,,,basketball,bóng rổ,translated_subagent_draft
vocabulary,boya-elementary-ii:拿:na,boya-elementary-ii,,拿,na,,,to take,cầm; lấy,translated_subagent_draft
vocabulary,boya-elementary-ii:离:li,boya-elementary-ii,,离,lí,,,to be away from,cách; rời khỏi,translated_subagent_draft
vocabulary,boya-elementary-ii:斤:jin,boya-elementary-ii,,斤,jīn,,,,cân (đơn vị 500 g),translated_subagent_draft
vocabulary,boya-elementary-ii:哪里:nali,boya-elementary-ii,,哪里,nali,,,a way to show modesty,đâu; nào,translated_subagent_draft
vocabulary,boya-elementary-ii:离开:iikai,boya-elementary-ii,,离开,Ii kai,,,to leave,rời khỏi,translated_subagent_draft
vocabulary,boya-elementary-ii:南边:nanbian,boya-elementary-ii,,南边,nanbian,,,south,phía nam,translated_subagent_draft
vocabulary,boya-elementary-ii:里面:imian,boya-elementary-ii,,里面,imian,,,inside; Interior,bên trong,translated_subagent_draft
vocabulary,boya-elementary-ii:南方:nanfang,boya-elementary-ii,,南方,nanfang,,,south,miền nam,translated_subagent_draft
vocabulary,boya-elementary-ii:里:li,boya-elementary-ii,,里,lǐ,,,,bên trong,translated_subagent_draft
vocabulary,boya-elementary-ii:难得:nande,boya-elementary-ii,,难得,nande,,,hard to come Dy,hiếm khi; khó có được,translated_subagent_draft
vocabulary,boya-elementary-ii:理想:iixidng,boya-elementary-ii,,理想,iixidng,,,ideal: hope for the future,lý tưởng; ước mơ,translated_subagent_draft
vocabulary,boya-elementary-ii:难过:nanguo,boya-elementary-ii,,难过,nanguo,,,sad,buồn; khó chịu,translated_subagent_draft
vocabulary,boya-elementary-ii:厉害:lihai,boya-elementary-ii,,厉害,lihai,,,powerful; excellent,lợi hại; ghê,translated_subagent_draft
vocabulary,boya-elementary-ii:闹钟:ndozhong,boya-elementary-ii,,闹钟,ndozhong,,,alarm clock used before some two-character adjectives to,đồng hồ báo thức,translated_subagent_draft
vocabulary,boya-elementary-ii:立:ii,boya-elementary-ii,,立,Ii,,,to erect,dựng; đặt đứng,translated_subagent_draft
vocabulary,boya-elementary-ii:牛肉:niurou,boya-elementary-ii,,牛肉,niurou,,,beef writing utensils,thịt bò,translated_subagent_draft
vocabulary,boya-elementary-ii:牛仔裤:niuzdiku,boya-elementary-ii,,牛仔裤,niuzdiku,,,jeans,quần bò,translated_subagent_draft
vocabulary,boya-elementary-ii:连着:lianzhe,boya-elementary-ii,,连着,lianzhe,,,continuously,liên tục; liền,translated_subagent_draft
vocabulary,boya-elementary-ii:努力:nuli,boya-elementary-ii,,努力,nuli,,,to make great efforts lian・・・・・・dou・• even,nỗ lực; cố gắng,translated_subagent_draft
vocabulary,boya-elementary-ii:联系:lianxi,boya-elementary-ii,,联系,lianxi,,,to contact,liên hệ,translated_subagent_draft
vocabulary,boya-elementary-ii:聊天儿:lidotianr,boya-elementary-ii,,聊天儿,lido tianr,,,to chat,trò chuyện,translated_subagent_draft
vocabulary,boya-elementary-ii:牌子:paizi,boya-elementary-ii,,牌子,paizi,,,brand,nhãn hiệu; biển hiệu,translated_subagent_draft
vocabulary,boya-elementary-ii:了解:lidojie,boya-elementary-ii,,了解,lidojie,,,to understand; to comprehend,hiểu; tìm hiểu,translated_subagent_draft
vocabulary,boya-elementary-ii:盘子:panzi,boya-elementary-ii,,盘子,panzi,,,plate,đĩa,translated_subagent_draft
vocabulary,boya-elementary-ii:零钱:iingqian,boya-elementary-ii,,零钱,Iingqian,,,small change; pocket money,tiền lẻ,translated_subagent_draft
vocabulary,boya-elementary-ii:胖:pang,boya-elementary-ii,,胖,pang,,,fat,béo; mập,translated_subagent_draft
vocabulary,boya-elementary-ii:旅行:luxing,boya-elementary-ii,,旅行,luxing,,,to travel,du lịch,translated_subagent_draft
vocabulary,boya-elementary-ii:跑步:paobu,boya-elementary-ii,,跑步,pao bu,,,to run,chạy bộ,translated_subagent_draft
vocabulary,boya-elementary-ii:皮:pi,boya-elementary-ii,,皮,pí,,,,da; vỏ,translated_subagent_draft
vocabulary,boya-elementary-ii:麻烦:mafan,boya-elementary-ii,,麻烦,mafan,,,to bother,làm phiền; phiền,translated_subagent_draft
vocabulary,boya-elementary-ii:片:pian,boya-elementary-ii,,片,pian,,,slice,miếng; lát (lượng từ),translated_subagent_draft
vocabulary,boya-elementary-ii:平:ping,boya-elementary-ii,,平,ping,,,even,phẳng; ngang bằng,translated_subagent_draft
vocabulary,boya-elementary-ii:沙发:shafa,boya-elementary-ii,,沙发,shafa,,,sofa,ghế sofa,translated_subagent_draft
vocabulary,boya-elementary-ii:瓶:ping,boya-elementary-ii,,瓶,ping,,,bottle,chai (lượng từ),translated_subagent_draft
vocabulary,boya-elementary-ii:商店:shangdlian,boya-elementary-ii,,商店,shangdlian,,,shop,cửa hàng,translated_subagent_draft
vocabulary,boya-elementary-ii:上班:shangban,boya-elementary-ii,,上班,shang ban,,,to ggo to work,đi làm,translated_subagent_draft
vocabulary,boya-elementary-ii:上去:shangqu,boya-elementary-ii,,上去,shang qu,,,to go upward,đi lên,translated_subagent_draft
vocabulary,boya-elementary-ii:其实:qishi,boya-elementary-ii,,其实,qishi,,,actually,thật ra; thực ra,translated_subagent_draft
vocabulary,boya-elementary-ii:上学:shangxue,boya-elementary-ii,,上学,shang xue,,,to ggo to school,đi học,translated_subagent_draft
vocabulary,boya-elementary-ii:奇怪:qigudi,boya-elementary-ii,,奇怪,qigudi,,,strange;odd,lạ; kỳ lạ,translated_subagent_draft
vocabulary,boya-elementary-ii:社团:shetuan,boya-elementary-ii,,社团,shetuan,,,community,câu lạc bộ,translated_subagent_draft
vocabulary,boya-elementary-ii:启发:aifa,boya-elementary-ii,,启发,aifa,,,to enlighten,gợi mở; khơi gợi,translated_subagent_draft
vocabulary,boya-elementary-ii:深:shen,boya-elementary-ii,,深,shen,,,deep,sâu,translated_subagent_draft
vocabulary,boya-elementary-ii:起飞:aifei,boya-elementary-ii,,起飞,aifei,,,to take off,cất cánh,translated_subagent_draft
vocabulary,boya-elementary-ii:生活:shenghuo,boya-elementary-ii,,生活,shenghuo,,,to live,cuộc sống; sinh sống,translated_subagent_draft
vocabulary,boya-elementary-ii:起来:qilai,boya-elementary-ii,,起来,qi lai,,,used after verbs to indicate upward movement,đứng dậy; lên (bổ ngữ xu hướng),translated_subagent_draft
vocabulary,boya-elementary-ii:生日:shengri,boya-elementary-ii,,生日,shengri,,,birthday,sinh nhật,translated_subagent_draft
vocabulary,boya-elementary-ii:汽车:qiche,boya-elementary-ii,,汽车,qiche,,,car,ô tô,translated_subagent_draft
vocabulary,boya-elementary-ii:省:sheng,boya-elementary-ii,,省,sheng,,,province,tỉnh (Trung Quốc),translated_subagent_draft
vocabulary,boya-elementary-ii:钱包:qidnbao,boya-elementary-ii,,钱包,qidnbao,,,wallet,ví tiền,translated_subagent_draft
vocabulary,boya-elementary-ii:失败:shibai,boya-elementary-ii,,失败,shibai,,,to fail,thất bại,translated_subagent_draft
vocabulary,boya-elementary-ii:墙:qiang,boya-elementary-ii,,墙,qiang,,,wall,tường,translated_subagent_draft
vocabulary,boya-elementary-ii:师傅:shifu,boya-elementary-ii,,师傅,shifu,,,"sir, worker",bác/chú (cách gọi lịch sự người thợ hoặc tài xế),translated_subagent_draft
vocabulary,boya-elementary-ii:巧:qiao,boya-elementary-ii,,巧,qiǎo,,,to book,tình cờ; khéo đúng lúc,translated_subagent_draft
vocabulary,boya-elementary-ii:实现:shixian,boya-elementary-ii,,实现,shixian,,,to accomplish; to realize,thực hiện; biến thành hiện thực,translated_subagent_draft
vocabulary,boya-elementary-ii:切:qie,boya-elementary-ii,,切,qie,,,to cut,cắt; thái,translated_subagent_draft
vocabulary,boya-elementary-ii:拾到者:shidaozhe,boya-elementary-ii,,拾到者,shidaozhe,,,finder,người nhặt được,translated_subagent_draft
vocabulary,boya-elementary-ii:轻松:qingsong,boya-elementary-ii,,轻松,qingsong,,,easy; relaxed,nhẹ nhàng; thoải mái,translated_subagent_draft
vocabulary,boya-elementary-ii:食堂:shitang,boya-elementary-ii,,食堂,shitang,,,canteen,nhà ăn; căng tin,translated_subagent_draft
vocabulary,boya-elementary-ii:清楚:qingchu,boya-elementary-ii,,清楚,qingchu,,,clear,rõ; rõ ràng,translated_subagent_draft
vocabulary,boya-elementary-ii:食指:shizhi,boya-elementary-ii,,食指,shizhi,,,index finger,ngón trỏ,translated_subagent_draft
vocabulary,boya-elementary-ii:晴:qing,boya-elementary-ii,,晴,qing,,,sunny,nắng; trời quang,translated_subagent_draft
vocabulary,boya-elementary-ii:试:shi,boya-elementary-ii,,试,shi,,,to have a try,thử,translated_subagent_draft
vocabulary,boya-elementary-ii:取:qu,boya-elementary-ii,,取,qu,,,to take; to fetch,lấy; nhận,translated_subagent_draft
vocabulary,boya-elementary-ii:适合:shihe,boya-elementary-ii,,适合,shihe,,,to fit; to suit,phù hợp; hợp,translated_subagent_draft
vocabulary,boya-elementary-ii:去掉:qudico,boya-elementary-ii,,去掉,qu dico,,,to remove,bỏ đi; loại bỏ,translated_subagent_draft
vocabulary,boya-elementary-ii:收拾:shoushi,boya-elementary-ii,,收拾,shoushi,,,to pack; to clear away,dọn dẹp; thu xếp,translated_subagent_draft
vocabulary,boya-elementary-ii:熟:shou,boya-elementary-ii,,熟,shou,,,pay000,chín,translated_subagent_draft
vocabulary,boya-elementary-ii:热:re,boya-elementary-ii,,热,re,,,hot,nóng,translated_subagent_draft
vocabulary,boya-elementary-ii:书包:shubao,boya-elementary-ii,,书包,shubao,,,schoolbag,cặp sách,translated_subagent_draft
vocabulary,boya-elementary-ii:热情:reqing,boya-elementary-ii,,热情,reqing,,,enthusiastic,nhiệt tình,translated_subagent_draft
vocabulary,boya-elementary-ii:舒服:shufu,boya-elementary-ii,,舒服,shufu,,,to feel well; comfortable,dễ chịu; thoải mái,translated_subagent_draft
vocabulary,boya-elementary-ii:认真:renzhen,boya-elementary-ii,,认真,renzhen,,,serious; earnest,nghiêm túc; chăm chỉ,translated_subagent_draft
vocabulary,boya-elementary-ii:输:shu,boya-elementary-ii,,输,shu,,,to lose; to be beaten,thua,translated_subagent_draft
vocabulary,boya-elementary-ii:日出:richi,boya-elementary-ii,,日出,richi,,,sunrise,bình minh; mặt trời mọc,translated_subagent_draft
vocabulary,boya-elementary-ii:熟悉:shuxi,boya-elementary-ii,,熟悉,shuxi,,,familiar,quen thuộc,translated_subagent_draft
vocabulary,boya-elementary-ii:日子:rizi,boya-elementary-ii,,日子,rizi,,,day,ngày tháng; cuộc sống,translated_subagent_draft
vocabulary,boya-elementary-ii:树:shu,boya-elementary-ii,,树,shu,,,tree,cây,translated_subagent_draft
vocabulary,boya-elementary-ii:如果:riguo,boya-elementary-ii,,如果,riguo,,,if,nếu,translated_subagent_draft
vocabulary,boya-elementary-ii:数学:shuxue,boya-elementary-ii,,数学,shuxue,,,mathematics,toán học,translated_subagent_draft
vocabulary,boya-elementary-ii:刷卡:shuaka,boya-elementary-ii,,刷卡,shua ka,,,to swipe the card,quẹt thẻ,translated_subagent_draft
vocabulary,boya-elementary-ii:摔:shuai,boya-elementary-ii,,摔,shuai,,,to fall; to tumble,ngã; làm rơi,translated_subagent_draft
vocabulary,boya-elementary-ii:散步:sanbu,boya-elementary-ii,,散步,san bu,,,to go for a walk,đi dạo,translated_subagent_draft
vocabulary,boya-elementary-ii:帅:shudi,boya-elementary-ii,,帅,shudi,,,,đẹp trai,translated_subagent_draft
vocabulary,boya-elementary-ii:扫:sdo,boya-elementary-ii,,扫,sdo,,,to scan,quét; quét mã,translated_subagent_draft
vocabulary,boya-elementary-ii:水饺:shurjidio,boya-elementary-ii,,水饺,shurjidio,,,dumpling （with meat and vegetable stuffing）,sủi cảo,translated_subagent_draft
vocabulary,boya-elementary-ii:完美:wanmei,boya-elementary-ii,,完美,wanmei,,,perfect; wonderful,hoàn hảo,translated_subagent_draft
vocabulary,boya-elementary-ii:小时候:xidoshihou,boya-elementary-ii,,小时候,xidoshihou,,,in one's childhood,lúc nhỏ; hồi bé,translated_subagent_draft
vocabulary,boya-elementary-ii:外面:waimian,boya-elementary-ii,,外面,waimian,,,outside Zu to rent,bên ngoài,translated_subagent_draft
vocabulary,boya-elementary-ii:消息:xidoxi,boya-elementary-ii,,消息,xidoxi,,,message,tin nhắn; tin tức,translated_subagent_draft
vocabulary,boya-elementary-ii:外卖:waimai,boya-elementary-ii,,外卖,waimai,,,take-out food,đồ ăn giao tận nơi,translated_subagent_draft
vocabulary,boya-elementary-ii:像:xiang,boya-elementary-ii,,像,xiang,,,to resemble; to be like,giống như,translated_subagent_draft
vocabulary,boya-elementary-ii:相片:xiangpian,boya-elementary-ii,,相片,xiangpian,,,photograph,ảnh; bức ảnh,translated_subagent_draft
vocabulary,boya-elementary-ii:响:xidng,boya-elementary-ii,,响,xidng,,,to ring; to make a sound,reo; vang,translated_subagent_draft
vocabulary,boya-elementary-ii:土豆:tudou,boya-elementary-ii,,土豆,tǔdòu,,,potato,khoai tây,translated_subagent_draft
vocabulary,boya-elementary-ii:箱子:xiangzi,boya-elementary-ii,,箱子,xiangzi,,,box,thùng; hộp lớn,translated_subagent_draft
vocabulary,boya-elementary-ii:图书馆:tushuguan,boya-elementary-ii,,图书馆,túshūguǎn,,,hbrary,thư viện,translated_subagent_draft
vocabulary,boya-elementary-ii:相关:xiangguan,boya-elementary-ii,,相关,xiangguan,,,to be in related,liên quan,translated_subagent_draft
vocabulary,boya-elementary-ii:头发:toufa,boya-elementary-ii,,头发,toufa,,,hair,tóc,translated_subagent_draft
vocabulary,boya-elementary-ii:羡慕:xianmu,boya-elementary-ii,,羡慕,xianmu,,,to envy; to admire,ngưỡng mộ; ghen tị,translated_subagent_draft
vocabulary,boya-elementary-ii:头等舱:toudengcang,boya-elementary-ii,,头等舱,toudengcang,,,,khoang hạng nhất,translated_subagent_draft
vocabulary,boya-elementary-ii:先生:xiansheng,boya-elementary-ii,,先生,xiansheng,,,Mr.,ông; ngài,translated_subagent_draft
vocabulary,boya-elementary-ii:痛快:tongkuai,boya-elementary-ii,,痛快,tòngkuài,,,to one's heart content; to one's great satisfaction,sảng khoái; thỏa thích,translated_subagent_draft
vocabulary,boya-elementary-ii:先:xian,boya-elementary-ii,,先,xian,,,first,trước; trước hết,translated_subagent_draft
vocabulary,boya-elementary-ii:同时:tongshi,boya-elementary-ii,,同时,tongshi,,,at the same time,đồng thời,translated_subagent_draft
vocabulary,boya-elementary-ii:下来:xidlai,boya-elementary-ii,,下来,xid lai,,,to come down,đi xuống; xuống,translated_subagent_draft
vocabulary,boya-elementary-ii:通知:tongzhi,boya-elementary-ii,,通知,tongzhi,,,notice,thông báo,translated_subagent_draft
vocabulary,boya-elementary-ii:系:xi,boya-elementary-ii,,系,xi,,,department; faculty,khoa; bộ môn,translated_subagent_draft
vocabulary,boya-elementary-ii:听写:tingxie,boya-elementary-ii,,听写,tingxie,,,to dictate,nghe viết,translated_subagent_draft
vocabulary,boya-elementary-ii:洗衣机:xiyij,boya-elementary-ii,,洗衣机,xiyij,,,washing machine,máy giặt,translated_subagent_draft
vocabulary,boya-elementary-ii:听说:tingshua,boya-elementary-ii,,听说,tingshua,,,to hear of,nghe nói,translated_subagent_draft
vocabulary,boya-elementary-ii:洗:xy,boya-elementary-ii,,洗,xY,,,to wash,rửa; giặt,translated_subagent_draft
vocabulary,boya-elementary-ii:听见:tingjian,boya-elementary-ii,,听见,ting jian,,,to hear,nghe thấy,translated_subagent_draft
vocabulary,boya-elementary-ii:习惯:xiguan,boya-elementary-ii,,习惯,xiguan,,,to be accustomed to; to be used to,quen; thói quen,translated_subagent_draft
vocabulary,boya-elementary-ii:贴:tie,boya-elementary-ii,,贴,tie,,,to paste,dán,translated_subagent_draft
vocabulary,boya-elementary-ii:希望:xiwang,boya-elementary-ii,,希望,xiwang,,,to hope,hy vọng; mong,translated_subagent_draft
vocabulary,boya-elementary-ii:条件:tidolian,boya-elementary-ii,,条件,tidolian,,,condition,điều kiện,translated_subagent_draft
vocabulary,boya-elementary-ii:西红柿:xihongshi,boya-elementary-ii,,西红柿,xihongshi,,,tomato,cà chua,translated_subagent_draft
vocabulary,boya-elementary-ii:甜:tian,boya-elementary-ii,,甜,tian,,,sweet,ngọt,translated_subagent_draft
vocabulary,boya-elementary-ii:西边:xibian,boya-elementary-ii,,西边,xibian,,,west,phía tây,translated_subagent_draft
vocabulary,boya-elementary-ii:提:ti,boya-elementary-ii,,提,tí,,,to mention; to bring up,nhắc đến; xách,translated_subagent_draft
vocabulary,boya-elementary-ii:套:tao,boya-elementary-ii,,套,tao,,,a set of,bộ; căn (lượng từ nhà hoặc căn hộ),translated_subagent_draft
vocabulary,boya-elementary-ii:讨论:tdolin,boya-elementary-ii,,讨论,tdolin,,,to discuss,thảo luận,translated_subagent_draft
vocabulary,boya-elementary-ii:无:wi,boya-elementary-ii,,无,Wi,,,to not have,không có; vô,translated_subagent_draft
vocabulary,boya-elementary-ii:趟:tang,boya-elementary-ii,,趟,tang,,,measure word （for one round trip）,chuyến (lượng từ lượt đi-về),translated_subagent_draft
vocabulary,boya-elementary-ii:味道:weidao,boya-elementary-ii,,味道,weidao,,,flavor; taste,mùi vị; hương vị,translated_subagent_draft
vocabulary,boya-elementary-ii:糖:tang,boya-elementary-ii,,糖,tang,,,sugar,đường,translated_subagent_draft
vocabulary,boya-elementary-ii:卫生间:weishengjian,boya-elementary-ii,,卫生间,weishengjian,,,toilet,nhà vệ sinh,translated_subagent_draft
vocabulary,boya-elementary-ii:为了:weile,boya-elementary-ii,,为了,weile,,,In order to,để; vì mục đích,translated_subagent_draft
vocabulary,boya-elementary-ii:往:wding,boya-elementary-ii,,往,wding,,,towards,hướng về; về phía,translated_subagent_draft
vocabulary,boya-elementary-ii:蒜:suan,boya-elementary-ii,,蒜,suan,,,garlic,tỏi,translated_subagent_draft
vocabulary,boya-elementary-ii:网上:wdingshang,boya-elementary-ii,,网上,wdingshang,,,on the internet,trên mạng,translated_subagent_draft
vocabulary,boya-elementary-ii:酸:suan,boya-elementary-ii,,酸,suan,,,InOs,chua,translated_subagent_draft
vocabulary,boya-elementary-ii:忘:wang,boya-elementary-ii,,忘,wang,,,to forget,quên,translated_subagent_draft
vocabulary,boya-elementary-ii:送:song,boya-elementary-ii,,送,song,,,to see sb.off,tiễn; tặng,translated_subagent_draft
vocabulary,boya-elementary-ii:碗:wan,boya-elementary-ii,,碗,wan,,,bowl,bát,translated_subagent_draft
vocabulary,boya-elementary-ii:丝:si,boya-elementary-ii,,丝,Si,,,narrow pleces,sợi; sợi nhỏ (lượng từ),translated_subagent_draft
vocabulary,boya-elementary-ii:晚点:wandidn,boya-elementary-ii,,晚点,wandidn,,,"to be late, to be behind schedule",trễ giờ; chậm chuyến,translated_subagent_draft
vocabulary,boya-elementary-ii:顺利:shunli,boya-elementary-ii,,顺利,shunli,,,smooth; successful,thuận lợi,translated_subagent_draft
vocabulary,boya-elementary-ii:完全:wanquan,boya-elementary-ii,,完全,wanquan,,,completely; fully,hoàn toàn,translated_subagent_draft
vocabulary,boya-elementary-ii:睡懒觉:shuilaniiao,boya-elementary-ii,,睡懒觉,shui laniiao,,,to lie in,ngủ nướng,translated_subagent_draft
vocabulary,boya-elementary-ii:校园:xidoyuan,boya-elementary-ii,,校园,xidoyuan,,,campus,khuôn viên trường,translated_subagent_draft
vocabulary,boya-elementary-ii:阴:yin,boya-elementary-ii,,阴,yin,,,cloudy; overcast,âm u; nhiều mây,translated_subagent_draft
vocabulary,boya-elementary-ii:笑:xido,boya-elementary-ii,,笑,xido,,,to smile; to laugh,cười,translated_subagent_draft
vocabulary,boya-elementary-ii:赢:ying,boya-elementary-ii,,赢,ying,,,to win,thắng,translated_subagent_draft
vocabulary,boya-elementary-ii:熊猫:xiongmao,boya-elementary-ii,,熊猫,xiongmao,,,panda,gấu trúc,translated_subagent_draft
vocabulary,boya-elementary-ii:影响:yingxiang,boya-elementary-ii,,影响,yingxiang,,,to influence,ảnh hưởng,translated_subagent_draft
vocabulary,boya-elementary-ii:新鲜:xinxian,boya-elementary-ii,,新鲜,xinxian,,,fresh peel,tươi; mới,translated_subagent_draft
vocabulary,boya-elementary-ii:优点:youdian,boya-elementary-ii,,优点,youdian,,,advantage,ưu điểm,translated_subagent_draft
vocabulary,boya-elementary-ii:信息:xinxi,boya-elementary-ii,,信息,xinxi,,,information; news,thông tin,translated_subagent_draft
vocabulary,boya-elementary-ii:油:you,boya-elementary-ii,,油,yOu,,,T!O,dầu ăn,translated_subagent_draft
vocabulary,boya-elementary-ii:信心:xinxin,boya-elementary-ii,,信心,xinxin,,,confidence,niềm tin; sự tự tin,translated_subagent_draft
vocabulary,boya-elementary-ii:有空儿:youkongr,boya-elementary-ii,,有空儿,you kongr,,,to be free of time,rảnh,translated_subagent_draft
vocabulary,boya-elementary-ii:醒:xing,boya-elementary-ii,,醒,xing,,,"to wake, to be awake",tỉnh; thức,translated_subagent_draft
vocabulary,boya-elementary-ii:右:you,boya-elementary-ii,,右,you,,,right,bên phải,translated_subagent_draft
vocabulary,boya-elementary-ii:幸运:xingyin,boya-elementary-ii,,幸运,xingyin,,,lucky; fortunate,may mắn,translated_subagent_draft
vocabulary,boya-elementary-ii:幼儿园:youeryuan,boya-elementary-ii,,幼儿园,you'eryuan,,,kindergarten; nursery school,trường mẫu giáo,translated_subagent_draft
vocabulary,boya-elementary-ii:需要:xuydo,boya-elementary-ii,,需要,xuydo,,,to need,cần,translated_subagent_draft
vocabulary,boya-elementary-ii:语言:yiyan,boya-elementary-ii,,语言,yiyan,,,Language,ngôn ngữ,translated_subagent_draft
vocabulary,boya-elementary-ii:学期:xueqi,boya-elementary-ii,,学期,xueqi,,,term; semester,học kỳ,translated_subagent_draft
vocabulary,boya-elementary-ii:遇到:yuddo,boya-elementary-ii,,遇到,yu ddo,,,to run into; to encounter,gặp phải,translated_subagent_draft
vocabulary,boya-elementary-ii:学生会:xueshenghui,boya-elementary-ii,,学生会,xueshenghui,,,student union,hội sinh viên,translated_subagent_draft
vocabulary,boya-elementary-ii:原价:yuanjia,boya-elementary-ii,,原价,yuanjia,,,original price,giá gốc,translated_subagent_draft
vocabulary,boya-elementary-ii:学生证:xueshengzheng,boya-elementary-ii,,学生证,xueshengzheng,,,students' ID card,thẻ sinh viên,translated_subagent_draft
vocabulary,boya-elementary-ii:原来:yuanlai,boya-elementary-ii,,原来,yuanlai,,,original; former,vốn dĩ; hóa ra; cũ,translated_subagent_draft
vocabulary,boya-elementary-ii:寻物启事:xunwuqishi,boya-elementary-ii,,寻物启事,xunwu qishi,,,Lost and Found,thông báo tìm đồ thất lạc,translated_subagent_draft
vocabulary,boya-elementary-ii:原料:yuanlido,boya-elementary-ii,,原料,yuanlido,,,raw material,nguyên liệu,translated_subagent_draft
vocabulary,boya-elementary-ii:远:yuan,boya-elementary-ii,,远,yuan,,,far,xa,translated_subagent_draft
vocabulary,boya-elementary-ii:愿意:yudnyi,boya-elementary-ii,,愿意,yudnyi,,,to be willing,sẵn lòng; bằng lòng,translated_subagent_draft
vocabulary,boya-elementary-ii:严重:yanzhong,boya-elementary-ii,,严重,yanzhong,,,serious,nghiêm trọng,translated_subagent_draft
vocabulary,boya-elementary-ii:越来越……:yuelaiyue,boya-elementary-ii,,越来越……,yuèláiyuè……,,,more and more,ngày càng…,translated_subagent_draft
vocabulary,boya-elementary-ii:盐:yan,boya-elementary-ii,,盐,yan,,,salt,muối,translated_subagent_draft
vocabulary,boya-elementary-ii:越……越……:yueyue,boya-elementary-ii,,越……越……,yuè……yuè……,,,the more... the more...,càng… càng…,translated_subagent_draft
vocabulary,boya-elementary-ii:眼睛:yanjing,boya-elementary-ii,,眼睛,yanjing,,,eye,mắt,translated_subagent_draft
vocabulary,boya-elementary-ii:云:yun,boya-elementary-ii,,云,yun,,,cloud,mây,translated_subagent_draft
vocabulary,boya-elementary-ii:眼镜:yanjing,boya-elementary-ii,,眼镜,yanjing,,,glasses,kính mắt,translated_subagent_draft
vocabulary,boya-elementary-ii:阳光:yangguang,boya-elementary-ii,,阳光,yangguang,,,sunlight,ánh nắng,translated_subagent_draft
vocabulary,boya-elementary-ii:样子:yangzi,boya-elementary-ii,,样子,yangzi,,,appearance,dáng vẻ; kiểu dáng,translated_subagent_draft
vocabulary,boya-elementary-ii:再说:zdishud,boya-elementary-ii,,再说,zdishud,,,moreover,hơn nữa; vả lại,translated_subagent_draft
vocabulary,boya-elementary-ii:也许:yexu,boya-elementary-ii,,也许,YExU,,,maybe,có lẽ,translated_subagent_draft
vocabulary,boya-elementary-ii:糟糕:zaogao,boya-elementary-ii,,糟糕,zaogao,,,"terible; too bad to answer, to pay attention to",tệ; tồi tệ,translated_subagent_draft
vocabulary,boya-elementary-ii:夜里:yeli,boya-elementary-ii,,夜里,yeli,,,nighttime,ban đêm,translated_subagent_draft
vocabulary,boya-elementary-ii:早餐:zdocan,boya-elementary-ii,,早餐,zdocan,,,breakfast,bữa sáng,translated_subagent_draft
vocabulary,boya-elementary-ii:一块儿:yikudir,boya-elementary-ii,,一块儿,yikudir,,,together,cùng nhau,translated_subagent_draft
vocabulary,boya-elementary-ii:长:zhang,boya-elementary-ii,,长,zhang,,,to grow,lớn lên; mọc dài,translated_subagent_draft
vocabulary,boya-elementary-ii:一下子:yixidzi,boya-elementary-ii,,一下子,yixidzi,,,"all at once, all of a sudden",đột nhiên; trong chốc lát,translated_subagent_draft
vocabulary,boya-elementary-ii:招聘:zhaopin,boya-elementary-ii,,招聘,zhaopin,,,to recruit,tuyển dụng,translated_subagent_draft
vocabulary,boya-elementary-ii:一样:yiyang,boya-elementary-ii,,一样,yiyang,,,"same, as...as",giống nhau; như nhau,translated_subagent_draft
vocabulary,boya-elementary-ii:着:zhao,boya-elementary-ii,,着,zháo,,,reaching the goal or the action,được; trúng (bổ ngữ kết quả),translated_subagent_draft
vocabulary,boya-elementary-ii:一边:yibian,boya-elementary-ii,,一边,yibian,,,at the same time; simultaneously,vừa... vừa...; đồng thời,translated_subagent_draft
vocabulary,boya-elementary-ii:照:zhao,boya-elementary-ii,,照,zhao,,,to photograph; to take （a picture）,chụp; chụp ảnh,translated_subagent_draft
vocabulary,boya-elementary-ii:咦:yi,boya-elementary-ii,,咦,yi,,,well; why （expressing surprise）,ủa; ơ,translated_subagent_draft
vocabulary,boya-elementary-ii:照片:zhaopian,boya-elementary-ii,,照片,zhaopian,,,photo,ảnh,translated_subagent_draft
vocabulary,boya-elementary-ii:以前:yiqian,boya-elementary-ii,,以前,yiqian,,,before,trước đây; trước khi,translated_subagent_draft
vocabulary,boya-elementary-ii:着:zhe,boya-elementary-ii,,着,zhe,,,indicating the continuation of a state,(trợ từ) chỉ trạng thái đang tiếp diễn,translated_subagent_draft
vocabulary,boya-elementary-ii:以为:yiwei,boya-elementary-ii,,以为,yiwei,,,to think; to believe; to consider,tưởng; cứ nghĩ là,translated_subagent_draft
vocabulary,boya-elementary-ii:真正:zhenzheng,boya-elementary-ii,,真正,zhenzheng,,,real;genuine,thực sự; đích thực,translated_subagent_draft
vocabulary,boya-elementary-ii:正点:zhengdian,boya-elementary-ii,,正点,zhengdian,,,on time; punctually,đúng giờ,translated_subagent_draft
vocabulary,boya-elementary-ii:主要:zhuyao,boya-elementary-ii,,主要,zhǔyào,,,mamn; major,chủ yếu; chính,translated_subagent_draft
vocabulary,boya-elementary-ii:只要:zhiydo,boya-elementary-ii,,只要,zhiydo,,,if only; so long as,chỉ cần,translated_subagent_draft
vocabulary,boya-elementary-ii:祝:zhu,boya-elementary-ii,,祝,zhu,,,to express good wishes; to make a toast,chúc,translated_subagent_draft
vocabulary,boya-elementary-ii:纸:zhi,boya-elementary-ii,,纸,zhi,,,paper,giấy,translated_subagent_draft
vocabulary,boya-elementary-ii:祝贺:zhuhe,boya-elementary-ii,,祝贺,zhuhe,,,to congratulate,chúc mừng,translated_subagent_draft
vocabulary,boya-elementary-ii:制订:zhiding,boya-elementary-ii,,制订,zhiding,,,to lay down; to work out,xây dựng; lập (kế hoạch),translated_subagent_draft
vocabulary,boya-elementary-ii:专门:zhuanmen,boya-elementary-ii,,专门,zhuanmen,,,especially,chuyên; đặc biệt,translated_subagent_draft
vocabulary,boya-elementary-ii:中餐馆:zhongcanguan,boya-elementary-ii,,中餐馆,zhongcanguan,,,Chinese restaurant,nhà hàng Trung Quốc,translated_subagent_draft
vocabulary,boya-elementary-ii:专业:zhuanye,boya-elementary-ii,,专业,zhuanye,,,major,chuyên ngành,translated_subagent_draft
vocabulary,boya-elementary-ii:中指:zhongzhi,boya-elementary-ii,,中指,zhōngzhǐ,,,middle finger,ngón giữa,translated_subagent_draft
vocabulary,boya-elementary-ii:准备:zhunbei,boya-elementary-ii,,准备,zhunbei,,,to prepare,chuẩn bị,translated_subagent_draft
vocabulary,boya-elementary-ii:终于:zhongyu,boya-elementary-ii,,终于,zhongyu,,,finally,cuối cùng,translated_subagent_draft
vocabulary,boya-elementary-ii:桌子:zhuozi,boya-elementary-ii,,桌子,zhuozi,,,table,bàn,translated_subagent_draft
vocabulary,boya-elementary-ii:种类:zhonglei,boya-elementary-ii,,种类,zhonglei,,,kind,chủng loại; loại,translated_subagent_draft
vocabulary,boya-elementary-ii:租:zu,boya-elementary-ii,,租,ZU,,,,thuê,translated_subagent_draft
vocabulary,boya-elementary-ii:重:zhong,boya-elementary-ii,,重,zhong,,,heavy,nặng,translated_subagent_draft
vocabulary,boya-elementary-ii:最后:zuihou,boya-elementary-ii,,最后,zuihou,,,Aireuy,cuối cùng; sau cùng,translated_subagent_draft
vocabulary,boya-elementary-ii:重要:zhongyio,boya-elementary-ii,,重要,zhongyio,,,important to cheer； （to encourage sb.） to make an extra,quan trọng,translated_subagent_draft
vocabulary,boya-elementary-ii:最近:zuijin,boya-elementary-ii,,最近,zuijin,,,recently,gần đây,translated_subagent_draft
vocabulary,boya-elementary-ii:周围:zhouwei,boya-elementary-ii,,周围,zhōuwéi,,,around,xung quanh,translated_subagent_draft
vocabulary,boya-elementary-ii:左右:zuoyou,boya-elementary-ii,,左右,zuoyou,,,about,khoảng; chừng,translated_subagent_draft
vocabulary,boya-elementary-ii:粥:zhou,boya-elementary-ii,,粥,zhou,,,porridge,cháo,translated_subagent_draft
vocabulary,boya-elementary-ii:座位:zuowei,boya-elementary-ii,,座位,ZuOWei,,,seat,chỗ ngồi,translated_subagent_draft
vocabulary,boya-elementary-ii:主意:zhuyi,boya-elementary-ii,,主意,zhuyi,,,idea,ý kiến; ý tưởng,translated_subagent_draft
vocabulary,boya-elementary-ii:广州:gudngzhou,boya-elementary-ii,,广州,Gudngzhou,,,Guangzhou,Quảng Châu,translated_subagent_draft
vocabulary,boya-elementary-ii:山东:shanding,boya-elementary-ii,,山东,Shanding,,,Shandong,Sơn Đông,translated_subagent_draft
vocabulary,boya-elementary-ii:上海:shanghai,boya-elementary-ii,,上海,Shanghai,,,Shanghai,Thượng Hải,translated_subagent_draft
vocabulary,boya-elementary-ii:海南:hdinan,boya-elementary-ii,,海南,Hdinan,,,Hainan,Hải Nam,translated_subagent_draft
vocabulary,boya-elementary-ii:十一:shiyi,boya-elementary-ii,,十一,Shi-Yi,,,the National Day of China,ngày 1 tháng 10 (Quốc khánh Trung Quốc),translated_subagent_draft
vocabulary,boya-elementary-ii:四川:sichuan,boya-elementary-ii,,四川,Sichuan,,,Sichuan （a province of China）,Tứ Xuyên,translated_subagent_draft
vocabulary,boya-elementary-ii:加拿大:jianada,boya-elementary-ii,,加拿大,Jiānádà,,,Canada,Canada,translated_subagent_draft
vocabulary,boya-elementary-ii:泰山:taishan,boya-elementary-ii,,泰山,Tai Shan,,,Mount Tai,núi Thái Sơn,translated_subagent_draft
vocabulary,boya-elementary-ii:孔子:kongzi,boya-elementary-ii,,孔子,Kongzi,,,Confucius,Khổng Tử,translated_subagent_draft
vocabulary,boya-elementary-ii:唐人街:tangrenjie,boya-elementary-ii,,唐人街,Tangren Jie,,,China Town,phố người Hoa,translated_subagent_draft
vocabulary,boya-elementary-ii:青岛:qingddo,boya-elementary-ii,,青岛,Qingddo,,,Tsingtao,Thanh Đảo,translated_subagent_draft
vocabulary,boya-elementary-ii:西安:xian,boya-elementary-ii,,西安,Xi'an,,,Xian,Tây An,translated_subagent_draft
grammar,boya-elementary-i:lesson-01:audit-grammar-001,boya-elementary-i,boya-elementary-i:lesson-01,,,声调标在韵母主元音a、o、e、i、u、ü上,,,Dấu thanh đặt trên nguyên âm chính của vần; ưu tiên a o e rồi mới đến i u ü.,translated_subagent_draft
grammar,boya-elementary-i:lesson-01:audit-grammar-002,boya-elementary-i,boya-elementary-i:lesson-01,,,轻声不标调号,,,Âm nhẹ đọc ngắn và nhẹ; trong pinyin không ghi dấu thanh.,translated_subagent_draft
grammar,boya-elementary-i:lesson-01:audit-grammar-003,boya-elementary-i,boya-elementary-i:lesson-01,,,j/q/x后ü省略两点（写u）,,,Sau j q x âm ü vẫn đọc là ü nhưng viết thành u và bỏ hai chấm.,translated_subagent_draft
grammar,boya-elementary-i:lesson-01:audit-grammar-004,boya-elementary-i,boya-elementary-i:lesson-01,,,i上标调时省略i点,,,Khi i mang dấu thanh thì bỏ chấm trên i để tránh hai dấu.,translated_subagent_draft
grammar,boya-elementary-i:lesson-02:audit-grammar-001,boya-elementary-i,boya-elementary-i:lesson-02,,,复韵母、鼻韵母辨音,,,Phân biệt âm ghép và âm mũi qua cách phát âm; chú ý phần vần và âm cuối.,translated_subagent_draft
grammar,boya-elementary-i:lesson-02:audit-grammar-002,boya-elementary-i,boya-elementary-i:lesson-02,,,调号标写顺序a、o、e、i、u、ü,,,Khi ghi pinyin hãy đặt dấu thanh theo thứ tự ưu tiên a o e i u ü.,translated_subagent_draft
grammar,boya-elementary-i:lesson-02:audit-grammar-003,boya-elementary-i,boya-elementary-i:lesson-02,,,u和i同现时调号标在后一个元音,,,Nếu u và i cùng có trong một vần thì dấu thanh đặt trên nguyên âm đứng sau.,translated_subagent_draft
grammar,boya-elementary-i:lesson-03:audit-grammar-001,boya-elementary-i,boya-elementary-i:lesson-03,,,儿化韵：er接在名词词尾并与前韵母融合，写作r,,,Âm er gắn sau danh từ và hòa vào vần trước; khi viết thường chỉ thêm r. Cách này có thể gợi sắc thái nhỏ hoặc thân mật.,translated_subagent_draft
grammar,boya-elementary-i:lesson-03:audit-grammar-002,boya-elementary-i,boya-elementary-i:lesson-03,,,无声母时i开头韵母写y（yi/yin/ying、ya/ye/yao/you等）,,,Khi vần bắt đầu bằng i mà không có phụ âm đầu thì dùng y để viết như yi hoặc yao.,translated_subagent_draft
grammar,boya-elementary-i:lesson-03:audit-grammar-003,boya-elementary-i,boya-elementary-i:lesson-03,,,无声母时ü开头写yu/yue/yuan/yun，u开头写wu/wa/wo等,,,Khi ü hoặc u đứng đầu vần không có phụ âm đầu thì viết yu hoặc wu cùng các dạng liên quan.,translated_subagent_draft
grammar,boya-elementary-i:lesson-03:audit-grammar-004,boya-elementary-i,boya-elementary-i:lesson-03,,,三声变调,,,Hai thanh ba liền nhau thường đổi thanh ba thứ nhất thành thanh hai khi đọc.,translated_subagent_draft
grammar,boya-elementary-i:lesson-03:audit-grammar-005,boya-elementary-i,boya-elementary-i:lesson-03,,,不的变调,,,Bù đổi thành thanh hai trước âm tiết thanh bốn; các trường hợp khác thường giữ thanh bốn.,translated_subagent_draft
grammar,boya-elementary-i:lesson-03:audit-grammar-006,boya-elementary-i,boya-elementary-i:lesson-03,,,一的变调,,,Yī đổi thanh theo âm tiết sau; trước thanh bốn đọc thanh hai và trước thanh một hai ba thường đọc thanh bốn.,translated_subagent_draft
grammar,boya-elementary-i:lesson-04:audit-grammar-001,boya-elementary-i,boya-elementary-i:lesson-04,,,S+叫+名字,,,Dùng 叫 sau chủ ngữ để nói tên của mình hoặc hỏi tên người khác.,translated_subagent_draft
grammar,boya-elementary-i:lesson-04:audit-grammar-002,boya-elementary-i,boya-elementary-i:lesson-04,,,S+姓+姓氏,,,Dùng 姓 trước họ để giới thiệu hoặc hỏi họ; chỉ dùng cho họ chứ không dùng cho tên đầy đủ.,translated_subagent_draft
grammar,boya-elementary-i:lesson-04:audit-grammar-003,boya-elementary-i,boya-elementary-i:lesson-04,,,S+是+身份／国籍,,,Dùng 是 nối chủ ngữ với thân phận quốc tịch hoặc nghề nghiệp.,translated_subagent_draft
grammar,boya-elementary-i:lesson-04:audit-grammar-004,boya-elementary-i,boya-elementary-i:lesson-04,,,是……吗？／吗问句,,,Thêm 吗 cuối câu trần thuật để tạo câu hỏi có hoặc không.,translated_subagent_draft
grammar,boya-elementary-i:lesson-04:audit-grammar-005,boya-elementary-i,boya-elementary-i:lesson-04,,,不是……（是……）,,,Dùng 不是 để phủ định; có thể thêm 是 sau đó để sửa hoặc nêu thông tin đúng.,translated_subagent_draft
grammar,boya-elementary-i:lesson-04:audit-grammar-006,boya-elementary-i,boya-elementary-i:lesson-04,,,什么疑问词,,,Dùng 什么 để hỏi sự vật thông tin hoặc tên chưa biết.,translated_subagent_draft
grammar,boya-elementary-i:lesson-05:audit-grammar-001,boya-elementary-i,boya-elementary-i:lesson-05,,,也（A也……）,,,也 nghĩa là cũng; dùng để thêm một điểm giống với thông tin vừa nêu.,translated_subagent_draft
grammar,boya-elementary-i:lesson-05:audit-grammar-002,boya-elementary-i,boya-elementary-i:lesson-05,,,很+形容词,,,Rất đứng trước tính từ để miêu tả mức độ; trong câu khẳng định thường làm câu tự nhiên hơn.,translated_subagent_draft
grammar,boya-elementary-i:lesson-05:audit-grammar-003,boya-elementary-i,boya-elementary-i:lesson-05,,,呢追问／转问,,,呢 đặt sau chủ đề hoặc câu hỏi để hỏi tiếp hay chuyển câu hỏi sang người khác.,translated_subagent_draft
grammar,boya-elementary-i:lesson-05:audit-grammar-004,boya-elementary-i,boya-elementary-i:lesson-05,,,的领属定语,,,的 nối người hoặc sự vật sở hữu với danh từ phía sau; tương đương của hoặc thuộc về.,translated_subagent_draft
grammar,boya-elementary-i:lesson-05:audit-grammar-005,boya-elementary-i,boya-elementary-i:lesson-05,,,是／也是,,,是 dùng để xác định; 也是 nghĩa là cũng là và bổ sung một thân phận hay quan hệ nữa.,translated_subagent_draft
grammar,boya-elementary-i:lesson-05:audit-grammar-006,boya-elementary-i,boya-elementary-i:lesson-05,,,哪／哪个疑问,,,Dùng 哪 hoặc 哪个 để hỏi lựa chọn trong một nhóm như nước nào hoặc trường nào.,translated_subagent_draft
grammar,boya-elementary-i:lesson-05:audit-grammar-007,boya-elementary-i,boya-elementary-i:lesson-05,,,人名词后们（数量词前不用）,,,们 đặt sau danh từ chỉ người để chỉ số nhiều; không dùng khi đã có số từ hay từ chỉ số nhiều khác.,translated_subagent_draft
grammar,boya-elementary-i:lesson-06:audit-grammar-001,boya-elementary-i,boya-elementary-i:lesson-06,,,这／那+是+什么／谁,,,Dùng 这 hoặc 那 kết hợp 是 什么 hay 谁 để hỏi đây kia là vật gì hoặc người nào.,translated_subagent_draft
grammar,boya-elementary-i:lesson-06:audit-grammar-002,boya-elementary-i,boya-elementary-i:lesson-06,,,这／那是谁的……？,,,Dùng 这或那是谁的… để hỏi đồ vật thuộc về ai.,translated_subagent_draft
grammar,boya-elementary-i:lesson-06:audit-grammar-003,boya-elementary-i,boya-elementary-i:lesson-06,,,的领属与定语（属性定语通常不加的；很修饰定语需的）,,,的 đánh dấu quan hệ sở hữu hoặc bổ nghĩa; tính từ chỉ thuộc tính quen thuộc thường có thể không cần 的.,translated_subagent_draft
grammar,boya-elementary-i:lesson-06:audit-grammar-004,boya-elementary-i,boya-elementary-i:lesson-06,,,我来介绍一下儿……,,,Dùng 我来介绍一下… để chủ động mở đầu việc giới thiệu người hoặc sự vật.,translated_subagent_draft
grammar,boya-elementary-i:lesson-06:audit-grammar-005,boya-elementary-i,boya-elementary-i:lesson-06,,,是字句／形容词谓语,,,是字句 dùng để xác định danh từ; tính từ cũng có thể trực tiếp làm vị ngữ để miêu tả.,translated_subagent_draft
grammar,boya-elementary-i:lesson-07:audit-grammar-001,boya-elementary-i,boya-elementary-i:lesson-07,,,在+地点（住／存在）,,,在加 địa điểm diễn tả ở hoặc sống tại một nơi; dùng với động từ như 住 hoặc 有.,translated_subagent_draft
grammar,boya-elementary-i:lesson-07:audit-grammar-002,boya-elementary-i,boya-elementary-i:lesson-07,,,你……在哪儿？,,,Dùng 在哪儿 sau chủ ngữ để hỏi người hoặc vật ở đâu.,translated_subagent_draft
grammar,boya-elementary-i:lesson-07:audit-grammar-003,boya-elementary-i,boya-elementary-i:lesson-07,,,的+方位词与处所省略的,,,的 kết hợp từ chỉ vị trí tạo cụm như 我的旁边; với nơi chốn quen thuộc đôi khi có thể lược 的.,translated_subagent_draft
grammar,boya-elementary-i:lesson-07:audit-grammar-004,boya-elementary-i,boya-elementary-i:lesson-07,,,就+动词（加强肯定）,,,就 đứng trước động từ để nhấn mạnh sự khẳng định hoặc sự việc xảy ra đúng như vậy.,translated_subagent_draft
grammar,boya-elementary-i:lesson-07:audit-grammar-005,boya-elementary-i,boya-elementary-i:lesson-07,,,欢迎+去／来+地点+V,,,Dùng 欢迎加 来或去 và địa điểm để mời ai đến một nơi.,translated_subagent_draft
grammar,boya-elementary-i:lesson-07:audit-grammar-006,boya-elementary-i,boya-elementary-i:lesson-07,,,吗问句,,,吗 ở cuối câu biến câu kể thành câu hỏi đúng sai.,translated_subagent_draft
grammar,boya-elementary-i:lesson-08:audit-grammar-001,boya-elementary-i,boya-elementary-i:lesson-08,,,时间词作状语,,,Từ chỉ thời gian thường đứng trước động từ để nói hành động diễn ra khi nào.,translated_subagent_draft
grammar,boya-elementary-i:lesson-08:audit-grammar-002,boya-elementary-i,boya-elementary-i:lesson-08,,,有／没有+时间、课、事,,,Dùng 有 hoặc 没有 trước thời gian lớp học hay việc để nói có hoặc không có.,translated_subagent_draft
grammar,boya-elementary-i:lesson-08:audit-grammar-003,boya-elementary-i,boya-elementary-i:lesson-08,,,几点／多少点、点半、一刻、差,,,Dùng 几点 hoặc 多少点 để hỏi giờ; 点半 一刻 và 差 dùng để nói các mốc giờ cụ thể.,translated_subagent_draft
grammar,boya-elementary-i:lesson-08:audit-grammar-004,boya-elementary-i,boya-elementary-i:lesson-08,,,吧句末建议／邀请,,,吧 ở cuối câu làm lời đề nghị hoặc lời mời nhẹ nhàng.,translated_subagent_draft
grammar,boya-elementary-i:lesson-08:audit-grammar-005,boya-elementary-i,boya-elementary-i:lesson-08,,,一起+V,,,一起 đặt trước động từ để nói cùng làm một việc.,translated_subagent_draft
grammar,boya-elementary-i:lesson-08:audit-grammar-006,boya-elementary-i,boya-elementary-i:lesson-08,,,两在量词前,,,Dùng 两 thay cho 二 trước lượng từ khi nói hai đơn vị.,translated_subagent_draft
grammar,boya-elementary-i:lesson-09:audit-grammar-001,boya-elementary-i,boya-elementary-i:lesson-09,,,怎么+V,,,Dùng 怎么 trước động từ để hỏi cách làm hoặc phương thức.,translated_subagent_draft
grammar,boya-elementary-i:lesson-09:audit-grammar-002,boya-elementary-i,boya-elementary-i:lesson-09,,,交通工具+V（骑自行车／坐车）,,,Đặt phương tiện trước động từ phù hợp để nói cách di chuyển như 骑自行车 hoặc 坐车.,translated_subagent_draft
grammar,boya-elementary-i:lesson-09:audit-grammar-003,boya-elementary-i,boya-elementary-i:lesson-09,,,从……到……,,,Từ…到… chỉ điểm bắt đầu và điểm kết thúc của hành trình hay phạm vi.,translated_subagent_draft
grammar,boya-elementary-i:lesson-09:audit-grammar-004,boya-elementary-i,boya-elementary-i:lesson-09,,,V+地点（去学校等连动）,,,Hai động từ nối tiếp nhau để nói đi đến đâu rồi làm gì; địa điểm đứng sau động từ đi.,translated_subagent_draft
grammar,boya-elementary-i:lesson-09:audit-grammar-005,boya-elementary-i,boya-elementary-i:lesson-09,,,吧建议,,,吧 ở cuối câu dùng để đưa ra đề nghị một cách thân thiện.,translated_subagent_draft
grammar,boya-elementary-i:lesson-09:audit-grammar-006,boya-elementary-i,boya-elementary-i:lesson-09,,,这样吧话语建议,,,这样吧 dùng để mở đầu một phương án hay đề xuất sau khi bàn bạc.,translated_subagent_draft
grammar,boya-elementary-i:lesson-09:audit-grammar-007,boya-elementary-i,boya-elementary-i:lesson-09,,,给+人+物／快递你给我朋友,,,给 đứng trước người nhận rồi đến vật; dùng để nói đưa gửi hay giao thứ gì cho ai.,translated_subagent_draft
grammar,boya-elementary-i:lesson-09:audit-grammar-008,boya-elementary-i,boya-elementary-i:lesson-09,,,V一下儿,,,Động từ lặp với 一下儿 làm hành động ngắn nhẹ và lịch sự hơn.,translated_subagent_draft
grammar,boya-elementary-i:lesson-09:audit-grammar-009,boya-elementary-i,boya-elementary-i:lesson-09,,,和连接名词,,,和 nối các danh từ có vai trò ngang hàng như người hoặc sự vật.,translated_subagent_draft
grammar,boya-elementary-i:lesson-10:audit-grammar-001,boya-elementary-i,boya-elementary-i:lesson-10,,,多少钱／怎么卖,,,Dùng 多少钱 hoặc 怎么卖 để hỏi giá và cách bán hàng.,translated_subagent_draft
grammar,boya-elementary-i:lesson-10:audit-grammar-002,boya-elementary-i,boya-elementary-i:lesson-10,,,要+N／V,,,要 trước danh từ nghĩa là muốn lấy; trước động từ nghĩa là muốn hoặc cần làm.,translated_subagent_draft
grammar,boya-elementary-i:lesson-10:audit-grammar-003,boya-elementary-i,boya-elementary-i:lesson-10,,,几／多少+量词,,,几 dùng cho số lượng ít và thường đi với lượng từ; 多少 hỏi số lượng không xác định.,translated_subagent_draft
grammar,boya-elementary-i:lesson-10:audit-grammar-004,boya-elementary-i,boya-elementary-i:lesson-10,,,数量+量词+名词,,,Số từ đứng trước lượng từ rồi đến danh từ để đếm sự vật.,translated_subagent_draft
grammar,boya-elementary-i:lesson-10:audit-grammar-005,boya-elementary-i,boya-elementary-i:lesson-10,,,两在量词前,,,Dùng 两 trước lượng từ để chỉ hai đơn vị.,translated_subagent_draft
grammar,boya-elementary-i:lesson-10:audit-grammar-006,boya-elementary-i,boya-elementary-i:lesson-10,,,再+V（追加）,,,再 đứng trước động từ để yêu cầu hoặc nói làm thêm một lần hay thêm một món.,translated_subagent_draft
grammar,boya-elementary-i:lesson-10:audit-grammar-007,boya-elementary-i,boya-elementary-i:lesson-10,,,一共+金额,,,一共 dùng trước tổng số tiền hoặc tổng lượng để hỏi hay nêu tổng cộng.,translated_subagent_draft
grammar,boya-elementary-i:lesson-10:audit-grammar-008,boya-elementary-i,boya-elementary-i:lesson-10,,,怎么付钱,,,Dùng 怎么付钱 để hỏi cách thanh toán.,translated_subagent_draft
grammar,boya-elementary-i:lesson-10:audit-grammar-009,boya-elementary-i,boya-elementary-i:lesson-10,,,在+地点+卖,,,在加 địa điểm đặt trước 卖 để nói nơi bán một mặt hàng.,translated_subagent_draft
grammar,boya-elementary-i:lesson-11:audit-grammar-001,boya-elementary-i,boya-elementary-i:lesson-11,,,……怎么样？,,,Dùng …怎么样 để hỏi tình trạng đánh giá hoặc ý kiến về người việc hay sự vật.,translated_subagent_draft
grammar,boya-elementary-i:lesson-11:audit-grammar-002,boya-elementary-i,boya-elementary-i:lesson-11,,,形容词谓语（天气很好）,,,Tính từ có thể trực tiếp làm vị ngữ để miêu tả như thời tiết đẹp.,translated_subagent_draft
grammar,boya-elementary-i:lesson-11:audit-grammar-003,boya-elementary-i,boya-elementary-i:lesson-11,,,太+形容词+了,,,太加 tính từ加了 diễn tả mức độ rất cao và thường kèm cảm xúc.,translated_subagent_draft
grammar,boya-elementary-i:lesson-11:audit-grammar-004,boya-elementary-i,boya-elementary-i:lesson-11,,,不太+形容词,,,不太 đặt trước tính từ để nói mức độ không lắm hay không quá.,translated_subagent_draft
grammar,boya-elementary-i:lesson-11:audit-grammar-005,boya-elementary-i,boya-elementary-i:lesson-11,,,也／常／最+形容词,,,也 常 最 đứng trước tính từ lần lượt diễn tả cũng thường hoặc nhất.,translated_subagent_draft
grammar,boya-elementary-i:lesson-11:audit-grammar-006,boya-elementary-i,boya-elementary-i:lesson-11,,,天气预报说+小句,,,Dùng 天气预报说加 mệnh đề để thuật lại nội dung dự báo thời tiết.,translated_subagent_draft
grammar,boya-elementary-i:lesson-12:audit-grammar-001,boya-elementary-i,boya-elementary-i:lesson-12,,,正在+V+呢,,,正在加 động từ加呢 diễn tả hành động đang diễn ra ngay lúc nói.,translated_subagent_draft
grammar,boya-elementary-i:lesson-12:audit-grammar-002,boya-elementary-i,boya-elementary-i:lesson-12,,,在+地点+V（进行）,,,在加 địa điểm加 động từ cho biết hành động đang xảy ra ở đâu.,translated_subagent_draft
grammar,boya-elementary-i:lesson-12:audit-grammar-003,boya-elementary-i,boya-elementary-i:lesson-12,,,从……到……,,,Từ…到… chỉ thời điểm hay khoảng thời gian bắt đầu và kết thúc.,translated_subagent_draft
grammar,boya-elementary-i:lesson-12:audit-grammar-004,boya-elementary-i,boya-elementary-i:lesson-12,,,每+时间／量词+都,,,每加 đơn vị thời gian và 都 diễn tả mọi thời điểm đều có cùng thói quen hoặc tình trạng.,translated_subagent_draft
grammar,boya-elementary-i:lesson-12:audit-grammar-005,boya-elementary-i,boya-elementary-i:lesson-12,,,什么时候+V,,,Dùng 什么时候 trước động từ để hỏi khi nào làm việc đó.,translated_subagent_draft
grammar,boya-elementary-i:lesson-12:audit-grammar-006,boya-elementary-i,boya-elementary-i:lesson-12,,,一会儿（短时量）,,,一会儿 chỉ một khoảng thời gian ngắn hoặc một lát.,translated_subagent_draft
grammar,boya-elementary-i:lesson-12:audit-grammar-007,boya-elementary-i,boya-elementary-i:lesson-12,,,下个+时间,,,下个 đứng trước từ thời gian để chỉ kỳ kế tiếp như tuần sau hoặc tháng sau.,translated_subagent_draft
grammar,boya-elementary-i:lesson-13:audit-grammar-001,boya-elementary-i,boya-elementary-i:lesson-13,,,打算+V,,,打算加 động từ diễn tả dự định hoặc kế hoạch sắp làm.,translated_subagent_draft
grammar,boya-elementary-i:lesson-13:audit-grammar-002,boya-elementary-i,boya-elementary-i:lesson-13,,,什么样的／什么颜色的（的名词化、省略中心名词）,,,什么样的 hoặc 什么颜色的 dùng để hỏi loại hay màu; 的 có thể thay cho danh từ đã rõ.,translated_subagent_draft
grammar,boya-elementary-i:lesson-13:audit-grammar-003,boya-elementary-i,boya-elementary-i:lesson-13,,,有点儿+形容词,,,有点儿 đứng trước tính từ thường diễn tả mức độ hơi và hay có sắc thái không vừa ý.,translated_subagent_draft
grammar,boya-elementary-i:lesson-13:audit-grammar-004,boya-elementary-i,boya-elementary-i:lesson-13,,,形容词+一点儿,,,Tính từ加一点儿 dùng để yêu cầu hay nói mức độ thêm một chút.,translated_subagent_draft
grammar,boya-elementary-i:lesson-13:audit-grammar-005,boya-elementary-i,boya-elementary-i:lesson-13,,,有没有+N／A不A,,,有没有加 danh từ hoặc dạng A不A dùng để hỏi có hay không hoặc có tính chất đó không.,translated_subagent_draft
grammar,boya-elementary-i:lesson-13:audit-grammar-006,boya-elementary-i,boya-elementary-i:lesson-13,,,挺+形容词,,,挺 đứng trước tính từ nghĩa là khá hoặc rất trong khẩu ngữ.,translated_subagent_draft
grammar,boya-elementary-i:lesson-13:audit-grammar-007,boya-elementary-i,boya-elementary-i:lesson-13,,,要是……（条件）,,,要是 mở đầu điều kiện giả định; vế sau nêu kết quả hoặc cách xử lý.,translated_subagent_draft
grammar,boya-elementary-i:lesson-13:audit-grammar-008,boya-elementary-i,boya-elementary-i:lesson-13,,,每+量词,,,每 đứng trước lượng từ để chỉ từng đơn vị trong một nhóm.,translated_subagent_draft
grammar,boya-elementary-i:lesson-14:audit-grammar-001,boya-elementary-i,boya-elementary-i:lesson-14,,,祝+人+祝愿,,,祝加 người加 lời chúc dùng để gửi lời chúc đến ai.,translated_subagent_draft
grammar,boya-elementary-i:lesson-14:audit-grammar-002,boya-elementary-i,boya-elementary-i:lesson-14,,,打算+怎么+V,,,打算怎么加 động từ dùng để hỏi dự định làm việc gì bằng cách nào.,translated_subagent_draft
grammar,boya-elementary-i:lesson-14:audit-grammar-003,boya-elementary-i,boya-elementary-i:lesson-14,,,先……然后……,,,先…然后… sắp xếp thứ tự hành động: làm việc đầu tiên rồi đến việc tiếp theo.,translated_subagent_draft
grammar,boya-elementary-i:lesson-14:audit-grammar-004,boya-elementary-i,boya-elementary-i:lesson-14,,,给+人+打电话,,,给加 người加打电话 nghĩa là gọi điện cho ai.,translated_subagent_draft
grammar,boya-elementary-i:lesson-14:audit-grammar-005,boya-elementary-i,boya-elementary-i:lesson-14,,,在+地点+对面,,,在加 địa điểm加对面 diễn tả vị trí đối diện với một nơi.,translated_subagent_draft
grammar,boya-elementary-i:lesson-14:audit-grammar-006,boya-elementary-i,boya-elementary-i:lesson-14,,,送给+人,,,送给加 người dùng để nói tặng một món quà cho ai.,translated_subagent_draft
grammar,boya-elementary-i:lesson-14:audit-grammar-007,boya-elementary-i,boya-elementary-i:lesson-14,,,为+人+准备,,,为加 người加准备 diễn tả chuẩn bị điều gì vì hoặc cho ai.,translated_subagent_draft
grammar,boya-elementary-i:lesson-14:audit-grammar-008,boya-elementary-i,boya-elementary-i:lesson-14,,,多+V+一点儿,,,多加 động từ加一点儿 nghĩa là làm thêm một chút hoặc làm nhiều hơn một chút.,translated_subagent_draft
grammar,boya-elementary-i:lesson-14:audit-grammar-009,boya-elementary-i,boya-elementary-i:lesson-14,,,听你的,,,听你的 nghĩa là làm theo ý hoặc lời khuyên của bạn.,translated_subagent_draft
grammar,boya-elementary-i:lesson-15:audit-grammar-001,boya-elementary-i,boya-elementary-i:lesson-15,,,可以／能+V,,,可以 và 能 trước động từ đều nói khả năng hay sự cho phép; 能 thường nhấn vào khả năng thực tế.,translated_subagent_draft
grammar,boya-elementary-i:lesson-15:audit-grammar-002,boya-elementary-i,boya-elementary-i:lesson-15,,,动词重叠（试试、看看、查查）,,,Lặp động từ như 试试 hoặc 看看 để đề nghị thử làm nhẹ nhàng.,translated_subagent_draft
grammar,boya-elementary-i:lesson-15:audit-grammar-003,boya-elementary-i,boya-elementary-i:lesson-15,,,只有+N,,,只有 dùng để giới hạn: chỉ có người hoặc vật đó.,translated_subagent_draft
grammar,boya-elementary-i:lesson-15:audit-grammar-004,boya-elementary-i,boya-elementary-i:lesson-15,,,再+V,,,再 đặt trước động từ để nói làm lại hoặc làm thêm sau đó.,translated_subagent_draft
grammar,boya-elementary-i:lesson-15:audit-grammar-005,boya-elementary-i,boya-elementary-i:lesson-15,,,别的（的名词化）,,,别的 dùng như danh từ để chỉ cái khác hoặc người khác.,translated_subagent_draft
grammar,boya-elementary-i:lesson-15:audit-grammar-006,boya-elementary-i,boya-elementary-i:lesson-15,,,A不A正反问,,,Dạng A不A lặp tính từ hay động từ để hỏi đúng sai hoặc có không.,translated_subagent_draft
grammar,boya-elementary-i:lesson-15:audit-grammar-007,boya-elementary-i,boya-elementary-i:lesson-15,,,一定+V／形容词,,,一定 đứng trước động từ hoặc tính từ để nhấn mạnh chắc chắn hay nhất định.,translated_subagent_draft
grammar,boya-elementary-i:lesson-15:audit-grammar-008,boya-elementary-i,boya-elementary-i:lesson-15,,,为什么疑问,,,Dùng 为什么 để hỏi nguyên nhân hoặc lý do.,translated_subagent_draft
grammar,boya-elementary-i:lesson-15:audit-grammar-009,boya-elementary-i,boya-elementary-i:lesson-15,,,连动：去+地点+V,,,Dùng 去加 địa điểm加 động từ để nói đi đâu nhằm làm gì.,translated_subagent_draft
grammar,boya-elementary-i:lesson-15:audit-grammar-010,boya-elementary-i,boya-elementary-i:lesson-15,,,就+结果／时间,,,就 có thể nhấn mạnh kết quả đã đến hoặc thời điểm sớm.,translated_subagent_draft
grammar,boya-elementary-i:lesson-16:audit-grammar-001,boya-elementary-i,boya-elementary-i:lesson-16,,,离+地点+近／远,,,离 đứng trước địa điểm rồi dùng 近 hoặc 远 để nói khoảng cách.,translated_subagent_draft
grammar,boya-elementary-i:lesson-16:audit-grammar-002,boya-elementary-i,boya-elementary-i:lesson-16,,,啦列举语气,,,啦 ở cuối câu tạo giọng liệt kê thân mật và báo hiệu còn điều tương tự.,translated_subagent_draft
grammar,boya-elementary-i:lesson-16:audit-grammar-003,boya-elementary-i,boya-elementary-i:lesson-16,,,都+谓语,,,都 đứng trước vị ngữ để nói tất cả người hay vật trong phạm vi đều như vậy.,translated_subagent_draft
grammar,boya-elementary-i:lesson-16:audit-grammar-004,boya-elementary-i,boya-elementary-i:lesson-16,,,不是……吗？确认／反问,,,不是…吗 dùng để xác nhận điều người nói nghĩ là đúng hoặc hỏi với sắc thái nhắc lại.,translated_subagent_draft
grammar,boya-elementary-i:lesson-16:audit-grammar-005,boya-elementary-i,boya-elementary-i:lesson-16,,,来+数量+食物（点菜）,,,来加 số lượng加 món ăn dùng khi gọi thêm món tại quán.,translated_subagent_draft
grammar,boya-elementary-i:lesson-16:audit-grammar-006,boya-elementary-i,boya-elementary-i:lesson-16,,,有+人／物,,,有 dùng để nói tồn tại hay có người và vật.,translated_subagent_draft
grammar,boya-elementary-i:lesson-16:audit-grammar-007,boya-elementary-i,boya-elementary-i:lesson-16,,,几位数量问句,,,几位 dùng để hỏi số người theo cách lịch sự; 位 là lượng từ kính trọng cho người.,translated_subagent_draft
grammar,boya-elementary-i:lesson-16:audit-grammar-008,boya-elementary-i,boya-elementary-i:lesson-16,,,什么+名词,,,什么 đặt trước danh từ để hỏi loại món đồ hay thông tin nào.,translated_subagent_draft
grammar,boya-elementary-i:lesson-17:audit-grammar-001,boya-elementary-i,boya-elementary-i:lesson-17,,,（是）A还是B选择问句,,,Dùng 是 A 还是 B để hỏi người nghe chọn một trong hai khả năng.,translated_subagent_draft
grammar,boya-elementary-i:lesson-17:audit-grammar-002,boya-elementary-i,boya-elementary-i:lesson-17,,,会+V／会不会,,,会加 động từ nói biết hoặc có khả năng học được; 会不会 dùng để hỏi có biết làm không.,translated_subagent_draft
grammar,boya-elementary-i:lesson-17:audit-grammar-003,boya-elementary-i,boya-elementary-i:lesson-17,,,怎么走,,,Dùng 怎么走 để hỏi đường đi hoặc cách đi đến nơi nào.,translated_subagent_draft
grammar,boya-elementary-i:lesson-17:audit-grammar-004,boya-elementary-i,boya-elementary-i:lesson-17,,,从+地点+往+方向,,,从加 địa điểm加往加 hướng dẫn đường từ một nơi theo một hướng.,translated_subagent_draft
grammar,boya-elementary-i:lesson-17:audit-grammar-005,boya-elementary-i,boya-elementary-i:lesson-17,,,看起来+形容词,,,看起来加 tính từ diễn tả ấn tượng hay nhận xét dựa trên vẻ bề ngoài.,translated_subagent_draft
grammar,boya-elementary-i:lesson-17:audit-grammar-006,boya-elementary-i,boya-elementary-i:lesson-17,,,就／都／可以,,,就 都 可以 kết hợp để nhấn mạnh lựa chọn kết quả hoặc khả năng được phép.,translated_subagent_draft
grammar,boya-elementary-i:lesson-18:audit-grammar-001,boya-elementary-i,boya-elementary-i:lesson-18,,,一般+都,,,一般 và 都 cùng dùng để nói điều thường xảy ra hoặc thói quen chung.,translated_subagent_draft
grammar,boya-elementary-i:lesson-18:audit-grammar-002,boya-elementary-i,boya-elementary-i:lesson-18,,,不+V作主语,,,Không cộng động từ có thể làm chủ ngữ để nói việc không làm một điều gì.,translated_subagent_draft
grammar,boya-elementary-i:lesson-18:audit-grammar-003,boya-elementary-i,boya-elementary-i:lesson-18,,,对+对象+不好,,,对加 đối tượng加不好 diễn tả cách đối xử hay thái độ không tốt với ai hoặc cái gì.,translated_subagent_draft
grammar,boya-elementary-i:lesson-18:audit-grammar-004,boya-elementary-i,boya-elementary-i:lesson-18,,,得+V（必要）,,,得加 động từ diễn tả sự cần thiết: phải làm việc đó.,translated_subagent_draft
grammar,boya-elementary-i:lesson-18:audit-grammar-005,boya-elementary-i,boya-elementary-i:lesson-18,,,就／才时间对比,,,就 và 才 đối chiếu thời điểm; 就 thường sớm còn 才 thường muộn hoặc nhấn mạnh điều kiện.,translated_subagent_draft
grammar,boya-elementary-i:lesson-18:audit-grammar-006,boya-elementary-i,boya-elementary-i:lesson-18,,,以前／以后,,,以前 và 以后 đặt sau hoặc trước mốc thời gian để nói trước hoặc sau mốc đó.,translated_subagent_draft
grammar,boya-elementary-i:lesson-18:audit-grammar-007,boya-elementary-i,boya-elementary-i:lesson-18,,,差不多／已经／还,,,差不多 nghĩa là gần như; 已经 là đã; 还 là vẫn hoặc còn tùy ngữ cảnh.,translated_subagent_draft
grammar,boya-elementary-i:lesson-18:audit-grammar-008,boya-elementary-i,boya-elementary-i:lesson-18,,,多长时间,,,Dùng 多长时间 để hỏi thời lượng kéo dài bao lâu.,translated_subagent_draft
grammar,boya-elementary-i:lesson-18:audit-grammar-009,boya-elementary-i,boya-elementary-i:lesson-18,,,有的……有的……,,,有的…有的… dùng để nêu các nhóm khác nhau với đặc điểm hay hành động khác nhau.,translated_subagent_draft
grammar,boya-elementary-i:lesson-19:audit-grammar-001,boya-elementary-i,boya-elementary-i:lesson-19,,,V了（完成）,,,了 sau động từ đánh dấu hành động đã hoàn thành.,translated_subagent_draft
grammar,boya-elementary-i:lesson-19:audit-grammar-002,boya-elementary-i,boya-elementary-i:lesson-19,,,句末了（变化）,,,了 ở cuối câu báo một tình trạng mới hoặc sự thay đổi đã xảy ra.,translated_subagent_draft
grammar,boya-elementary-i:lesson-19:audit-grammar-003,boya-elementary-i,boya-elementary-i:lesson-19,,,又+V+了,,,又加 động từ加了 nói một hành động hoặc tình huống lại xảy ra.,translated_subagent_draft
grammar,boya-elementary-i:lesson-19:audit-grammar-004,boya-elementary-i,boya-elementary-i:lesson-19,,,时量+了,,,Thời lượng cộng 了 cho biết một tình trạng hay hành động đã kéo dài bao lâu.,translated_subagent_draft
grammar,boya-elementary-i:lesson-19:audit-grammar-005,boya-elementary-i,boya-elementary-i:lesson-19,,,让+人+V,,,让加 người加 động từ nghĩa là bảo cho phép hoặc khiến ai làm việc gì tùy ngữ cảnh.,translated_subagent_draft
grammar,boya-elementary-i:lesson-19:audit-grammar-006,boya-elementary-i,boya-elementary-i:lesson-19,,,会+V,,,会 trước động từ diễn tả biết làm hoặc khả năng trong tương lai.,translated_subagent_draft
grammar,boya-elementary-i:lesson-19:audit-grammar-007,boya-elementary-i,boya-elementary-i:lesson-19,,,一定+V,,,一定 trước động từ nhấn mạnh ý định hay kết quả chắc chắn.,translated_subagent_draft
grammar,boya-elementary-i:lesson-20:audit-grammar-001,boya-elementary-i,boya-elementary-i:lesson-20,,,想+V,,,想加 động từ diễn tả mong muốn hoặc dự định làm một việc.,translated_subagent_draft
grammar,boya-elementary-i:lesson-20:audit-grammar-002,boya-elementary-i,boya-elementary-i:lesson-20,,,可以吗,,,可以吗 dùng để xin phép hoặc hỏi một đề nghị có được không.,translated_subagent_draft
grammar,boya-elementary-i:lesson-20:audit-grammar-003,boya-elementary-i,boya-elementary-i:lesson-20,,,哪儿+形容词／哪儿不舒服,,,Dùng 哪儿 cộng tính từ hoặc 不舒服 để hỏi chỗ nào có đặc điểm hay bị khó chịu.,translated_subagent_draft
grammar,boya-elementary-i:lesson-20:audit-grammar-004,boya-elementary-i,boya-elementary-i:lesson-20,,,好像+小句,,,好像 cộng mệnh đề diễn tả phỏng đoán dựa trên cảm nhận chứ chưa chắc chắn.,translated_subagent_draft
grammar,boya-elementary-i:lesson-20:audit-grammar-005,boya-elementary-i,boya-elementary-i:lesson-20,,,如果……的话，再……,,,如果…的话 nêu điều kiện; vế sau thường nêu việc sẽ làm khi điều kiện đó xảy ra.,translated_subagent_draft
grammar,boya-elementary-i:lesson-20:audit-grammar-006,boya-elementary-i,boya-elementary-i:lesson-20,,,还+能,,,还加 能 nói vẫn còn khả năng làm việc gì.,translated_subagent_draft
grammar,boya-elementary-i:lesson-20:audit-grammar-007,boya-elementary-i,boya-elementary-i:lesson-20,,,最好+V,,,最好加 động từ dùng để khuyên lựa chọn tốt nhất.,translated_subagent_draft
grammar,boya-elementary-i:lesson-20:audit-grammar-008,boya-elementary-i,boya-elementary-i:lesson-20,,,跟+人+一起+V,,,跟加 người加一起加 động từ diễn tả cùng ai làm một việc.,translated_subagent_draft
grammar,boya-elementary-i:lesson-20:audit-grammar-009,boya-elementary-i,boya-elementary-i:lesson-20,,,连动句,,,Câu liên động dùng nhiều động từ nối tiếp để biểu thị các bước hay mục đích của một hành động.,translated_subagent_draft
grammar,boya-elementary-i:lesson-20:audit-grammar-010,boya-elementary-i,boya-elementary-i:lesson-20,,,了,,,了 báo hoàn thành hoặc thay đổi; chọn vị trí theo nghĩa của câu.,translated_subagent_draft
grammar,boya-elementary-i:lesson-21:audit-grammar-001,boya-elementary-i,boya-elementary-i:lesson-21,,,每+量词+名词,,,每加 lượng từ加 danh từ chỉ mỗi đơn vị hay mỗi lần của một nhóm.,translated_subagent_draft
grammar,boya-elementary-i:lesson-21:audit-grammar-002,boya-elementary-i,boya-elementary-i:lesson-21,,,要+V,,,要加 động từ diễn tả dự định cần hoặc sắp làm.,translated_subagent_draft
grammar,boya-elementary-i:lesson-21:audit-grammar-003,boya-elementary-i,boya-elementary-i:lesson-21,,,多长时间,,,Dùng 多长时间 để hỏi việc gì kéo dài trong bao lâu.,translated_subagent_draft
grammar,boya-elementary-i:lesson-21:audit-grammar-004,boya-elementary-i,boya-elementary-i:lesson-21,,,这么+形容词,,,这么 đứng trước tính từ để nhấn mạnh mức độ như thế này hoặc quá như vậy.,translated_subagent_draft
grammar,boya-elementary-i:lesson-21:audit-grammar-005,boya-elementary-i,boya-elementary-i:lesson-21,,,对……来说,,,对…来说 nêu góc nhìn: đối với người hay phương diện nào đó.,translated_subagent_draft
grammar,boya-elementary-i:lesson-21:audit-grammar-006,boya-elementary-i,boya-elementary-i:lesson-21,,,一定+形容词,,,一定 đứng trước tính từ để khẳng định mức độ hay nhận định rất chắc chắn.,translated_subagent_draft
grammar,boya-elementary-i:lesson-21:audit-grammar-007,boya-elementary-i,boya-elementary-i:lesson-21,,,怎么办,,,怎么办 dùng để hỏi nên xử lý một tình huống thế nào.,translated_subagent_draft
grammar,boya-elementary-i:lesson-21:audit-grammar-008,boya-elementary-i,boya-elementary-i:lesson-21,,,因为……所以……,,,因为…所以… nối nguyên nhân với kết quả.,translated_subagent_draft
grammar,boya-elementary-i:lesson-21:audit-grammar-009,boya-elementary-i,boya-elementary-i:lesson-21,,,提前+时量,,,提前 cộng thời lượng nghĩa là làm sớm hơn thời điểm dự kiến từng ấy thời gian.,translated_subagent_draft
grammar,boya-elementary-i:lesson-21:audit-grammar-010,boya-elementary-i,boya-elementary-i:lesson-21,,,就,,,就 nhấn mạnh kết quả xảy ra sớm nhanh hoặc ngay sau điều kiện.,translated_subagent_draft
grammar,boya-elementary-i:lesson-21:audit-grammar-011,boya-elementary-i,boya-elementary-i:lesson-21,,,还是,,,还是 dùng để nêu lựa chọn còn lại hoặc đề nghị lựa chọn phù hợp hơn.,translated_subagent_draft
grammar,boya-elementary-i:lesson-21:audit-grammar-012,boya-elementary-i,boya-elementary-i:lesson-21,,,了,,,了 cho biết hành động đã xong hoặc tình trạng đã đổi.,translated_subagent_draft
grammar,boya-elementary-i:lesson-22:audit-grammar-001,boya-elementary-i,boya-elementary-i:lesson-22,,,V了+O（下了课）,,,Động từ cộng 了 rồi đến tân ngữ cho biết việc với tân ngữ đó đã hoàn thành.,translated_subagent_draft
grammar,boya-elementary-i:lesson-22:audit-grammar-002,boya-elementary-i,boya-elementary-i:lesson-22,,,别+V,,,别 đứng trước động từ để bảo người khác đừng làm.,translated_subagent_draft
grammar,boya-elementary-i:lesson-22:audit-grammar-003,boya-elementary-i,boya-elementary-i:lesson-22,,,什么+名词反问,,,什么加 danh từ trong câu phản vấn bày tỏ phủ định mạnh hay trách móc.,translated_subagent_draft
grammar,boya-elementary-i:lesson-22:audit-grammar-004,boya-elementary-i,boya-elementary-i:lesson-22,,,快+V+了／V死了,,,快加 động từ加了 nói việc sắp xảy ra; động từ cộng 死了 có thể nhấn mạnh mức độ cực độ.,translated_subagent_draft
grammar,boya-elementary-i:lesson-22:audit-grammar-005,boya-elementary-i,boya-elementary-i:lesson-22,,,V了……就……,,,Động từ cộng 了…就… cho biết làm xong việc trước thì lập tức làm hoặc có kết quả sau.,translated_subagent_draft
grammar,boya-elementary-i:lesson-22:audit-grammar-006,boya-elementary-i,boya-elementary-i:lesson-22,,,哪儿有……反问,,,哪儿有… là câu phản vấn để nhấn mạnh thực ra không có điều đó.,translated_subagent_draft
grammar,boya-elementary-i:lesson-22:audit-grammar-007,boya-elementary-i,boya-elementary-i:lesson-22,,,这么+形容词,,,这么 cộng tính từ nhấn mạnh mức độ như thế này hoặc quá như vậy.,translated_subagent_draft
grammar,boya-elementary-i:lesson-22:audit-grammar-008,boya-elementary-i,boya-elementary-i:lesson-22,,,……以前,,,…以前 đặt sau hành động hay thời gian để nói trước khi việc đó xảy ra.,translated_subagent_draft
grammar,boya-elementary-i:lesson-22:audit-grammar-009,boya-elementary-i,boya-elementary-i:lesson-22,,,吧／呀句末语气,,,吧 và 呀 ở cuối câu làm giọng nói mềm hơn; dùng cho đề nghị cảm thán hoặc thúc giục tùy ngữ cảnh.,translated_subagent_draft
grammar,boya-elementary-i:lesson-23:audit-grammar-001,boya-elementary-i,boya-elementary-i:lesson-23,,,快要+V+了,,,快要加 động từ加了 diễn tả một việc sắp xảy ra.,translated_subagent_draft
grammar,boya-elementary-i:lesson-23:audit-grammar-002,boya-elementary-i,boya-elementary-i:lesson-23,,,得+V（必须）,,,得加 động từ nhấn mạnh nghĩa bắt buộc phải làm.,translated_subagent_draft
grammar,boya-elementary-i:lesson-23:audit-grammar-003,boya-elementary-i,boya-elementary-i:lesson-23,,,对+对象+感兴趣,,,对加 đối tượng加感兴趣 nghĩa là quan tâm hoặc hứng thú với người hay việc gì.,translated_subagent_draft
grammar,boya-elementary-i:lesson-23:audit-grammar-004,boya-elementary-i,boya-elementary-i:lesson-23,,,打算+V,,,打算加 động từ dùng để nói kế hoạch hay dự định.,translated_subagent_draft
grammar,boya-elementary-i:lesson-23:audit-grammar-005,boya-elementary-i,boya-elementary-i:lesson-23,,,时量+待,,,Thời lượng đặt trước 待 cho biết ở lại một nơi trong bao lâu.,translated_subagent_draft
grammar,boya-elementary-i:lesson-23:audit-grammar-006,boya-elementary-i,boya-elementary-i:lesson-23,,,形容词+极了,,,Tính từ cộng 极了 nhấn mạnh mức độ rất cao.,translated_subagent_draft
grammar,boya-elementary-i:lesson-23:audit-grammar-007,boya-elementary-i,boya-elementary-i:lesson-23,,,还没+V,,,还没加 động từ nghĩa là vẫn chưa làm hoặc việc đó chưa xảy ra.,translated_subagent_draft
grammar,boya-elementary-i:lesson-23:audit-grammar-008,boya-elementary-i,boya-elementary-i:lesson-23,,,可能……也可能……,,,可能…也可能… nêu hai khả năng đều có thể xảy ra.,translated_subagent_draft
grammar,boya-elementary-i:lesson-24:audit-grammar-001,boya-elementary-i,boya-elementary-i:lesson-24,,,V+得+形容词,,,Động từ加得加 tính từ đánh giá mức độ hay kết quả thực hiện hành động.,translated_subagent_draft
grammar,boya-elementary-i:lesson-24:audit-grammar-002,boya-elementary-i,boya-elementary-i:lesson-24,,,V+得怎么样,,,Dùng động từ加得怎么样 để hỏi mức độ hay chất lượng thực hiện.,translated_subagent_draft
grammar,boya-elementary-i:lesson-24:audit-grammar-003,boya-elementary-i,boya-elementary-i:lesson-24,,,的名词化+都,,,的 biến cụm bổ nghĩa thành danh từ; 都 nói mọi người hoặc mọi thứ thuộc nhóm đó.,translated_subagent_draft
grammar,boya-elementary-i:lesson-24:audit-grammar-004,boya-elementary-i,boya-elementary-i:lesson-24,,,到结果补语（回到）,,,到 sau động từ làm bổ ngữ kết quả và nói đã đạt đến nơi hay trạng thái đích.,translated_subagent_draft
grammar,boya-elementary-i:lesson-24:audit-grammar-005,boya-elementary-i,boya-elementary-i:lesson-24,,,都……了,,,都…了 nhấn mạnh tất cả đã hoàn thành hoặc tình trạng đã thay đổi.,translated_subagent_draft
grammar,boya-elementary-i:lesson-24:audit-grammar-006,boya-elementary-i,boya-elementary-i:lesson-24,,,不+V条件省略,,,不加 động từ có thể lược vế điều kiện khi ngữ cảnh đã rõ; ý là nếu không làm thì…,translated_subagent_draft
grammar,boya-elementary-i:lesson-24:audit-grammar-007,boya-elementary-i,boya-elementary-i:lesson-24,,,真／挺+形容词,,,真 và 挺 đứng trước tính từ để nhấn mạnh mức độ; 挺 thường dùng trong khẩu ngữ.,translated_subagent_draft
grammar,boya-elementary-i:lesson-24:audit-grammar-008,boya-elementary-i,boya-elementary-i:lesson-24,,,帮+人+V,,,帮加 người加 động từ nghĩa là giúp ai làm việc gì.,translated_subagent_draft
grammar,boya-elementary-i:lesson-25:audit-grammar-001,boya-elementary-i,boya-elementary-i:lesson-25,,,结果补语好／干净／清楚,,,好 干净 清楚 sau động từ là bổ ngữ kết quả; cho biết việc đã làm xong với kết quả đó.,translated_subagent_draft
grammar,boya-elementary-i:lesson-25:audit-grammar-002,boya-elementary-i,boya-elementary-i:lesson-25,,,吗问句,,,吗 ở cuối câu tạo câu hỏi có hoặc không.,translated_subagent_draft
grammar,boya-elementary-i:lesson-25:audit-grammar-003,boya-elementary-i,boya-elementary-i:lesson-25,,,什么列举（杯子、碗什么）,,,什么 đặt sau vài ví dụ danh từ để nói và những thứ tương tự.,translated_subagent_draft
grammar,boya-elementary-i:lesson-25:audit-grammar-004,boya-elementary-i,boya-elementary-i:lesson-25,,,都,,,都 đứng trước vị ngữ để bao quát toàn bộ người hay vật đã nói đến.,translated_subagent_draft
grammar,boya-elementary-i:lesson-25:audit-grammar-005,boya-elementary-i,boya-elementary-i:lesson-25,,,会+V,,,会 trước động từ nói biết làm hoặc khả năng có thể xảy ra.,translated_subagent_draft
grammar,boya-elementary-i:lesson-25:audit-grammar-006,boya-elementary-i,boya-elementary-i:lesson-25,,,好几个+名词,,,好几个 cộng danh từ nghĩa là khá nhiều hơn hai hoặc ba nhưng không nêu số chính xác.,translated_subagent_draft
grammar,boya-elementary-i:lesson-25:audit-grammar-007,boya-elementary-i,boya-elementary-i:lesson-25,,,V得更+形容词,,,Động từ加得更加 tính từ so sánh kết quả thực hiện với mức cao hơn.,translated_subagent_draft
grammar,boya-elementary-i:lesson-25:audit-grammar-008,boya-elementary-i,boya-elementary-i:lesson-25,,,该+V+了,,,该加 động từ加了 nghĩa là đã đến lúc nên hoặc phải làm việc đó.,translated_subagent_draft
grammar,boya-elementary-i:lesson-25:audit-grammar-009,boya-elementary-i,boya-elementary-i:lesson-25,,,为+对象+V,,,为加 đối tượng加 động từ diễn tả làm điều gì vì hoặc cho ai.,translated_subagent_draft
grammar,boya-elementary-i:lesson-25:audit-grammar-010,boya-elementary-i,boya-elementary-i:lesson-25,,,也+没+V,,,也加没加 động từ nghĩa là cũng chưa hoặc cũng không hề làm.,translated_subagent_draft
grammar,boya-elementary-i:lesson-25:audit-grammar-011,boya-elementary-i,boya-elementary-i:lesson-25,,,时量,,,Từ chỉ thời lượng cho biết hành động hoặc trạng thái kéo dài bao lâu.,translated_subagent_draft
grammar,boya-elementary-ii:lesson-01:audit-grammar-001,boya-elementary-ii,boya-elementary-ii:lesson-01,,,想／要+V,,,想加 động từ nói mong muốn; 要加 động từ nói muốn cần hoặc dự định làm.,translated_subagent_draft
grammar,boya-elementary-ii:lesson-01:audit-grammar-002,boya-elementary-ii,boya-elementary-ii:lesson-01,,,订+数量+机票,,,订加 số lượng加机票 dùng để đặt số vé máy bay cần mua.,translated_subagent_draft
grammar,boya-elementary-ii:lesson-01:audit-grammar-003,boya-elementary-ii,boya-elementary-ii:lesson-01,,,从……到……,,,Từ…到… chỉ điểm xuất phát và điểm đến hoặc khoảng thời gian.,translated_subagent_draft
grammar,boya-elementary-ii:lesson-01:audit-grammar-004,boya-elementary-ii,boya-elementary-ii:lesson-01,,,A还是B选择问,,,Dùng A还是B để hỏi người nghe chọn một trong hai phương án.,translated_subagent_draft
grammar,boya-elementary-ii:lesson-01:audit-grammar-005,boya-elementary-ii,boya-elementary-ii:lesson-01,,,……可以吗？,,,…可以吗 dùng để xin phép hay hỏi một việc có được không.,translated_subagent_draft
grammar,boya-elementary-ii:lesson-01:audit-grammar-006,boya-elementary-ii,boya-elementary-ii:lesson-01,,,需要+N／V,,,需要 cộng danh từ hoặc động từ diễn tả cần một vật hoặc cần làm việc gì.,translated_subagent_draft
grammar,boya-elementary-ii:lesson-01:audit-grammar-007,boya-elementary-ii,boya-elementary-ii:lesson-01,,,一直+状态,,,一直 đứng trước trạng thái hay động từ để nói việc kéo dài liên tục.,translated_subagent_draft
grammar,boya-elementary-ii:lesson-01:audit-grammar-008,boya-elementary-ii,boya-elementary-ii:lesson-01,,,会不会+V,,,会不会加 động từ dùng để hỏi có biết làm hoặc liệu có xảy ra không.,translated_subagent_draft
grammar,boya-elementary-ii:lesson-01:audit-grammar-009,boya-elementary-ii,boya-elementary-ii:lesson-01,,,是否+V,,,是否 đứng trước động từ dùng trong văn phong trang trọng để hỏi có hay không.,translated_subagent_draft
grammar,boya-elementary-ii:lesson-01:audit-grammar-010,boya-elementary-ii,boya-elementary-ii:lesson-01,,,打八折／打折,,,打折 nghĩa là giảm giá; 打八折 nghĩa là trả 80 phần trăm giá gốc.,translated_subagent_draft
grammar,boya-elementary-ii:lesson-01:audit-grammar-011,boya-elementary-ii,boya-elementary-ii:lesson-01,,,几点起飞／到达,,,Dùng 几点起飞 hoặc 到达 để hỏi giờ máy bay cất cánh hay đến nơi.,translated_subagent_draft
grammar,boya-elementary-ii:lesson-01:audit-grammar-012,boya-elementary-ii,boya-elementary-ii:lesson-01,,,正点／晚点,,,正点 nghĩa là đúng giờ; 晚点 nghĩa là bị trễ giờ.,translated_subagent_draft
grammar,boya-elementary-ii:lesson-02:audit-grammar-001,boya-elementary-ii,boya-elementary-ii:lesson-02,,,有+N+出租，是吗？,,,Cấu trúc 有加 danh từ加出租 dùng để nói có thứ gì cho thuê; 是吗 dùng để xác nhận.,translated_subagent_draft
grammar,boya-elementary-ii:lesson-02:audit-grammar-002,boya-elementary-ii,boya-elementary-ii:lesson-02,,,离+地点+近／远,,,离 đứng trước địa điểm rồi dùng 近 hoặc 远 để nói khoảng cách giữa các nơi.,translated_subagent_draft
grammar,boya-elementary-ii:lesson-02:audit-grammar-003,boya-elementary-ii,boya-elementary-ii:lesson-02,,,A不A（远不远）,,,Dạng A不A lặp tính từ để hỏi có đặc điểm đó hay không.,translated_subagent_draft
grammar,boya-elementary-ii:lesson-02:audit-grammar-004,boya-elementary-ii,boya-elementary-ii:lesson-02,,,A比B+形容词,,,A比B加 tính từ dùng để so sánh A hơn B về một đặc điểm.,translated_subagent_draft
grammar,boya-elementary-ii:lesson-02:audit-grammar-005,boya-elementary-ii,boya-elementary-ii:lesson-02,,,A和B比……多了,,,A和B比…多了 dùng để nói A khác B rất nhiều về mức độ nào đó.,translated_subagent_draft
grammar,boya-elementary-ii:lesson-02:audit-grammar-006,boya-elementary-ii,boya-elementary-ii:lesson-02,,,方位词：里、周围、附近,,,里 周围 附近 là từ chỉ vị trí: bên trong xung quanh và gần đó.,translated_subagent_draft
grammar,boya-elementary-ii:lesson-02:audit-grammar-007,boya-elementary-ii,boya-elementary-ii:lesson-02,,,可以+V（看房）,,,可以加 động từ dùng để xin phép hoặc nói có thể làm một việc như xem nhà.,translated_subagent_draft
grammar,boya-elementary-ii:lesson-02:audit-grammar-008,boya-elementary-ii,boya-elementary-ii:lesson-02,,,如果……（条件）,,,如果 mở đầu điều kiện; vế sau nói kết quả hay việc sẽ làm.,translated_subagent_draft
grammar,boya-elementary-ii:lesson-02:audit-grammar-009,boya-elementary-ii,boya-elementary-ii:lesson-02,,,对+对象+满意,,,对加 đối tượng加满意 nghĩa là hài lòng với người hoặc sự việc nào đó.,translated_subagent_draft
grammar,boya-elementary-ii:lesson-02:audit-grammar-010,boya-elementary-ii,boya-elementary-ii:lesson-02,,,和+人+一起+V,,,和加 người加一起加 động từ nói cùng ai làm một việc.,translated_subagent_draft
grammar,boya-elementary-ii:lesson-02:audit-grammar-011,boya-elementary-ii,boya-elementary-ii:lesson-02,,,每个月+金额,,,每个月加 số tiền dùng để nói chi phí hoặc tiền phải trả mỗi tháng.,translated_subagent_draft
grammar,boya-elementary-ii:lesson-03:audit-grammar-001,boya-elementary-ii,boya-elementary-ii:lesson-03,,,V了（丢了）,,,了 sau động từ cho biết hành động đã xảy ra hoặc hoàn thành như làm mất đồ.,translated_subagent_draft
grammar,boya-elementary-ii:lesson-03:audit-grammar-002,boya-elementary-ii,boya-elementary-ii:lesson-03,,,好像+小句,,,好像 cộng mệnh đề diễn tả suy đoán dựa vào dấu hiệu nhưng chưa chắc.,translated_subagent_draft
grammar,boya-elementary-ii:lesson-03:audit-grammar-003,boya-elementary-ii,boya-elementary-ii:lesson-03,,,可能+小句,,,可能 cộng mệnh đề diễn tả một khả năng có thể đúng.,translated_subagent_draft
grammar,boya-elementary-ii:lesson-03:audit-grammar-004,boya-elementary-ii,boya-elementary-ii:lesson-03,,,在+地点+V,,,在加 địa điểm加 động từ cho biết hành động diễn ra ở đâu.,translated_subagent_draft
grammar,boya-elementary-ii:lesson-03:audit-grammar-005,boya-elementary-ii,boya-elementary-ii:lesson-03,,,V的时候,,,Động từ加的时候 nghĩa là vào lúc làm việc đó và dùng để nêu thời điểm.,translated_subagent_draft
grammar,boya-elementary-ii:lesson-03:audit-grammar-006,boya-elementary-ii,boya-elementary-ii:lesson-03,,,穿着+衣物（着状态）,,,着 sau động từ diễn tả trạng thái đang duy trì như đang mặc một bộ đồ.,translated_subagent_draft
grammar,boya-elementary-ii:lesson-03:audit-grammar-007,boya-elementary-ii,boya-elementary-ii:lesson-03,,,里面有+数量／物品,,,里面有加 số lượng hoặc đồ vật dùng để nói bên trong có gì.,translated_subagent_draft
grammar,boya-elementary-ii:lesson-03:audit-grammar-008,boya-elementary-ii,boya-elementary-ii:lesson-03,,,左右约数,,,左右 đứng sau số lượng để nói con số xấp xỉ.,translated_subagent_draft
grammar,boya-elementary-ii:lesson-03:audit-grammar-009,boya-elementary-ii,boya-elementary-ii:lesson-03,,,先+V+找找,,,先加 động từ lặp nhẹ như 找找 dùng để nói hãy làm trước hoặc thử tìm xem.,translated_subagent_draft
grammar,boya-elementary-ii:lesson-03:audit-grammar-010,boya-elementary-ii,boya-elementary-ii:lesson-03,,,怎么和……联系,,,怎么和…联系 dùng để hỏi cách liên lạc với một người hay đơn vị.,translated_subagent_draft
grammar,boya-elementary-ii:lesson-03:audit-grammar-011,boya-elementary-ii,boya-elementary-ii:lesson-03,,,可以+V,,,可以加 động từ diễn tả sự cho phép hoặc khả năng.,translated_subagent_draft
grammar,boya-elementary-ii:lesson-04:audit-grammar-001,boya-elementary-ii,boya-elementary-ii:lesson-04,,,在+地点+生活,,,在加 địa điểm加生活 diễn tả sống tại một nơi.,translated_subagent_draft
grammar,boya-elementary-ii:lesson-04:audit-grammar-002,boya-elementary-ii,boya-elementary-ii:lesson-04,,,A没有B那么+形容词,,,A没有B那么加 tính từ dùng để nói A không bằng B về mức độ đó.,translated_subagent_draft
grammar,boya-elementary-ii:lesson-04:audit-grammar-003,boya-elementary-ii,boya-elementary-ii:lesson-04,,,A和B一样,,,A和B一样 nghĩa là A và B giống nhau về đặc điểm hay tình trạng đã nêu.,translated_subagent_draft
grammar,boya-elementary-ii:lesson-04:audit-grammar-004,boya-elementary-ii,boya-elementary-ii:lesson-04,,,像……一样,,,像…一样 dùng để so sánh A giống B về một đặc điểm.,translated_subagent_draft
grammar,boya-elementary-ii:lesson-04:audit-grammar-005,boya-elementary-ii,boya-elementary-ii:lesson-04,,,有的……有的……,,,有的…有的… chia người hay vật thành các nhóm có hành động hoặc đặc điểm khác nhau.,translated_subagent_draft
grammar,boya-elementary-ii:lesson-04:audit-grammar-006,boya-elementary-ii,boya-elementary-ii:lesson-04,,,一……就……,,,一…就… diễn tả vừa có việc thứ nhất thì việc thứ hai xảy ra ngay.,translated_subagent_draft
grammar,boya-elementary-ii:lesson-04:audit-grammar-007,boya-elementary-ii,boya-elementary-ii:lesson-04,,,一年比一年……,,,一年比一年… diễn tả sự thay đổi tăng hay giảm dần qua từng năm.,translated_subagent_draft
grammar,boya-elementary-ii:lesson-04:audit-grammar-008,boya-elementary-ii,boya-elementary-ii:lesson-04,,,比较+形容词,,,比较 đứng trước tính từ để nói mức độ tương đối khá.,translated_subagent_draft
grammar,boya-elementary-ii:lesson-04:audit-grammar-009,boya-elementary-ii,boya-elementary-ii:lesson-04,,,就+动词（强调）,,,就 đứng trước động từ để nhấn mạnh chính hành động đó hoặc sự việc diễn ra sớm.,translated_subagent_draft
grammar,boya-elementary-ii:lesson-05:audit-grammar-001,boya-elementary-ii,boya-elementary-ii:lesson-05,,,可以／想+V,,,可以 dùng để xin phép hay nói có thể; 想加 động từ nói muốn làm.,translated_subagent_draft
grammar,boya-elementary-ii:lesson-05:audit-grammar-002,boya-elementary-ii,boya-elementary-ii:lesson-05,,,一起+V,,,一起 đứng trước động từ để rủ hoặc nói cùng làm việc gì.,translated_subagent_draft
grammar,boya-elementary-ii:lesson-05:audit-grammar-003,boya-elementary-ii,boya-elementary-ii:lesson-05,,,又……又……,,,又…又… nối hai tính chất hoặc hành động cùng tồn tại.,translated_subagent_draft
grammar,boya-elementary-ii:lesson-05:audit-grammar-004,boya-elementary-ii,boya-elementary-ii:lesson-05,,,A比B+形容词,,,A比B加 tính từ dùng để nói A hơn B.,translated_subagent_draft
grammar,boya-elementary-ii:lesson-05:audit-grammar-005,boya-elementary-ii,boya-elementary-ii:lesson-05,,,A没有B这么+形容词,,,A没有B这么加 tính từ dùng để nói A không đạt mức độ như B.,translated_subagent_draft
grammar,boya-elementary-ii:lesson-05:audit-grammar-006,boya-elementary-ii,boya-elementary-ii:lesson-05,,,点儿+N／有点儿,,,点儿 đi với danh từ chỉ một ít; 有点儿 đứng trước tính từ thường chỉ hơi và có sắc thái chưa hài lòng.,translated_subagent_draft
grammar,boya-elementary-ii:lesson-05:audit-grammar-007,boya-elementary-ii,boya-elementary-ii:lesson-05,,,还要／再来+N,,,还要 hoặc 再来加 danh từ dùng khi muốn gọi thêm món hay xin thêm đồ.,translated_subagent_draft
grammar,boya-elementary-ii:lesson-05:audit-grammar-008,boya-elementary-ii,boya-elementary-ii:lesson-05,,,最主要的是……,,,最主要的是… dùng để nêu lý do hoặc điểm quan trọng nhất.,translated_subagent_draft
grammar,boya-elementary-ii:lesson-05:audit-grammar-009,boya-elementary-ii,boya-elementary-ii:lesson-05,,,对+对象+满意,,,对加 đối tượng加满意 nghĩa là hài lòng với ai hoặc điều gì.,translated_subagent_draft
grammar,boya-elementary-ii:lesson-05:audit-grammar-010,boya-elementary-ii,boya-elementary-ii:lesson-05,,,都,,,都 đứng trước vị ngữ để nói tất cả trong phạm vi đều giống nhau.,translated_subagent_draft
grammar,boya-elementary-ii:lesson-05:audit-grammar-011,boya-elementary-ii,boya-elementary-ii:lesson-05,,,给+人+物／打包,,,给加 người加 vật dùng để đưa cho ai; 给加人加打包 là gói mang về cho ai.,translated_subagent_draft
grammar,boya-elementary-ii:lesson-06:audit-grammar-001,boya-elementary-ii,boya-elementary-ii:lesson-06,,,不但……而且……,,,不但…而且… nối hai thông tin cùng đúng; vế sau thường bổ sung ý mạnh hơn.,translated_subagent_draft
grammar,boya-elementary-ii:lesson-06:audit-grammar-002,boya-elementary-ii,boya-elementary-ii:lesson-06,,,在……上写上……,,,在…上写上… nghĩa là viết hoặc ghi thêm nội dung lên một bề mặt hay tài liệu.,translated_subagent_draft
grammar,boya-elementary-ii:lesson-06:audit-grammar-003,boya-elementary-ii,boya-elementary-ii:lesson-06,,,为了……,,,为了… dùng để nêu mục đích hoặc lý do làm việc phía sau.,translated_subagent_draft
grammar,boya-elementary-ii:lesson-06:audit-grammar-004,boya-elementary-ii,boya-elementary-ii:lesson-06,,,……就行了,,,…就行了 nghĩa là chỉ cần như vậy là đủ hoặc được rồi.,translated_subagent_draft
grammar,boya-elementary-ii:lesson-06:audit-grammar-005,boya-elementary-ii,boya-elementary-ii:lesson-06,,,V着／喝着茶写字,,,着 sau động từ cho biết một hành động hay trạng thái đang song song với hành động khác.,translated_subagent_draft
grammar,boya-elementary-ii:lesson-06:audit-grammar-006,boya-elementary-ii,boya-elementary-ii:lesson-06,,,希望+V,,,希望加 động từ diễn tả hy vọng một việc sẽ xảy ra.,translated_subagent_draft
grammar,boya-elementary-ii:lesson-06:audit-grammar-007,boya-elementary-ii,boya-elementary-ii:lesson-06,,,带上+N,,,带上加 danh từ nghĩa là mang theo một đồ vật khi đi.,translated_subagent_draft
grammar,boya-elementary-ii:lesson-06:audit-grammar-008,boya-elementary-ii,boya-elementary-ii:lesson-06,,,可以+V,,,可以加 động từ dùng để nói được phép hoặc có thể làm.,translated_subagent_draft
grammar,boya-elementary-ii:lesson-06:audit-grammar-009,boya-elementary-ii,boya-elementary-ii:lesson-06,,,报名参加+活动,,,报名参加加 hoạt động nghĩa là đăng ký tham gia một hoạt động.,translated_subagent_draft
grammar,boya-elementary-ii:lesson-06:audit-grammar-010,boya-elementary-ii,boya-elementary-ii:lesson-06,,,欢迎+人+参加,,,欢迎加 người加参加 dùng để chào đón hay mời ai tham gia.,translated_subagent_draft
grammar,boya-elementary-ii:lesson-07:audit-grammar-001,boya-elementary-ii,boya-elementary-ii:lesson-07,,,离……不远,,,离…不远 nghĩa là cách một nơi không xa.,translated_subagent_draft
grammar,boya-elementary-ii:lesson-07:audit-grammar-002,boya-elementary-ii,boya-elementary-ii:lesson-07,,,重叠形容词+的（胖胖的等）,,,Tính từ lặp rồi thêm 的 tạo cách miêu tả sinh động và mềm hơn như 胖胖的.,translated_subagent_draft
grammar,boya-elementary-ii:lesson-07:audit-grammar-003,boya-elementary-ii,boya-elementary-ii:lesson-07,,,又……又……,,,又…又… dùng để nêu hai đặc điểm hay hai hành động cùng có.,translated_subagent_draft
grammar,boya-elementary-ii:lesson-07:audit-grammar-004,boya-elementary-ii,boya-elementary-ii:lesson-07,,,再说,,,再说 dùng để thêm một lý do nữa hoặc nói tiếp một ý.,translated_subagent_draft
grammar,boya-elementary-ii:lesson-07:audit-grammar-005,boya-elementary-ii,boya-elementary-ii:lesson-07,,,虽然……但是……,,,虽然…但是… nêu sự trái ngược: dù vế đầu đúng nhưng kết quả vế sau vẫn xảy ra.,translated_subagent_draft
grammar,boya-elementary-ii:lesson-07:audit-grammar-006,boya-elementary-ii,boya-elementary-ii:lesson-07,,,比字句,,,Câu 比 dùng để so sánh hai đối tượng về cùng một đặc điểm.,translated_subagent_draft
grammar,boya-elementary-ii:lesson-07:audit-grammar-007,boya-elementary-ii,boya-elementary-ii:lesson-07,,,V得+状态（挤得满满）,,,Động từ加得加 trạng thái diễn tả kết quả mạnh đến mức tạo ra trạng thái đó.,translated_subagent_draft
grammar,boya-elementary-ii:lesson-07:audit-grammar-008,boya-elementary-ii,boya-elementary-ii:lesson-07,,,一直+V,,,一直加 động từ diễn tả làm liên tục không ngắt quãng.,translated_subagent_draft
grammar,boya-elementary-ii:lesson-07:audit-grammar-009,boya-elementary-ii,boya-elementary-ii:lesson-07,,,就是+地点／判断,,,就是 dùng để nhấn mạnh chính là địa điểm hay phán đoán đó.,translated_subagent_draft
grammar,boya-elementary-ii:lesson-07:audit-grammar-010,boya-elementary-ii,boya-elementary-ii:lesson-07,,,该+V+了,,,该加 động từ加了 nói đã đến lúc nên làm việc đó.,translated_subagent_draft
grammar,boya-elementary-ii:lesson-07:audit-grammar-011,boya-elementary-ii,boya-elementary-ii:lesson-07,,,V了就……,,,Động từ加了就… diễn tả xong việc đầu thì ngay sau đó có việc hay kết quả tiếp theo.,translated_subagent_draft
grammar,boya-elementary-ii:lesson-08:audit-grammar-001,boya-elementary-ii,boya-elementary-ii:lesson-08,,,如果……的话,,,如果…的话 nêu điều kiện với sắc thái đầy đủ hơn; vế sau nêu kết quả.,translated_subagent_draft
grammar,boya-elementary-ii:lesson-08:audit-grammar-002,boya-elementary-ii,boya-elementary-ii:lesson-08,,,像……一样,,,像…一样 dùng để nói giống như ai hoặc cái gì về một đặc điểm.,translated_subagent_draft
grammar,boya-elementary-ii:lesson-08:audit-grammar-003,boya-elementary-ii,boya-elementary-ii:lesson-08,,,只好+V,,,只好加 động từ diễn tả không còn lựa chọn nào khác ngoài làm việc đó.,translated_subagent_draft
grammar,boya-elementary-ii:lesson-08:audit-grammar-004,boya-elementary-ii,boya-elementary-ii:lesson-08,,,给+对象+加油,,,给加 đối tượng加加油 dùng để cổ vũ ai.,translated_subagent_draft
grammar,boya-elementary-ii:lesson-08:audit-grammar-005,boya-elementary-ii,boya-elementary-ii:lesson-08,,,都……了,,,都…了 nhấn mạnh mọi việc hay mọi người đều đã ở tình trạng mới.,translated_subagent_draft
grammar,boya-elementary-ii:lesson-08:audit-grammar-006,boya-elementary-ii,boya-elementary-ii:lesson-08,,,为了……,,,为了… nêu mục đích phía sau hành động.,translated_subagent_draft
grammar,boya-elementary-ii:lesson-08:audit-grammar-007,boya-elementary-ii,boya-elementary-ii:lesson-08,,,好不容易（才）……,,,好不容易 kèm 才 nhấn mạnh phải rất vất vả hoặc rất lâu mới đạt được kết quả.,translated_subagent_draft
grammar,boya-elementary-ii:lesson-08:audit-grammar-008,boya-elementary-ii,boya-elementary-ii:lesson-08,,,起晚了／拿起+N,,,起晚了 nghĩa là dậy muộn; 拿起加 danh từ nghĩa là cầm hoặc nhấc vật lên.,translated_subagent_draft
grammar,boya-elementary-ii:lesson-08:audit-grammar-009,boya-elementary-ii,boya-elementary-ii:lesson-08,,,一定+形容词,,,一定加 tính từ nhấn mạnh phán đoán rất chắc chắn.,translated_subagent_draft
grammar,boya-elementary-ii:lesson-09:audit-grammar-001,boya-elementary-ii,boya-elementary-ii:lesson-09,,,又……又……／又……了,,,又…又… nêu hai đặc điểm; 又加 động từ加了 nói một việc lại xảy ra.,translated_subagent_draft
grammar,boya-elementary-ii:lesson-09:audit-grammar-002,boya-elementary-ii,boya-elementary-ii:lesson-09,,,结果补语：摔坏、看不清楚、写不下来,,,Bổ ngữ kết quả sau động từ cho biết kết quả như làm hỏng nhìn không rõ hoặc không viết xuống được.,translated_subagent_draft
grammar,boya-elementary-ii:lesson-09:audit-grammar-003,boya-elementary-ii,boya-elementary-ii:lesson-09,,,不小心+V,,,不小心加 động từ nghĩa là vô ý hoặc sơ ý làm việc gì.,translated_subagent_draft
grammar,boya-elementary-ii:lesson-09:audit-grammar-004,boya-elementary-ii,boya-elementary-ii:lesson-09,,,一下子,,,一下子 diễn tả việc xảy ra đột ngột hoặc trong chớp mắt.,translated_subagent_draft
grammar,boya-elementary-ii:lesson-09:audit-grammar-005,boya-elementary-ii,boya-elementary-ii:lesson-09,,,没+V／V不下来、V不清楚（可能补语）,,,没加 động từ phủ định việc đã xảy ra; bổ ngữ khả năng như 不下来 hoặc 不清楚 nói không thể làm được.,translated_subagent_draft
grammar,boya-elementary-ii:lesson-09:audit-grammar-006,boya-elementary-ii,boya-elementary-ii:lesson-09,,,V来V去,,,Động từ lặp với 来去 diễn tả hành động lặp đi lặp lại.,translated_subagent_draft
grammar,boya-elementary-ii:lesson-09:audit-grammar-007,boya-elementary-ii,boya-elementary-ii:lesson-09,,,V的时候／上课时,,,Động từ加的时候 hoặc 上课时 dùng để nói vào thời điểm xảy ra hành động.,translated_subagent_draft
grammar,boya-elementary-ii:lesson-09:audit-grammar-008,boya-elementary-ii,boya-elementary-ii:lesson-09,,,忘了+V,,,忘了加 động từ nghĩa là quên làm một việc.,translated_subagent_draft
grammar,boya-elementary-ii:lesson-09:audit-grammar-009,boya-elementary-ii,boya-elementary-ii:lesson-09,,,怎么办,,,怎么办 dùng để hỏi cách giải quyết tình huống.,translated_subagent_draft
grammar,boya-elementary-ii:lesson-09:audit-grammar-010,boya-elementary-ii,boya-elementary-ii:lesson-09,,,真是+名词／形容词,,,真是加 danh từ hoặc tính từ dùng để cảm thán và nhấn mạnh nhận xét.,translated_subagent_draft
grammar,boya-elementary-ii:lesson-10:audit-grammar-001,boya-elementary-ii,boya-elementary-ii:lesson-10,,,V+着（状态）,,,着 sau động từ nói trạng thái đang được duy trì.,translated_subagent_draft
grammar,boya-elementary-ii:lesson-10:audit-grammar-002,boya-elementary-ii,boya-elementary-ii:lesson-10,,,记不清楚／找不到／听不懂（可能补语）,,,Bổ ngữ khả năng như 不清楚 不到 不懂 diễn tả không thể nhớ tìm hoặc hiểu được.,translated_subagent_draft
grammar,boya-elementary-ii:lesson-10:audit-grammar-003,boya-elementary-ii,boya-elementary-ii:lesson-10,,,（往）+方向+拐／走,,,往加 hướng加拐或走 dùng để chỉ đường rẽ hoặc đi theo hướng nào.,translated_subagent_draft
grammar,boya-elementary-ii:lesson-10:audit-grammar-004,boya-elementary-ii,boya-elementary-ii:lesson-10,,,一边……一边……,,,一边…一边… diễn tả hai hành động xảy ra đồng thời.,translated_subagent_draft
grammar,boya-elementary-ii:lesson-10:audit-grammar-005,boya-elementary-ii,boya-elementary-ii:lesson-10,,,V过／去过,,,过 sau động từ diễn tả đã từng có trải nghiệm như từng đi đâu.,translated_subagent_draft
grammar,boya-elementary-ii:lesson-10:audit-grammar-006,boya-elementary-ii,boya-elementary-ii:lesson-10,,,可能+小句,,,可能加 mệnh đề nói điều được phỏng đoán có thể xảy ra.,translated_subagent_draft
grammar,boya-elementary-ii:lesson-10:audit-grammar-007,boya-elementary-ii,boya-elementary-ii:lesson-10,,,所以因果,,,所以 dùng để dẫn đến kết quả từ nguyên nhân đã nêu.,translated_subagent_draft
grammar,boya-elementary-ii:lesson-10:audit-grammar-008,boya-elementary-ii,boya-elementary-ii:lesson-10,,,才+V,,,才 trước động từ nhấn mạnh việc xảy ra muộn hoặc chỉ sau điều kiện nào đó.,translated_subagent_draft
grammar,boya-elementary-ii:lesson-10:audit-grammar-009,boya-elementary-ii,boya-elementary-ii:lesson-10,,,急得+小句,,,急得加 mệnh đề diễn tả lo hoặc sốt ruột đến mức có phản ứng phía sau.,translated_subagent_draft
grammar,boya-elementary-ii:lesson-10:audit-grammar-010,boya-elementary-ii,boya-elementary-ii:lesson-10,,,V来V去,,,Động từ lặp với 来去 nói hành động diễn ra qua lại nhiều lần.,translated_subagent_draft
grammar,boya-elementary-ii:lesson-11:audit-grammar-001,boya-elementary-ii,boya-elementary-ii:lesson-11,,,V起来（吃起来／说起来／做起来）,,,Động từ加起来 dùng để nêu cảm nhận khi làm hoặc dùng một việc như ăn thấy thế nào.,translated_subagent_draft
grammar,boya-elementary-ii:lesson-11:audit-grammar-002,boya-elementary-ii,boya-elementary-ii:lesson-11,,,先……再……最后……,,,先…再…最后… trình bày các bước theo thứ tự đầu tiên tiếp theo và cuối cùng.,translated_subagent_draft
grammar,boya-elementary-ii:lesson-11:audit-grammar-003,boya-elementary-ii,boya-elementary-ii:lesson-11,,,又……又……,,,又…又… nêu hai tính chất cùng tồn tại.,translated_subagent_draft
grammar,boya-elementary-ii:lesson-11:audit-grammar-004,boya-elementary-ii,boya-elementary-ii:lesson-11,,,一……就……,,,一…就… nói hễ việc đầu xảy ra thì việc sau xảy ra ngay.,translated_subagent_draft
grammar,boya-elementary-ii:lesson-11:audit-grammar-005,boya-elementary-ii,boya-elementary-ii:lesson-11,,,把+食材+V,,,把 đưa tân ngữ lên trước động từ để nói xử lý nguyên liệu hay đồ vật thế nào.,translated_subagent_draft
grammar,boya-elementary-ii:lesson-11:audit-grammar-006,boya-elementary-ii,boya-elementary-ii:lesson-11,,,V成+结果,,,Động từ加成加 kết quả nói biến thứ gì thành trạng thái hay sản phẩm cuối cùng.,translated_subagent_draft
grammar,boya-elementary-ii:lesson-11:audit-grammar-007,boya-elementary-ii,boya-elementary-ii:lesson-11,,,V着（点着）,,,着 sau động từ như 点着 diễn tả trạng thái đang cháy hoặc được bật.,translated_subagent_draft
grammar,boya-elementary-ii:lesson-11:audit-grammar-008,boya-elementary-ii,boya-elementary-ii:lesson-11,,,再+V,,,再 đứng trước động từ để nói làm bước tiếp theo hoặc làm thêm.,translated_subagent_draft
grammar,boya-elementary-ii:lesson-11:audit-grammar-009,boya-elementary-ii,boya-elementary-ii:lesson-11,,,一会儿,,,一会儿 chỉ một lát hoặc một khoảng thời gian ngắn.,translated_subagent_draft
grammar,boya-elementary-ii:lesson-11:audit-grammar-010,boya-elementary-ii,boya-elementary-ii:lesson-11,,,就+结果,,,就 nhấn mạnh kết quả đến ngay sau hành động hay điều kiện trước đó.,translated_subagent_draft
grammar,boya-elementary-ii:lesson-12:audit-grammar-001,boya-elementary-ii,boya-elementary-ii:lesson-12,,,趋向补语：搬进、拿出、放上、搬走,,,Bổ ngữ xu hướng như 进 出 上 走 cho biết hướng di chuyển sau khi làm hành động.,translated_subagent_draft
grammar,boya-elementary-ii:lesson-12:audit-grammar-002,boya-elementary-ii,boya-elementary-ii:lesson-12,,,把+物品+V,,,把 đưa đồ vật cần xử lý lên trước động từ để nêu thao tác với nó.,translated_subagent_draft
grammar,boya-elementary-ii:lesson-12:audit-grammar-003,boya-elementary-ii,boya-elementary-ii:lesson-12,,,把+物品+放在+处所,,,把加 đồ vật加放在加 nơi chốn nói đặt đồ vật vào vị trí cụ thể.,translated_subagent_draft
grammar,boya-elementary-ii:lesson-12:audit-grammar-004,boya-elementary-ii,boya-elementary-ii:lesson-12,,,在……里／上／旁边,,,在…里 上 旁边 dùng để chỉ vị trí trong trên hoặc bên cạnh một nơi.,translated_subagent_draft
grammar,boya-elementary-ii:lesson-12:audit-grammar-005,boya-elementary-ii,boya-elementary-ii:lesson-12,,,如果……可以……,,,如果…可以… nói nếu điều kiện xảy ra thì có thể làm việc ở vế sau.,translated_subagent_draft
grammar,boya-elementary-ii:lesson-12:audit-grammar-006,boya-elementary-ii,boya-elementary-ii:lesson-12,,,放不下（可能补语）,,,放不下 là bổ ngữ khả năng: không thể đặt vừa vì thiếu chỗ.,translated_subagent_draft
grammar,boya-elementary-ii:lesson-12:audit-grammar-007,boya-elementary-ii,boya-elementary-ii:lesson-12,,,看起来+形容词,,,看起来加 tính từ diễn tả vẻ bên ngoài hoặc nhận xét dựa vào quan sát.,translated_subagent_draft
grammar,boya-elementary-ii:lesson-12:audit-grammar-008,boya-elementary-ii,boya-elementary-ii:lesson-12,,,一边……一边……,,,一边…一边… diễn tả làm hai việc cùng lúc.,translated_subagent_draft
grammar,boya-elementary-ii:lesson-12:audit-grammar-009,boya-elementary-ii,boya-elementary-ii:lesson-12,,,不但……而且……,,,不但…而且… nối hai ý cùng đúng và nhấn ý sau mạnh hơn.,translated_subagent_draft
grammar,boya-elementary-ii:lesson-12:audit-grammar-010,boya-elementary-ii,boya-elementary-ii:lesson-12,,,有个+名词,,,有个加 danh từ giới thiệu sự tồn tại của một người hoặc vật chưa xác định.,translated_subagent_draft
grammar,boya-elementary-ii:lesson-13:audit-grammar-001,boya-elementary-ii,boya-elementary-ii:lesson-13,,,V不出来（可能补语）,,,Động từ加不出来 là bổ ngữ khả năng: muốn làm nhưng không thể cho ra kết quả.,translated_subagent_draft
grammar,boya-elementary-ii:lesson-13:audit-grammar-002,boya-elementary-ii,boya-elementary-ii:lesson-13,,,adj.+得+结果／程度,,,Tính từ加得加 kết quả hoặc mức độ diễn tả mức độ mạnh dẫn đến một hệ quả.,translated_subagent_draft
grammar,boya-elementary-ii:lesson-13:audit-grammar-003,boya-elementary-ii,boya-elementary-ii:lesson-13,,,越……越……,,,越…越… diễn tả sự thay đổi dần: càng… càng….,translated_subagent_draft
grammar,boya-elementary-ii:lesson-13:audit-grammar-004,boya-elementary-ii,boya-elementary-ii:lesson-13,,,连……都……,,,连…都… nhấn mạnh ngay cả trường hợp cực đoan cũng như vậy.,translated_subagent_draft
grammar,boya-elementary-ii:lesson-13:audit-grammar-005,boya-elementary-ii,boya-elementary-ii:lesson-13,,,不管……都……,,,不管…都… nghĩa là bất kể điều kiện nào thì kết quả vẫn không thay đổi.,translated_subagent_draft
grammar,boya-elementary-ii:lesson-13:audit-grammar-006,boya-elementary-ii,boya-elementary-ii:lesson-13,,,为了……,,,为了… dùng để nêu mục đích của hành động.,translated_subagent_draft
grammar,boya-elementary-ii:lesson-13:audit-grammar-007,boya-elementary-ii,boya-elementary-ii:lesson-13,,,一遍一遍+V,,,一遍一遍加 động từ diễn tả làm lặp lại hết lần này đến lần khác.,translated_subagent_draft
grammar,boya-elementary-ii:lesson-13:audit-grammar-008,boya-elementary-ii,boya-elementary-ii:lesson-13,,,看起来+形容词,,,看起来加 tính từ nói ấn tượng nhận được từ quan sát bên ngoài.,translated_subagent_draft
grammar,boya-elementary-ii:lesson-13:audit-grammar-009,boya-elementary-ii,boya-elementary-ii:lesson-13,,,连……都忘了怎么说,,,连…都忘了怎么说 nhấn mạnh đến điều cơ bản cũng quên cách nói.,translated_subagent_draft
grammar,boya-elementary-ii:lesson-14:audit-grammar-001,boya-elementary-ii,boya-elementary-ii:lesson-14,,,其实……,,,其实 dùng để nêu sự thật hoặc ý giải thích đằng sau bề ngoài.,translated_subagent_draft
grammar,boya-elementary-ii:lesson-14:audit-grammar-002,boya-elementary-ii,boya-elementary-ii:lesson-14,,,为了……,,,为了… diễn tả mục đích hoặc động cơ của việc làm.,translated_subagent_draft
grammar,boya-elementary-ii:lesson-14:audit-grammar-003,boya-elementary-ii,boya-elementary-ii:lesson-14,,,只要……就……,,,只要…就… nêu điều kiện đủ: chỉ cần vế đầu đúng thì vế sau xảy ra.,translated_subagent_draft
grammar,boya-elementary-ii:lesson-14:audit-grammar-004,boya-elementary-ii,boya-elementary-ii:lesson-14,,,V下来（坚持下来）,,,Động từ加下来 như 坚持下来 diễn tả tiếp tục và duy trì đến cuối cùng.,translated_subagent_draft
grammar,boya-elementary-ii:lesson-14:audit-grammar-005,boya-elementary-ii,boya-elementary-ii:lesson-14,,,专门+V,,,专门 đứng trước động từ để nói cố ý dành riêng cho một mục đích.,translated_subagent_draft
grammar,boya-elementary-ii:lesson-14:audit-grammar-006,boya-elementary-ii,boya-elementary-ii:lesson-14,,,V过（经历）,,,过 sau động từ diễn tả đã từng trải qua kinh nghiệm đó.,translated_subagent_draft
grammar,boya-elementary-ii:lesson-14:audit-grammar-007,boya-elementary-ii,boya-elementary-ii:lesson-14,,,就+结果,,,就 đứng trước kết quả để nhấn mạnh kết quả đến ngay hay tất yếu.,translated_subagent_draft
grammar,boya-elementary-ii:lesson-14:audit-grammar-008,boya-elementary-ii,boya-elementary-ii:lesson-14,,,因为……所以……,,,因为…所以… nối nguyên nhân ở vế đầu với kết quả ở vế sau.,translated_subagent_draft
grammar,boya-elementary-ii:lesson-14:audit-grammar-009,boya-elementary-ii,boya-elementary-ii:lesson-14,,,当+职业,,,当 cộng nghề nghiệp nghĩa là làm nghề hoặc giữ vai trò đó.,translated_subagent_draft
grammar,boya-elementary-ii:lesson-14:audit-grammar-010,boya-elementary-ii,boya-elementary-ii:lesson-14,,,必须／一定要+V,,,必须 hoặc 一定要加 động từ diễn tả yêu cầu bắt buộc hay rất cần thiết.,translated_subagent_draft
grammar,boya-elementary-ii:lesson-15:audit-grammar-001,boya-elementary-ii,boya-elementary-ii:lesson-15,,,V+一下儿,,,Động từ加一下儿 làm yêu cầu hay hành động nghe ngắn và nhẹ hơn.,translated_subagent_draft
grammar,boya-elementary-ii:lesson-15:audit-grammar-002,boya-elementary-ii,boya-elementary-ii:lesson-15,,,如果……就……,,,如果…就… nêu điều kiện và kết quả tương ứng.,translated_subagent_draft
grammar,boya-elementary-ii:lesson-15:audit-grammar-003,boya-elementary-ii,boya-elementary-ii:lesson-15,,,又……又……,,,又…又… mô tả hai đặc điểm hoặc hai việc cùng có.,translated_subagent_draft
grammar,boya-elementary-ii:lesson-15:audit-grammar-004,boya-elementary-ii,boya-elementary-ii:lesson-15,,,V+着,,,着 sau động từ diễn tả trạng thái đang tiếp diễn hay đang được duy trì.,translated_subagent_draft
grammar,boya-elementary-ii:lesson-15:audit-grammar-005,boya-elementary-ii,boya-elementary-ii:lesson-15,,,越来越……,,,越来越… diễn tả mức độ thay đổi ngày càng tăng hoặc giảm.,translated_subagent_draft
grammar,boya-elementary-ii:lesson-15:audit-grammar-006,boya-elementary-ii,boya-elementary-ii:lesson-15,,,……就可以了,,,…就可以了 nghĩa là chỉ cần làm đến đó là được.,translated_subagent_draft
grammar,boya-elementary-ii:lesson-15:audit-grammar-007,boya-elementary-ii,boya-elementary-ii:lesson-15,,,不但……而且……,,,不但…而且… thêm một ý cùng đúng và thường nhấn mạnh ý sau.,translated_subagent_draft
grammar,boya-elementary-ii:lesson-15:audit-grammar-008,boya-elementary-ii,boya-elementary-ii:lesson-15,,,把+物+放在……,,,把加 đồ vật加放在… dùng để nói đặt đồ vật vào vị trí nào.,translated_subagent_draft
grammar,boya-elementary-ii:lesson-15:audit-grammar-009,boya-elementary-ii,boya-elementary-ii:lesson-15,,,让+人+形容词,,,让加 người加 tính từ nghĩa là làm cho ai có cảm giác hay trở nên thế nào.,translated_subagent_draft
grammar,boya-elementary-ii:lesson-15:audit-grammar-010,boya-elementary-ii,boya-elementary-ii:lesson-15,,,可以+V,,,可以加 động từ diễn tả cho phép hoặc khả năng.,translated_subagent_draft
grammar,boya-elementary-ii:lesson-16:audit-grammar-001,boya-elementary-ii,boya-elementary-ii:lesson-16,,,除了……以外,,,除了…以外 dùng để nói ngoài người vật hay phạm vi đã nêu ra.,translated_subagent_draft
grammar,boya-elementary-ii:lesson-16:audit-grammar-002,boya-elementary-ii,boya-elementary-ii:lesson-16,,,别+V,,,别加 động từ dùng để ngăn hoặc khuyên đừng làm việc gì.,translated_subagent_draft
grammar,boya-elementary-ii:lesson-16:audit-grammar-003,boya-elementary-ii,boya-elementary-ii:lesson-16,,,一边……一边……,,,一边…一边… diễn tả hai hành động xảy ra đồng thời.,translated_subagent_draft
grammar,boya-elementary-ii:lesson-16:audit-grammar-004,boya-elementary-ii,boya-elementary-ii:lesson-16,,,真是太……了,,,真是太…了 dùng để cảm thán mức độ rất cao.,translated_subagent_draft
grammar,boya-elementary-ii:lesson-16:audit-grammar-005,boya-elementary-ii,boya-elementary-ii:lesson-16,,,一……就……,,,一…就… nói hễ việc đầu xảy ra thì việc sau xảy ra ngay.,translated_subagent_draft
grammar,boya-elementary-ii:lesson-16:audit-grammar-006,boya-elementary-ii,boya-elementary-ii:lesson-16,,,时（上大学时）,,,时 đứng sau hoạt động hoặc mốc thời gian để chỉ lúc đó.,translated_subagent_draft
grammar,boya-elementary-ii:lesson-16:audit-grammar-007,boya-elementary-ii,boya-elementary-ii:lesson-16,,,还是+名词／形容词,,,还是 đứng trước danh từ hoặc tính từ để chọn phương án cũ hay phương án tốt hơn.,translated_subagent_draft
grammar,boya-elementary-ii:lesson-16:audit-grammar-008,boya-elementary-ii,boya-elementary-ii:lesson-16,,,像……那样,,,像…那样 dùng để so sánh với cách hay trạng thái như thế kia.,translated_subagent_draft
grammar,boya-elementary-ii:lesson-16:audit-grammar-009,boya-elementary-ii,boya-elementary-ii:lesson-16,,,V后（见面后）,,,Động từ加后 nghĩa là sau khi làm việc đó.,translated_subagent_draft
grammar,boya-elementary-ii:lesson-16:audit-grammar-010,boya-elementary-ii,boya-elementary-ii:lesson-16,,,有点儿+形容词,,,有点儿 đứng trước tính từ chỉ mức độ hơi và thường hàm ý chưa như mong muốn.,translated_subagent_draft
grammar,boya-elementary-ii:lesson-16:audit-grammar-011,boya-elementary-ii,boya-elementary-ii:lesson-16,,,会+V,,,会加 động từ diễn tả biết làm hoặc khả năng sẽ xảy ra.,translated_subagent_draft
grammar,boya-elementary-ii:lesson-16:audit-grammar-012,boya-elementary-ii,boya-elementary-ii:lesson-16,,,可以+V,,,可以加 động từ dùng để xin phép hoặc nói có thể làm.,translated_subagent_draft
grammar,boya-elementary-ii:lesson-17:audit-grammar-001,boya-elementary-ii,boya-elementary-ii:lesson-17,,,马上就要+V+了,,,马上就要加 động từ加了 nhấn mạnh sự việc sắp xảy ra rất nhanh.,translated_subagent_draft
grammar,boya-elementary-ii:lesson-17:audit-grammar-002,boya-elementary-ii,boya-elementary-ii:lesson-17,,,可得+V,,,可得加 động từ nhấn mạnh lời nhắc hoặc yêu cầu rất cần thiết: nhất định phải.,translated_subagent_draft
grammar,boya-elementary-ii:lesson-17:audit-grammar-003,boya-elementary-ii,boya-elementary-ii:lesson-17,,,连着+V／连着放,,,连着加 động từ diễn tả làm liên tiếp không ngừng hoặc đặt nối liền nhau.,translated_subagent_draft
grammar,boya-elementary-ii:lesson-17:audit-grammar-004,boya-elementary-ii,boya-elementary-ii:lesson-17,,,把+宾语+V个遍,,,把加 tân ngữ加 động từ个遍 nghĩa là làm hành động đó với toàn bộ từng phần của đối tượng.,translated_subagent_draft
grammar,boya-elementary-ii:lesson-17:audit-grammar-005,boya-elementary-ii,boya-elementary-ii:lesson-17,,,一个一个地+V,,,一个一个地加 động từ nghĩa là làm lần lượt từng cái hoặc từng người.,translated_subagent_draft
grammar,boya-elementary-ii:lesson-17:audit-grammar-006,boya-elementary-ii,boya-elementary-ii:lesson-17,,,一方面……另一方面……,,,一方面…另一方面… trình bày hai mặt hay hai lý do song song.,translated_subagent_draft
grammar,boya-elementary-ii:lesson-17:audit-grammar-007,boya-elementary-ii,boya-elementary-ii:lesson-17,,,不够+人／时间+V,,,不够加 người hoặc thời gian加 động từ nghĩa là không đủ nguồn lực để làm.,translated_subagent_draft
grammar,boya-elementary-ii:lesson-17:audit-grammar-008,boya-elementary-ii,boya-elementary-ii:lesson-17,,,可以+V,,,可以加 động từ diễn tả được phép hoặc có thể.,translated_subagent_draft
grammar,boya-elementary-ii:lesson-17:audit-grammar-009,boya-elementary-ii,boya-elementary-ii:lesson-17,,,V+时量,,,Động từ加 thời lượng cho biết làm việc đó trong bao lâu.,translated_subagent_draft
grammar,boya-elementary-ii:lesson-17:audit-grammar-010,boya-elementary-ii,boya-elementary-ii:lesson-17,,,多么+形容词+啊,,,多么加 tính từ加啊 là câu cảm thán nhấn mạnh mức độ rất cao.,translated_subagent_draft
grammar,boya-elementary-ii:lesson-18:audit-grammar-001,boya-elementary-ii,boya-elementary-ii:lesson-18,,,虽然……但是……,,,虽然…但是… diễn tả dù có điều ở vế đầu nhưng kết quả trái với mong đợi ở vế sau.,translated_subagent_draft
grammar,boya-elementary-ii:lesson-18:audit-grammar-002,boya-elementary-ii,boya-elementary-ii:lesson-18,,,被动句（会被问……）,,,Câu bị động dùng 被 để nói chủ thể chịu tác động của hành động từ bên ngoài.,translated_subagent_draft
grammar,boya-elementary-ii:lesson-18:audit-grammar-003,boya-elementary-ii,boya-elementary-ii:lesson-18,,,只要……就……,,,只要…就… nói chỉ cần một điều kiện là kết quả có thể xảy ra.,translated_subagent_draft
grammar,boya-elementary-ii:lesson-18:audit-grammar-004,boya-elementary-ii,boya-elementary-ii:lesson-18,,,一边……一边……,,,一边…一边… diễn tả đồng thời làm hai việc.,translated_subagent_draft
grammar,boya-elementary-ii:lesson-18:audit-grammar-005,boya-elementary-ii,boya-elementary-ii:lesson-18,,,从来没+V,,,从来没加 động từ nghĩa là từ trước đến nay chưa từng làm hoặc chưa từng xảy ra.,translated_subagent_draft
grammar,boya-elementary-ii:lesson-18:audit-grammar-006,boya-elementary-ii,boya-elementary-ii:lesson-18,,,要是……非……不可,,,要是…非…不可 nêu điều kiện rồi nhấn mạnh bắt buộc phải làm điều ở vế sau.,translated_subagent_draft
grammar,boya-elementary-ii:lesson-18:audit-grammar-007,boya-elementary-ii,boya-elementary-ii:lesson-18,,,V得很,,,Động từ加得很 diễn tả hành động được thực hiện ở mức độ cao.,translated_subagent_draft
grammar,boya-elementary-ii:lesson-18:audit-grammar-008,boya-elementary-ii,boya-elementary-ii:lesson-18,,,应该+V,,,应该加 động từ dùng để khuyên hoặc nói việc nên làm.,translated_subagent_draft
grammar,boya-elementary-ii:lesson-18:audit-grammar-009,boya-elementary-ii,boya-elementary-ii:lesson-18,,,最好+V,,,最好加 động từ đưa ra lời khuyên về lựa chọn tốt nhất.,translated_subagent_draft
grammar,boya-elementary-ii:lesson-18:audit-grammar-010,boya-elementary-ii,boya-elementary-ii:lesson-18,,,的时候,,,的时候 đặt sau cụm thời gian hay hành động để nói vào lúc đó.,translated_subagent_draft
grammar,boya-elementary-ii:lesson-18:audit-grammar-011,boya-elementary-ii,boya-elementary-ii:lesson-18,,,一件一件地+V,,,一件一件地加 động từ nghĩa là làm hoặc xử lý từng việc từng món một.,translated_subagent_draft
grammar,boya-elementary-ii:lesson-18:audit-grammar-012,boya-elementary-ii,boya-elementary-ii:lesson-18,,,对……来说,,,对…来说 dùng để nêu nhận xét theo góc nhìn của một người hay phương diện.,translated_subagent_draft
grammar,boya-elementary-ii:lesson-18:audit-grammar-013,boya-elementary-ii,boya-elementary-ii:lesson-18,,,同时+V,,,同时加 động từ diễn tả hai hành động hoặc tình huống xảy ra cùng lúc.,translated_subagent_draft
expression,boya-elementary-i:lesson-01:expression-01,boya-elementary-i,boya-elementary-i:lesson-01,,Nǐ hǎo,,你好,How are you?/How do you do?,Xin chào,translated_subagent_draft
expression,boya-elementary-i:lesson-01:expression-02,boya-elementary-i,boya-elementary-i:lesson-01,,Xièxie,,谢谢,Thanks,Cảm ơn,translated_subagent_draft
expression,boya-elementary-i:lesson-01:expression-03,boya-elementary-i,boya-elementary-i:lesson-01,,Bú kèqi,,不客气,You're welcome,Không có gì,translated_subagent_draft
expression,boya-elementary-i:lesson-01:expression-04,boya-elementary-i,boya-elementary-i:lesson-01,,Duìbuqǐ,,对不起,Sorry,Xin lỗi,translated_subagent_draft
expression,boya-elementary-i:lesson-01:expression-05,boya-elementary-i,boya-elementary-i:lesson-01,,Méi guānxi,,没关系,It's OK,Không sao,translated_subagent_draft
expression,boya-elementary-i:lesson-01:expression-06,boya-elementary-i,boya-elementary-i:lesson-01,,Zàijiàn,,再见,Bye,Tạm biệt,translated_subagent_draft
expression,boya-elementary-i:lesson-02:expression-01,boya-elementary-i,boya-elementary-i:lesson-02,,Zǎoshang hǎo,,早上好,Good morning,Chào buổi sáng,translated_subagent_draft
expression,boya-elementary-i:lesson-02:expression-02,boya-elementary-i,boya-elementary-i:lesson-02,,Wǎnshang hǎo,,晚上好,Good evening,Chào buổi tối,translated_subagent_draft
expression,boya-elementary-i:lesson-02:expression-03,boya-elementary-i,boya-elementary-i:lesson-02,,Míngtiān jiàn,,明天见,See you tomorrow,Hẹn gặp ngày mai,translated_subagent_draft
expression,boya-elementary-i:lesson-02:expression-04,boya-elementary-i,boya-elementary-i:lesson-02,,Qǐng jìn,,请进,"Come in, please",Mời vào,translated_subagent_draft
expression,boya-elementary-i:lesson-02:expression-05,boya-elementary-i,boya-elementary-i:lesson-02,,Shénme,,什么,What?,Cái gì?; Gì?,translated_subagent_draft
expression,boya-elementary-i:lesson-02:expression-06,boya-elementary-i,boya-elementary-i:lesson-02,,Duōshao qián,,多少钱,How much?,Bao nhiêu tiền?,translated_subagent_draft
expression,boya-elementary-i:lesson-03:expression-01,boya-elementary-i,boya-elementary-i:lesson-03,,Míngbai le,,明白了,I see,Tôi hiểu rồi,translated_subagent_draft
expression,boya-elementary-i:lesson-03:expression-02,boya-elementary-i,boya-elementary-i:lesson-03,,Wǒ tīng bù dǒng,,我听不懂,I don't understand,Tôi nghe không hiểu,translated_subagent_draft
expression,boya-elementary-i:lesson-03:expression-03,boya-elementary-i,boya-elementary-i:lesson-03,,Qǐng zài shuō yí biàn,,请再说一遍,Please say it again,Xin hãy nói lại một lần nữa,translated_subagent_draft
expression,boya-elementary-i:lesson-03:expression-04,boya-elementary-i,boya-elementary-i:lesson-03,,Tài guì le,,太贵了,It's too expensive,Đắt quá,translated_subagent_draft
expression,boya-elementary-i:lesson-03:expression-05,boya-elementary-i,boya-elementary-i:lesson-03,,Piányi yìdiǎnr ba,,便宜一点儿吧,A little cheaper,Rẻ hơn một chút nhé,translated_subagent_draft
expression,boya-elementary-i:lesson-03:expression-06,boya-elementary-i,boya-elementary-i:lesson-03,,Cèsuǒ zài nǎr,,厕所在哪儿,Where is the toilet?,Nhà vệ sinh ở đâu?,translated_subagent_draft
