vocabulary_key,textbook_id,volume,word,pinyin,part_of_speech,meaning_en_source,meaning_vi,meaning_vi_status,repeated_mark,lesson_numbers,lesson_titles,source_printed_pages,source_appendix_pdf_pages,source_section,source_status,source_notes
boya-elementary-i:杯子:beizi,boya-elementary-i,初级起步篇 I,杯子,beizi,名,cup,cái cốc; ly,translated_subagent_draft,,5;25,认识你很高兴;准备好了吗,25,238,词语总表,appendix_canonical_needs_pos_translation_review,词语总表提供词语、拼音和教材印刷页码；词类与越南文释义待从对应词语页核对。
boya-elementary-i:北方:beifang,boya-elementary-i,初级起步篇 I,北方,beifang,,,miền Bắc,translated_subagent_draft,,4;16,你叫什么名字;来一斤饺子,16,238,词语总表,appendix_canonical_needs_pos_translation_review,词语总表提供词语、拼音和教材印刷页码；词类与越南文释义待从对应词语页核对。
boya-elementary-i:安静:anjing,boya-elementary-i,初级起步篇 I,安静,anjing,形,quiet,yên tĩnh,translated_subagent_draft,,4;19,你叫什么名字;你又熬夜了,19,238,词语总表,appendix_canonical_needs_pos_translation_review,词语总表提供词语、拼音和教材印刷页码；词类与越南文释义待从对应词语页核对。
boya-elementary-i:本子:benzi,boya-elementary-i,初级起步篇 I,本子,benzi,名,notebook,quyển vở,translated_subagent_draft,,2;6,拼音和日常用语（二）;这是什么,6,238,词语总表,appendix_canonical_needs_pos_translation_review,词语总表提供词语、拼音和教材印刷页码；词类与越南文释义待从对应词语页核对。
boya-elementary-i:安排:ainpai,boya-elementary-i,初级起步篇 I,安排,ainpai,动,to plan,sắp xếp; bố trí,translated_subagent_draft,,4;22,你叫什么名字;明天你下了课去哪儿,22,238,词语总表,appendix_canonical_needs_pos_translation_review,词语总表提供词语、拼音和教材印刷页码；词类与越南文释义待从对应词语页核对。
boya-elementary-i:比较:bijido,boya-elementary-i,初级起步篇 I,比较,bijido,,comparactively; relatively,khá; tương đối; so sánh,translated_subagent_draft,,4;19,你叫什么名字;你又熬夜了,19,238,词语总表,appendix_canonical_needs_pos_translation_review,词语总表提供词语、拼音和教材印刷页码；词类与越南文释义待从对应词语页核对。
boya-elementary-i:熬夜:doye,boya-elementary-i,初级起步篇 I,熬夜,do ye,,to stay up late,thức khuya,translated_subagent_draft,,4;19,你叫什么名字;你又熬夜了,19,238,词语总表,appendix_canonical_needs_pos_translation_review,词语总表提供词语、拼音和教材印刷页码；词类与越南文释义待从对应词语页核对。
boya-elementary-i:比如:biru,boya-elementary-i,初级起步篇 I,比如,biru,动,for example,ví dụ như,translated_subagent_draft,,4;18,你叫什么名字;今天我七点半就起床了,18,238,词语总表,appendix_canonical_needs_pos_translation_review,词语总表提供词语、拼音和教材印刷页码；词类与越南文释义待从对应词语页核对。
boya-elementary-i:比赛:bisai,boya-elementary-i,初级起步篇 I,比赛,bisai,名,match; competition,cuộc thi; trận đấu,translated_subagent_draft,,5;25,认识你很高兴;准备好了吗,25,238,词语总表,appendix_canonical_needs_pos_translation_review,词语总表提供词语、拼音和教材印刷页码；词类与越南文释义待从对应词语页核对。
boya-elementary-i:吧:ba,boya-elementary-i,初级起步篇 I,吧,ba,助,"of a sentence to indicate a supposition, suggestion， request or order","trợ từ cuối câu dùng để đề nghị, yêu cầu hoặc phỏng đoán",translated_subagent_draft,,2;8,拼音和日常用语（二）;明天晚上你有时间吗,8,238,词语总表,appendix_canonical_needs_pos_translation_review,词语总表提供词语、拼音和教材印刷页码；词类与越南文释义待从对应词语页核对。
boya-elementary-i:笔:bi,boya-elementary-i,初级起步篇 I,笔,bǐ,名,pen,bút,translated_subagent_draft,,2;6,拼音和日常用语（二）;这是什么,6,238,词语总表,appendix_canonical_repaired_needs_pos_translation_review,词语总表提供词语、拼音和教材印刷页码；词类与越南文释义待从对应词语页核对。；补回附录缺失拼音 bǐ
boya-elementary-i:爸爸:baba,boya-elementary-i,初级起步篇 I,爸爸,baba,名,father,bố; ba,translated_subagent_draft,,3;14,拼音和日常用语（三）;祝你生日快乐,14,238,词语总表,appendix_canonical_needs_pos_translation_review,词语总表提供词语、拼音和教材印刷页码；词类与越南文释义待从对应词语页核对。
boya-elementary-i:笔试:bishi,boya-elementary-i,初级起步篇 I,笔试,bishi,,written examination,thi viết,translated_subagent_draft,,4;21,你叫什么名字;每个人要说多长时间,21,238,词语总表,appendix_canonical_needs_pos_translation_review,词语总表提供词语、拼音和教材印刷页码；词类与越南文释义待从对应词语页核对。
boya-elementary-i:白:bai,boya-elementary-i,初级起步篇 I,白,bai,助,"possession, roughly equiva- lent to “-S” suffix",trợ từ chỉ quan hệ sở hữu,translated_subagent_draft,,3;5;13,拼音和日常用语（三）;认识你很高兴;你打算买什么样子,13,238,词语总表,appendix_canonical_needs_pos_translation_review,词语总表提供词语、拼音和教材印刷页码；词类与越南文释义待从对应词语页核对。
boya-elementary-i:表演:biaoyan,boya-elementary-i,初级起步篇 I,表演,biaoyan,动,to perform,biểu diễn,translated_subagent_draft,,5;25,认识你很高兴;准备好了吗,25,238,词语总表,appendix_canonical_needs_pos_translation_review,词语总表提供词语、拼音和教材印刷页码；词类与越南文释义待从对应词语页核对。
boya-elementary-i:白菜:baicai,boya-elementary-i,初级起步篇 I,白菜,baicai,名,cabbage,cải thảo,translated_subagent_draft,,4;16,你叫什么名字;来一斤饺子,16,238,词语总表,appendix_canonical_needs_pos_translation_review,词语总表提供词语、拼音和教材印刷页码；词类与越南文释义待从对应词语页核对。
boya-elementary-i:别:bie,boya-elementary-i,初级起步篇 I,别,bie,,do not,đừng,translated_subagent_draft,,4;22,你叫什么名字;明天你下了课去哪儿,22,238,词语总表,appendix_canonical_needs_pos_translation_review,词语总表提供词语、拼音和教材印刷页码；词类与越南文释义待从对应词语页核对。
boya-elementary-i:白天:baitian,boya-elementary-i,初级起步篇 I,白天,baitian,名,daytime,ban ngày,translated_subagent_draft,,4;19,你叫什么名字;你又熬夜了,19,238,词语总表,appendix_canonical_needs_pos_translation_review,词语总表提供词语、拼音和教材印刷页码；词类与越南文释义待从对应词语页核对。
boya-elementary-i:别的:biede,boya-elementary-i,初级起步篇 I,别的,bie de,代,oneself,khác; cái khác,translated_subagent_draft,,3;15,拼音和日常用语（三）;我可以试试吗,15,238,词语总表,appendix_canonical_repaired_needs_pos_translation_review,词语总表提供词语、拼音和教材印刷页码；词类与越南文释义待从对应词语页核对。；由拼音 bie de 将 OCR 单字误配修为“别的”
boya-elementary-i:班:ban,boya-elementary-i,初级起步篇 I,班,ban,名,Class,lớp,translated_subagent_draft,,4;23,你叫什么名字;假期有什么打算,23,238,词语总表,appendix_canonical_needs_pos_translation_review,词语总表提供词语、拼音和教材印刷页码；词类与越南文释义待从对应词语页核对。
boya-elementary-i:冰:bing,boya-elementary-i,初级起步篇 I,冰,bing,名,ice,đá; băng,translated_subagent_draft,,4;18,你叫什么名字;今天我七点半就起床了,18,238,词语总表,appendix_canonical_needs_pos_translation_review,词语总表提供词语、拼音和教材印刷页码；词类与越南文释义待从对应词语页核对。
boya-elementary-i:搬:ban,boya-elementary-i,初级起步篇 I,搬,ban,动,to move,chuyển; dọn,translated_subagent_draft,,4;17,你叫什么名字;喝茶还是喝咖啡,17,238,词语总表,appendix_canonical_needs_pos_translation_review,词语总表提供词语、拼音和教材印刷页码；词类与越南文释义待从对应词语页核对。
boya-elementary-i:病假条:bingjiatido,boya-elementary-i,初级起步篇 I,病假条,bingjiatido,名,certificate for sick leave,giấy xin nghỉ ốm,translated_subagent_draft,,4;20,你叫什么名字;我想请一天假,20,238,词语总表,appendix_canonical_needs_pos_translation_review,词语总表提供词语、拼音和教材印刷页码；词类与越南文释义待从对应词语页核对。
boya-elementary-i:办:ban,boya-elementary-i,初级起步篇 I,办,ban,动,to do,làm; giải quyết,translated_subagent_draft,,4;19,你叫什么名字;你又熬夜了,19,238,词语总表,appendix_canonical_needs_pos_translation_review,词语总表提供词语、拼音和教材印刷页码；词类与越南文释义待从对应词语页核对。
boya-elementary-i:补考:bukdo,boya-elementary-i,初级起步篇 I,补考,bukdo,动,to make-up examination,thi lại,translated_subagent_draft,,4;20,你叫什么名字;我想请一天假,20,238,词语总表,appendix_canonical_needs_pos_translation_review,词语总表提供词语、拼音和教材印刷页码；词类与越南文释义待从对应词语页核对。
boya-elementary-i:办法:banfd,boya-elementary-i,初级起步篇 I,办法,banfd,名,method; means,cách; biện pháp,translated_subagent_draft,,5;25,认识你很高兴;准备好了吗,25,238,词语总表,appendix_canonical_needs_pos_translation_review,词语总表提供词语、拼音和教材印刷页码；词类与越南文释义待从对应词语页核对。
boya-elementary-i:不:bu,boya-elementary-i,初级起步篇 I,不,bu,,no; not,không,translated_subagent_draft,,1;4,拼音和日常用语（一）;你叫什么名字,4,238,词语总表,appendix_canonical_needs_pos_translation_review,词语总表提供词语、拼音和教材印刷页码；词类与越南文释义待从对应词语页核对。
boya-elementary-i:办公室:bangongshi,boya-elementary-i,初级起步篇 I,办公室,bangongshi,名,ofhice,văn phòng,translated_subagent_draft,,2;9,拼音和日常用语（二）;我们怎么去,9,238,词语总表,appendix_canonical_needs_pos_translation_review,词语总表提供词语、拼音和教材印刷页码；词类与越南文释义待从对应词语页核对。
boya-elementary-i:不错:bucuo,boya-elementary-i,初级起步篇 I,不错,bucuo,形,not bad,không tệ; khá tốt,translated_subagent_draft,,4;16,你叫什么名字;来一斤饺子,16,238,词语总表,appendix_canonical_needs_pos_translation_review,词语总表提供词语、拼音和教材印刷页码；词类与越南文释义待从对应词语页核对。
boya-elementary-i:半:ban,boya-elementary-i,初级起步篇 I,半,ban,数,half,một nửa,translated_subagent_draft,,2;8,拼音和日常用语（二）;明天晚上你有时间吗,8,238,词语总表,appendix_canonical_needs_pos_translation_review,词语总表提供词语、拼音和教材印刷页码；词类与越南文释义待从对应词语页核对。
boya-elementary-i:不过:buguo,boya-elementary-i,初级起步篇 I,不过,buguo,连,but; however,nhưng; tuy nhiên,translated_subagent_draft,,3;13,拼音和日常用语（三）;你打算买什么样子,13,238,词语总表,appendix_canonical_needs_pos_translation_review,词语总表提供词语、拼音和教材印刷页码；词类与越南文释义待从对应词语页核对。
boya-elementary-i:帮:bang,boya-elementary-i,初级起步篇 I,帮,bang,动,to help,giúp,translated_subagent_draft,,4;21,你叫什么名字;每个人要说多长时间,21,238,词语总表,appendix_canonical_needs_pos_translation_review,词语总表提供词语、拼音和教材印刷页码；词类与越南文释义待从对应词语页核对。
boya-elementary-i:不好意思:buhdoyisi,boya-elementary-i,初级起步篇 I,不好意思,bu hdoyisi,,excuse me,xin lỗi; ngại quá,translated_subagent_draft,,4;19,你叫什么名字;你又熬夜了,19,238,词语总表,appendix_canonical_needs_pos_translation_review,词语总表提供词语、拼音和教材印刷页码；词类与越南文释义待从对应词语页核对。
boya-elementary-i:帮忙:bangmang,boya-elementary-i,初级起步篇 I,帮忙,bang mang,,to help,giúp đỡ,translated_subagent_draft,,4;17,你叫什么名字;喝茶还是喝咖啡,17,238,词语总表,appendix_canonical_needs_pos_translation_review,词语总表提供词语、拼音和教材印刷页码；词类与越南文释义待从对应词语页核对。
boya-elementary-i:不用:buyong,boya-elementary-i,初级起步篇 I,不用,buyong,,need not,không cần,translated_subagent_draft,,4;17,你叫什么名字;喝茶还是喝咖啡,17,238,词语总表,appendix_canonical_needs_pos_translation_review,词语总表提供词语、拼音和教材印刷页码；词类与越南文释义待从对应词语页核对。
boya-elementary-i:包子:bdozi,boya-elementary-i,初级起步篇 I,包子,bdozi,名,steamed stu ffed bun,bánh bao,translated_subagent_draft,,4;16,你叫什么名字;来一斤饺子,16,238,词语总表,appendix_canonical_needs_pos_translation_review,词语总表提供词语、拼音和教材印刷页码；词类与越南文释义待从对应词语页核对。
boya-elementary-i:部分:bufen,boya-elementary-i,初级起步篇 I,部分,bufen,名,part; section,phần; bộ phận,translated_subagent_draft,,4;21,你叫什么名字;每个人要说多长时间,21,238,词语总表,appendix_canonical_needs_pos_translation_review,词语总表提供词语、拼音和教材印刷页码；词类与越南文释义待从对应词语页核对。
boya-elementary-i:报告:baogdo,boya-elementary-i,初级起步篇 I,报告,baogdo,名,report,báo cáo,translated_subagent_draft,,5;24,认识你很高兴;学得怎么样,24,238,词语总表,appendix_canonical_needs_pos_translation_review,词语总表提供词语、拼音和教材印刷页码；词类与越南文释义待从对应词语页核对。
boya-elementary-i:报名:bdoming,boya-elementary-i,初级起步篇 I,报名,bdo ming,,to enroll; to sign up,đăng ký,translated_subagent_draft,,4;23,你叫什么名字;假期有什么打算,23,238,词语总表,appendix_canonical_needs_pos_translation_review,词语总表提供词语、拼音和教材印刷页码；词类与越南文释义待从对应词语页核对。
boya-elementary-i:抱歉:bdoqian,boya-elementary-i,初级起步篇 I,抱歉,bdoqian,形,sorry,xin lỗi; lấy làm tiếc,translated_subagent_draft,,4;21,你叫什么名字;每个人要说多长时间,21,238,词语总表,appendix_canonical_needs_pos_translation_review,词语总表提供词语、拼音和教材印刷页码；词类与越南文释义待从对应词语页核对。
boya-elementary-i:菜:cai,boya-elementary-i,初级起步篇 I,菜,cai,名,dish,món ăn; rau,translated_subagent_draft,,4;16;18,你叫什么名字;来一斤饺子;今天我七点半就起床了,16,238,词语总表,appendix_canonical_needs_pos_translation_review,词语总表提供词语、拼音和教材印刷页码；词类与越南文释义待从对应词语页核对。
boya-elementary-i:杯:bei,boya-elementary-i,初级起步篇 I,杯,bei,名,Cup,cốc; ly (lượng từ),translated_subagent_draft,,3;10,拼音和日常用语（三）;西瓜怎么卖,10,238,词语总表,appendix_canonical_needs_pos_translation_review,词语总表提供词语、拼音和教材印刷页码；词类与越南文释义待从对应词语页核对。
boya-elementary-i:菜单:caidan,boya-elementary-i,初级起步篇 I,菜单,caidan,名,menu li to be away from,thực đơn,translated_subagent_draft,,4;16,你叫什么名字;来一斤饺子,16,239,词语总表,appendix_canonical_needs_pos_translation_review,词语总表提供词语、拼音和教材印刷页码；词类与越南文释义待从对应词语页核对。
boya-elementary-i:待:dai,boya-elementary-i,初级起步篇 I,待,dai,动,to stay,ở lại; lưu lại,translated_subagent_draft,,4;23,你叫什么名字;假期有什么打算,23,239,词语总表,appendix_canonical_needs_pos_translation_review,词语总表提供词语、拼音和教材印刷页码；词类与越南文释义待从对应词语页核对。
boya-elementary-i:参加:canjia,boya-elementary-i,初级起步篇 I,参加,canjia,动,to join; to attend; take part in,tham gia,translated_subagent_draft,,4;23,你叫什么名字;假期有什么打算,23,239,词语总表,appendix_canonical_needs_pos_translation_review,词语总表提供词语、拼音和教材印刷页码；词类与越南文释义待从对应词语页核对。
boya-elementary-i:茶:cha,boya-elementary-i,初级起步篇 I,茶,cha,,tea,trà,translated_subagent_draft,,4;17,你叫什么名字;喝茶还是喝咖啡,17,239,词语总表,appendix_canonical_needs_pos_translation_review,词语总表提供词语、拼音和教材印刷页码；词类与越南文释义待从对应词语页核对。
boya-elementary-i:担心:danxin,boya-elementary-i,初级起步篇 I,担心,dan xin,,to Worry dui： • Iai shuo for （Sb.）,lo lắng,translated_subagent_draft,,4;21,你叫什么名字;每个人要说多长时间,21,239,词语总表,appendix_canonical_needs_pos_translation_review,词语总表提供词语、拼音和教材印刷页码；词类与越南文释义待从对应词语页核对。
boya-elementary-i:查:cha,boya-elementary-i,初级起步篇 I,查,cha,动,to check; to examine,kiểm tra; tra cứu,translated_subagent_draft,,3;15,拼音和日常用语（三）;我可以试试吗,15,239,词语总表,appendix_canonical_needs_pos_translation_review,词语总表提供词语、拼音和教材印刷页码；词类与越南文释义待从对应词语页核对。
boya-elementary-i:蛋糕:dangao,boya-elementary-i,初级起步篇 I,蛋糕,dangao,名,cake,bánh ngọt,translated_subagent_draft,,3;14,拼音和日常用语（三）;祝你生日快乐,14,239,词语总表,appendix_canonical_needs_pos_translation_review,词语总表提供词语、拼音和教材印刷页码；词类与越南文释义待从对应词语页核对。
boya-elementary-i:差:cha,boya-elementary-i,初级起步篇 I,差,cha,动,to lack; to be short （by some amount）,thiếu; kém,translated_subagent_draft,,2;8,拼音和日常用语（二）;明天晚上你有时间吗,8,239,词语总表,appendix_canonical_needs_pos_translation_review,词语总表提供词语、拼音和教材印刷页码；词类与越南文释义待从对应词语页核对。
boya-elementary-i:当然:dangran,boya-elementary-i,初级起步篇 I,当然,dangran,,"of course, certainly",đương nhiên; tất nhiên,translated_subagent_draft,,3;14,拼音和日常用语（三）;祝你生日快乐,14,239,词语总表,appendix_canonical_needs_pos_translation_review,词语总表提供词语、拼音和教材印刷页码；词类与越南文释义待从对应词语页核对。
boya-elementary-i:差不多:chabudui,boya-elementary-i,初级起步篇 I,差不多,chabudui,,almost; nearly,gần như; xấp xỉ,translated_subagent_draft,,4;18,你叫什么名字;今天我七点半就起床了,18,239,词语总表,appendix_canonical_needs_pos_translation_review,词语总表提供词语、拼音和教材印刷页码；词类与越南文释义待从对应词语页核对。
boya-elementary-i:倒霉:ddomei,boya-elementary-i,初级起步篇 I,倒霉,ddomei,形,unlucky,xui xẻo,translated_subagent_draft,,4;21,你叫什么名字;每个人要说多长时间,21,239,词语总表,appendix_canonical_needs_pos_translation_review,词语总表提供词语、拼音和教材印刷页码；词类与越南文释义待从对应词语页核对。
boya-elementary-i:尝:chang,boya-elementary-i,初级起步篇 I,尝,chang,动,to taste,nếm,translated_subagent_draft,,4;17,你叫什么名字;喝茶还是喝咖啡,17,239,词语总表,appendix_canonical_needs_pos_translation_review,词语总表提供词语、拼音和教材印刷页码；词类与越南文释义待从对应词语页核对。
boya-elementary-i:到:ddo,boya-elementary-i,初级起步篇 I,到,ddo,动,to arrive,đến; tới,translated_subagent_draft,,3;5;12;19;21;25,拼音和日常用语（三）;认识你很高兴;我正在等公共汽车呢;你又熬夜了;每个人要说多长时间;准备好了吗,12,239,词语总表,appendix_canonical_needs_pos_translation_review,词语总表提供词语、拼音和教材印刷页码；词类与越南文释义待从对应词语页核对。
boya-elementary-i:常（常）:changchang,boya-elementary-i,初级起步篇 I,常（常）,cháng (cháng),,"often, usually",thường; thường xuyên,translated_subagent_draft,,3;11,拼音和日常用语（三）;明天天气怎么样,11,239,词语总表,appendix_canonical_repaired_needs_pos_translation_review,词语总表提供词语、拼音和教材印刷页码；词类与越南文释义待从对应词语页核对。；拼音 OCR 修为 cháng (cháng)
boya-elementary-i:唱:chang,boya-elementary-i,初级起步篇 I,唱,chang,动,to sing,hát,translated_subagent_draft,,3;14,拼音和日常用语（三）;祝你生日快乐,14,239,词语总表,appendix_canonical_needs_pos_translation_review,词语总表提供词语、拼音和教材印刷页码；词类与越南文释义待从对应词语页核对。
boya-elementary-i:得:de,boya-elementary-i,初级起步篇 I,得,de,助,structural particle,trợ từ đặt sau động từ để bổ sung mức độ hoặc cách thức,translated_subagent_draft,,5;24,认识你很高兴;学得怎么样,24,239,词语总表,appendix_canonical_needs_pos_translation_review,词语总表提供词语、拼音和教材印刷页码；词类与越南文释义待从对应词语页核对。
boya-elementary-i:车站:chezhan,boya-elementary-i,初级起步篇 I,车站,chezhan,名,station,nhà ga; trạm xe,translated_subagent_draft,,3;12,拼音和日常用语（三）;我正在等公共汽车呢,12,239,词语总表,appendix_canonical_needs_pos_translation_review,词语总表提供词语、拼音和教材印刷页码；词类与越南文释义待从对应词语页核对。
boya-elementary-i:得:dei,boya-elementary-i,初级起步篇 I,得,dei,助动,need to,phải; cần phải,translated_subagent_draft,,4;18,你叫什么名字;今天我七点半就起床了,18,239,词语总表,appendix_canonical_needs_pos_translation_review,词语总表提供词语、拼音和教材印刷页码；词类与越南文释义待从对应词语页核对。
boya-elementary-i:吃饭:chifan,boya-elementary-i,初级起步篇 I,吃饭,chi fan,,to eat,ăn cơm; dùng bữa,translated_subagent_draft,,2;8,拼音和日常用语（二）;明天晚上你有时间吗,8,239,词语总表,appendix_canonical_needs_pos_translation_review,词语总表提供词语、拼音和教材印刷页码；词类与越南文释义待从对应词语页核对。
boya-elementary-i:等:deng,boya-elementary-i,初级起步篇 I,等,deng,动,to wait cong・・・・ddo・・・ from... to,đợi; chờ,translated_subagent_draft,,3;12,拼音和日常用语（三）;我正在等公共汽车呢,12,239,词语总表,appendix_canonical_needs_pos_translation_review,词语总表提供词语、拼音和教材印刷页码；词类与越南文释义待从对应词语页核对。
boya-elementary-i:迟到:chiddo,boya-elementary-i,初级起步篇 I,迟到,chiddo,动,to be late,đến muộn,translated_subagent_draft,,4;19,你叫什么名字;你又熬夜了,19,239,词语总表,appendix_canonical_needs_pos_translation_review,词语总表提供词语、拼音和教材印刷页码；词类与越南文释义待从对应词语页核对。
boya-elementary-i:地方:difang,boya-elementary-i,初级起步篇 I,地方,difang,名,place,nơi; địa điểm,translated_subagent_draft,,4;17,你叫什么名字;喝茶还是喝咖啡,17,239,词语总表,appendix_canonical_needs_pos_translation_review,词语总表提供词语、拼音和教材印刷页码；词类与越南文释义待从对应词语页核对。
boya-elementary-i:充值:chongzhi,boya-elementary-i,初级起步篇 I,充值,chong zhi,,top up; recharge,nạp tiền; nạp lại,translated_subagent_draft,,5;25,认识你很高兴;准备好了吗,25,239,词语总表,appendix_canonical_needs_pos_translation_review,词语总表提供词语、拼音和教材印刷页码；词类与越南文释义待从对应词语页核对。
boya-elementary-i:地铁:ditie,boya-elementary-i,初级起步篇 I,地铁,ditie,名,subway,tàu điện ngầm,translated_subagent_draft,,2;9,拼音和日常用语（二）;我们怎么去,9,239,词语总表,appendix_canonical_needs_pos_translation_review,词语总表提供词语、拼音和教材印刷页码；词类与越南文释义待从对应词语页核对。
boya-elementary-i:出门:chimen,boya-elementary-i,初级起步篇 I,出门,chi men,,to gq0 out,ra khỏi nhà,translated_subagent_draft,,4;21,你叫什么名字;每个人要说多长时间,21,239,词语总表,appendix_canonical_needs_pos_translation_review,词语总表提供词语、拼音和教材印刷页码；词类与越南文释义待从对应词语页核对。
boya-elementary-i:第一:diyi,boya-elementary-i,初级起步篇 I,第一,di-yi,数,auxiliary word for ordinal numbers,thứ nhất; đầu tiên,translated_subagent_draft,,4;17,你叫什么名字;喝茶还是喝咖啡,17,239,词语总表,appendix_canonical_needs_pos_translation_review,词语总表提供词语、拼音和教材印刷页码；词类与越南文释义待从对应词语页核对。
boya-elementary-i:出租车:chuzuche,boya-elementary-i,初级起步篇 I,出租车,chuzuche,名,taxi,taxi,translated_subagent_draft,,2;9,拼音和日常用语（二）;我们怎么去,9,239,词语总表,appendix_canonical_needs_pos_translation_review,词语总表提供词语、拼音和教材印刷页码；词类与越南文释义待从对应词语页核对。
boya-elementary-i:点:dian,boya-elementary-i,初级起步篇 I,点,diǎn,量,o'clock ; hour on the clock,giờ (trên đồng hồ),translated_subagent_draft,,2;8;16,拼音和日常用语（二）;明天晚上你有时间吗;来一斤饺子,8;16,239,词语总表,appendix_canonical_repaired_needs_pos_translation_review,词语总表提供词语、拼音和教材印刷页码；词类与越南文释义待从对应词语页核对。；拼音 OCR 修为 diǎn;拼音 OCR 修为 diǎn
boya-elementary-i:穿:chuan,boya-elementary-i,初级起步篇 I,穿,chuan,动,to wear,mặc; đi (quần áo),translated_subagent_draft,,3;15,拼音和日常用语（三）;我可以试试吗,15,239,词语总表,appendix_canonical_needs_pos_translation_review,词语总表提供词语、拼音和教材印刷页码；词类与越南文释义待从对应词语页核对。
boya-elementary-i:春天:chuntian,boya-elementary-i,初级起步篇 I,春天,chuntian,名,spring,mùa xuân,translated_subagent_draft,,3;11,拼音和日常用语（三）;明天天气怎么样,11,239,词语总表,appendix_canonical_needs_pos_translation_review,词语总表提供词语、拼音和教材印刷页码；词类与越南文释义待从对应词语页核对。
boya-elementary-i:电话:didnhua,boya-elementary-i,初级起步篇 I,电话,didnhua,名,telephone,điện thoại,translated_subagent_draft,,2;9,拼音和日常用语（二）;我们怎么去,9,239,词语总表,appendix_canonical_needs_pos_translation_review,词语总表提供词语、拼音和教材印刷页码；词类与越南文释义待从对应词语页核对。
boya-elementary-i:次:ci,boya-elementary-i,初级起步篇 I,次,ci,量,time; measure word （for action）,lần (lượng từ cho hành động),translated_subagent_draft,,4;19,你叫什么名字;你又熬夜了,19,239,词语总表,appendix_canonical_needs_pos_translation_review,词语总表提供词语、拼音和教材印刷页码；词类与越南文释义待从对应词语页核对。
boya-elementary-i:电脑:dianndo,boya-elementary-i,初级起步篇 I,电脑,dianndo,名,computer,máy tính,translated_subagent_draft,,2;6,拼音和日常用语（二）;这是什么,6,239,词语总表,appendix_canonical_needs_pos_translation_review,词语总表提供词语、拼音和教材印刷页码；词类与越南文释义待从对应词语页核对。
boya-elementary-i:电影:dianying,boya-elementary-i,初级起步篇 I,电影,dianying,,movie,phim,translated_subagent_draft,,3;12,拼音和日常用语（三）;我正在等公共汽车呢,12,239,词语总表,appendix_canonical_needs_pos_translation_review,词语总表提供词语、拼音和教材印刷页码；词类与越南文释义待从对应词语页核对。
boya-elementary-i:订:ding,boya-elementary-i,初级起步篇 I,订,ding,动,to book,đặt trước,translated_subagent_draft,,5;25,认识你很高兴;准备好了吗,25,239,词语总表,appendix_canonical_needs_pos_translation_review,词语总表提供词语、拼音和教材印刷页码；词类与越南文释义待从对应词语页核对。
boya-elementary-i:东边:dongbian,boya-elementary-i,初级起步篇 I,东边,dongbian,名,the east side,phía đông,translated_subagent_draft,,2;7,拼音和日常用语（二）;欢迎去我家玩儿,7,239,词语总表,appendix_canonical_needs_pos_translation_review,词语总表提供词语、拼音和教材印刷页码；词类与越南文释义待从对应词语页核对。
boya-elementary-i:打（电话）:dadianhua,boya-elementary-i,初级起步篇 I,打（电话）,dǎ (diànhuà),动,to call,gọi điện,translated_subagent_draft,,3;12,拼音和日常用语（三）;我正在等公共汽车呢,12,239,词语总表,appendix_canonical_repaired_needs_pos_translation_review,词语总表提供词语、拼音和教材印刷页码；词类与越南文释义待从对应词语页核对。；拼音 OCR 修为 dǎ (diànhuà)
boya-elementary-i:东门:dongmen,boya-elementary-i,初级起步篇 I,东门,dongmen,名,east gate,cổng phía đông,translated_subagent_draft,,2;9,拼音和日常用语（二）;我们怎么去,9,239,词语总表,appendix_canonical_needs_pos_translation_review,词语总表提供词语、拼音和教材印刷页码；词类与越南文释义待从对应词语页核对。
boya-elementary-i:打车:ddche,boya-elementary-i,初级起步篇 I,打车,dd che,,to hire or take a taxi,bắt taxi; đi taxi,translated_subagent_draft,,4;21,你叫什么名字;每个人要说多长时间,21,239,词语总表,appendix_canonical_needs_pos_translation_review,词语总表提供词语、拼音和教材印刷页码；词类与越南文释义待从对应词语页核对。
boya-elementary-i:冬天:dongtian,boya-elementary-i,初级起步篇 I,冬天,dongtian,名,winter,mùa đông,translated_subagent_draft,,3;11,拼音和日常用语（三）;明天天气怎么样,11,239,词语总表,appendix_canonical_needs_pos_translation_review,词语总表提供词语、拼音和教材印刷页码；词类与越南文释义待从对应词语页核对。
boya-elementary-i:打算:ddsuan,boya-elementary-i,初级起步篇 I,打算,ddsuan,,to plan to,dự định,translated_subagent_draft,,3;13,拼音和日常用语（三）;你打算买什么样子,13,239,词语总表,appendix_canonical_needs_pos_translation_review,词语总表提供词语、拼音和教材印刷页码；词类与越南文释义待从对应词语页核对。
boya-elementary-i:懂:dong,boya-elementary-i,初级起步篇 I,懂,dong,动,to understand,hiểu,translated_subagent_draft,,5;25,认识你很高兴;准备好了吗,25,239,词语总表,appendix_canonical_needs_pos_translation_review,词语总表提供词语、拼音和教材印刷页码；词类与越南文释义待从对应词语页核对。
boya-elementary-i:打针:ddzhen,boya-elementary-i,初级起步篇 I,打针,dd zhen,,to give or have an injection,tiêm; chích,translated_subagent_draft,,4;20,你叫什么名字;我想请一天假,20,239,词语总表,appendix_canonical_needs_pos_translation_review,词语总表提供词语、拼音和教材印刷页码；词类与越南文释义待从对应词语页核对。
boya-elementary-i:动物园:dongwuyuan,boya-elementary-i,初级起步篇 I,动物园,dongwuyuan,名,ZOO,sở thú,translated_subagent_draft,,2;9,拼音和日常用语（二）;我们怎么去,9,239,词语总表,appendix_canonical_needs_pos_translation_review,词语总表提供词语、拼音和教材印刷页码；词类与越南文释义待从对应词语页核对。
boya-elementary-i:大:da,boya-elementary-i,初级起步篇 I,大,da,形,big,to; lớn,translated_subagent_draft,,2;6,拼音和日常用语（二）;这是什么,6,239,词语总表,appendix_canonical_needs_pos_translation_review,词语总表提供词语、拼音和教材印刷页码；词类与越南文释义待从对应词语页核对。
boya-elementary-i:都:dou,boya-elementary-i,初级起步篇 I,都,dOu,,all; both,đều; tất cả,translated_subagent_draft,,3;12,拼音和日常用语（三）;我正在等公共汽车呢,12,239,词语总表,appendix_canonical_needs_pos_translation_review,词语总表提供词语、拼音和教材印刷页码；词类与越南文释义待从对应词语页核对。
boya-elementary-i:大概:ddgai,boya-elementary-i,初级起步篇 I,大概,ddgai,,approximately; roughly,khoảng; đại khái,translated_subagent_draft,,4;23,你叫什么名字;假期有什么打算,23,239,词语总表,appendix_canonical_needs_pos_translation_review,词语总表提供词语、拼音和教材印刷页码；词类与越南文释义待从对应词语页核对。
boya-elementary-i:堵车:duche,boya-elementary-i,初级起步篇 I,堵车,du che,,traffic jam,tắc đường,translated_subagent_draft,,4;19,你叫什么名字;你又熬夜了,19,239,词语总表,appendix_canonical_needs_pos_translation_review,词语总表提供词语、拼音和教材印刷页码；词类与越南文释义待从对应词语页核对。
boya-elementary-i:大号:dahdo,boya-elementary-i,初级起步篇 I,大号,dahdo,形,large size,cỡ lớn,translated_subagent_draft,,3;15,拼音和日常用语（三）;我可以试试吗,15,239,词语总表,appendix_canonical_needs_pos_translation_review,词语总表提供词语、拼音和教材印刷页码；词类与越南文释义待从对应词语页核对。
boya-elementary-i:度:du,boya-elementary-i,初级起步篇 I,度,du,量,degree,độ (đơn vị),translated_subagent_draft,,3;11,拼音和日常用语（三）;明天天气怎么样,11,239,词语总表,appendix_canonical_needs_pos_translation_review,词语总表提供词语、拼音和教材印刷页码；词类与越南文释义待从对应词语页核对。
boya-elementary-i:大学:daxue,boya-elementary-i,初级起步篇 I,大学,daxue,名,university,trường đại học,translated_subagent_draft,,1;5,拼音和日常用语（一）;认识你很高兴,5,239,词语总表,appendix_canonical_needs_pos_translation_review,词语总表提供词语、拼音和教材印刷页码；词类与越南文释义待从对应词语页核对。
boya-elementary-i:短:dudn,boya-elementary-i,初级起步篇 I,短,dudn,,short,ngắn,translated_subagent_draft,,5;24,认识你很高兴;学得怎么样,24,239,词语总表,appendix_canonical_needs_pos_translation_review,词语总表提供词语、拼音和教材印刷页码；词类与越南文释义待从对应词语页核对。
boya-elementary-i:大夫:daifu,boya-elementary-i,初级起步篇 I,大夫,daifu,名,doctor,bác sĩ,translated_subagent_draft,,4;20,你叫什么名字;我想请一天假,20,239,词语总表,appendix_canonical_needs_pos_translation_review,词语总表提供词语、拼音和教材印刷页码；词类与越南文释义待从对应词语页核对。
boya-elementary-i:段:duan,boya-elementary-i,初级起步篇 I,段,duan,量,section; paragraph,đoạn (lượng từ),translated_subagent_draft,,4;21,你叫什么名字;每个人要说多长时间,21,239,词语总表,appendix_canonical_needs_pos_translation_review,词语总表提供词语、拼音和教材印刷页码；词类与越南文释义待从对应词语页核对。
boya-elementary-i:对:dui,boya-elementary-i,初级起步篇 I,对,dui,介,tor,đối với,translated_subagent_draft,,4;18,你叫什么名字;今天我七点半就起床了,18,240,词语总表,appendix_canonical_needs_pos_translation_review,词语总表提供词语、拼音和教材印刷页码；词类与越南文释义待从对应词语页核对。
boya-elementary-i:付:fu,boya-elementary-i,初级起步篇 I,付,fu,动,to pay,trả tiền,translated_subagent_draft,,3;10,拼音和日常用语（三）;西瓜怎么卖,10,240,词语总表,appendix_canonical_needs_pos_translation_review,词语总表提供词语、拼音和教材印刷页码；词类与越南文释义待从对应词语页核对。
boya-elementary-i:对方:duifang,boya-elementary-i,初级起步篇 I,对方,duifang,名,the opposite side,đối phương; phía bên kia,translated_subagent_draft,,5;25,认识你很高兴;准备好了吗,25,240,词语总表,appendix_canonical_needs_pos_translation_review,词语总表提供词语、拼音和教材印刷页码；词类与越南文释义待从对应词语页核对。
boya-elementary-i:改:gdi,boya-elementary-i,初级起步篇 I,改,gdi,动,to change,sửa; thay đổi,translated_subagent_draft,,4;18,你叫什么名字;今天我七点半就起床了,18,240,词语总表,appendix_canonical_needs_pos_translation_review,词语总表提供词语、拼音和教材印刷页码；词类与越南文释义待从对应词语页核对。
boya-elementary-i:对了:duile,boya-elementary-i,初级起步篇 I,对了,dui le,,oh yeah; by the way,à đúng rồi; tiện thể,translated_subagent_draft,,4;22,你叫什么名字;明天你下了课去哪儿,22,240,词语总表,appendix_canonical_needs_pos_translation_review,词语总表提供词语、拼音和教材印刷页码；词类与越南文释义待从对应词语页核对。
boya-elementary-i:干净:ganjing,boya-elementary-i,初级起步篇 I,干净,ganjing,形,clean,sạch sẽ,translated_subagent_draft,,5;25,认识你很高兴;准备好了吗,25,240,词语总表,appendix_canonical_needs_pos_translation_review,词语总表提供词语、拼音和教材印刷页码；词类与越南文释义待从对应词语页核对。
boya-elementary-i:对面:duimian,boya-elementary-i,初级起步篇 I,对面,duimian,名,"facing, across from",đối diện,translated_subagent_draft,,3;14,拼音和日常用语（三）;祝你生日快乐,14,240,词语总表,appendix_canonical_needs_pos_translation_review,词语总表提供词语、拼音和教材印刷页码；词类与越南文释义待从对应词语页核对。
boya-elementary-i:感冒:gdnmdo,boya-elementary-i,初级起步篇 I,感冒,gdnmdo,动、名,to have a cold; cold,cảm lạnh; bị cảm,translated_subagent_draft,,4;20,你叫什么名字;我想请一天假,20,240,词语总表,appendix_canonical_needs_pos_translation_review,词语总表提供词语、拼音和教材印刷页码；词类与越南文释义待从对应词语页核对。
boya-elementary-i:多:duo,boya-elementary-i,初级起步篇 I,多,duō,代,how,bao nhiêu (hỏi số lượng hoặc mức độ),translated_subagent_draft,,4;16;18,你叫什么名字;来一斤饺子;今天我七点半就起床了,16;18,240,词语总表,appendix_canonical_repaired_needs_pos_translation_review,词语总表提供词语、拼音和教材印刷页码；词类与越南文释义待从对应词语页核对。；拼音 OCR 修为 duō;拼音 OCR 修为 duō
boya-elementary-i:感兴趣:ganxingqu,boya-elementary-i,初级起步篇 I,感兴趣,gan xingqu,,to be interested in,hứng thú với,translated_subagent_draft,,4;23,你叫什么名字;假期有什么打算,23,240,词语总表,appendix_canonical_needs_pos_translation_review,词语总表提供词语、拼音和教材印刷页码；词类与越南文释义待从对应词语页核对。
boya-elementary-i:干:gan,boya-elementary-i,初级起步篇 I,干,gan,动,to do,làm,translated_subagent_draft,,3;12,拼音和日常用语（三）;我正在等公共汽车呢,12,240,词语总表,appendix_canonical_needs_pos_translation_review,词语总表提供词语、拼音和教材印刷页码；词类与越南文释义待从对应词语页核对。
boya-elementary-i:多少:duishao,boya-elementary-i,初级起步篇 I,多少,duishao,代,how many; how much,bao nhiêu,translated_subagent_draft,,3;10,拼音和日常用语（三）;西瓜怎么卖,10,240,词语总表,appendix_canonical_needs_pos_translation_review,词语总表提供词语、拼音和教材印刷页码；词类与越南文释义待从对应词语页核对。
boya-elementary-i:刚:gang,boya-elementary-i,初级起步篇 I,刚,gang,,Just,vừa mới,translated_subagent_draft,,4;22,你叫什么名字;明天你下了课去哪儿,22,240,词语总表,appendix_canonical_needs_pos_translation_review,词语总表提供词语、拼音和教材印刷页码；词类与越南文释义待从对应词语页核对。
boya-elementary-i:高:gao,boya-elementary-i,初级起步篇 I,高,gao,形,high,cao,translated_subagent_draft,,3;11,拼音和日常用语（三）;明天天气怎么样,11,240,词语总表,appendix_canonical_needs_pos_translation_review,词语总表提供词语、拼音和教材印刷页码；词类与越南文释义待从对应词语页核对。
boya-elementary-i:饿:e,boya-elementary-i,初级起步篇 I,饿,e,形,hungry,đói,translated_subagent_draft,,4;18,你叫什么名字;今天我七点半就起床了,18,240,词语总表,appendix_canonical_needs_pos_translation_review,词语总表提供词语、拼音和教材印刷页码；词类与越南文释义待从对应词语页核对。
boya-elementary-i:高兴:gaoxing,boya-elementary-i,初级起步篇 I,高兴,gaoxing,形,happy; glad,vui; vui mừng,translated_subagent_draft,,1;5,拼音和日常用语（一）;认识你很高兴,5,240,词语总表,appendix_canonical_needs_pos_translation_review,词语总表提供词语、拼音和教材印刷页码；词类与越南文释义待从对应词语页核对。
boya-elementary-i:耳机:erj,boya-elementary-i,初级起步篇 I,耳机,erj,名,earphone,tai nghe,translated_subagent_draft,,3;15,拼音和日常用语（三）;我可以试试吗,15,240,词语总表,appendix_canonical_needs_pos_translation_review,词语总表提供词语、拼音和教材印刷页码；词类与越南文释义待从对应词语页核对。
boya-elementary-i:告诉:gaosu,boya-elementary-i,初级起步篇 I,告诉,gaosu,动,to tell,nói cho; báo cho,translated_subagent_draft,,3;12,拼音和日常用语（三）;我正在等公共汽车呢,12,240,词语总表,appendix_canonical_needs_pos_translation_review,词语总表提供词语、拼音和教材印刷页码；词类与越南文释义待从对应词语页核对。
boya-elementary-i:歌:ge,boya-elementary-i,初级起步篇 I,歌,ge,名,song,bài hát,translated_subagent_draft,,3;15,拼音和日常用语（三）;我可以试试吗,15,240,词语总表,appendix_canonical_needs_pos_translation_review,词语总表提供词语、拼音和教材印刷页码；词类与越南文释义待从对应词语页核对。
boya-elementary-i:个:ge,boya-elementary-i,初级起步篇 I,个,ge,量,measure word,cái; người (lượng từ phổ biến),translated_subagent_draft,,1;5,拼音和日常用语（一）;认识你很高兴,5,240,词语总表,appendix_canonical_needs_pos_translation_review,词语总表提供词语、拼音和教材印刷页码；词类与越南文释义待从对应词语页核对。
boya-elementary-i:发:fa,boya-elementary-i,初级起步篇 I,发,fa,动,to send,gửi; phát,translated_subagent_draft,,4;19,你叫什么名字;你又熬夜了,19,240,词语总表,appendix_canonical_needs_pos_translation_review,词语总表提供词语、拼音和教材印刷页码；词类与越南文释义待从对应词语页核对。
boya-elementary-i:给:gei,boya-elementary-i,初级起步篇 I,给,gei,动,to give,cho; đưa,translated_subagent_draft,,2;9,拼音和日常用语（二）;我们怎么去,9,240,词语总表,appendix_canonical_needs_pos_translation_review,词语总表提供词语、拼音和教材印刷页码；词类与越南文释义待从对应词语页核对。
boya-elementary-i:发烧:fashao,boya-elementary-i,初级起步篇 I,发烧,fa shao,,to have a fever,sốt,translated_subagent_draft,,4;20,你叫什么名字;我想请一天假,20,240,词语总表,appendix_canonical_needs_pos_translation_review,词语总表提供词语、拼音和教材印刷页码；词类与越南文释义待从对应词语页核对。
boya-elementary-i:跟:gen,boya-elementary-i,初级起步篇 I,跟,gen,介,to,với; theo,translated_subagent_draft,,4;20,你叫什么名字;我想请一天假,20,240,词语总表,appendix_canonical_needs_pos_translation_review,词语总表提供词语、拼音和教材印刷页码；词类与越南文释义待从对应词语页核对。
boya-elementary-i:翻译:fanyi,boya-elementary-i,初级起步篇 I,翻译,fanyi,动,to translate,dịch; phiên dịch,translated_subagent_draft,,4;21,你叫什么名字;每个人要说多长时间,21,240,词语总表,appendix_canonical_needs_pos_translation_review,词语总表提供词语、拼音和教材印刷页码；词类与越南文释义待从对应词语页核对。
boya-elementary-i:更:geng,boya-elementary-i,初级起步篇 I,更,geng,,,càng; hơn,translated_subagent_draft,,5;25,认识你很高兴;准备好了吗,25,240,词语总表,appendix_canonical_needs_pos_translation_review,词语总表提供词语、拼音和教材印刷页码；词类与越南文释义待从对应词语页核对。
boya-elementary-i:饭店:fandian,boya-elementary-i,初级起步篇 I,饭店,fandian,名,restaurant,nhà hàng,translated_subagent_draft,,3;14,拼音和日常用语（三）;祝你生日快乐,14,240,词语总表,appendix_canonical_needs_pos_translation_review,词语总表提供词语、拼音和教材印刷页码；词类与越南文释义待从对应词语页核对。
boya-elementary-i:公共汽车:gonggongqiche,boya-elementary-i,初级起步篇 I,公共汽车,gonggong qiche,,bus,xe buýt,translated_subagent_draft,,2;9,拼音和日常用语（二）;我们怎么去,9,240,词语总表,appendix_canonical_needs_pos_translation_review,词语总表提供词语、拼音和教材印刷页码；词类与越南文释义待从对应词语页核对。
boya-elementary-i:房间:fangjian,boya-elementary-i,初级起步篇 I,房间,fangjian,名,rOom,phòng,translated_subagent_draft,,2;7,拼音和日常用语（二）;欢迎去我家玩儿,7,240,词语总表,appendix_canonical_needs_pos_translation_review,词语总表提供词语、拼音和教材印刷页码；词类与越南文释义待从对应词语页核对。
boya-elementary-i:狗:gou,boya-elementary-i,初级起步篇 I,狗,gou,名,dog,chó,translated_subagent_draft,,3;13;24,拼音和日常用语（三）;你打算买什么样子;学得怎么样,13,240,词语总表,appendix_canonical_needs_pos_translation_review,词语总表提供词语、拼音和教材印刷页码；词类与越南文释义待从对应词语页核对。
boya-elementary-i:放:fang,boya-elementary-i,初级起步篇 I,放,fang,,,đặt; để,translated_subagent_draft,,4,你叫什么名字,23,240,词语总表,appendix_canonical_needs_pos_translation_review,词语总表提供词语、拼音和教材印刷页码；词类与越南文释义待从对应词语页核对。
boya-elementary-i:够:gou,boya-elementary-i,初级起步篇 I,够,gou,,,đủ,translated_subagent_draft,,5,认识你很高兴,24,240,词语总表,appendix_canonical_needs_pos_translation_review,词语总表提供词语、拼音和教材印刷页码；词类与越南文释义待从对应词语页核对。
boya-elementary-i:放松:fangsong,boya-elementary-i,初级起步篇 I,放松,fangsong,动,"to relax to remember, to bear in mind",thư giãn,translated_subagent_draft,,5;24,认识你很高兴;学得怎么样,24,240,词语总表,appendix_canonical_needs_pos_translation_review,词语总表提供词语、拼音和教材印刷页码；词类与越南文释义待从对应词语页核对。
boya-elementary-i:刮风:guafeng,boya-elementary-i,初级起步篇 I,刮风,gua feng,,to wind blowing,có gió; gió thổi,translated_subagent_draft,,3;11,拼音和日常用语（三）;明天天气怎么样,11,240,词语总表,appendix_canonical_needs_pos_translation_review,词语总表提供词语、拼音和教材印刷页码；词类与越南文释义待从对应词语页核对。
boya-elementary-i:放心:fangxin,boya-elementary-i,初级起步篇 I,放心,fang xin,,to be at ease,yên tâm,translated_subagent_draft,,4;22,你叫什么名字;明天你下了课去哪儿,22,240,词语总表,appendix_canonical_needs_pos_translation_review,词语总表提供词语、拼音和教材印刷页码；词类与越南文释义待从对应词语页核对。
boya-elementary-i:光临:guanglin,boya-elementary-i,初级起步篇 I,光临,guanglin,动,gracious presence,ghé thăm (cách nói lịch sự),translated_subagent_draft,,4;16,你叫什么名字;来一斤饺子,16,240,词语总表,appendix_canonical_needs_pos_translation_review,词语总表提供词语、拼音和教材印刷页码；词类与越南文释义待从对应词语页核对。
boya-elementary-i:飞机:feiji,boya-elementary-i,初级起步篇 I,飞机,feiji,名,airplane,máy bay,translated_subagent_draft,,2;9,拼音和日常用语（二）;我们怎么去,9,240,词语总表,appendix_canonical_needs_pos_translation_review,词语总表提供词语、拼音和教材印刷页码；词类与越南文释义待从对应词语页核对。
boya-elementary-i:逛街:gudngjie,boya-elementary-i,初级起步篇 I,逛街,gudng jie,,to go shopping,đi dạo phố; mua sắm,translated_subagent_draft,,3;11,拼音和日常用语（三）;明天天气怎么样,11,240,词语总表,appendix_canonical_needs_pos_translation_review,词语总表提供词语、拼音和教材印刷页码；词类与越南文释义待从对应词语页核对。
boya-elementary-i:分:fen,boya-elementary-i,初级起步篇 I,分,fen,量,minute,phút (lượng từ),translated_subagent_draft,,2;8;10,拼音和日常用语（二）;明天晚上你有时间吗;西瓜怎么卖,8;10,240,词语总表,appendix_canonical_needs_pos_translation_review,词语总表提供词语、拼音和教材印刷页码；词类与越南文释义待从对应词语页核对。
boya-elementary-i:贵:gui,boya-elementary-i,初级起步篇 I,贵,guì,形,expensive,đắt,translated_subagent_draft,,3;13,拼音和日常用语（三）;你打算买什么样子,13,240,词语总表,appendix_canonical_repaired_needs_pos_translation_review,词语总表提供词语、拼音和教材印刷页码；词类与越南文释义待从对应词语页核对。；拼音 OCR 修为 guì
boya-elementary-i:国:guo,boya-elementary-i,初级起步篇 I,国,guó,,country,nước; quốc gia,translated_subagent_draft,,1;5,拼音和日常用语（一）;认识你很高兴,5,240,词语总表,appendix_canonical_repaired_needs_pos_translation_review,词语总表提供词语、拼音和教材印刷页码；词类与越南文释义待从对应词语页核对。；拼音 OCR 修为 guó
boya-elementary-i:分钟:fenzhong,boya-elementary-i,初级起步篇 I,分钟,fenzhong,名,minute,phút,translated_subagent_draft,,4;19,你叫什么名字;你又熬夜了,19,240,词语总表,appendix_canonical_needs_pos_translation_review,词语总表提供词语、拼音和教材印刷页码；词类与越南文释义待从对应词语页核对。
boya-elementary-i:国际关系:guojiguanxi,boya-elementary-i,初级起步篇 I,国际关系,guoji guanxi,,international relations,quan hệ quốc tế,translated_subagent_draft,,2;7,拼音和日常用语（二）;欢迎去我家玩儿,7,240,词语总表,appendix_canonical_needs_pos_translation_review,词语总表提供词语、拼音和教材印刷页码；词类与越南文释义待从对应词语页核对。
boya-elementary-i:份:fen,boya-elementary-i,初级起步篇 I,份,fen,量,portion,phần; suất (lượng từ),translated_subagent_draft,,4;16,你叫什么名字;来一斤饺子,16,240,词语总表,appendix_canonical_needs_pos_translation_review,词语总表提供词语、拼音和教材印刷页码；词类与越南文释义待从对应词语页核对。
boya-elementary-i:国家:guojia,boya-elementary-i,初级起步篇 I,国家,guojia,名,country,quốc gia,translated_subagent_draft,,1;5,拼音和日常用语（一）;认识你很高兴,5,240,词语总表,appendix_canonical_needs_pos_translation_review,词语总表提供词语、拼音和教材印刷页码；词类与越南文释义待从对应词语页核对。
boya-elementary-i:风:feng,boya-elementary-i,初级起步篇 I,风,feng,名,windy,gió,translated_subagent_draft,,3;11,拼音和日常用语（三）;明天天气怎么样,11,240,词语总表,appendix_canonical_needs_pos_translation_review,词语总表提供词语、拼音和教材印刷页码；词类与越南文释义待从对应词语页核对。
boya-elementary-i:过:guo,boya-elementary-i,初级起步篇 I,过,guo,动,to spend （time）； to celebrate,trải qua; ăn mừng,translated_subagent_draft,,3;14,拼音和日常用语（三）;祝你生日快乐,14,240,词语总表,appendix_canonical_needs_pos_translation_review,词语总表提供词语、拼音和教材印刷页码；词类与越南文释义待从对应词语页核对。
boya-elementary-i:风景:fengiing,boya-elementary-i,初级起步篇 I,风景,fengiing,名,scenery to go on break; to start fang the vacation period,phong cảnh,translated_subagent_draft,,4;23,你叫什么名字;假期有什么打算,23,240,词语总表,appendix_canonical_needs_pos_translation_review,词语总表提供词语、拼音和教材印刷页码；词类与越南文释义待从对应词语页核对。
boya-elementary-i:服务员:fuwiyuan,boya-elementary-i,初级起步篇 I,服务员,fuwiyuan,名,waiter; waitress,nhân viên phục vụ,translated_subagent_draft,,3;10,拼音和日常用语（三）;西瓜怎么卖,10,240,词语总表,appendix_canonical_needs_pos_translation_review,词语总表提供词语、拼音和教材印刷页码；词类与越南文释义待从对应词语页核对。
boya-elementary-i:辅导:tuddo,boya-elementary-i,初级起步篇 I,辅导,tuddo,动,to tutor,phụ đạo; hướng dẫn,translated_subagent_draft,,2;8,拼音和日常用语（二）;明天晚上你有时间吗,8,240,词语总表,appendix_canonical_needs_pos_translation_review,词语总表提供词语、拼音和教材印刷页码；词类与越南文释义待从对应词语页核对。
boya-elementary-i:还:hai,boya-elementary-i,初级起步篇 I,还,hai,,also; in addition,còn; cũng,translated_subagent_draft,,3;15,拼音和日常用语（三）;我可以试试吗,15,240,词语总表,appendix_canonical_needs_pos_translation_review,词语总表提供词语、拼音和教材印刷页码；词类与越南文释义待从对应词语页核对。
boya-elementary-i:还可以:haikeyi,boya-elementary-i,初级起步篇 I,还可以,hai keyi,,so-sO;Okay; passable,cũng được; tạm ổn,translated_subagent_draft,,3;13,拼音和日常用语（三）;你打算买什么样子,13,241,词语总表,appendix_canonical_needs_pos_translation_review,词语总表提供词语、拼音和教材印刷页码；词类与越南文释义待从对应词语页核对。
boya-elementary-i:………极了:jile,boya-elementary-i,初级起步篇 I,………极了,..jile,,,cực kỳ; vô cùng,translated_subagent_draft,,4,你叫什么名字,23,241,词语总表,appendix_canonical_needs_pos_translation_review,词语总表提供词语、拼音和教材印刷页码；词类与越南文释义待从对应词语页核对。
boya-elementary-i:还是:haishi,boya-elementary-i,初级起步篇 I,还是,haishi,连,OT,vẫn; hay là,translated_subagent_draft,,4;17;21,你叫什么名字;喝茶还是喝咖啡;每个人要说多长时间,17,241,词语总表,appendix_canonical_needs_pos_translation_review,词语总表提供词语、拼音和教材印刷页码；词类与越南文释义待从对应词语页核对。
boya-elementary-i:急事:jishi,boya-elementary-i,初级起步篇 I,急事,jishi,名,emergency,việc gấp,translated_subagent_draft,,4;21,你叫什么名字;每个人要说多长时间,21,241,词语总表,appendix_canonical_needs_pos_translation_review,词语总表提供词语、拼音和教材印刷页码；词类与越南文释义待从对应词语页核对。
boya-elementary-i:好:hdo,boya-elementary-i,初级起步篇 I,好,hdo,形,well; good,tốt; khỏe; được,translated_subagent_draft,,1;4,拼音和日常用语（一）;你叫什么名字,4,241,词语总表,appendix_canonical_needs_pos_translation_review,词语总表提供词语、拼音和教材印刷页码；词类与越南文释义待从对应词语页核对。
boya-elementary-i:几:ji,boya-elementary-i,初级起步篇 I,几,jǐ,数,how many,mấy; bao nhiêu (số nhỏ),translated_subagent_draft,,2;8,拼音和日常用语（二）;明天晚上你有时间吗,8,241,词语总表,appendix_canonical_repaired_needs_pos_translation_review,词语总表提供词语、拼音和教材印刷页码；词类与越南文释义待从对应词语页核对。；补回附录缺失拼音 jǐ
boya-elementary-i:好吃:hdochi,boya-elementary-i,初级起步篇 I,好吃,hdochi,形,delicious,ngon,translated_subagent_draft,,3;15,拼音和日常用语（三）;我可以试试吗,15,241,词语总表,appendix_canonical_needs_pos_translation_review,词语总表提供词语、拼音和教材印刷页码；词类与越南文释义待从对应词语页核对。
boya-elementary-i:记:ji,boya-elementary-i,初级起步篇 I,记,ji,,,nhớ; ghi nhớ,translated_subagent_draft,,5,认识你很高兴,24,241,词语总表,appendix_canonical_needs_pos_translation_review,词语总表提供词语、拼音和教材印刷页码；词类与越南文释义待从对应词语页核对。
boya-elementary-i:好好儿:hdohdor,boya-elementary-i,初级起步篇 I,好好儿,hdohdor,,all out,cho tốt; thật kỹ,translated_subagent_draft,,4;23,你叫什么名字;假期有什么打算,23,241,词语总表,appendix_canonical_needs_pos_translation_review,词语总表提供词语、拼音和教材印刷页码；词类与越南文释义待从对应词语页核对。
boya-elementary-i:季节:ijie,boya-elementary-i,初级起步篇 I,季节,ijie,名,season,mùa,translated_subagent_draft,,3;11,拼音和日常用语（三）;明天天气怎么样,11,241,词语总表,appendix_canonical_needs_pos_translation_review,词语总表提供词语、拼音和教材印刷页码；词类与越南文释义待从对应词语页核对。
boya-elementary-i:好听:haoting,boya-elementary-i,初级起步篇 I,好听,haoting,形,be pleasant to hear,hay; dễ nghe,translated_subagent_draft,,3;15,拼音和日常用语（三）;我可以试试吗,15,241,词语总表,appendix_canonical_needs_pos_translation_review,词语总表提供词语、拼音和教材印刷页码；词类与越南文释义待从对应词语页核对。
boya-elementary-i:继续:jixu,boya-elementary-i,初级起步篇 I,继续,jixU,动,to continue,tiếp tục,translated_subagent_draft,,4;19,你叫什么名字;你又熬夜了,19,241,词语总表,appendix_canonical_needs_pos_translation_review,词语总表提供词语、拼音和教材印刷页码；词类与越南文释义待从对应词语页核对。
boya-elementary-i:好像:hdoxiang,boya-elementary-i,初级起步篇 I,好像,hdoxiang,,1t seems,hình như; có vẻ,translated_subagent_draft,,4;19,你叫什么名字;你又熬夜了,19,241,词语总表,appendix_canonical_needs_pos_translation_review,词语总表提供词语、拼音和教材印刷页码；词类与越南文释义待从对应词语页核对。
boya-elementary-i:加:jia,boya-elementary-i,初级起步篇 I,加,jia,动,to add,thêm; cộng,translated_subagent_draft,,2;9,拼音和日常用语（二）;我们怎么去,9,241,词语总表,appendix_canonical_needs_pos_translation_review,词语总表提供词语、拼音和教材印刷页码；词类与越南文释义待从对应词语页核对。
boya-elementary-i:号:hao,boya-elementary-i,初级起步篇 I,号,hao,名,number,số; ngày,translated_subagent_draft,,2;9,拼音和日常用语（二）;我们怎么去,9,241,词语总表,appendix_canonical_needs_pos_translation_review,词语总表提供词语、拼音和教材印刷页码；词类与越南文释义待从对应词语页核对。
boya-elementary-i:家:jia,boya-elementary-i,初级起步篇 I,家,jia,名,home,nhà; gia đình,translated_subagent_draft,,2;7,拼音和日常用语（二）;欢迎去我家玩儿,7,241,词语总表,appendix_canonical_needs_pos_translation_review,词语总表提供词语、拼音和教材印刷页码；词类与越南文释义待从对应词语页核对。
boya-elementary-i:号码:hdoma,boya-elementary-i,初级起步篇 I,号码,hdoma,名,number,số; số điện thoại,translated_subagent_draft,,2;9,拼音和日常用语（二）;我们怎么去,9,241,词语总表,appendix_canonical_needs_pos_translation_review,词语总表提供词语、拼音和教材印刷页码；词类与越南文释义待从对应词语页核对。
boya-elementary-i:假期:jiaai,boya-elementary-i,初级起步篇 I,假期,jiaai,名,holiday; vacation period,kỳ nghỉ,translated_subagent_draft,,4;23,你叫什么名字;假期有什么打算,23,241,词语总表,appendix_canonical_needs_pos_translation_review,词语总表提供词语、拼音和教材印刷页码；词类与越南文释义待从对应词语页核对。
boya-elementary-i:喝:he,boya-elementary-i,初级起步篇 I,喝,he,,to drink,uống,translated_subagent_draft,,4;17,你叫什么名字;喝茶还是喝咖啡,17,241,词语总表,appendix_canonical_needs_pos_translation_review,词语总表提供词语、拼音和教材印刷页码；词类与越南文释义待从对应词语页核对。
boya-elementary-i:简单:jidndan,boya-elementary-i,初级起步篇 I,简单,jidndan,形,simple,đơn giản,translated_subagent_draft,,5;25,认识你很高兴;准备好了吗,25,241,词语总表,appendix_canonical_needs_pos_translation_review,词语总表提供词语、拼音和教材印刷页码；词类与越南文释义待从对应词语页核对。
boya-elementary-i:合适:heshi,boya-elementary-i,初级起步篇 I,合适,heshi,形,suitable,phù hợp; vừa,translated_subagent_draft,,3;15,拼音和日常用语（三）;我可以试试吗,15,241,词语总表,appendix_canonical_needs_pos_translation_review,词语总表提供词语、拼音和教材印刷页码；词类与越南文释义待从对应词语页核对。
boya-elementary-i:见:jian,boya-elementary-i,初级起步篇 I,见,jian,动,"to see, to meet",gặp; thấy,translated_subagent_draft,,2;8,拼音和日常用语（二）;明天晚上你有时间吗,8,241,词语总表,appendix_canonical_needs_pos_translation_review,词语总表提供词语、拼音和教材印刷页码；词类与越南文释义待从对应词语页核对。
boya-elementary-i:和:he,boya-elementary-i,初级起步篇 I,和,he,,,và; với,translated_subagent_draft,,2,拼音和日常用语（二）,9,241,词语总表,appendix_canonical_needs_pos_translation_review,词语总表提供词语、拼音和教材印刷页码；词类与越南文释义待从对应词语页核对。
boya-elementary-i:件:jian,boya-elementary-i,初级起步篇 I,件,jian,量,measure word （for pieces of clothing..）,chiếc; bộ (lượng từ quần áo),translated_subagent_draft,,3;13,拼音和日常用语（三）;你打算买什么样子,13,241,词语总表,appendix_canonical_needs_pos_translation_review,词语总表提供词语、拼音和教材印刷页码；词类与越南文释义待从对应词语页核对。
boya-elementary-i:黑:hei,boya-elementary-i,初级起步篇 I,黑,hei,,black,đen,translated_subagent_draft,,3;13,拼音和日常用语（三）;你打算买什么样子,13,241,词语总表,appendix_canonical_needs_pos_translation_review,词语总表提供词语、拼音和教材印刷页码；词类与越南文释义待从对应词语页核对。
boya-elementary-i:建议:jianyi,boya-elementary-i,初级起步篇 I,建议,jianyi,动、名,to suggest; to advise； suggestion,đề nghị; góp ý,translated_subagent_draft,,4;22,你叫什么名字;明天你下了课去哪儿,22,241,词语总表,appendix_canonical_needs_pos_translation_review,词语总表提供词语、拼音和教材印刷页码；词类与越南文释义待从对应词语页核对。
boya-elementary-i:很:hen,boya-elementary-i,初级起步篇 I,很,hen,,,rất,translated_subagent_draft,,1;5,拼音和日常用语（一）;认识你很高兴,5,241,词语总表,appendix_canonical_needs_pos_translation_review,词语总表提供词语、拼音和教材印刷页码；词类与越南文释义待从对应词语页核对。
boya-elementary-i:交:jiao,boya-elementary-i,初级起步篇 I,交,jiao,动,to hand over,nộp; giao,translated_subagent_draft,,5;25,认识你很高兴;准备好了吗,25,241,词语总表,appendix_canonical_needs_pos_translation_review,词语总表提供词语、拼音和教材印刷页码；词类与越南文释义待从对应词语页核对。
boya-elementary-i:红:hong,boya-elementary-i,初级起步篇 I,红,hong,形,red,đỏ,translated_subagent_draft,,3;13,拼音和日常用语（三）;你打算买什么样子,13,241,词语总表,appendix_canonical_needs_pos_translation_review,词语总表提供词语、拼音和教材印刷页码；词类与越南文释义待从对应词语页核对。
boya-elementary-i:饺子:jiaozi,boya-elementary-i,初级起步篇 I,饺子,jiaozi,,dumplings,bánh chẻo,translated_subagent_draft,,4;16,你叫什么名字;来一斤饺子,16,241,词语总表,appendix_canonical_needs_pos_translation_review,词语总表提供词语、拼音和教材印刷页码；词类与越南文释义待从对应词语页核对。
boya-elementary-i:红酒:hongjiu,boya-elementary-i,初级起步篇 I,红酒,hongjiu,名,wine,rượu vang,translated_subagent_draft,,4;17,你叫什么名字;喝茶还是喝咖啡,17,241,词语总表,appendix_canonical_needs_pos_translation_review,词语总表提供词语、拼音和教材印刷页码；词类与越南文释义待从对应词语页核对。
boya-elementary-i:叫:jiao,boya-elementary-i,初级起步篇 I,叫,jiao,,,gọi; tên là,translated_subagent_draft,,1,拼音和日常用语（一）,4,241,词语总表,appendix_canonical_needs_pos_translation_review,词语总表提供词语、拼音和教材印刷页码；词类与越南文释义待从对应词语页核对。
boya-elementary-i:后天:houtian,boya-elementary-i,初级起步篇 I,后天,houtian,名,the day after tomorrow,ngày kia,translated_subagent_draft,,4;20,你叫什么名字;我想请一天假,20,241,词语总表,appendix_canonical_needs_pos_translation_review,词语总表提供词语、拼音和教材印刷页码；词类与越南文释义待从对应词语页核对。
boya-elementary-i:教室:jidoshi,boya-elementary-i,初级起步篇 I,教室,jidoshi,名,Classroom,phòng học,translated_subagent_draft,,2;6,拼音和日常用语（二）;这是什么,6,241,词语总表,appendix_canonical_needs_pos_translation_review,词语总表提供词语、拼音和教材印刷页码；词类与越南文释义待从对应词语页核对。
boya-elementary-i:花儿:huar,boya-elementary-i,初级起步篇 I,花儿,huar,名,flower,hoa,translated_subagent_draft,,3;14,拼音和日常用语（三）;祝你生日快乐,14,241,词语总表,appendix_canonical_needs_pos_translation_review,词语总表提供词语、拼音和教材印刷页码；词类与越南文释义待从对应词语页核对。
boya-elementary-i:接:jie,boya-elementary-i,初级起步篇 I,接,jie,动,to pick up,đón; nhận,translated_subagent_draft,,3;15,拼音和日常用语（三）;我可以试试吗,15,241,词语总表,appendix_canonical_needs_pos_translation_review,词语总表提供词语、拼音和教材印刷页码；词类与越南文释义待从对应词语页核对。
boya-elementary-i:坏:huai,boya-elementary-i,初级起步篇 I,坏,huai,形,be broken or ruined,hỏng; xấu,translated_subagent_draft,,4;21,你叫什么名字;每个人要说多长时间,21,241,词语总表,appendix_canonical_needs_pos_translation_review,词语总表提供词语、拼音和教材印刷页码；词类与越南文释义待从对应词语页核对。
boya-elementary-i:节:jie,boya-elementary-i,初级起步篇 I,节,jie,量,measure word （for class）,tiết (lượng từ cho buổi học),translated_subagent_draft,,4;23,你叫什么名字;假期有什么打算,23,241,词语总表,appendix_canonical_needs_pos_translation_review,词语总表提供词语、拼音和教材印刷页码；词类与越南文释义待从对应词语页核对。
boya-elementary-i:欢迎:huanying,boya-elementary-i,初级起步篇 I,欢迎,huanying,动,to welcome,hoan nghênh; chào mừng,translated_subagent_draft,,2;7,拼音和日常用语（二）;欢迎去我家玩儿,7,241,词语总表,appendix_canonical_needs_pos_translation_review,词语总表提供词语、拼音和教材印刷页码；词类与越南文释义待从对应词语页核对。
boya-elementary-i:节目:jiemi,boya-elementary-i,初级起步篇 I,节目,jiemi,名,program,chương trình; tiết mục,translated_subagent_draft,,5;25,认识你很高兴;准备好了吗,25,241,词语总表,appendix_canonical_needs_pos_translation_review,词语总表提供词语、拼音和教材印刷页码；词类与越南文释义待从对应词语页核对。
boya-elementary-i:回:hui,boya-elementary-i,初级起步篇 I,回,hui,动,to reply,trả lời; hồi đáp,translated_subagent_draft,,4;19,你叫什么名字;你又熬夜了,19,241,词语总表,appendix_canonical_needs_pos_translation_review,词语总表提供词语、拼音和教材印刷页码；词类与越南文释义待从对应词语页核对。
boya-elementary-i:结果:jieguo,boya-elementary-i,初级起步篇 I,结果,jieguo,名,result,kết quả,translated_subagent_draft,,5;25,认识你很高兴;准备好了吗,25,241,词语总表,appendix_canonical_needs_pos_translation_review,词语总表提供词语、拼音和教材印刷页码；词类与越南文释义待从对应词语页核对。
boya-elementary-i:回来:huilai,boya-elementary-i,初级起步篇 I,回来,hui lai,,to ggo back,quay lại; trở về,translated_subagent_draft,,5;24,认识你很高兴;学得怎么样,24,241,词语总表,appendix_canonical_needs_pos_translation_review,词语总表提供词语、拼音和教材印刷页码；词类与越南文释义待从对应词语页核对。
boya-elementary-i:结束:jieshu,boya-elementary-i,初级起步篇 I,结束,jieshu,动,to finish; to end,kết thúc,translated_subagent_draft,,5;24,认识你很高兴;学得怎么样,24,241,词语总表,appendix_canonical_needs_pos_translation_review,词语总表提供词语、拼音和教材印刷页码；词类与越南文释义待从对应词语页核对。
boya-elementary-i:会:hui,boya-elementary-i,初级起步篇 I,会,hui,助动,"can, be able to",biết; có thể (kỹ năng),translated_subagent_draft,,4;17,你叫什么名字;喝茶还是喝咖啡,17,241,词语总表,appendix_canonical_needs_pos_translation_review,词语总表提供词语、拼音和教材印刷页码；词类与越南文释义待从对应词语页核对。
boya-elementary-i:解决:jiejue,boya-elementary-i,初级起步篇 I,解决,jiejue,动,to solve; to resolve,giải quyết,translated_subagent_draft,,5;24,认识你很高兴;学得怎么样,24,241,词语总表,appendix_canonical_needs_pos_translation_review,词语总表提供词语、拼音和教材印刷页码；词类与越南文释义待从对应词语页核对。
boya-elementary-i:活动:huodong,boya-elementary-i,初级起步篇 I,活动,huodong,名,activity,hoạt động,translated_subagent_draft,,4;22,你叫什么名字;明天你下了课去哪儿,22,241,词语总表,appendix_canonical_needs_pos_translation_review,词语总表提供词语、拼音和教材印刷页码；词类与越南文释义待从对应词语页核对。
boya-elementary-i:介绍:jieshao,boya-elementary-i,初级起步篇 I,介绍,jieshao,动,to introduce,giới thiệu,translated_subagent_draft,,2;6,拼音和日常用语（二）;这是什么,6,241,词语总表,appendix_canonical_needs_pos_translation_review,词语总表提供词语、拼音和教材印刷页码；词类与越南文释义待从对应词语页核对。
boya-elementary-i:火车:huoche,boya-elementary-i,初级起步篇 I,火车,huoche,名,train,tàu hỏa,translated_subagent_draft,,2;9,拼音和日常用语（二）;我们怎么去,9,241,词语总表,appendix_canonical_needs_pos_translation_review,词语总表提供词语、拼音和教材印刷页码；词类与越南文释义待从对应词语页核对。
boya-elementary-i:斤:jin,boya-elementary-i,初级起步篇 I,斤,jin,量,half a kilogram,cân (nửa kilogram),translated_subagent_draft,,3;10,拼音和日常用语（三）;西瓜怎么卖,10,241,词语总表,appendix_canonical_needs_pos_translation_review,词语总表提供词语、拼音和教材印刷页码；词类与越南文释义待从对应词语页核对。
boya-elementary-i:或者:huozhe,boya-elementary-i,初级起步篇 I,或者,huozhe,连,Or,hoặc,translated_subagent_draft,,4;23,你叫什么名字;假期有什么打算,23,241,词语总表,appendix_canonical_needs_pos_translation_review,词语总表提供词语、拼音和教材印刷页码；词类与越南文释义待从对应词语页核对。
boya-elementary-i:今天:jintian,boya-elementary-i,初级起步篇 I,今天,Jintian,名,today,hôm nay,translated_subagent_draft,,2;8,拼音和日常用语（二）;明天晚上你有时间吗,8,241,词语总表,appendix_canonical_needs_pos_translation_review,词语总表提供词语、拼音和教材印刷页码；词类与越南文释义待从对应词语页核对。
boya-elementary-i:进:jin,boya-elementary-i,初级起步篇 I,进,jin,动,to come in,vào,translated_subagent_draft,,4;17,你叫什么名字;喝茶还是喝咖啡,17,241,词语总表,appendix_canonical_needs_pos_translation_review,词语总表提供词语、拼音和教材印刷页码；词类与越南文释义待从对应词语页核对。
boya-elementary-i:近:jin,boya-elementary-i,初级起步篇 I,近,jin,形,near,gần,translated_subagent_draft,,3;13,拼音和日常用语（三）;你打算买什么样子,13,241,词语总表,appendix_canonical_needs_pos_translation_review,词语总表提供词语、拼音和教材印刷页码；词类与越南文释义待从对应词语页核对。
boya-elementary-i:机场:jichang,boya-elementary-i,初级起步篇 I,机场,jichang,名,airport,sân bay,translated_subagent_draft,,3;15,拼音和日常用语（三）;我可以试试吗,15,241,词语总表,appendix_canonical_needs_pos_translation_review,词语总表提供词语、拼音和教材印刷页码；词类与越南文释义待从对应词语页核对。
boya-elementary-i:纠正:jiuzheng,boya-elementary-i,初级起步篇 I,纠正,jiuzheng,动,to correct,sửa; chỉnh sửa,translated_subagent_draft,,5;25,认识你很高兴;准备好了吗,25,241,词语总表,appendix_canonical_needs_pos_translation_review,词语总表提供词语、拼音和教材印刷页码；词类与越南文释义待从对应词语页核对。
boya-elementary-i:鸡肉:jirou,boya-elementary-i,初级起步篇 I,鸡肉,jirou,名,Chicken,thịt gà,translated_subagent_draft,,4;16,你叫什么名字;来一斤饺子,16,241,词语总表,appendix_canonical_needs_pos_translation_review,词语总表提供词语、拼音和教材印刷页码；词类与越南文释义待从对应词语页核对。
boya-elementary-i:久:jiu,boya-elementary-i,初级起步篇 I,久,jiǔ,形,for a long time,lâu,translated_subagent_draft,,4;19,你叫什么名字;你又熬夜了,19,241,词语总表,appendix_canonical_repaired_needs_pos_translation_review,词语总表提供词语、拼音和教材印刷页码；词类与越南文释义待从对应词语页核对。；补回附录缺失拼音 jiǔ
boya-elementary-i:就:jiu,boya-elementary-i,初级起步篇 I,就,jiù,,at once; right away,liền; ngay; thì,translated_subagent_draft,,2;7,拼音和日常用语（二）;欢迎去我家玩儿,7,242,词语总表,appendix_canonical_repaired_needs_pos_translation_review,词语总表提供词语、拼音和教材印刷页码；词类与越南文释义待从对应词语页核对。；补回附录缺失拼音 jiù
boya-elementary-i:快递:kudidi,boya-elementary-i,初级起步篇 I,快递,kudidi,名,express delivery,chuyển phát nhanh,translated_subagent_draft,,2;9,拼音和日常用语（二）;我们怎么去,9,242,词语总表,appendix_canonical_needs_pos_translation_review,词语总表提供词语、拼音和教材印刷页码；词类与越南文释义待从对应词语页核对。
boya-elementary-i:聚餐:jucan,boya-elementary-i,初级起步篇 I,聚餐,ju can,,to dine together,ăn chung; liên hoan,translated_subagent_draft,,5;25,认识你很高兴;准备好了吗,25,242,词语总表,appendix_canonical_needs_pos_translation_review,词语总表提供词语、拼音和教材印刷页码；词类与越南文释义待从对应词语页核对。
boya-elementary-i:快乐:kudile,boya-elementary-i,初级起步篇 I,快乐,kudile,形,happy,vui vẻ,translated_subagent_draft,,3;14,拼音和日常用语（三）;祝你生日快乐,14,242,词语总表,appendix_canonical_needs_pos_translation_review,词语总表提供词语、拼音和教材印刷页码；词类与越南文释义待从对应词语页核对。
boya-elementary-i:聚会:juhui,boya-elementary-i,初级起步篇 I,聚会,juhui,名,to have a get-together or party,buổi tụ họp; tiệc,translated_subagent_draft,,4;22,你叫什么名字;明天你下了课去哪儿,22,242,词语总表,appendix_canonical_needs_pos_translation_review,词语总表提供词语、拼音和教材印刷页码；词类与越南文释义待从对应词语页核对。
boya-elementary-i:困:kun,boya-elementary-i,初级起步篇 I,困,kun,形,sleepy,buồn ngủ,translated_subagent_draft,,4;19,你叫什么名字;你又熬夜了,19,242,词语总表,appendix_canonical_needs_pos_translation_review,词语总表提供词语、拼音和教材印刷页码；词类与越南文释义待从对应词语页核对。
boya-elementary-i:决定:jueding,boya-elementary-i,初级起步篇 I,决定,jueding,动、名,to decide; decision,quyết định,translated_subagent_draft,,4;23,你叫什么名字;假期有什么打算,23,242,词语总表,appendix_canonical_needs_pos_translation_review,词语总表提供词语、拼音和教材印刷页码；词类与越南文释义待从对应词语页核对。
boya-elementary-i:觉得:juede,boya-elementary-i,初级起步篇 I,觉得,juede,动,to teel,cảm thấy; nghĩ rằng,translated_subagent_draft,,4;19,你叫什么名字;你又熬夜了,19,242,词语总表,appendix_canonical_needs_pos_translation_review,词语总表提供词语、拼音和教材印刷页码；词类与越南文释义待从对应词语页核对。
boya-elementary-i:来:lai,boya-elementary-i,初级起步篇 I,来,lai,动,to come; to indicate someone will do something,đến; dùng để chỉ việc sắp làm,translated_subagent_draft,,2;6,拼音和日常用语（二）;这是什么,6,242,词语总表,appendix_canonical_needs_pos_translation_review,词语总表提供词语、拼音和教材印刷页码；词类与越南文释义待从对应词语页核对。
boya-elementary-i:蓝:lan,boya-elementary-i,初级起步篇 I,蓝,lan,形,blue,xanh lam,translated_subagent_draft,,3;13,拼音和日常用语（三）;你打算买什么样子,13,242,词语总表,appendix_canonical_needs_pos_translation_review,词语总表提供词语、拼音和教材印刷页码；词类与越南文释义待从对应词语页核对。
boya-elementary-i:咖啡:kafei,boya-elementary-i,初级起步篇 I,咖啡,kafei,名,coffee,cà phê,translated_subagent_draft,,3;10,拼音和日常用语（三）;西瓜怎么卖,10,242,词语总表,appendix_canonical_needs_pos_translation_review,词语总表提供词语、拼音和教材印刷页码；词类与越南文释义待从对应词语页核对。
boya-elementary-i:篮球:lanqid,boya-elementary-i,初级起步篇 I,篮球,lanqid,名,basketball,bóng rổ,translated_subagent_draft,,4;22,你叫什么名字;明天你下了课去哪儿,22,242,词语总表,appendix_canonical_needs_pos_translation_review,词语总表提供词语、拼音和教材印刷页码；词类与越南文释义待从对应词语页核对。
boya-elementary-i:卡拉OK:kalaok,boya-elementary-i,初级起步篇 I,卡拉OK,kala OK,,karaoke,karaoke,translated_subagent_draft,,3;14,拼音和日常用语（三）;祝你生日快乐,14,242,词语总表,appendix_canonical_needs_pos_translation_review,词语总表提供词语、拼音和教材印刷页码；词类与越南文释义待从对应词语页核对。
boya-elementary-i:老家:idojia,boya-elementary-i,初级起步篇 I,老家,Idojia,名,hometown,quê nhà,translated_subagent_draft,,4;23,你叫什么名字;假期有什么打算,23,242,词语总表,appendix_canonical_needs_pos_translation_review,词语总表提供词语、拼音和教材印刷页码；词类与越南文释义待从对应词语页核对。
boya-elementary-i:开:kai,boya-elementary-i,初级起步篇 I,开,kai,动,leave...）,mở; rời đi,translated_subagent_draft,,4;20,你叫什么名字;我想请一天假,20,242,词语总表,appendix_canonical_needs_pos_translation_review,词语总表提供词语、拼音和教材印刷页码；词类与越南文释义待从对应词语页核对。
boya-elementary-i:老师:laoshi,boya-elementary-i,初级起步篇 I,老师,laoshi,名,teacher,giáo viên,translated_subagent_draft,,1;4,拼音和日常用语（一）;你叫什么名字,4,242,词语总表,appendix_canonical_needs_pos_translation_review,词语总表提供词语、拼音和教材印刷页码；词类与越南文释义待从对应词语页核对。
boya-elementary-i:开始:kaishi,boya-elementary-i,初级起步篇 I,开始,kaishi,动,to begin; to start,bắt đầu,translated_subagent_draft,,3;12,拼音和日常用语（三）;我正在等公共汽车呢,12,242,词语总表,appendix_canonical_needs_pos_translation_review,词语总表提供词语、拼音和教材印刷页码；词类与越南文释义待从对应词语页核对。
boya-elementary-i:了:le,boya-elementary-i,初级起步篇 I,了,le,助,particle,trợ từ chỉ sự hoàn tất hoặc sự thay đổi,translated_subagent_draft,,4;18,你叫什么名字;今天我七点半就起床了,18,242,词语总表,appendix_canonical_needs_pos_translation_review,词语总表提供词语、拼音和教材印刷页码；词类与越南文释义待从对应词语页核对。
boya-elementary-i:开玩笑:kaiwanxido,boya-elementary-i,初级起步篇 I,开玩笑,kai wanxido,,"to crack a joke, to make fun of",nói đùa; trêu,translated_subagent_draft,,4;22,你叫什么名字;明天你下了课去哪儿,22,242,词语总表,appendix_canonical_needs_pos_translation_review,词语总表提供词语、拼音和教材印刷页码；词类与越南文释义待从对应词语页核对。
boya-elementary-i:累:lei,boya-elementary-i,初级起步篇 I,累,lei,形,tired,mệt,translated_subagent_draft,,5;24,认识你很高兴;学得怎么样,24,242,词语总表,appendix_canonical_needs_pos_translation_review,词语总表提供词语、拼音和教材印刷页码；词类与越南文释义待从对应词语页核对。
boya-elementary-i:开心:kaixin,boya-elementary-i,初级起步篇 I,开心,kaixin,形,happy,vui vẻ,translated_subagent_draft,,5;24,认识你很高兴;学得怎么样,24,242,词语总表,appendix_canonical_needs_pos_translation_review,词语总表提供词语、拼音和教材印刷页码；词类与越南文释义待从对应词语页核对。
boya-elementary-i:冷:leng,boya-elementary-i,初级起步篇 I,冷,leng,形,cold,lạnh,translated_subagent_draft,,3;11,拼音和日常用语（三）;明天天气怎么样,11,242,词语总表,appendix_canonical_needs_pos_translation_review,词语总表提供词语、拼音和教材印刷页码；词类与越南文释义待从对应词语页核对。
boya-elementary-i:开学:kaixue,boya-elementary-i,初级起步篇 I,开学,kai xue,,term begins,bắt đầu học kỳ,translated_subagent_draft,,4;22,你叫什么名字;明天你下了课去哪儿,22,242,词语总表,appendix_canonical_needs_pos_translation_review,词语总表提供词语、拼音和教材印刷页码；词类与越南文释义待从对应词语页核对。
boya-elementary-i:离:ii,boya-elementary-i,初级起步篇 I,离,Ii,,,cách; rời khỏi,translated_subagent_draft,,4,你叫什么名字,16,242,词语总表,appendix_canonical_needs_pos_translation_review,词语总表提供词语、拼音和教材印刷页码；词类与越南文释义待从对应词语页核对。
boya-elementary-i:看:kan,boya-elementary-i,初级起步篇 I,看,kan,动,to look; to watch,nhìn; xem,translated_subagent_draft,,3;12,拼音和日常用语（三）;我正在等公共汽车呢,12,242,词语总表,appendix_canonical_needs_pos_translation_review,词语总表提供词语、拼音和教材印刷页码；词类与越南文释义待从对应词语页核对。
boya-elementary-i:礼物:iiwu,boya-elementary-i,初级起步篇 I,礼物,Iiwu,名,gift,quà,translated_subagent_draft,,3;14,拼音和日常用语（三）;祝你生日快乐,14,242,词语总表,appendix_canonical_needs_pos_translation_review,词语总表提供词语、拼音和教材印刷页码；词类与越南文释义待从对应词语页核对。
boya-elementary-i:看起来:kanqilai,boya-elementary-i,初级起步篇 I,看起来,kan qilai,,it seems that; it looks like,trông có vẻ,translated_subagent_draft,,4;17,你叫什么名字;喝茶还是喝咖啡,17,242,词语总表,appendix_canonical_needs_pos_translation_review,词语总表提供词语、拼音和教材印刷页码；词类与越南文释义待从对应词语页核对。
boya-elementary-i:里（边）:libian,boya-elementary-i,初级起步篇 I,里（边）,lǐ (bian),名,inside,bên trong,translated_subagent_draft,,2;7,拼音和日常用语（二）;欢迎去我家玩儿,7,242,词语总表,appendix_canonical_repaired_needs_pos_translation_review,词语总表提供词语、拼音和教材印刷页码；词类与越南文释义待从对应词语页核对。；拼音 OCR 修为 lǐ (bian)
boya-elementary-i:考虑:kdolii,boya-elementary-i,初级起步篇 I,考虑,kdolii,动,to consider,cân nhắc; xem xét,translated_subagent_draft,,4;23,你叫什么名字;假期有什么打算,23,242,词语总表,appendix_canonical_needs_pos_translation_review,词语总表提供词语、拼音和教材印刷页码；词类与越南文释义待从对应词语页核对。
boya-elementary-i:历史:lishr,boya-elementary-i,初级起步篇 I,历史,lishr,名,history,lịch sử,translated_subagent_draft,,4;23,你叫什么名字;假期有什么打算,23,242,词语总表,appendix_canonical_needs_pos_translation_review,词语总表提供词语、拼音和教材印刷页码；词类与越南文释义待从对应词语页核对。
boya-elementary-i:考试:kaoshi,boya-elementary-i,初级起步篇 I,考试,kaoshi,,to examine,thi; kỳ thi,translated_subagent_draft,,4;20,你叫什么名字;我想请一天假,20,242,词语总表,appendix_canonical_needs_pos_translation_review,词语总表提供词语、拼音和教材印刷页码；词类与越南文释义待从对应词语页核对。
boya-elementary-i:厉害:lihai,boya-elementary-i,初级起步篇 I,厉害,lihai,形,severe; Sharp; fierce； powertul,lợi hại; nghiêm trọng; giỏi,translated_subagent_draft,,4;19,你叫什么名字;你又熬夜了,19,242,词语总表,appendix_canonical_needs_pos_translation_review,词语总表提供词语、拼音和教材印刷页码；词类与越南文释义待从对应词语页核对。
boya-elementary-i:烤鸭:kdoya,boya-elementary-i,初级起步篇 I,烤鸭,kdoya,名,roast duck,vịt quay,translated_subagent_draft,,5;25,认识你很高兴;准备好了吗,25,242,词语总表,appendix_canonical_needs_pos_translation_review,词语总表提供词语、拼音和教材印刷页码；词类与越南文释义待从对应词语页核对。
boya-elementary-i:练习:lianxi,boya-elementary-i,初级起步篇 I,练习,lianxi,动、名,"to practice, exercise",luyện tập; bài tập,translated_subagent_draft,,5;24,认识你很高兴;学得怎么样,24,242,词语总表,appendix_canonical_needs_pos_translation_review,词语总表提供词语、拼音和教材印刷页码；词类与越南文释义待从对应词语页核对。
boya-elementary-i:咳嗽:kesou,boya-elementary-i,初级起步篇 I,咳嗽,kesou,动,to cough,ho,translated_subagent_draft,,4;20,你叫什么名字;我想请一天假,20,242,词语总表,appendix_canonical_needs_pos_translation_review,词语总表提供词语、拼音和教材印刷页码；词类与越南文释义待从对应词语页核对。
boya-elementary-i:可乐:kele,boya-elementary-i,初级起步篇 I,可乐,kele,名,cola,nước cola,translated_subagent_draft,,3;10,拼音和日常用语（三）;西瓜怎么卖,10,242,词语总表,appendix_canonical_needs_pos_translation_review,词语总表提供词语、拼音和教材印刷页码；词类与越南文释义待从对应词语页核对。
boya-elementary-i:两:lidng,boya-elementary-i,初级起步篇 I,两,lidng,数,tWO,hai (đứng trước lượng từ),translated_subagent_draft,,2;8;16,拼音和日常用语（二）;明天晚上你有时间吗;来一斤饺子,8;16,242,词语总表,appendix_canonical_needs_pos_translation_review,词语总表提供词语、拼音和教材印刷页码；词类与越南文释义待从对应词语页核对。
boya-elementary-i:可能:keneng,boya-elementary-i,初级起步篇 I,可能,keneng,助动,maybe,có thể; có lẽ,translated_subagent_draft,,4;23,你叫什么名字;假期有什么打算,23,242,词语总表,appendix_canonical_needs_pos_translation_review,词语总表提供词语、拼音和教材印刷页码；词类与越南文释义待从对应词语页核对。
boya-elementary-i:可是:keshi,boya-elementary-i,初级起步篇 I,可是,keshi,连,but; however,nhưng; tuy nhiên,translated_subagent_draft,,4;18,你叫什么名字;今天我七点半就起床了,18,242,词语总表,appendix_canonical_needs_pos_translation_review,词语总表提供词语、拼音和教材印刷页码；词类与越南文释义待从对应词语页核对。
boya-elementary-i:辆:liang,boya-elementary-i,初级起步篇 I,辆,liang,量,measure word （ for vehicles）,chiếc (lượng từ cho xe),translated_subagent_draft,,4;21,你叫什么名字;每个人要说多长时间,21,242,词语总表,appendix_canonical_needs_pos_translation_review,词语总表提供词语、拼音和教材印刷页码；词类与越南文释义待从对应词语页核对。
boya-elementary-i:可以:keyi,boya-elementary-i,初级起步篇 I,可以,keyi,助动,be able to; can,có thể; được phép,translated_subagent_draft,,3;15,拼音和日常用语（三）;我可以试试吗,15,242,词语总表,appendix_canonical_needs_pos_translation_review,词语总表提供词语、拼音和教材印刷页码；词类与越南文释义待从对应词语页核对。
boya-elementary-i:聊天儿:lidotianr,boya-elementary-i,初级起步篇 I,聊天儿,lido tianr,,to chat,trò chuyện,translated_subagent_draft,,4;22,你叫什么名字;明天你下了课去哪儿,22,242,词语总表,appendix_canonical_needs_pos_translation_review,词语总表提供词语、拼音和教材印刷页码；词类与越南文释义待从对应词语页核对。
boya-elementary-i:刻:ke,boya-elementary-i,初级起步篇 I,刻,ke,量,a quarter （of an hour）,một phần tư giờ,translated_subagent_draft,,2;8,拼音和日常用语（二）;明天晚上你有时间吗,8,242,词语总表,appendix_canonical_needs_pos_translation_review,词语总表提供词语、拼音和教材印刷页码；词类与越南文释义待从对应词语页核对。
boya-elementary-i:零下:iingxid,boya-elementary-i,初级起步篇 I,零下,Iingxid,名,below zero,dưới 0 độ,translated_subagent_draft,,3;11,拼音和日常用语（三）;明天天气怎么样,11,242,词语总表,appendix_canonical_needs_pos_translation_review,词语总表提供词语、拼音和教材印刷页码；词类与越南文释义待从对应词语页核对。
boya-elementary-i:课:ke,boya-elementary-i,初级起步篇 I,课,ke,,,bài học; tiết học,translated_subagent_draft,,2,拼音和日常用语（二）,8,242,词语总表,appendix_canonical_needs_pos_translation_review,词语总表提供词语、拼音和教材印刷页码；词类与越南文释义待从对应词语页核对。
boya-elementary-i:留学生:liuxuesheng,boya-elementary-i,初级起步篇 I,留学生,liuxuesheng,名,foreign student used at the end of a declarative,du học sinh,translated_subagent_draft,,1;4,拼音和日常用语（一）;你叫什么名字,4,242,词语总表,appendix_canonical_needs_pos_translation_review,词语总表提供词语、拼音和教材印刷页码；词类与越南文释义待从对应词语页核对。
boya-elementary-i:课间:kejian,boya-elementary-i,初级起步篇 I,课间,kejian,名,class break,giờ ra chơi,translated_subagent_draft,,4;20,你叫什么名字;我想请一天假,20,242,词语总表,appendix_canonical_needs_pos_translation_review,词语总表提供词语、拼音和教材印刷页码；词类与越南文释义待从对应词语页核对。
boya-elementary-i:六:iiu,boya-elementary-i,初级起步篇 I,六,Iiu,,,sáu,translated_subagent_draft,,2,拼音和日常用语（二）,8,242,词语总表,appendix_canonical_needs_pos_translation_review,词语总表提供词语、拼音和教材印刷页码；词类与越南文释义待从对应词语页核对。
boya-elementary-i:口语:kouy,boya-elementary-i,初级起步篇 I,口语,kouy,名,spoken language because,khẩu ngữ; tiếng nói,translated_subagent_draft,,4;21,你叫什么名字;每个人要说多长时间,21,242,词语总表,appendix_canonical_needs_pos_translation_review,词语总表提供词语、拼音和教材印刷页码；词类与越南文释义待从对应词语页核对。
boya-elementary-i:楼:iou,boya-elementary-i,初级起步篇 I,楼,IOu,名,building,tầng; tòa nhà,translated_subagent_draft,,2;9,拼音和日常用语（二）;我们怎么去,9,242,词语总表,appendix_canonical_needs_pos_translation_review,词语总表提供词语、拼音和教材印刷页码；词类与越南文释义待从对应词语页核对。
boya-elementary-i:块（元）:kuaiyuan,boya-elementary-i,初级起步篇 I,块（元）,kuai (yuan),量,Chinese basic monetary unit,đồng (đơn vị tiền Trung Quốc),translated_subagent_draft,,3;10,拼音和日常用语（三）;西瓜怎么卖,10,242,词语总表,appendix_canonical_needs_pos_translation_review,词语总表提供词语、拼音和教材印刷页码；词类与越南文释义待从对应词语页核对。
boya-elementary-i:路口:lkou,boya-elementary-i,初级起步篇 I,路口,lkou,名,crossing; intersection,ngã tư; giao lộ,translated_subagent_draft,,4;17,你叫什么名字;喝茶还是喝咖啡,17,242,词语总表,appendix_canonical_needs_pos_translation_review,词语总表提供词语、拼音和教材印刷页码；词类与越南文释义待从对应词语页核对。
boya-elementary-i:快……了:kuaile,boya-elementary-i,初级起步篇 I,快……了,kuài……le,,be about to do,sắp; gần đến lúc,translated_subagent_draft,,4;22,你叫什么名字;明天你下了课去哪儿,22,242,词语总表,appendix_canonical_repaired_needs_pos_translation_review,词语总表提供词语、拼音和教材印刷页码；词类与越南文释义待从对应词语页核对。；拼音 OCR 修为 kuài……le
boya-elementary-i:路上:lushang,boya-elementary-i,初级起步篇 I,路上,lushang,名,on the way,trên đường,translated_subagent_draft,,4;19,你叫什么名字;你又熬夜了,19,242,词语总表,appendix_canonical_needs_pos_translation_review,词语总表提供词语、拼音和教材印刷页码；词类与越南文释义待从对应词语页核对。
boya-elementary-i:旅行:luxing,boya-elementary-i,初级起步篇 I,旅行,luxing,动,to travel,du lịch,translated_subagent_draft,,4;23,你叫什么名字;假期有什么打算,23,243,词语总表,appendix_canonical_needs_pos_translation_review,词语总表提供词语、拼音和教材印刷页码；词类与越南文释义待从对应词语页核对。
boya-elementary-i:能:neng,boya-elementary-i,初级起步篇 I,能,neng,助动,can; be able to,có thể,translated_subagent_draft,,4;20,你叫什么名字;我想请一天假,20,243,词语总表,appendix_canonical_needs_pos_translation_review,词语总表提供词语、拼音和教材印刷页码；词类与越南文释义待从对应词语页核对。
boya-elementary-i:你:ni,boya-elementary-i,初级起步篇 I,你,ni,代,yOu jido to call,bạn; anh/chị,translated_subagent_draft,,1;4,拼音和日常用语（一）;你叫什么名字,4,243,词语总表,appendix_canonical_needs_pos_translation_review,词语总表提供词语、拼音和教材印刷页码；词类与越南文释义待从对应词语页核对。
boya-elementary-i:你们:nimen,boya-elementary-i,初级起步篇 I,你们,nimen,代,you （plural）,các bạn; mọi người,translated_subagent_draft,,1;5,拼音和日常用语（一）;认识你很高兴,5,243,词语总表,appendix_canonical_needs_pos_translation_review,词语总表提供词语、拼音和教材印刷页码；词类与越南文释义待从对应词语页核对。
boya-elementary-i:妈妈:mama,boya-elementary-i,初级起步篇 I,妈妈,mama,名,mother,mẹ,translated_subagent_draft,,3;14,拼音和日常用语（三）;祝你生日快乐,14,243,词语总表,appendix_canonical_needs_pos_translation_review,词语总表提供词语、拼音和教材印刷页码；词类与越南文释义待从对应词语页核对。
boya-elementary-i:牛奶:niundi,boya-elementary-i,初级起步篇 I,牛奶,niundi,名,milk,sữa,translated_subagent_draft,,3;10,拼音和日常用语（三）;西瓜怎么卖,10,243,词语总表,appendix_canonical_needs_pos_translation_review,词语总表提供词语、拼音和教材印刷页码；词类与越南文释义待从对应词语页核对。
boya-elementary-i:吗:ma,boya-elementary-i,初级起步篇 I,吗,ma,助,sentence to transform it into a question,trợ từ đặt cuối câu hỏi,translated_subagent_draft,,1;4,拼音和日常用语（一）;你叫什么名字,4,243,词语总表,appendix_canonical_needs_pos_translation_review,词语总表提供词语、拼音和教材印刷页码；词类与越南文释义待从对应词语页核对。
boya-elementary-i:努力:nuli,boya-elementary-i,初级起步篇 I,努力,nuli,形,hard; arduous,chăm chỉ; cố gắng,translated_subagent_draft,,5;25,认识你很高兴;准备好了吗,25,243,词语总表,appendix_canonical_needs_pos_translation_review,词语总表提供词语、拼音和教材印刷页码；词类与越南文释义待从对应词语页核对。
boya-elementary-i:头:mai,boya-elementary-i,初级起步篇 I,头,mai,动,to buy,mua,translated_subagent_draft,,3;10,拼音和日常用语（三）;西瓜怎么卖,10,243,词语总表,appendix_canonical_needs_pos_translation_review,词语总表提供词语、拼音和教材印刷页码；词类与越南文释义待从对应词语页核对。
boya-elementary-i:女:ni,boya-elementary-i,初级起步篇 I,女,ni,名,female,nữ; phụ nữ,translated_subagent_draft,,2;9,拼音和日常用语（二）;我们怎么去,9,243,词语总表,appendix_canonical_needs_pos_translation_review,词语总表提供词语、拼音和教材印刷页码；词类与越南文释义待从对应词语页核对。
boya-elementary-i:卖:mai,boya-elementary-i,初级起步篇 I,卖,mai,,to sell,bán,translated_subagent_draft,,3;10,拼音和日常用语（三）;西瓜怎么卖,10,243,词语总表,appendix_canonical_needs_pos_translation_review,词语总表提供词语、拼音和教材印刷页码；词类与越南文释义待从对应词语页核对。
boya-elementary-i:女朋友:nupengyou,boya-elementary-i,初级起步篇 I,女朋友,nupengyou,名,geilfriend,bạn gái,translated_subagent_draft,,3;10,拼音和日常用语（三）;西瓜怎么卖,10,243,词语总表,appendix_canonical_needs_pos_translation_review,词语总表提供词语、拼音和教材印刷页码；词类与越南文释义待从对应词语页核对。
boya-elementary-i:忙:mang,boya-elementary-i,初级起步篇 I,忙,mang,动、形,busy,bận,translated_subagent_draft,,4;17,你叫什么名字;喝茶还是喝咖啡,17,243,词语总表,appendix_canonical_needs_pos_translation_review,词语总表提供词语、拼音和教材印刷页码；词类与越南文释义待从对应词语页核对。
boya-elementary-i:毛（角）:maojiao,boya-elementary-i,初级起步篇 I,毛（角）,máo (jiǎo),量,,hào (một phần mười đồng),translated_subagent_draft,,3;10,拼音和日常用语（三）;西瓜怎么卖,10,243,词语总表,appendix_canonical_repaired_needs_pos_translation_review,词语总表提供词语、拼音和教材印刷页码；词类与越南文释义待从对应词语页核对。；拼音 OCR 修为 máo (jiǎo)
boya-elementary-i:毛笔:maobi,boya-elementary-i,初级起步篇 I,毛笔,maobi,名,Chinese writing brush,bút lông,translated_subagent_draft,,5;24,认识你很高兴;学得怎么样,24,243,词语总表,appendix_canonical_needs_pos_translation_review,词语总表提供词语、拼音和教材印刷页码；词类与越南文释义待从对应词语页核对。
boya-elementary-i:爬山:pashan,boya-elementary-i,初级起步篇 I,爬山,pa shan,,to clime the mountain,leo núi,translated_subagent_draft,,3;12,拼音和日常用语（三）;我正在等公共汽车呢,12,243,词语总表,appendix_canonical_needs_pos_translation_review,词语总表提供词语、拼音和教材印刷页码；词类与越南文释义待从对应词语页核对。
boya-elementary-i:没（有）:meiyou,boya-elementary-i,初级起步篇 I,没（有）,méi(yǒu),动,to do not have,không có,translated_subagent_draft,,2;8,拼音和日常用语（二）;明天晚上你有时间吗,8,243,词语总表,appendix_canonical_repaired_needs_pos_translation_review,词语总表提供词语、拼音和教材印刷页码；词类与越南文释义待从对应词语页核对。；拼音 OCR 修为 méi(yǒu)
boya-elementary-i:拍:pai,boya-elementary-i,初级起步篇 I,拍,pai,动,to take （a picture）； to pat,chụp; vỗ,translated_subagent_draft,,5;24,认识你很高兴;学得怎么样,24,243,词语总表,appendix_canonical_needs_pos_translation_review,词语总表提供词语、拼音和教材印刷页码；词类与越南文释义待从对应词语页核对。
boya-elementary-i:每:mei,boya-elementary-i,初级起步篇 I,每,mei,代,Cvery,mỗi,translated_subagent_draft,,3;12,拼音和日常用语（三）;我正在等公共汽车呢,12,243,词语总表,appendix_canonical_needs_pos_translation_review,词语总表提供词语、拼音和教材印刷页码；词类与越南文释义待从对应词语页核对。
boya-elementary-i:旁边:pangbian,boya-elementary-i,初级起步篇 I,旁边,pangbian,名,side,bên cạnh,translated_subagent_draft,,2;9,拼音和日常用语（二）;我们怎么去,9,243,词语总表,appendix_canonical_needs_pos_translation_review,词语总表提供词语、拼音和教材印刷页码；词类与越南文释义待从对应词语页核对。
boya-elementary-i:门口:menkou,boya-elementary-i,初级起步篇 I,门口,menkou,名,"entrance, gate",cửa ra vào; trước cửa,translated_subagent_draft,,4;22,你叫什么名字;明天你下了课去哪儿,22,243,词语总表,appendix_canonical_needs_pos_translation_review,词语总表提供词语、拼音和教材印刷页码；词类与越南文释义待从对应词语页核对。
boya-elementary-i:胖:pang,boya-elementary-i,初级起步篇 I,胖,pang,形,fat,béo; mập,translated_subagent_draft,,3;14,拼音和日常用语（三）;祝你生日快乐,14,243,词语总表,appendix_canonical_needs_pos_translation_review,词语总表提供词语、拼音和教材印刷页码；词类与越南文释义待从对应词语页核对。
boya-elementary-i:米饭:mifan,boya-elementary-i,初级起步篇 I,米饭,mifan,,,cơm,translated_subagent_draft,,4;16,你叫什么名字;来一斤饺子,16,243,词语总表,appendix_canonical_needs_pos_translation_review,词语总表提供词语、拼音和教材印刷页码；词类与越南文释义待从对应词语页核对。
boya-elementary-i:朋友:pengyou,boya-elementary-i,初级起步篇 I,朋友,pengyou,名,friend,bạn bè,translated_subagent_draft,,1;5,拼音和日常用语（一）;认识你很高兴,5,243,词语总表,appendix_canonical_needs_pos_translation_review,词语总表提供词语、拼音和教材印刷页码；词类与越南文释义待从对应词语页核对。
boya-elementary-i:面包:mianbao,boya-elementary-i,初级起步篇 I,面包,mianbao,名,bread,bánh mì,translated_subagent_draft,,3;10,拼音和日常用语（三）;西瓜怎么卖,10,243,词语总表,appendix_canonical_needs_pos_translation_review,词语总表提供词语、拼音和教材印刷页码；词类与越南文释义待从对应词语页核对。
boya-elementary-i:啤酒:piji,boya-elementary-i,初级起步篇 I,啤酒,piji,名,beer,bia,translated_subagent_draft,,3;10,拼音和日常用语（三）;西瓜怎么卖,10,243,词语总表,appendix_canonical_needs_pos_translation_review,词语总表提供词语、拼音和教材印刷页码；词类与越南文释义待从对应词语页核对。
boya-elementary-i:面食:midnshi,boya-elementary-i,初级起步篇 I,面食,midnshi,名,wheat-based food,món làm từ bột mì,translated_subagent_draft,,4;16,你叫什么名字;来一斤饺子,16,243,词语总表,appendix_canonical_needs_pos_translation_review,词语总表提供词语、拼音和教材印刷页码；词类与越南文释义待从对应词语页核对。
boya-elementary-i:便宜:pianyi,boya-elementary-i,初级起步篇 I,便宜,pianyi,形,cheap,rẻ,translated_subagent_draft,,3;13,拼音和日常用语（三）;你打算买什么样子,13,243,词语总表,appendix_canonical_needs_pos_translation_review,词语总表提供词语、拼音和教材印刷页码；词类与越南文释义待从对应词语页核对。
boya-elementary-i:面条儿:miantidor,boya-elementary-i,初级起步篇 I,面条儿,miantidor,名,noodle,mì sợi,translated_subagent_draft,,4;16,你叫什么名字;来一斤饺子,16,243,词语总表,appendix_canonical_needs_pos_translation_review,词语总表提供词语、拼音和教材印刷页码；词类与越南文释义待从对应词语页核对。
boya-elementary-i:票:pido,boya-elementary-i,初级起步篇 I,票,pido,名,ticket extremely （used after adjective indicating to a high degree）,vé,translated_subagent_draft,,4;23,你叫什么名字;假期有什么打算,23,243,词语总表,appendix_canonical_needs_pos_translation_review,词语总表提供词语、拼音和教材印刷页码；词类与越南文释义待从对应词语页核对。
boya-elementary-i:名字:mingzi,boya-elementary-i,初级起步篇 I,名字,mingzi,名,name,tên,translated_subagent_draft,,1;4,拼音和日常用语（一）;你叫什么名字,4,243,词语总表,appendix_canonical_needs_pos_translation_review,词语总表提供词语、拼音和教材印刷页码；词类与越南文释义待从对应词语页核对。
boya-elementary-i:漂亮:pidoliang,boya-elementary-i,初级起步篇 I,漂亮,pidoliang,形,beautiful,đẹp,translated_subagent_draft,,3;12,拼音和日常用语（三）;我正在等公共汽车呢,12,243,词语总表,appendix_canonical_needs_pos_translation_review,词语总表提供词语、拼音和教材印刷页码；词类与越南文释义待从对应词语页核对。
boya-elementary-i:明白:mingbai,boya-elementary-i,初级起步篇 I,明白,mingbai,动,to understand,hiểu; rõ,translated_subagent_draft,,3;15,拼音和日常用语（三）;我可以试试吗,15,243,词语总表,appendix_canonical_needs_pos_translation_review,词语总表提供词语、拼音和教材印刷页码；词类与越南文释义待从对应词语页核对。
boya-elementary-i:苹果:pinggui,boya-elementary-i,初级起步篇 I,苹果,pinggui,名,apple,táo,translated_subagent_draft,,3;10,拼音和日常用语（三）;西瓜怎么卖,10,243,词语总表,appendix_canonical_needs_pos_translation_review,词语总表提供词语、拼音和教材印刷页码；词类与越南文释义待从对应词语页核对。
boya-elementary-i:明天:mingtian,boya-elementary-i,初级起步篇 I,明天,mingtian,名,tomorrow,ngày mai,translated_subagent_draft,,2;8,拼音和日常用语（二）;明天晚上你有时间吗,8,243,词语总表,appendix_canonical_needs_pos_translation_review,词语总表提供词语、拼音和教材印刷页码；词类与越南文释义待从对应词语页核对。
boya-elementary-i:屏幕:pingmi,boya-elementary-i,初级起步篇 I,屏幕,pingmi,名,screen,màn hình,translated_subagent_draft,,3;13,拼音和日常用语（三）;你打算买什么样子,13,243,词语总表,appendix_canonical_needs_pos_translation_review,词语总表提供词语、拼音和教材印刷页码；词类与越南文释义待从对应词语页核对。
boya-elementary-i:蘑菇:mogu,boya-elementary-i,初级起步篇 I,蘑菇,mogu,名,mushroom,nấm,translated_subagent_draft,,4;16,你叫什么名字;来一斤饺子,16,243,词语总表,appendix_canonical_needs_pos_translation_review,词语总表提供词语、拼音和教材印刷页码；词类与越南文释义待从对应词语页核对。
boya-elementary-i:瓶:ping,boya-elementary-i,初级起步篇 I,瓶,ping,名,"bottle master in trade, used to",chai (lượng từ),translated_subagent_draft,,3;10,拼音和日常用语（三）;西瓜怎么卖,10,243,词语总表,appendix_canonical_needs_pos_translation_review,词语总表提供词语、拼音和教材印刷页码；词类与越南文释义待从对应词语页核对。
boya-elementary-i:哪:nd,boya-elementary-i,初级起步篇 I,哪,nd,代,which,nào; cái nào,translated_subagent_draft,,1;5,拼音和日常用语（一）;认识你很高兴,5,243,词语总表,appendix_canonical_needs_pos_translation_review,词语总表提供词语、拼音和教材印刷页码；词类与越南文释义待从对应词语页核对。
boya-elementary-i:骑:qi,boya-elementary-i,初级起步篇 I,骑,qí,,,cưỡi; đi (xe),translated_subagent_draft,,2,拼音和日常用语（二）,9,243,词语总表,appendix_canonical_repaired_needs_pos_translation_review,词语总表提供词语、拼音和教材印刷页码；词类与越南文释义待从对应词语页核对。；拼音 OCR 修为 qí
boya-elementary-i:哪儿:nar,boya-elementary-i,初级起步篇 I,哪儿,nar,代,where,ở đâu,translated_subagent_draft,,2;7,拼音和日常用语（二）;欢迎去我家玩儿,7,243,词语总表,appendix_canonical_needs_pos_translation_review,词语总表提供词语、拼音和教材印刷页码；词类与越南文释义待从对应词语页核对。
boya-elementary-i:起床:qichuang,boya-elementary-i,初级起步篇 I,起床,qi chuang,,to gqet up,thức dậy,translated_subagent_draft,,4;18,你叫什么名字;今天我七点半就起床了,18,243,词语总表,appendix_canonical_needs_pos_translation_review,词语总表提供词语、拼音和教材印刷页码；词类与越南文释义待从对应词语页核对。
boya-elementary-i:那:na,boya-elementary-i,初级起步篇 I,那,na,代,that book,kia; đó,translated_subagent_draft,,2;6,拼音和日常用语（二）;这是什么,6,243,词语总表,appendix_canonical_needs_pos_translation_review,词语总表提供词语、拼音和教材印刷页码；词类与越南文释义待从对应词语页核对。
boya-elementary-i:钱:qian,boya-elementary-i,初级起步篇 I,钱,qian,名,money,tiền,translated_subagent_draft,,3;10,拼音和日常用语（三）;西瓜怎么卖,10,243,词语总表,appendix_canonical_needs_pos_translation_review,词语总表提供词语、拼音和教材印刷页码；词类与越南文释义待从对应词语页核对。
boya-elementary-i:男:nan,boya-elementary-i,初级起步篇 I,男,nan,名,male,nam; con trai,translated_subagent_draft,,2;9,拼音和日常用语（二）;我们怎么去,9,243,词语总表,appendix_canonical_needs_pos_translation_review,词语总表提供词语、拼音和教材印刷页码；词类与越南文释义待从对应词语页核对。
boya-elementary-i:清楚:qingchu,boya-elementary-i,初级起步篇 I,清楚,qingchu,形,clear,rõ; rõ ràng,translated_subagent_draft,,5;24,认识你很高兴;学得怎么样,24,243,词语总表,appendix_canonical_needs_pos_translation_review,词语总表提供词语、拼音和教材印刷页码；词类与越南文释义待从对应词语页核对。
boya-elementary-i:南方:nanfang,boya-elementary-i,初级起步篇 I,南方,nanfang,名,south; the southern part,miền nam,translated_subagent_draft,,4;16,你叫什么名字;来一斤饺子,16,243,词语总表,appendix_canonical_needs_pos_translation_review,词语总表提供词语、拼音和教材印刷页码；词类与越南文释义待从对应词语页核对。
boya-elementary-i:晴天:qingtian,boya-elementary-i,初级起步篇 I,晴天,qingtian,名,sunny day; clear day,ngày nắng; trời quang,translated_subagent_draft,,3;11,拼音和日常用语（三）;明天天气怎么样,11,243,词语总表,appendix_canonical_needs_pos_translation_review,词语总表提供词语、拼音和教材印刷页码；词类与越南文释义待从对应词语页核对。
boya-elementary-i:难:nan,boya-elementary-i,初级起步篇 I,难,nan,形,difficult,khó,translated_subagent_draft,,3;13,拼音和日常用语（三）;你打算买什么样子,13,243,词语总表,appendix_canonical_needs_pos_translation_review,词语总表提供词语、拼音和教材印刷页码；词类与越南文释义待从对应词语页核对。
boya-elementary-i:请假:qingjia,boya-elementary-i,初级起步篇 I,请假,qing jia,,to ask for a leave,xin nghỉ,translated_subagent_draft,,3;15,拼音和日常用语（三）;我可以试试吗,15,243,词语总表,appendix_canonical_needs_pos_translation_review,词语总表提供词语、拼音和教材印刷页码；词类与越南文释义待从对应词语页核对。
boya-elementary-i:难看:nankan,boya-elementary-i,初级起步篇 I,难看,nankan,形,ugly; unsightly,xấu; khó coi,translated_subagent_draft,,5;24,认识你很高兴;学得怎么样,24,243,词语总表,appendix_canonical_needs_pos_translation_review,词语总表提供词语、拼音和教材印刷页码；词类与越南文释义待从对应词语页核对。
boya-elementary-i:请客:qingke,boya-elementary-i,初级起步篇 I,请客,qing ke,,to host （usually a meal）； to entertain guests,mời ăn; đãi khách,translated_subagent_draft,,4;19,你叫什么名字;你又熬夜了,19,243,词语总表,appendix_canonical_needs_pos_translation_review,词语总表提供词语、拼音和教材印刷页码；词类与越南文释义待从对应词语页核对。
boya-elementary-i:呢:ne,boya-elementary-i,初级起步篇 I,呢,ne,助,"atternative, or rhetorical question to indicate a question auxiliary word indicating",nhỉ; vậy (trợ từ cuối câu),translated_subagent_draft,,1;5;9,拼音和日常用语（一）;认识你很高兴;我们怎么去,5,243,词语总表,appendix_canonical_needs_pos_translation_review,词语总表提供词语、拼音和教材印刷页码；词类与越南文释义待从对应词语页核对。
boya-elementary-i:秋天:qiutian,boya-elementary-i,初级起步篇 I,秋天,qiutian,名,autumn,mùa thu,translated_subagent_draft,,3;11,拼音和日常用语（三）;明天天气怎么样,11,243,词语总表,appendix_canonical_needs_pos_translation_review,词语总表提供词语、拼音和教材印刷页码；词类与越南文释义待从对应词语页核对。
boya-elementary-i:去:qu,boya-elementary-i,初级起步篇 I,去,qU,动,to gq0,đi,translated_subagent_draft,,2;7,拼音和日常用语（二）;欢迎去我家玩儿,7,244,词语总表,appendix_canonical_needs_pos_translation_review,词语总表提供词语、拼音和教材印刷页码；词类与越南文释义待从对应词语页核对。
boya-elementary-i:事:shi,boya-elementary-i,初级起步篇 I,事,shi,名,matter or thing,việc; chuyện,translated_subagent_draft,,2;8,拼音和日常用语（二）;明天晚上你有时间吗,8,244,词语总表,appendix_canonical_needs_pos_translation_review,词语总表提供词语、拼音和教材印刷页码；词类与越南文释义待从对应词语页核对。
boya-elementary-i:去年:qunian,boya-elementary-i,初级起步篇 I,去年,qunian,名,last year,năm ngoái,translated_subagent_draft,,5;24,认识你很高兴;学得怎么样,24,244,词语总表,appendix_canonical_needs_pos_translation_review,词语总表提供词语、拼音和教材印刷页码；词类与越南文释义待从对应词语页核对。
boya-elementary-i:试:shi,boya-elementary-i,初级起步篇 I,试,shi,动,to try,thử,translated_subagent_draft,,3;15,拼音和日常用语（三）;我可以试试吗,15,244,词语总表,appendix_canonical_needs_pos_translation_review,词语总表提供词语、拼音和教材印刷页码；词类与越南文释义待从对应词语页核对。
boya-elementary-i:确实:queshi,boya-elementary-i,初级起步篇 I,确实,queshi,,really; indeed,quả thật; đúng là,translated_subagent_draft,,5;24,认识你很高兴;学得怎么样,24,244,词语总表,appendix_canonical_needs_pos_translation_review,词语总表提供词语、拼音和教材印刷页码；词类与越南文释义待从对应词语页核对。
boya-elementary-i:试衣间:shiyijian,boya-elementary-i,初级起步篇 I,试衣间,shiyijian,名,fitting room,phòng thử đồ,translated_subagent_draft,,3;15,拼音和日常用语（三）;我可以试试吗,15,244,词语总表,appendix_canonical_needs_pos_translation_review,词语总表提供词语、拼音和教材印刷页码；词类与越南文释义待从对应词语页核对。
boya-elementary-i:是:shi,boya-elementary-i,初级起步篇 I,是,shi,动,am; is; are,là; phải,translated_subagent_draft,,1;4,拼音和日常用语（一）;你叫什么名字,4,244,词语总表,appendix_canonical_needs_pos_translation_review,词语总表提供词语、拼音和教材印刷页码；词类与越南文释义待从对应词语页核对。
boya-elementary-i:收到:shoudao,boya-elementary-i,初级起步篇 I,收到,shoudao,动,to receive,nhận được,translated_subagent_draft,,5;25,认识你很高兴;准备好了吗,25,244,词语总表,appendix_canonical_needs_pos_translation_review,词语总表提供词语、拼音和教材印刷页码；词类与越南文释义待从对应词语页核对。
boya-elementary-i:然后:ranhou,boya-elementary-i,初级起步篇 I,然后,ranhou,连,"then, after that",sau đó; rồi,translated_subagent_draft,,3;14,拼音和日常用语（三）;祝你生日快乐,14,244,词语总表,appendix_canonical_needs_pos_translation_review,词语总表提供词语、拼音和教材印刷页码；词类与越南文释义待从对应词语页核对。
boya-elementary-i:手:shou,boya-elementary-i,初级起步篇 I,手,shou,名,hand,tay,translated_subagent_draft,,5;24,认识你很高兴;学得怎么样,24,244,词语总表,appendix_canonical_needs_pos_translation_review,词语总表提供词语、拼音和教材印刷页码；词类与越南文释义待从对应词语页核对。
boya-elementary-i:让:rang,boya-elementary-i,初级起步篇 I,让,rang,介,"to cause, to make; to ask sb. to do sth.",khiến; bảo,translated_subagent_draft,,4;19,你叫什么名字;你又熬夜了,19,244,词语总表,appendix_canonical_needs_pos_translation_review,词语总表提供词语、拼音和教材印刷页码；词类与越南文释义待从对应词语页核对。
boya-elementary-i:手机:shouji,boya-elementary-i,初级起步篇 I,手机,shouji,名,mobile phone,điện thoại di động,translated_subagent_draft,,2;6,拼音和日常用语（二）;这是什么,6,244,词语总表,appendix_canonical_needs_pos_translation_review,词语总表提供词语、拼音和教材印刷页码；词类与越南文释义待从对应词语页核对。
boya-elementary-i:热:re,boya-elementary-i,初级起步篇 I,热,re,形,hot,nóng,translated_subagent_draft,,3;11,拼音和日常用语（三）;明天天气怎么样,11,244,词语总表,appendix_canonical_needs_pos_translation_review,词语总表提供词语、拼音和教材印刷页码；词类与越南文释义待从对应词语页核对。
boya-elementary-i:书:shu,boya-elementary-i,初级起步篇 I,书,shu,,,sách,translated_subagent_draft,,2,拼音和日常用语（二）,6,244,词语总表,appendix_canonical_needs_pos_translation_review,词语总表提供词语、拼音和教材印刷页码；词类与越南文释义待从对应词语页核对。
boya-elementary-i:热闹:renao,boya-elementary-i,初级起步篇 I,热闹,renao,形,,nhộn nhịp; đông vui,translated_subagent_draft,,4;19,你叫什么名字;你又熬夜了,19,244,词语总表,appendix_canonical_needs_pos_translation_review,词语总表提供词语、拼音和教材印刷页码；词类与越南文释义待从对应词语页核对。
boya-elementary-i:书包:shubao,boya-elementary-i,初级起步篇 I,书包,shubao,名,schoolbag,cặp sách,translated_subagent_draft,,2;6,拼音和日常用语（二）;这是什么,6,244,词语总表,appendix_canonical_needs_pos_translation_review,词语总表提供词语、拼音和教材印刷页码；词类与越南文释义待从对应词语页核对。
boya-elementary-i:人:ren,boya-elementary-i,初级起步篇 I,人,ren,名,people; person,người,translated_subagent_draft,,1;5,拼音和日常用语（一）;认识你很高兴,5,244,词语总表,appendix_canonical_needs_pos_translation_review,词语总表提供词语、拼音和教材印刷页码；词类与越南文释义待从对应词语页核对。
boya-elementary-i:书法:shufd,boya-elementary-i,初级起步篇 I,书法,shufd,,calligraphy,thư pháp,translated_subagent_draft,,5;24,认识你很高兴;学得怎么样,24,244,词语总表,appendix_canonical_needs_pos_translation_review,词语总表提供词语、拼音和教材印刷页码；词类与越南文释义待从对应词语页核对。
boya-elementary-i:认识:renshi,boya-elementary-i,初级起步篇 I,认识,renshi,动,to know,biết; quen,translated_subagent_draft,,1;5,拼音和日常用语（一）;认识你很高兴,5,244,词语总表,appendix_canonical_needs_pos_translation_review,词语总表提供词语、拼音和教材印刷页码；词类与越南文释义待从对应词语页核对。
boya-elementary-i:舒服:shufu,boya-elementary-i,初级起步篇 I,舒服,shufu,形,comfortable,dễ chịu; thoải mái,translated_subagent_draft,,4;20,你叫什么名字;我想请一天假,20,244,词语总表,appendix_canonical_needs_pos_translation_review,词语总表提供词语、拼音和教材印刷页码；词类与越南文释义待从对应词语页核对。
boya-elementary-i:如果:ruguo,boya-elementary-i,初级起步篇 I,如果,ruguo,连,if,nếu,translated_subagent_draft,,4;20,你叫什么名字;我想请一天假,20,244,词语总表,appendix_canonical_needs_pos_translation_review,词语总表提供词语、拼音和教材印刷页码；词类与越南文释义待从对应词语页核对。
boya-elementary-i:输:shu,boya-elementary-i,初级起步篇 I,输,shu,动,to lose,thua,translated_subagent_draft,,5;25,认识你很高兴;准备好了吗,25,244,词语总表,appendix_canonical_needs_pos_translation_review,词语总表提供词语、拼音和教材印刷页码；词类与越南文释义待从对应词语页核对。
boya-elementary-i:暑假:shujia,boya-elementary-i,初级起步篇 I,暑假,shujia,名,summer vacation to one's heart content；,kỳ nghỉ hè,translated_subagent_draft,,4;23,你叫什么名字;假期有什么打算,23,244,词语总表,appendix_canonical_needs_pos_translation_review,词语总表提供词语、拼音和教材印刷页码；词类与越南文释义待从对应词语页核对。
boya-elementary-i:扫:sdo,boya-elementary-i,初级起步篇 I,扫,sdo,动,to scan,quét; quét mã,translated_subagent_draft,,3;10,拼音和日常用语（三）;西瓜怎么卖,10,244,词语总表,appendix_canonical_needs_pos_translation_review,词语总表提供词语、拼音和教材印刷页码；词类与越南文释义待从对应词语页核对。
boya-elementary-i:束:shu,boya-elementary-i,初级起步篇 I,束,shù,量,"bouquet, mearure word（for flowers ）",bó (lượng từ hoa),translated_subagent_draft,,3;14,拼音和日常用语（三）;祝你生日快乐,14,244,词语总表,appendix_canonical_repaired_needs_pos_translation_review,词语总表提供词语、拼音和教材印刷页码；词类与越南文释义待从对应词语页核对。；拼音 OCR 修为 shù
boya-elementary-i:删:shan,boya-elementary-i,初级起步篇 I,删,shan,动,to delete,xóa,translated_subagent_draft,,5;24,认识你很高兴;学得怎么样,24,244,词语总表,appendix_canonical_needs_pos_translation_review,词语总表提供词语、拼音和教材印刷页码；词类与越南文释义待从对应词语页核对。
boya-elementary-i:刷卡:shuaka,boya-elementary-i,初级起步篇 I,刷卡,shua ka,,swipe the card,quẹt thẻ,translated_subagent_draft,,3;10,拼音和日常用语（三）;西瓜怎么卖,10,244,词语总表,appendix_canonical_needs_pos_translation_review,词语总表提供词语、拼音和教材印刷页码；词类与越南文释义待从对应词语页核对。
boya-elementary-i:商店:shangaian,boya-elementary-i,初级起步篇 I,商店,shangaian,名,shop; store,cửa hàng,translated_subagent_draft,,5;25,认识你很高兴;准备好了吗,25,244,词语总表,appendix_canonical_needs_pos_translation_review,词语总表提供词语、拼音和教材印刷页码；词类与越南文释义待从对应词语页核对。
boya-elementary-i:帅:shudi,boya-elementary-i,初级起步篇 I,帅,shudi,形,handsome,đẹp trai,translated_subagent_draft,,5;24,认识你很高兴;学得怎么样,24,244,词语总表,appendix_canonical_needs_pos_translation_review,词语总表提供词语、拼音和教材印刷页码；词类与越南文释义待从对应词语页核对。
boya-elementary-i:上网:shangwdng,boya-elementary-i,初级起步篇 I,上网,shang wdng,,to surf the Internet,lên mạng; lướt mạng,translated_subagent_draft,,3;12,拼音和日常用语（三）;我正在等公共汽车呢,12,244,词语总表,appendix_canonical_needs_pos_translation_review,词语总表提供词语、拼音和教材印刷页码；词类与越南文释义待从对应词语页核对。
boya-elementary-i:谁:shuishei,boya-elementary-i,初级起步篇 I,谁,shui / shei,代,who; whom,ai,translated_subagent_draft,,2;6,拼音和日常用语（二）;这是什么,6,244,词语总表,appendix_canonical_needs_pos_translation_review,词语总表提供词语、拼音和教材印刷页码；词类与越南文释义待从对应词语页核对。
boya-elementary-i:上午:shangwi,boya-elementary-i,初级起步篇 I,上午,shangwi,名,morning,buổi sáng,translated_subagent_draft,,2;8,拼音和日常用语（二）;明天晚上你有时间吗,8,244,词语总表,appendix_canonical_needs_pos_translation_review,词语总表提供词语、拼音和教材印刷页码；词类与越南文释义待从对应词语页核对。
boya-elementary-i:水:shui,boya-elementary-i,初级起步篇 I,水,shui,名,water,nước,translated_subagent_draft,,2;6,拼音和日常用语（二）;这是什么,6,244,词语总表,appendix_canonical_needs_pos_translation_review,词语总表提供词语、拼音和教材印刷页码；词类与越南文释义待从对应词语页核对。
boya-elementary-i:身体:shenti,boya-elementary-i,初级起步篇 I,身体,shenti,,body,cơ thể; sức khỏe,translated_subagent_draft,,4;18,你叫什么名字;今天我七点半就起床了,18,244,词语总表,appendix_canonical_needs_pos_translation_review,词语总表提供词语、拼音和教材印刷页码；词类与越南文释义待从对应词语页核对。
boya-elementary-i:睡觉:shuijido,boya-elementary-i,初级起步篇 I,睡觉,shui jido,,to sleep,ngủ,translated_subagent_draft,,4;18,你叫什么名字;今天我七点半就起床了,18,244,词语总表,appendix_canonical_needs_pos_translation_review,词语总表提供词语、拼音和教材印刷页码；词类与越南文释义待从对应词语页核对。
boya-elementary-i:生活:shenghuo,boya-elementary-i,初级起步篇 I,生活,shenghuo,名,life,cuộc sống; sinh sống,translated_subagent_draft,,4;18,你叫什么名字;今天我七点半就起床了,18,244,词语总表,appendix_canonical_needs_pos_translation_review,词语总表提供词语、拼音和教材印刷页码；词类与越南文释义待从对应词语页核对。
boya-elementary-i:顺利:shunli,boya-elementary-i,初级起步篇 I,顺利,shunli,形,smooth; successful,thuận lợi,translated_subagent_draft,,4;20,你叫什么名字;我想请一天假,20,244,词语总表,appendix_canonical_needs_pos_translation_review,词语总表提供词语、拼音和教材印刷页码；词类与越南文释义待从对应词语页核对。
boya-elementary-i:生气:shengqi,boya-elementary-i,初级起步篇 I,生气,sheng qi,,to be angry,tức giận,translated_subagent_draft,,4;22,你叫什么名字;明天你下了课去哪儿,22,244,词语总表,appendix_canonical_needs_pos_translation_review,词语总表提供词语、拼音和教材印刷页码；词类与越南文释义待从对应词语页核对。
boya-elementary-i:说:shuo,boya-elementary-i,初级起步篇 I,说,shuo,动,it is said,nói,translated_subagent_draft,,3;11,拼音和日常用语（三）;明天天气怎么样,11,244,词语总表,appendix_canonical_needs_pos_translation_review,词语总表提供词语、拼音和教材印刷页码；词类与越南文释义待从对应词语页核对。
boya-elementary-i:生日:shengri,boya-elementary-i,初级起步篇 I,生日,shengri,名,birthday liu S1X,sinh nhật,translated_subagent_draft,,2;8,拼音和日常用语（二）;明天晚上你有时间吗,8,244,词语总表,appendix_canonical_needs_pos_translation_review,词语总表提供词语、拼音和教材印刷页码；词类与越南文释义待从对应词语页核对。
boya-elementary-i:说话:shuohua,boya-elementary-i,初级起步篇 I,说话,shuo hua,,to speak; to talk,nói chuyện,translated_subagent_draft,,4;21,你叫什么名字;每个人要说多长时间,21,244,词语总表,appendix_canonical_needs_pos_translation_review,词语总表提供词语、拼音和教材印刷页码；词类与越南文释义待从对应词语页核对。
boya-elementary-i:声调:shengdido,boya-elementary-i,初级起步篇 I,声调,shengdido,名,tone,thanh điệu,translated_subagent_draft,,5;25,认识你很高兴;准备好了吗,25,244,词语总表,appendix_canonical_needs_pos_translation_review,词语总表提供词语、拼音和教材印刷页码；词类与越南文释义待从对应词语页核对。
boya-elementary-i:……死了:sile,boya-elementary-i,初级起步篇 I,……死了,……sǐ le,,a high degree,… chết đi được (mức độ rất cao),translated_subagent_draft,,4;22,你叫什么名字;明天你下了课去哪儿,22,244,词语总表,appendix_canonical_repaired_needs_pos_translation_review,词语总表提供词语、拼音和教材印刷页码；词类与越南文释义待从对应词语页核对。；拼音 OCR 修为 ……sǐ le;Vision OCR 漏识；由附录扫描影像回填并核对。
boya-elementary-i:师傅:shifu,boya-elementary-i,初级起步篇 I,师傅,shifu,名,address a variety of service Workers,bác/chú (cách gọi lịch sự người thợ hoặc tài xế),translated_subagent_draft,,3;10,拼音和日常用语（三）;西瓜怎么卖,10,244,词语总表,appendix_canonical_needs_pos_translation_review,词语总表提供词语、拼音和教材印刷页码；词类与越南文释义待从对应词语页核对。
boya-elementary-i:送:song,boya-elementary-i,初级起步篇 I,送,song,动,to give,tặng; tiễn,translated_subagent_draft,,3;14,拼音和日常用语（三）;祝你生日快乐,14,244,词语总表,appendix_canonical_needs_pos_translation_review,词语总表提供词语、拼音和教材印刷页码；词类与越南文释义待从对应词语页核对。
boya-elementary-i:宿舍:sushe,boya-elementary-i,初级起步篇 I,宿舍,sushe,名,dormitory,ký túc xá,translated_subagent_draft,,2;7,拼音和日常用语（二）;欢迎去我家玩儿,7,244,词语总表,appendix_canonical_needs_pos_translation_review,词语总表提供词语、拼音和教材印刷页码；词类与越南文释义待从对应词语页核对。
boya-elementary-i:十二:shier,boya-elementary-i,初级起步篇 I,十二,shi'er,数,twelve particle placed at the end,mười hai,translated_subagent_draft,,2;8,拼音和日常用语（二）;明天晚上你有时间吗,8,244,词语总表,appendix_canonical_needs_pos_translation_review,词语总表提供词语、拼音和教材印刷页码；词类与越南文释义待从对应词语页核对。
boya-elementary-i:算了:suanle,boya-elementary-i,初级起步篇 I,算了,suanle,动,forget it,thôi bỏ đi,translated_subagent_draft,,3;15,拼音和日常用语（三）;我可以试试吗,15,244,词语总表,appendix_canonical_needs_pos_translation_review,词语总表提供词语、拼音和教材印刷页码；词类与越南文释义待从对应词语页核对。
boya-elementary-i:什么:shenme,boya-elementary-i,初级起步篇 I,什么,shenme,代,what,cái gì; gì,translated_subagent_draft,,1;4,拼音和日常用语（一）;你叫什么名字,4,244,词语总表,appendix_canonical_needs_pos_translation_review,词语总表提供词语、拼音和教材印刷页码；词类与越南文释义待从对应词语页核对。
boya-elementary-i:随便:suibian,boya-elementary-i,初级起步篇 I,随便,suibian,形,anything is okay； having no preference,tùy; gì cũng được,translated_subagent_draft,,4;17,你叫什么名字;喝茶还是喝咖啡,17,244,词语总表,appendix_canonical_needs_pos_translation_review,词语总表提供词语、拼音和教材印刷页码；词类与越南文释义待从对应词语页核对。
boya-elementary-i:时候:shihou,boya-elementary-i,初级起步篇 I,时候,shihou,名,time,lúc; khi,translated_subagent_draft,,3;12,拼音和日常用语（三）;我正在等公共汽车呢,12,244,词语总表,appendix_canonical_needs_pos_translation_review,词语总表提供词语、拼音和教材印刷页码；词类与越南文释义待从对应词语页核对。
boya-elementary-i:岁:sui,boya-elementary-i,初级起步篇 I,岁,sui,,years old,tuổi,translated_subagent_draft,,5;24,认识你很高兴;学得怎么样,24,244,词语总表,appendix_canonical_needs_pos_translation_review,词语总表提供词语、拼音和教材印刷页码；词类与越南文释义待从对应词语页核对。
boya-elementary-i:时间:shijian,boya-elementary-i,初级起步篇 I,时间,shijian,名,time,thời gian,translated_subagent_draft,,2;8,拼音和日常用语（二）;明天晚上你有时间吗,8,244,词语总表,appendix_canonical_needs_pos_translation_review,词语总表提供词语、拼音和教材印刷页码；词类与越南文释义待从对应词语页核对。
boya-elementary-i:所以:suoyi,boya-elementary-i,初级起步篇 I,所以,suoyi,连,"theretore, so",vì vậy; cho nên,translated_subagent_draft,,3;14,拼音和日常用语（三）;祝你生日快乐,14,244,词语总表,appendix_canonical_needs_pos_translation_review,词语总表提供词语、拼音和教材印刷页码；词类与越南文释义待从对应词语页核对。
boya-elementary-i:食堂:shitang,boya-elementary-i,初级起步篇 I,食堂,shitang,名,canteen,nhà ăn; căng tin,translated_subagent_draft,,2;8,拼音和日常用语（二）;明天晚上你有时间吗,8,244,词语总表,appendix_canonical_needs_pos_translation_review,词语总表提供词语、拼音和教材印刷页码；词类与越南文释义待从对应词语页核对。
boya-elementary-i:微信:weixin,boya-elementary-i,初级起步篇 I,微信,weixin,名,WeChat,WeChat,translated_subagent_draft,,2;9,拼音和日常用语（二）;我们怎么去,9,245,词语总表,appendix_canonical_needs_pos_translation_review,词语总表提供词语、拼音和教材印刷页码；词类与越南文释义待从对应词语页核对。
boya-elementary-i:为什么:weishenme,boya-elementary-i,初级起步篇 I,为什么,wei shenme,,why,tại sao,translated_subagent_draft,,3;15,拼音和日常用语（三）;我可以试试吗,15,245,词语总表,appendix_canonical_needs_pos_translation_review,词语总表提供词语、拼音和教材印刷页码；词类与越南文释义待从对应词语页核对。
boya-elementary-i:他:ta,boya-elementary-i,初级起步篇 I,他,ta,代,he; him,anh ấy; ông ấy,translated_subagent_draft,,1;4,拼音和日常用语（一）;你叫什么名字,4,245,词语总表,appendix_canonical_needs_pos_translation_review,词语总表提供词语、拼音和教材印刷页码；词类与越南文释义待从对应词语页核对。
boya-elementary-i:位:wei,boya-elementary-i,初级起步篇 I,位,wei,量,measure word used for human,vị; người (lượng từ lịch sự),translated_subagent_draft,,4;16,你叫什么名字;来一斤饺子,16,245,词语总表,appendix_canonical_needs_pos_translation_review,词语总表提供词语、拼音和教材印刷页码；词类与越南文释义待从对应词语页核对。
boya-elementary-i:他们:tamen,boya-elementary-i,初级起步篇 I,他们,tamen,代,they; them,họ,translated_subagent_draft,,1;5,拼音和日常用语（一）;认识你很高兴,5,245,词语总表,appendix_canonical_needs_pos_translation_review,词语总表提供词语、拼音和教材印刷页码；词类与越南文释义待从对应词语页核对。
boya-elementary-i:味道:weidao,boya-elementary-i,初级起步篇 I,味道,weidao,,,mùi vị; hương vị,translated_subagent_draft,,4;16,你叫什么名字;来一斤饺子,16,245,词语总表,appendix_canonical_needs_pos_translation_review,词语总表提供词语、拼音和教材印刷页码；词类与越南文释义待从对应词语页核对。
boya-elementary-i:她:ta,boya-elementary-i,初级起步篇 I,她,ta,代,she; her,cô ấy; chị ấy,translated_subagent_draft,,1;5,拼音和日常用语（一）;认识你很高兴,5,245,词语总表,appendix_canonical_needs_pos_translation_review,词语总表提供词语、拼音和教材印刷页码；词类与越南文释义待从对应词语页核对。
boya-elementary-i:喂:wei,boya-elementary-i,初级起步篇 I,喂,wei,叹,hello （used to answer phone）,a-lô (khi nghe điện thoại),translated_subagent_draft,,3;12,拼音和日常用语（三）;我正在等公共汽车呢,12,245,词语总表,appendix_canonical_needs_pos_translation_review,词语总表提供词语、拼音和教材印刷页码；词类与越南文释义待从对应词语页核对。
boya-elementary-i:太:tai,boya-elementary-i,初级起步篇 I,太,tai,,too; much too,quá; rất,translated_subagent_draft,,3;11,拼音和日常用语（三）;明天天气怎么样,11,245,词语总表,appendix_canonical_needs_pos_translation_review,词语总表提供词语、拼音和教材印刷页码；词类与越南文释义待从对应词语页核对。
boya-elementary-i:问:wen,boya-elementary-i,初级起步篇 I,问,wen,动,to ask,hỏi,translated_subagent_draft,,3;15,拼音和日常用语（三）;我可以试试吗,15,245,词语总表,appendix_canonical_needs_pos_translation_review,词语总表提供词语、拼音和教材印刷页码；词类与越南文释义待从对应词语页核对。
boya-elementary-i:趟:tang,boya-elementary-i,初级起步篇 I,趟,tang,量,measure word （for trips）,chuyến (lượng từ lượt đi),translated_subagent_draft,,4;23,你叫什么名字;假期有什么打算,23,245,词语总表,appendix_canonical_needs_pos_translation_review,词语总表提供词语、拼音和教材印刷页码；词类与越南文释义待从对应词语页核对。
boya-elementary-i:问题:wenti,boya-elementary-i,初级起步篇 I,问题,wenti,名,question,câu hỏi; vấn đề,translated_subagent_draft,,3;15,拼音和日常用语（三）;我可以试试吗,15,245,词语总表,appendix_canonical_needs_pos_translation_review,词语总表提供词语、拼音和教材印刷页码；词类与越南文释义待从对应词语页核对。
boya-elementary-i:特别:tebie,boya-elementary-i,初级起步篇 I,特别,tebie,,especially; particularly,đặc biệt,translated_subagent_draft,,4;22,你叫什么名字;明天你下了课去哪儿,22,245,词语总表,appendix_canonical_needs_pos_translation_review,词语总表提供词语、拼音和教材印刷页码；词类与越南文释义待从对应词语页核对。
boya-elementary-i:我:wo,boya-elementary-i,初级起步篇 I,我,wO,代,L;me,tôi; mình,translated_subagent_draft,,1;4,拼音和日常用语（一）;你叫什么名字,4,245,词语总表,appendix_canonical_needs_pos_translation_review,词语总表提供词语、拼音和教材印刷页码；词类与越南文释义待从对应词语页核对。
boya-elementary-i:提前:tiqian,boya-elementary-i,初级起步篇 I,提前,tiqian,,,sớm hơn; trước thời hạn,translated_subagent_draft,,4;21,你叫什么名字;每个人要说多长时间,21,245,词语总表,appendix_canonical_needs_pos_translation_review,词语总表提供词语、拼音和教材印刷页码；词类与越南文释义待从对应词语页核对。
boya-elementary-i:我们:women,boya-elementary-i,初级起步篇 I,我们,women,代,We; US,chúng tôi; chúng ta,translated_subagent_draft,,1;5,拼音和日常用语（一）;认识你很高兴,5,245,词语总表,appendix_canonical_needs_pos_translation_review,词语总表提供词语、拼音和教材印刷页码；词类与越南文释义待从对应词语页核对。
boya-elementary-i:体温:tiwen,boya-elementary-i,初级起步篇 I,体温,tiwen,,temperature,thân nhiệt,translated_subagent_draft,,4;20,你叫什么名字;我想请一天假,20,245,词语总表,appendix_canonical_needs_pos_translation_review,词语总表提供词语、拼音和教材印刷页码；词类与越南文释义待从对应词语页核对。
boya-elementary-i:天气:tianqi,boya-elementary-i,初级起步篇 I,天气,tianqi,名,weather,thời tiết,translated_subagent_draft,,3;11,拼音和日常用语（三）;明天天气怎么样,11,245,词语总表,appendix_canonical_needs_pos_translation_review,词语总表提供词语、拼音和教材印刷页码；词类与越南文释义待从对应词语页核对。
boya-elementary-i:天气预报:tianqiyubao,boya-elementary-i,初级起步篇 I,天气预报,tianqi yubao,,weather forecast,dự báo thời tiết,translated_subagent_draft,,3;11,拼音和日常用语（三）;明天天气怎么样,11,245,词语总表,appendix_canonical_needs_pos_translation_review,词语总表提供词语、拼音和教材印刷页码；词类与越南文释义待从对应词语页核对。
boya-elementary-i:西瓜:xigua,boya-elementary-i,初级起步篇 I,西瓜,xigua,,watermelon,dưa hấu,translated_subagent_draft,,3;10,拼音和日常用语（三）;西瓜怎么卖,10,245,词语总表,appendix_canonical_needs_pos_translation_review,词语总表提供词语、拼音和教材印刷页码；词类与越南文释义待从对应词语页核对。
boya-elementary-i:听:ting,boya-elementary-i,初级起步篇 I,听,ting,动,to obey,nghe,translated_subagent_draft,,3;14,拼音和日常用语（三）;祝你生日快乐,14,245,词语总表,appendix_canonical_needs_pos_translation_review,词语总表提供词语、拼音和教材印刷页码；词类与越南文释义待从对应词语页核对。
boya-elementary-i:习惯:xiguan,boya-elementary-i,初级起步篇 I,习惯,xiguan,动,to be used to,quen; thói quen,translated_subagent_draft,,4;18,你叫什么名字;今天我七点半就起床了,18,245,词语总表,appendix_canonical_needs_pos_translation_review,词语总表提供词语、拼音和教材印刷页码；词类与越南文释义待从对应词语页核对。
boya-elementary-i:听说:tingshuo,boya-elementary-i,初级起步篇 I,听说,tingshuo,动,to hear of,nghe nói,translated_subagent_draft,,4;23,你叫什么名字;假期有什么打算,23,245,词语总表,appendix_canonical_needs_pos_translation_review,词语总表提供词语、拼音和教材印刷页码；词类与越南文释义待从对应词语页核对。
boya-elementary-i:洗:xi,boya-elementary-i,初级起步篇 I,洗,xi,动,to wash,rửa; giặt,translated_subagent_draft,,5;25,认识你很高兴;准备好了吗,25,245,词语总表,appendix_canonical_needs_pos_translation_review,词语总表提供词语、拼音和教材印刷页码；词类与越南文释义待从对应词语页核对。
boya-elementary-i:听写:tingxie,boya-elementary-i,初级起步篇 I,听写,tingxie,动,to have a dictation,nghe viết; chính tả,translated_subagent_draft,,4;20,你叫什么名字;我想请一天假,20,245,词语总表,appendix_canonical_needs_pos_translation_review,词语总表提供词语、拼音和教材印刷页码；词类与越南文释义待从对应词语页核对。
boya-elementary-i:喜欢:xihuan,boya-elementary-i,初级起步篇 I,喜欢,xihuan,动,to like,thích,translated_subagent_draft,,3;11,拼音和日常用语（三）;明天天气怎么样,11,245,词语总表,appendix_canonical_needs_pos_translation_review,词语总表提供词语、拼音和教材印刷页码；词类与越南文释义待从对应词语页核对。
boya-elementary-i:停:ting,boya-elementary-i,初级起步篇 I,停,ting,动,to stop,dừng; đỗ,translated_subagent_draft,,4;21,你叫什么名字;每个人要说多长时间,21,245,词语总表,appendix_canonical_needs_pos_translation_review,词语总表提供词语、拼音和教材印刷页码；词类与越南文释义待从对应词语页核对。
boya-elementary-i:下:xid,boya-elementary-i,初级起步篇 I,下,xid,名,next,tiếp theo; dưới,translated_subagent_draft,,3;12,拼音和日常用语（三）;我正在等公共汽车呢,12,245,词语总表,appendix_canonical_needs_pos_translation_review,词语总表提供词语、拼音和教材印刷页码；词类与越南文释义待从对应词语页核对。
boya-elementary-i:挺:ting,boya-elementary-i,初级起步篇 I,挺,ting,,very,khá; rất,translated_subagent_draft,,3;13,拼音和日常用语（三）;你打算买什么样子,13,245,词语总表,appendix_canonical_needs_pos_translation_review,词语总表提供词语、拼音和教材印刷页码；词类与越南文释义待从对应词语页核对。
boya-elementary-i:下（雨）:xiayu,boya-elementary-i,初级起步篇 I,下（雨）,xia (yu),动,to fall,mưa; rơi (mưa),translated_subagent_draft,,3;11,拼音和日常用语（三）;明天天气怎么样,11,245,词语总表,appendix_canonical_needs_pos_translation_review,词语总表提供词语、拼音和教材印刷页码；词类与越南文释义待从对应词语页核对。
boya-elementary-i:同屋:tongwu,boya-elementary-i,初级起步篇 I,同屋,tongwu,名,roommate used at the end of a special，,bạn cùng phòng,translated_subagent_draft,,1;5,拼音和日常用语（一）;认识你很高兴,5,245,词语总表,appendix_canonical_needs_pos_translation_review,词语总表提供词语、拼音和教材印刷页码；词类与越南文释义待从对应词语页核对。
boya-elementary-i:下课:xidke,boya-elementary-i,初级起步篇 I,下课,xid ke,,to finish class,tan học,translated_subagent_draft,,2;8,拼音和日常用语（二）;明天晚上你有时间吗,8,245,词语总表,appendix_canonical_needs_pos_translation_review,词语总表提供词语、拼音和教材印刷页码；词类与越南文释义待从对应词语页核对。
boya-elementary-i:同学:tongxue,boya-elementary-i,初级起步篇 I,同学,tongxue,名,classmate,bạn học,translated_subagent_draft,,1;5,拼音和日常用语（一）;认识你很高兴,5,245,词语总表,appendix_canonical_needs_pos_translation_review,词语总表提供词语、拼音和教材印刷页码；词类与越南文释义待从对应词语页核对。
boya-elementary-i:下午:xidwu,boya-elementary-i,初级起步篇 I,下午,xidwu,名,afternoon,buổi chiều,translated_subagent_draft,,2;8,拼音和日常用语（二）;明天晚上你有时间吗,8,245,词语总表,appendix_canonical_needs_pos_translation_review,词语总表提供词语、拼音和教材印刷页码；词类与越南文释义待从对应词语页核对。
boya-elementary-i:头疼:touteng,boya-elementary-i,初级起步篇 I,头疼,touteng,形,headache,đau đầu,translated_subagent_draft,,4;20,你叫什么名字;我想请一天假,20,245,词语总表,appendix_canonical_needs_pos_translation_review,词语总表提供词语、拼音和教材印刷页码；词类与越南文释义待从对应词语页核对。
boya-elementary-i:下载:xiazai,boya-elementary-i,初级起步篇 I,下载,xiazai,动,to download,tải xuống,translated_subagent_draft,,4;22,你叫什么名字;明天你下了课去哪儿,22,245,词语总表,appendix_canonical_needs_pos_translation_review,词语总表提供词语、拼音和教材印刷页码；词类与越南文释义待从对应词语页核对。
boya-elementary-i:夏天:xiatian,boya-elementary-i,初级起步篇 I,夏天,xiatian,名,summer,mùa hè,translated_subagent_draft,,3;11,拼音和日常用语（三）;明天天气怎么样,11,245,词语总表,appendix_canonical_needs_pos_translation_review,词语总表提供词语、拼音和教材印刷页码；词类与越南文释义待从对应词语页核对。
boya-elementary-i:先:xian,boya-elementary-i,初级起步篇 I,先,xian,,first,trước; trước hết,translated_subagent_draft,,3;14,拼音和日常用语（三）;祝你生日快乐,14,245,词语总表,appendix_canonical_needs_pos_translation_review,词语总表提供词语、拼音和教材印刷页码；词类与越南文释义待从对应词语页核对。
boya-elementary-i:外边:waibian,boya-elementary-i,初级起步篇 I,外边,waibian,名,outside,bên ngoài,translated_subagent_draft,,2;7,拼音和日常用语（二）;欢迎去我家玩儿,7,245,词语总表,appendix_canonical_needs_pos_translation_review,词语总表提供词语、拼音和教材印刷页码；词类与越南文释义待从对应词语页核对。
boya-elementary-i:先生:xiansheng,boya-elementary-i,初级起步篇 I,先生,xiansheng,名,Sir,ông; ngài,translated_subagent_draft,,3;15,拼音和日常用语（三）;我可以试试吗,15,245,词语总表,appendix_canonical_needs_pos_translation_review,词语总表提供词语、拼音和教材印刷页码；词类与越南文释义待从对应词语页核对。
boya-elementary-i:外卖:waimai,boya-elementary-i,初级起步篇 I,外卖,waimai,名,takeout,đồ ăn giao tận nơi,translated_subagent_draft,,5;25,认识你很高兴;准备好了吗,25,245,词语总表,appendix_canonical_needs_pos_translation_review,词语总表提供词语、拼音和教材印刷页码；词类与越南文释义待从对应词语页核对。
boya-elementary-i:现金:xidnjin,boya-elementary-i,初级起步篇 I,现金,xidnjin,名,cash,tiền mặt,translated_subagent_draft,,3;10,拼音和日常用语（三）;西瓜怎么卖,10,245,词语总表,appendix_canonical_needs_pos_translation_review,词语总表提供词语、拼音和教材印刷页码；词类与越南文释义待从对应词语页核对。
boya-elementary-i:玩儿:wanr,boya-elementary-i,初级起步篇 I,玩儿,wanr,动,to play,chơi,translated_subagent_draft,,2;7,拼音和日常用语（二）;欢迎去我家玩儿,7,245,词语总表,appendix_canonical_needs_pos_translation_review,词语总表提供词语、拼音和教材印刷页码；词类与越南文释义待从对应词语页核对。
boya-elementary-i:现在:xianzai,boya-elementary-i,初级起步篇 I,现在,xianzai,名,now,bây giờ; hiện tại,translated_subagent_draft,,3;11,拼音和日常用语（三）;明天天气怎么样,11,245,词语总表,appendix_canonical_needs_pos_translation_review,词语总表提供词语、拼音和教材印刷页码；词类与越南文释义待从对应词语页核对。
boya-elementary-i:晚:wan,boya-elementary-i,初级起步篇 I,晚,wan,形,late,muộn; tối,translated_subagent_draft,,3;12,拼音和日常用语（三）;我正在等公共汽车呢,12,245,词语总表,appendix_canonical_needs_pos_translation_review,词语总表提供词语、拼音和教材印刷页码；词类与越南文释义待从对应词语页核对。
boya-elementary-i:线:xian,boya-elementary-i,初级起步篇 I,线,xian,名,line,dòng; tuyến,translated_subagent_draft,,2;9,拼音和日常用语（二）;我们怎么去,9,245,词语总表,appendix_canonical_needs_pos_translation_review,词语总表提供词语、拼音和教材印刷页码；词类与越南文释义待从对应词语页核对。
boya-elementary-i:晚会:wanhui,boya-elementary-i,初级起步篇 I,晚会,wanhui,名,evening party,buổi liên hoan tối,translated_subagent_draft,,5;25,认识你很高兴;准备好了吗,25,245,词语总表,appendix_canonical_needs_pos_translation_review,词语总表提供词语、拼音和教材印刷页码；词类与越南文释义待从对应词语页核对。
boya-elementary-i:馅儿:xianr,boya-elementary-i,初级起步篇 I,馅儿,xianr,名,filling; stuffing,nhân (bánh),translated_subagent_draft,,4;16,你叫什么名字;来一斤饺子,16,245,词语总表,appendix_canonical_needs_pos_translation_review,词语总表提供词语、拼音和教材印刷页码；词类与越南文释义待从对应词语页核对。
boya-elementary-i:晚上:wanshang,boya-elementary-i,初级起步篇 I,晚上,wanshang,名,night; evening,buổi tối,translated_subagent_draft,,2;8,拼音和日常用语（二）;明天晚上你有时间吗,8,245,词语总表,appendix_canonical_needs_pos_translation_review,词语总表提供词语、拼音和教材印刷页码；词类与越南文释义待从对应词语页核对。
boya-elementary-i:香蕉:xiangjido,boya-elementary-i,初级起步篇 I,香蕉,xiangjido,名,banana,chuối,translated_subagent_draft,,3;10,拼音和日常用语（三）;西瓜怎么卖,10,245,词语总表,appendix_canonical_needs_pos_translation_review,词语总表提供词语、拼音和教材印刷页码；词类与越南文释义待从对应词语页核对。
boya-elementary-i:碗:wan,boya-elementary-i,初级起步篇 I,碗,wan,名,bowl,bát,translated_subagent_draft,,5;25,认识你很高兴;准备好了吗,25,245,词语总表,appendix_canonical_needs_pos_translation_review,词语总表提供词语、拼音和教材印刷页码；词类与越南文释义待从对应词语页核对。
boya-elementary-i:想:xidng,boya-elementary-i,初级起步篇 I,想,xidng,动,to want,muốn; nghĩ,translated_subagent_draft,,4;18,你叫什么名字;今天我七点半就起床了,18,245,词语总表,appendix_canonical_needs_pos_translation_review,词语总表提供词语、拼音和教材印刷页码；词类与越南文释义待从对应词语页核对。
boya-elementary-i:往:wding,boya-elementary-i,初级起步篇 I,往,wding,介,to; towards,hướng về; về phía,translated_subagent_draft,,4;17,你叫什么名字;喝茶还是喝咖啡,17,245,词语总表,appendix_canonical_needs_pos_translation_review,词语总表提供词语、拼音和教材印刷页码；词类与越南文释义待从对应词语页核对。
boya-elementary-i:想家:xiangjia,boya-elementary-i,初级起步篇 I,想家,xiang jia,,to be homesick,nhớ nhà,translated_subagent_draft,,4;23,你叫什么名字;假期有什么打算,23,245,词语总表,appendix_canonical_needs_pos_translation_review,词语总表提供词语、拼音和教材印刷页码；词类与越南文释义待从对应词语页核对。
boya-elementary-i:忘:wang,boya-elementary-i,初级起步篇 I,忘,wang,动,to forget,quên,translated_subagent_draft,,4;22,你叫什么名字;明天你下了课去哪儿,22,245,词语总表,appendix_canonical_needs_pos_translation_review,词语总表提供词语、拼音和教材印刷页码；词类与越南文释义待从对应词语页核对。
boya-elementary-i:小时:xiaoshi,boya-elementary-i,初级起步篇 I,小时,xiaoshi,名,hour,giờ; tiếng,translated_subagent_draft,,4;19,你叫什么名字;你又熬夜了,19,246,词语总表,appendix_canonical_needs_pos_translation_review,词语总表提供词语、拼音和教材印刷页码；词类与越南文释义待从对应词语页核对。
boya-elementary-i:一起:yiai,boya-elementary-i,初级起步篇 I,一起,yiai,,together,cùng nhau,translated_subagent_draft,,2;8,拼音和日常用语（二）;明天晚上你有时间吗,8,246,词语总表,appendix_canonical_needs_pos_translation_review,词语总表提供词语、拼音和教材印刷页码；词类与越南文释义待从对应词语页核对。
boya-elementary-i:辛苦:xinku,boya-elementary-i,初级起步篇 I,辛苦,xinku,形,hard; toilsome; laborious,vất vả; cực nhọc,translated_subagent_draft,,5;25,认识你很高兴;准备好了吗,25,246,词语总表,appendix_canonical_needs_pos_translation_review,词语总表提供词语、拼音和教材印刷页码；词类与越南文释义待从对应词语页核对。
boya-elementary-i:一下儿:yixiar,boya-elementary-i,初级起步篇 I,一下儿,yixiar,数量,used after a verb to indicate a brief action,một chút; một lát (sau động từ),translated_subagent_draft,,2;6,拼音和日常用语（二）;这是什么,6,246,词语总表,appendix_canonical_needs_pos_translation_review,词语总表提供词语、拼音和教材印刷页码；词类与越南文释义待从对应词语页核对。
boya-elementary-i:新:xin,boya-elementary-i,初级起步篇 I,新,xin,形,new,mới,translated_subagent_draft,,3;13,拼音和日常用语（三）;你打算买什么样子,13,246,词语总表,appendix_canonical_needs_pos_translation_review,词语总表提供词语、拼音和教材印刷页码；词类与越南文释义待从对应词语页核对。
boya-elementary-i:一些:yixie,boya-elementary-i,初级起步篇 I,一些,yixie,数量,some,một vài; một ít,translated_subagent_draft,,3;10,拼音和日常用语（三）;西瓜怎么卖,10,246,词语总表,appendix_canonical_needs_pos_translation_review,词语总表提供词语、拼音和教材印刷页码；词类与越南文释义待从对应词语页核对。
boya-elementary-i:星期六:xingqiliu,boya-elementary-i,初级起步篇 I,星期六,xingqiliu,名,Saturday,thứ bảy,translated_subagent_draft,,2;9,拼音和日常用语（二）;我们怎么去,9,246,词语总表,appendix_canonical_needs_pos_translation_review,词语总表提供词语、拼音和教材印刷页码；词类与越南文释义待从对应词语页核对。
boya-elementary-i:一直:vizhi,boya-elementary-i,初级起步篇 I,一直,vizhi,,always; all along,luôn luôn; suốt,translated_subagent_draft,,4;23,你叫什么名字;假期有什么打算,23,246,词语总表,appendix_canonical_needs_pos_translation_review,词语总表提供词语、拼音和教材印刷页码；词类与越南文释义待从对应词语页核对。
boya-elementary-i:行:xing,boya-elementary-i,初级起步篇 I,行,xing,动,to be all right;OK,được; ổn,translated_subagent_draft,,4;17,你叫什么名字;喝茶还是喝咖啡,17,246,词语总表,appendix_canonical_needs_pos_translation_review,词语总表提供词语、拼音和教材印刷页码；词类与越南文释义待从对应词语页核对。
boya-elementary-i:衣服:yifu,boya-elementary-i,初级起步篇 I,衣服,yifu,名,clothes,quần áo,translated_subagent_draft,,3;13,拼音和日常用语（三）;你打算买什么样子,13,246,词语总表,appendix_canonical_needs_pos_translation_review,词语总表提供词语、拼音和教材印刷页码；词类与越南文释义待从对应词语页核对。
boya-elementary-i:姓:xing,boya-elementary-i,初级起步篇 I,姓,xing,动,to be surnamed,mang họ; họ,translated_subagent_draft,,1;4,拼音和日常用语（一）;你叫什么名字,4,246,词语总表,appendix_canonical_needs_pos_translation_review,词语总表提供词语、拼音和教材印刷页码；词类与越南文释义待从对应词语页核对。
boya-elementary-i:医院:viyuan,boya-elementary-i,初级起步篇 I,医院,viyuan,名,hospital,bệnh viện,translated_subagent_draft,,4;20,你叫什么名字;我想请一天假,20,246,词语总表,appendix_canonical_needs_pos_translation_review,词语总表提供词语、拼音和教材印刷页码；词类与越南文释义待从对应词语页核对。
boya-elementary-i:休息:xiuxi,boya-elementary-i,初级起步篇 I,休息,xiuxi,动,to rest,nghỉ ngơi,translated_subagent_draft,,4;20,你叫什么名字;我想请一天假,20,246,词语总表,appendix_canonical_needs_pos_translation_review,词语总表提供词语、拼音和教材印刷页码；词类与越南文释义待从对应词语页核对。
boya-elementary-i:已经:yijing,boya-elementary-i,初级起步篇 I,已经,yijing,,already,đã; rồi,translated_subagent_draft,,4;18,你叫什么名字;今天我七点半就起床了,18,246,词语总表,appendix_canonical_needs_pos_translation_review,词语总表提供词语、拼音和教材印刷页码；词类与越南文释义待从对应词语页核对。
boya-elementary-i:修:xiu,boya-elementary-i,初级起步篇 I,修,xiu,,to repair,sửa chữa,translated_subagent_draft,,4;21,你叫什么名字;每个人要说多长时间,21,246,词语总表,appendix_canonical_needs_pos_translation_review,词语总表提供词语、拼音和教材印刷页码；词类与越南文释义待从对应词语页核对。
boya-elementary-i:以后:yihou,boya-elementary-i,初级起步篇 I,以后,yihou,名,later on; afterwards,sau này; về sau,translated_subagent_draft,,4;18,你叫什么名字;今天我七点半就起床了,18,246,词语总表,appendix_canonical_needs_pos_translation_review,词语总表提供词语、拼音和教材印刷页码；词类与越南文释义待从对应词语页核对。
boya-elementary-i:选:xuan,boya-elementary-i,初级起步篇 I,选,xuan,动,to select; to choose,chọn; lựa chọn,translated_subagent_draft,,4;22,你叫什么名字;明天你下了课去哪儿,22,246,词语总表,appendix_canonical_needs_pos_translation_review,词语总表提供词语、拼音和教材印刷页码；词类与越南文释义待从对应词语页核对。
boya-elementary-i:以前:yiqian,boya-elementary-i,初级起步篇 I,以前,yiqian,名,before,trước đây; trước khi,translated_subagent_draft,,4;17,你叫什么名字;喝茶还是喝咖啡,17,246,词语总表,appendix_canonical_needs_pos_translation_review,词语总表提供词语、拼音和教材印刷页码；词类与越南文释义待从对应词语页核对。
boya-elementary-i:学:xue,boya-elementary-i,初级起步篇 I,学,xue,动,to leamn; to study,học,translated_subagent_draft,,1;4,拼音和日常用语（一）;你叫什么名字,4,246,词语总表,appendix_canonical_needs_pos_translation_review,词语总表提供词语、拼音和教材印刷页码；词类与越南文释义待从对应词语页核对。
boya-elementary-i:意见:yijian,boya-elementary-i,初级起步篇 I,意见,yijian,名,suggestion;opinion,ý kiến; đề xuất,translated_subagent_draft,,4;22,你叫什么名字;明天你下了课去哪儿,22,246,词语总表,appendix_canonical_needs_pos_translation_review,词语总表提供词语、拼音和教材印刷页码；词类与越南文释义待从对应词语页核对。
boya-elementary-i:学期:xueqi,boya-elementary-i,初级起步篇 I,学期,Xueqi,名,semester,học kỳ,translated_subagent_draft,,5;25,认识你很高兴;准备好了吗,25,246,词语总表,appendix_canonical_needs_pos_translation_review,词语总表提供词语、拼音和教材印刷页码；词类与越南文释义待从对应词语页核对。
boya-elementary-i:因为:yinwei,boya-elementary-i,初级起步篇 I,因为,yinwei,,,bởi vì; vì,translated_subagent_draft,,4;21,你叫什么名字;每个人要说多长时间,21,246,词语总表,appendix_canonical_needs_pos_translation_review,词语总表提供词语、拼音和教材印刷页码；词类与越南文释义待从对应词语页核对。
boya-elementary-i:学生:xuesheng,boya-elementary-i,初级起步篇 I,学生,xuesheng,名,student,học sinh; sinh viên,translated_subagent_draft,,1;4,拼音和日常用语（一）;你叫什么名字,4,246,词语总表,appendix_canonical_needs_pos_translation_review,词语总表提供词语、拼音和教材印刷页码；词类与越南文释义待从对应词语页核对。
boya-elementary-i:阴:yin,boya-elementary-i,初级起步篇 I,阴,yin,形,cloudy,âm u; nhiều mây,translated_subagent_draft,,3;11,拼音和日常用语（三）;明天天气怎么样,11,246,词语总表,appendix_canonical_needs_pos_translation_review,词语总表提供词语、拼音和教材印刷页码；词类与越南文释义待从对应词语页核对。
boya-elementary-i:学校:xuexido,boya-elementary-i,初级起步篇 I,学校,xuexido,名,school,trường học,translated_subagent_draft,,2;7,拼音和日常用语（二）;欢迎去我家玩儿,7,246,词语总表,appendix_canonical_needs_pos_translation_review,词语总表提供词语、拼音和教材印刷页码；词类与越南文释义待从对应词语页核对。
boya-elementary-i:阴天:yintian,boya-elementary-i,初级起步篇 I,阴天,yintian,名,Cloudy day,ngày nhiều mây,translated_subagent_draft,,3;11,拼音和日常用语（三）;明天天气怎么样,11,246,词语总表,appendix_canonical_needs_pos_translation_review,词语总表提供词语、拼音和教材印刷页码；词类与越南文释义待从对应词语页核对。
boya-elementary-i:雪:xue,boya-elementary-i,初级起步篇 I,雪,xue,名,snow,tuyết,translated_subagent_draft,,3;11,拼音和日常用语（三）;明天天气怎么样,11,246,词语总表,appendix_canonical_needs_pos_translation_review,词语总表提供词语、拼音和教材印刷页码；词类与越南文释义待从对应词语页核对。
boya-elementary-i:应该:yinggai,boya-elementary-i,初级起步篇 I,应该,yinggai,助动,Should; ought to,nên; cần phải,translated_subagent_draft,,4;23,你叫什么名字;假期有什么打算,23,246,词语总表,appendix_canonical_needs_pos_translation_review,词语总表提供词语、拼音和教材印刷页码；词类与越南文释义待从对应词语页核对。
boya-elementary-i:赢:ying,boya-elementary-i,初级起步篇 I,赢,ying,动,to win,thắng,translated_subagent_draft,,5;25,认识你很高兴;准备好了吗,25,246,词语总表,appendix_canonical_needs_pos_translation_review,词语总表提供词语、拼音和教材印刷页码；词类与越南文释义待从对应词语页核对。
boya-elementary-i:研究生:yanjiusheng,boya-elementary-i,初级起步篇 I,研究生,yanjiusheng,名,geraduate student,học viên cao học,translated_subagent_draft,,2;7,拼音和日常用语（二）;欢迎去我家玩儿,7,246,词语总表,appendix_canonical_needs_pos_translation_review,词语总表提供词语、拼音和教材印刷页码；词类与越南文释义待从对应词语页核对。
boya-elementary-i:用功:yonggong,boya-elementary-i,初级起步篇 I,用功,yonggong,形,"dilgent, hard-working in one's studies",chăm học; chịu khó học,translated_subagent_draft,,4;21,你叫什么名字;每个人要说多长时间,21,246,词语总表,appendix_canonical_needs_pos_translation_review,词语总表提供词语、拼音和教材印刷页码；词类与越南文释义待从对应词语页核对。
boya-elementary-i:颜色:yanse,boya-elementary-i,初级起步篇 I,颜色,yanse,名,color,màu sắc,translated_subagent_draft,,3;13,拼音和日常用语（三）;你打算买什么样子,13,246,词语总表,appendix_canonical_needs_pos_translation_review,词语总表提供词语、拼音和教材印刷页码；词类与越南文释义待从对应词语页核对。
boya-elementary-i:游戏:youxi,boya-elementary-i,初级起步篇 I,游戏,youxi,名,game,trò chơi,translated_subagent_draft,,4;22,你叫什么名字;明天你下了课去哪儿,22,246,词语总表,appendix_canonical_needs_pos_translation_review,词语总表提供词语、拼音和教材印刷页码；词类与越南文释义待从对应词语页核对。
boya-elementary-i:样子:yangzi,boya-elementary-i,初级起步篇 I,样子,yangzi,,appearance; shape,dáng vẻ; kiểu dáng,translated_subagent_draft,,3;13,拼音和日常用语（三）;你打算买什么样子,13,246,词语总表,appendix_canonical_needs_pos_translation_review,词语总表提供词语、拼音和教材印刷页码；词类与越南文释义待从对应词语页核对。
boya-elementary-i:有:you,boya-elementary-i,初级起步篇 I,有,yǒu,动,to have,có,translated_subagent_draft,,2;8,拼音和日常用语（二）;明天晚上你有时间吗,8,246,词语总表,appendix_canonical_repaired_needs_pos_translation_review,词语总表提供词语、拼音和教材印刷页码；词类与越南文释义待从对应词语页核对。；拼音 OCR 修为 yǒu
boya-elementary-i:药:yao,boya-elementary-i,初级起步篇 I,药,yao,名,medicine,thuốc,translated_subagent_draft,,4;20,你叫什么名字;我想请一天假,20,246,词语总表,appendix_canonical_needs_pos_translation_review,词语总表提供词语、拼音和教材印刷页码；词类与越南文释义待从对应词语页核对。
boya-elementary-i:有的:youde,boya-elementary-i,初级起步篇 I,有的,yǒude,代,some,một số; có người/cái,translated_subagent_draft,,4;18,你叫什么名字;今天我七点半就起床了,18,246,词语总表,appendix_canonical_repaired_needs_pos_translation_review,词语总表提供词语、拼音和教材印刷页码；词类与越南文释义待从对应词语页核对。；由拼音 youde 将 OCR 单字误配修为“有的”；拼音 OCR 修为 yǒude
boya-elementary-i:要:yao,boya-elementary-i,初级起步篇 I,要,yao,动,to want （something） 6g,muốn; cần,translated_subagent_draft,,3;10,拼音和日常用语（三）;西瓜怎么卖,10,246,词语总表,appendix_canonical_needs_pos_translation_review,词语总表提供词语、拼音和教材印刷页码；词类与越南文释义待从对应词语页核对。
boya-elementary-i:有点儿:youdianr,boya-elementary-i,初级起步篇 I,有点儿,youdianr,,a litte; a bit,hơi; có một chút,translated_subagent_draft,,3;13,拼音和日常用语（三）;你打算买什么样子,13,246,词语总表,appendix_canonical_needs_pos_translation_review,词语总表提供词语、拼音和教材印刷页码；词类与越南文释义待从对应词语页核对。
boya-elementary-i:有意思:youyisi,boya-elementary-i,初级起步篇 I,有意思,you yisi,,interesting,thú vị,translated_subagent_draft,,4;22,你叫什么名字;明天你下了课去哪儿,22,246,词语总表,appendix_canonical_needs_pos_translation_review,词语总表提供词语、拼音和教材印刷页码；词类与越南文释义待从对应词语页核对。
boya-elementary-i:要是:yaoshi,boya-elementary-i,初级起步篇 I,要是,yaoshi,连,if,nếu mà,translated_subagent_draft,,3;13,拼音和日常用语（三）;你打算买什么样子,13,246,词语总表,appendix_canonical_needs_pos_translation_review,词语总表提供词语、拼音和教材印刷页码；词类与越南文释义待从对应词语页核对。
boya-elementary-i:也:ye,boya-elementary-i,初级起步篇 I,也,ye,,also: too,cũng,translated_subagent_draft,,1;5,拼音和日常用语（一）;认识你很高兴,5,246,词语总表,appendix_canonical_needs_pos_translation_review,词语总表提供词语、拼音和教材印刷页码；词类与越南文释义待从对应词语页核对。
boya-elementary-i:又:you,boya-elementary-i,初级起步篇 I,又,you,,,lại; vừa… vừa…,translated_subagent_draft,,4;19,你叫什么名字;你又熬夜了,19,246,词语总表,appendix_canonical_needs_pos_translation_review,词语总表提供词语、拼音和教材印刷页码；词类与越南文释义待从对应词语页核对。
boya-elementary-i:右边:youbian,boya-elementary-i,初级起步篇 I,右边,youbian,名,the right side,bên phải,translated_subagent_draft,,2;7,拼音和日常用语（二）;欢迎去我家玩儿,7,246,词语总表,appendix_canonical_needs_pos_translation_review,词语总表提供词语、拼音和教材印刷页码；词类与越南文释义待从对应词语页核对。
boya-elementary-i:夜里:yeli,boya-elementary-i,初级起步篇 I,夜里,yeli,名,night,ban đêm,translated_subagent_draft,,4;19,你叫什么名字;你又熬夜了,19,246,词语总表,appendix_canonical_needs_pos_translation_review,词语总表提供词语、拼音和教材印刷页码；词类与越南文释义待从对应词语页核对。
boya-elementary-i:雨:yi,boya-elementary-i,初级起步篇 I,雨,yi,名,rain,mưa,translated_subagent_draft,,3;11,拼音和日常用语（三）;明天天气怎么样,11,246,词语总表,appendix_canonical_needs_pos_translation_review,词语总表提供词语、拼音和教材印刷页码；词类与越南文释义待从对应词语页核对。
boya-elementary-i:一般:yiban,boya-elementary-i,初级起步篇 I,一般,yiban,形,generally; commonly,thường; nói chung,translated_subagent_draft,,4;18,你叫什么名字;今天我七点半就起床了,18,246,词语总表,appendix_canonical_needs_pos_translation_review,词语总表提供词语、拼音和教材印刷页码；词类与越南文释义待从对应词语页核对。
boya-elementary-i:雨季:ygj,boya-elementary-i,初级起步篇 I,雨季,yGj,名,rainy season,mùa mưa,translated_subagent_draft,,3;11,拼音和日常用语（三）;明天天气怎么样,11,246,词语总表,appendix_canonical_needs_pos_translation_review,词语总表提供词语、拼音和教材印刷页码；词类与越南文释义待从对应词语页核对。
boya-elementary-i:一点儿:yididnr,boya-elementary-i,初级起步篇 I,一点儿,yididnr,数量,a litte bit,một chút,translated_subagent_draft,,3;13,拼音和日常用语（三）;你打算买什么样子,13,246,词语总表,appendix_canonical_needs_pos_translation_review,词语总表提供词语、拼音和教材印刷页码；词类与越南文释义待从对应词语页核对。
boya-elementary-i:一定:yiding,boya-elementary-i,初级起步篇 I,一定,yiding,,certainly,nhất định; chắc chắn,translated_subagent_draft,,3;15,拼音和日常用语（三）;我可以试试吗,15,246,词语总表,appendix_canonical_needs_pos_translation_review,词语总表提供词语、拼音和教材印刷页码；词类与越南文释义待从对应词语页核对。
boya-elementary-i:语法:yufa,boya-elementary-i,初级起步篇 I,语法,yǔfǎ,名,grammar,ngữ pháp,translated_subagent_draft,,4;21,你叫什么名字;每个人要说多长时间,21,246,词语总表,appendix_canonical_repaired_needs_pos_translation_review,词语总表提供词语、拼音和教材印刷页码；词类与越南文释义待从对应词语页核对。；拼音 OCR 修为 yǔfǎ
boya-elementary-i:一共:yigong,boya-elementary-i,初级起步篇 I,一共,yigong,,in total,tổng cộng,translated_subagent_draft,,3;10,拼音和日常用语（三）;西瓜怎么卖,10,246,词语总表,appendix_canonical_needs_pos_translation_review,词语总表提供词语、拼音和教材印刷页码；词类与越南文释义待从对应词语页核对。
boya-elementary-i:远:yudn,boya-elementary-i,初级起步篇 I,远,yudn,形,far,xa,translated_subagent_draft,,2;7,拼音和日常用语（二）;欢迎去我家玩儿,7,246,词语总表,appendix_canonical_needs_pos_translation_review,词语总表提供词语、拼音和教材印刷页码；词类与越南文释义待从对应词语页核对。
boya-elementary-i:一会儿:yihuir,boya-elementary-i,初级起步篇 I,一会儿,yihuir,数量,after a while; a little while,một lát nữa; một lúc,translated_subagent_draft,,3;12,拼音和日常用语（三）;我正在等公共汽车呢,12,246,词语总表,appendix_canonical_needs_pos_translation_review,词语总表提供词语、拼音和教材印刷页码；词类与越南文释义待从对应词语页核对。
boya-elementary-i:约:yue,boya-elementary-i,初级起步篇 I,约,yue,名,month,hẹn (với ai đó),translated_subagent_draft,,4;18;22,你叫什么名字;今天我七点半就起床了;明天你下了课去哪儿,22,246,词语总表,appendix_canonical_needs_pos_translation_review,词语总表提供词语、拼音和教材印刷页码；词类与越南文释义待从对应词语页核对。
boya-elementary-i:月:yue,boya-elementary-i,初级起步篇 I,月,YUe,,,tháng,translated_subagent_draft,,4,你叫什么名字,18,246,词语总表,appendix_canonical_needs_pos_translation_review,词语总表提供词语、拼音和教材印刷页码；词类与越南文释义待从对应词语页核对。
boya-elementary-i:猪肉:zhurou,boya-elementary-i,初级起步篇 I,猪肉,zhurou,名,pork,thịt lợn,translated_subagent_draft,,4;16,你叫什么名字;来一斤饺子,16,247,词语总表,appendix_canonical_needs_pos_translation_review,词语总表提供词语、拼音和教材印刷页码；词类与越南文释义待从对应词语页核对。
boya-elementary-i:主意:zhuyi,boya-elementary-i,初级起步篇 I,主意,zhuyi,名,idea,ý kiến; ý tưởng,translated_subagent_draft,,3;14,拼音和日常用语（三）;祝你生日快乐,14,247,词语总表,appendix_canonical_needs_pos_translation_review,词语总表提供词语、拼音和教材印刷页码；词类与越南文释义待从对应词语页核对。
boya-elementary-i:再:zai,boya-elementary-i,初级起步篇 I,再,Zai,,again; once more; further,lại; thêm; nữa,translated_subagent_draft,,3;10,拼音和日常用语（三）;西瓜怎么卖,10,247,词语总表,appendix_canonical_needs_pos_translation_review,词语总表提供词语、拼音和教材印刷页码；词类与越南文释义待从对应词语页核对。
boya-elementary-i:住:zhu,boya-elementary-i,初级起步篇 I,住,zhu,动,to live,sống; ở,translated_subagent_draft,,2;7,拼音和日常用语（二）;欢迎去我家玩儿,7,247,词语总表,appendix_canonical_needs_pos_translation_review,词语总表提供词语、拼音和教材印刷页码；词类与越南文释义待从对应词语页核对。
boya-elementary-i:在:zai,boya-elementary-i,初级起步篇 I,在,Zai,动,to be at （in）,ở; tại; đang,translated_subagent_draft,,2;7,拼音和日常用语（二）;欢迎去我家玩儿,7,247,词语总表,appendix_canonical_needs_pos_translation_review,词语总表提供词语、拼音和教材印刷页码；词类与越南文释义待从对应词语页核对。
boya-elementary-i:祝:zhu,boya-elementary-i,初级起步篇 I,祝,zhu,,to wish,chúc,translated_subagent_draft,,3;14,拼音和日常用语（三）;祝你生日快乐,14,247,词语总表,appendix_canonical_needs_pos_translation_review,词语总表提供词语、拼音和教材印刷页码；词类与越南文释义待从对应词语页核对。
boya-elementary-i:咱们:zanmen,boya-elementary-i,初级起步篇 I,咱们,zanmen,代,"We, uS",chúng ta,translated_subagent_draft,,3;14,拼音和日常用语（三）;祝你生日快乐,14,247,词语总表,appendix_canonical_needs_pos_translation_review,词语总表提供词语、拼音和教材印刷页码；词类与越南文释义待从对应词语页核对。
boya-elementary-i:专业:zhuanye,boya-elementary-i,初级起步篇 I,专业,zhuanye,名,major,chuyên ngành,translated_subagent_draft,,2;7,拼音和日常用语（二）;欢迎去我家玩儿,7,247,词语总表,appendix_canonical_needs_pos_translation_review,词语总表提供词语、拼音和教材印刷页码；词类与越南文释义待从对应词语页核对。
boya-elementary-i:怎么:zenme,boya-elementary-i,初级起步篇 I,怎么,zenme,代,how,thế nào; làm sao,translated_subagent_draft,,2;9,拼音和日常用语（二）;我们怎么去,9,247,词语总表,appendix_canonical_needs_pos_translation_review,词语总表提供词语、拼音和教材印刷页码；词类与越南文释义待从对应词语页核对。
boya-elementary-i:准备:zhunbei,boya-elementary-i,初级起步篇 I,准备,zhunbei,动,to prepare,chuẩn bị,translated_subagent_draft,,3;14,拼音和日常用语（三）;祝你生日快乐,14,247,词语总表,appendix_canonical_needs_pos_translation_review,词语总表提供词语、拼音和教材印刷页码；词类与越南文释义待从对应词语页核对。
boya-elementary-i:怎么样:zenmeyang,boya-elementary-i,初级起步篇 I,怎么样,zenmeyang,代,how,thế nào,translated_subagent_draft,,3;11,拼音和日常用语（三）;明天天气怎么样,11,247,词语总表,appendix_canonical_needs_pos_translation_review,词语总表提供词语、拼音和教材印刷页码；词类与越南文释义待从对应词语页核对。
boya-elementary-i:字:zi,boya-elementary-i,初级起步篇 I,字,Zi,名,character,chữ,translated_subagent_draft,,5;24,认识你很高兴;学得怎么样,24,247,词语总表,appendix_canonical_needs_pos_translation_review,词语总表提供词语、拼音和教材印刷页码；词类与越南文释义待从对应词语页核对。
boya-elementary-i:展览:zhanlan,boya-elementary-i,初级起步篇 I,展览,zhanlan,名,exhibition,triển lãm,translated_subagent_draft,,4;22,你叫什么名字;明天你下了课去哪儿,22,247,词语总表,appendix_canonical_needs_pos_translation_review,词语总表提供词语、拼音和教材印刷页码；词类与越南文释义待从对应词语页核对。
boya-elementary-i:自己:zijy,boya-elementary-i,初级起步篇 I,自己,ZijY,,,bản thân; tự mình,translated_subagent_draft,,3,拼音和日常用语（三）,15,247,词语总表,appendix_canonical_needs_pos_translation_review,词语总表提供词语、拼音和教材印刷页码；词类与越南文释义待从对应词语页核对。
boya-elementary-i:张开:zhangkai,boya-elementary-i,初级起步篇 I,张开,zhang kai,,to open,mở ra; dang ra,translated_subagent_draft,,4;20,你叫什么名字;我想请一天假,20,247,词语总表,appendix_canonical_needs_pos_translation_review,词语总表提供词语、拼音和教材印刷页码；词类与越南文释义待从对应词语页核对。
boya-elementary-i:自行车:zixingche,boya-elementary-i,初级起步篇 I,自行车,zixingche,名,bike,xe đạp,translated_subagent_draft,,2;9,拼音和日常用语（二）;我们怎么去,9,247,词语总表,appendix_canonical_needs_pos_translation_review,词语总表提供词语、拼音和教材印刷页码；词类与越南文释义待从对应词语页核对。
boya-elementary-i:长:zhang,boya-elementary-i,初级起步篇 I,长,zhang,动,to grow,lớn lên; mọc dài,translated_subagent_draft,,5;24,认识你很高兴;学得怎么样,24,247,词语总表,appendix_canonical_needs_pos_translation_review,词语总表提供词语、拼音和教材印刷页码；词类与越南文释义待从对应词语页核对。
boya-elementary-i:走:zou,boya-elementary-i,初级起步篇 I,走,zOu,动,to walk; to leave,đi; rời đi,translated_subagent_draft,,4;17,你叫什么名字;喝茶还是喝咖啡,17,247,词语总表,appendix_canonical_needs_pos_translation_review,词语总表提供词语、拼音和教材印刷页码；词类与越南文释义待从对应词语页核对。
boya-elementary-i:着急:zhaoji,boya-elementary-i,初级起步篇 I,着急,zhaoji,形,anxious,lo lắng; sốt ruột,translated_subagent_draft,,4;21,你叫什么名字;每个人要说多长时间,21,247,词语总表,appendix_canonical_needs_pos_translation_review,词语总表提供词语、拼音和教材印刷页码；词类与越南文释义待从对应词语页核对。
boya-elementary-i:走路:zoul,boya-elementary-i,初级起步篇 I,走路,zou l,,on toot,đi bộ,translated_subagent_draft,,4;17,你叫什么名字;喝茶还是喝咖啡,17,247,词语总表,appendix_canonical_needs_pos_translation_review,词语总表提供词语、拼音和教材印刷页码；词类与越南文释义待从对应词语页核对。
boya-elementary-i:找:zhdo,boya-elementary-i,初级起步篇 I,找,zhdo,动,to look for,tìm,translated_subagent_draft,,3;13,拼音和日常用语（三）;你打算买什么样子,13,247,词语总表,appendix_canonical_needs_pos_translation_review,词语总表提供词语、拼音和教材印刷页码；词类与越南文释义待从对应词语页核对。
boya-elementary-i:嘴:zui,boya-elementary-i,初级起步篇 I,嘴,Zui,名,mouth to write （prescript; sick,miệng,translated_subagent_draft,,4;20,你叫什么名字;我想请一天假,20,247,词语总表,appendix_canonical_needs_pos_translation_review,词语总表提供词语、拼音和教材印刷页码；词类与越南文释义待从对应词语页核对。
boya-elementary-i:照片:zhdopian,boya-elementary-i,初级起步篇 I,照片,zhdopian,名,photo,ảnh; bức ảnh,translated_subagent_draft,,5;24,认识你很高兴;学得怎么样,24,247,词语总表,appendix_canonical_needs_pos_translation_review,词语总表提供词语、拼音和教材印刷页码；词类与越南文释义待从对应词语页核对。
boya-elementary-i:最:zui,boya-elementary-i,初级起步篇 I,最,Zui,,most,nhất,translated_subagent_draft,,3;11,拼音和日常用语（三）;明天天气怎么样,11,247,词语总表,appendix_canonical_needs_pos_translation_review,词语总表提供词语、拼音和教材印刷页码；词类与越南文释义待从对应词语页核对。
boya-elementary-i:这:zhe,boya-elementary-i,初级起步篇 I,这,zhe,代,this,này; đây,translated_subagent_draft,,1;5,拼音和日常用语（一）;认识你很高兴,5,247,词语总表,appendix_canonical_needs_pos_translation_review,词语总表提供词语、拼音和教材印刷页码；词类与越南文释义待从对应词语页核对。
boya-elementary-i:最好:zuihdo,boya-elementary-i,初级起步篇 I,最好,zuihdo,,"had better, it would be best",tốt nhất; nên,translated_subagent_draft,,4;20,你叫什么名字;我想请一天假,20,247,词语总表,appendix_canonical_needs_pos_translation_review,词语总表提供词语、拼音和教材印刷页码；词类与越南文释义待从对应词语页核对。
boya-elementary-i:这么:zheme,boya-elementary-i,初级起步篇 I,这么,zheme,,,như thế này; đến mức này,translated_subagent_draft,,4,你叫什么名字,21,247,词语总表,appendix_canonical_needs_pos_translation_review,词语总表提供词语、拼音和教材印刷页码；词类与越南文释义待从对应词语页核对。
boya-elementary-i:最近:zuijin,boya-elementary-i,初级起步篇 I,最近,zuijin,名,recently,gần đây,translated_subagent_draft,,3;14,拼音和日常用语（三）;祝你生日快乐,14,247,词语总表,appendix_canonical_needs_pos_translation_review,词语总表提供词语、拼音和教材印刷页码；词类与越南文释义待从对应词语页核对。
boya-elementary-i:这儿:zher,boya-elementary-i,初级起步篇 I,这儿,zher,代,here,ở đây,translated_subagent_draft,,4;16,你叫什么名字;来一斤饺子,16,247,词语总表,appendix_canonical_needs_pos_translation_review,词语总表提供词语、拼音和教材印刷页码；词类与越南文释义待从对应词语页核对。
boya-elementary-i:醉:zui,boya-elementary-i,初级起步篇 I,醉,Zui,动,to be drunk,say rượu,translated_subagent_draft,,4;19,你叫什么名字;你又熬夜了,19,247,词语总表,appendix_canonical_needs_pos_translation_review,词语总表提供词语、拼音和教材印刷页码；词类与越南文释义待从对应词语页核对。
boya-elementary-i:这样:zheyang,boya-elementary-i,初级起步篇 I,这样,zheyang,代,like this; this way,như thế này; cách này,translated_subagent_draft,,4;22,你叫什么名字;明天你下了课去哪儿,22,247,词语总表,appendix_canonical_needs_pos_translation_review,词语总表提供词语、拼音和教材印刷页码；词类与越南文释义待从对应词语页核对。
boya-elementary-i:昨天:zuotian,boya-elementary-i,初级起步篇 I,昨天,zuotian,名,yesterday,hôm qua,translated_subagent_draft,,4;19,你叫什么名字;你又熬夜了,19,247,词语总表,appendix_canonical_needs_pos_translation_review,词语总表提供词语、拼音和教材印刷页码；词类与越南文释义待从对应词语页核对。
boya-elementary-i:真:zhen,boya-elementary-i,初级起步篇 I,真,zhen,,really,thật; rất,translated_subagent_draft,,4;18,你叫什么名字;今天我七点半就起床了,18,247,词语总表,appendix_canonical_needs_pos_translation_review,词语总表提供词语、拼音和教材印刷页码；词类与越南文释义待从对应词语页核对。
boya-elementary-i:左边:zuobian,boya-elementary-i,初级起步篇 I,左边,zuObian,名,the left side,bên trái,translated_subagent_draft,,2;7,拼音和日常用语（二）;欢迎去我家玩儿,7,247,词语总表,appendix_canonical_needs_pos_translation_review,词语总表提供词语、拼音和教材印刷页码；词类与越南文释义待从对应词语页核对。
boya-elementary-i:正在:zhengzai,boya-elementary-i,初级起步篇 I,正在,zhengzai,,in the course of,đang,translated_subagent_draft,,3;12,拼音和日常用语（三）;我正在等公共汽车呢,12,247,词语总表,appendix_canonical_needs_pos_translation_review,词语总表提供词语、拼音和教材印刷页码；词类与越南文释义待从对应词语页核对。
boya-elementary-i:作业:zuoye,boya-elementary-i,初级起步篇 I,作业,zuoye,名,homework,bài tập,translated_subagent_draft,,3;12,拼音和日常用语（三）;我正在等公共汽车呢,12,247,词语总表,appendix_canonical_needs_pos_translation_review,词语总表提供词语、拼音和教材印刷页码；词类与越南文释义待从对应词语页核对。
boya-elementary-i:只:zhi,boya-elementary-i,初级起步篇 I,只,Zhi,量,measure word,con; chiếc (lượng từ),translated_subagent_draft,,3;13;15,拼音和日常用语（三）;你打算买什么样子;我可以试试吗,13;15,247,词语总表,appendix_canonical_needs_pos_translation_review,词语总表提供词语、拼音和教材印刷页码；词类与越南文释义待从对应词语页核对。
boya-elementary-i:坐:zuo,boya-elementary-i,初级起步篇 I,坐,ZUO,动,"to take （acar, a plane..） to ride",ngồi; đi (xe/máy bay),translated_subagent_draft,,2;9,拼音和日常用语（二）;我们怎么去,9,247,词语总表,appendix_canonical_needs_pos_translation_review,词语总表提供词语、拼音和教材印刷页码；词类与越南文释义待从对应词语页核对。
boya-elementary-i:知道:zhidao,boya-elementary-i,初级起步篇 I,知道,zhidao,动,to know,biết,translated_subagent_draft,,2;9,拼音和日常用语（二）;我们怎么去,9,247,词语总表,appendix_canonical_needs_pos_translation_review,词语总表提供词语、拼音和教材印刷页码；词类与越南文释义待从对应词语页核对。
boya-elementary-i:座位:zuowei,boya-elementary-i,初级起步篇 I,座位,zuOwei,名,seat,chỗ ngồi,translated_subagent_draft,,4;16,你叫什么名字;来一斤饺子,16,247,词语总表,appendix_canonical_needs_pos_translation_review,词语总表提供词语、拼音和教材印刷页码；词类与越南文释义待从对应词语页核对。
boya-elementary-i:做:zuo,boya-elementary-i,初级起步篇 I,做,ZUO,动,to do,làm,translated_subagent_draft,,3;12,拼音和日常用语（三）;我正在等公共汽车呢,12,247,词语总表,appendix_canonical_needs_pos_translation_review,词语总表提供词语、拼音和教材印刷页码；词类与越南文释义待从对应词语页核对。
boya-elementary-i:质量:zhiliang,boya-elementary-i,初级起步篇 I,质量,zhiliang,名,quality,chất lượng,translated_subagent_draft,,3;13,拼音和日常用语（三）;你打算买什么样子,13,247,词语总表,appendix_canonical_needs_pos_translation_review,词语总表提供词语、拼音和教材印刷页码；词类与越南文释义待从对应词语页核对。
boya-elementary-i:做菜:zuocai,boya-elementary-i,初级起步篇 I,做菜,zuO cai,,to cOoK,nấu ăn,translated_subagent_draft,,4;17,你叫什么名字;喝茶还是喝咖啡,17,247,词语总表,appendix_canonical_needs_pos_translation_review,词语总表提供词语、拼音和教材印刷页码；词类与越南文释义待从对应词语页核对。
boya-elementary-i:中午:zhongwu,boya-elementary-i,初级起步篇 I,中午,zhongwu,名,noon,buổi trưa,translated_subagent_draft,,2;8,拼音和日常用语（二）;明天晚上你有时间吗,8,247,词语总表,appendix_canonical_needs_pos_translation_review,词语总表提供词语、拼音和教材印刷页码；词类与越南文释义待从对应词语页核对。
boya-elementary-i:种:zhong,boya-elementary-i,初级起步篇 I,种,zhong,量,kind,loại; giống,translated_subagent_draft,,3;13,拼音和日常用语（三）;你打算买什么样子,13,247,词语总表,appendix_canonical_needs_pos_translation_review,词语总表提供词语、拼音和教材印刷页码；词类与越南文释义待从对应词语页核对。
boya-elementary-i:澳大利亚:aodaliya,boya-elementary-i,初级起步篇 I,澳大利亚,Aodaliya,,Australia,Úc,translated_subagent_draft,,3;11,拼音和日常用语（三）;明天天气怎么样,11,248,词语总表,appendix_canonical_needs_pos_translation_review,词语总表提供词语、拼音和教材印刷页码；词类与越南文释义待从对应词语页核对。
boya-elementary-i:日语:riyi,boya-elementary-i,初级起步篇 I,日语,Riyi,,Japanese,tiếng Nhật,translated_subagent_draft,,2;6,拼音和日常用语（二）;这是什么,6,248,词语总表,appendix_canonical_needs_pos_translation_review,词语总表提供词语、拼音和教材印刷页码；词类与越南文释义待从对应词语页核对。
boya-elementary-i:北京大学:beijingdaxue,boya-elementary-i,初级起步篇 I,北京大学,Beijing Daxue,,Peking Unversity,Đại học Bắc Kinh,translated_subagent_draft,,1;5,拼音和日常用语（一）;认识你很高兴,5,248,词语总表,appendix_canonical_needs_pos_translation_review,词语总表提供词语、拼音和教材印刷页码；词类与越南文释义待从对应词语页核对。
boya-elementary-i:圣诞节:shengdanjie,boya-elementary-i,初级起步篇 I,圣诞节,Shengdan Jie,,Christmas,Giáng sinh,translated_subagent_draft,,3;11,拼音和日常用语（三）;明天天气怎么样,11,248,词语总表,appendix_canonical_needs_pos_translation_review,词语总表提供词语、拼音和教材印刷页码；词类与越南文释义待从对应词语页核对。
boya-elementary-i:长城:changcheng,boya-elementary-i,初级起步篇 I,长城,Changcheng,,the Great wall,Vạn Lý Trường Thành,translated_subagent_draft,,3;11,拼音和日常用语（三）;明天天气怎么样,11,248,词语总表,appendix_canonical_needs_pos_translation_review,词语总表提供词语、拼音和教材印刷页码；词类与越南文释义待从对应词语页核对。
boya-elementary-i:泰国:taiguo,boya-elementary-i,初级起步篇 I,泰国,Taiguo,,Thailand,Thái Lan,translated_subagent_draft,,3;11,拼音和日常用语（三）;明天天气怎么样,11,248,词语总表,appendix_canonical_needs_pos_translation_review,词语总表提供词语、拼音和教材印刷页码；词类与越南文释义待从对应词语页核对。
boya-elementary-i:国庆节:guoqingjie,boya-elementary-i,初级起步篇 I,国庆节,Guoqing Jie,,National Day,Quốc khánh,translated_subagent_draft,,4;23,你叫什么名字;假期有什么打算,23,248,词语总表,appendix_canonical_needs_pos_translation_review,词语总表提供词语、拼音和教材印刷页码；词类与越南文释义待从对应词语页核对。
boya-elementary-i:王:wang,boya-elementary-i,初级起步篇 I,王,wang,,a Chinese surname,Vương (họ Trung Quốc),translated_subagent_draft,,1;4,拼音和日常用语（一）;你叫什么名字,4,248,词语总表,appendix_canonical_needs_pos_translation_review,词语总表提供词语、拼音和教材印刷页码；词类与越南文释义待从对应词语页核对。
boya-elementary-i:韩国:hanguo,boya-elementary-i,初级起步篇 I,韩国,Hanguo,,The Republic of Korea,Hàn Quốc,translated_subagent_draft,,1;5,拼音和日常用语（一）;认识你很高兴,5,248,词语总表,appendix_canonical_needs_pos_translation_review,词语总表提供词语、拼音和教材印刷页码；词类与越南文释义待从对应词语页核对。
boya-elementary-i:西安:xian,boya-elementary-i,初级起步篇 I,西安,Xian,,Xi'an （capital of Shaanxi Province）,Tây An,translated_subagent_draft,,4;23,你叫什么名字;假期有什么打算,23,248,词语总表,appendix_canonical_needs_pos_translation_review,词语总表提供词语、拼音和教材印刷页码；词类与越南文释义待从对应词语页核对。
boya-elementary-i:韩语:hanyi,boya-elementary-i,初级起步篇 I,韩语,Hanyi,,Korean,tiếng Hàn,translated_subagent_draft,,2;6,拼音和日常用语（二）;这是什么,6,248,词语总表,appendix_canonical_needs_pos_translation_review,词语总表提供词语、拼音和教材印刷页码；词类与越南文释义待从对应词语页核对。
boya-elementary-i:汉语:hanyu,boya-elementary-i,初级起步篇 I,汉语,Hanyu,,Chinese language,tiếng Hán; tiếng Trung,translated_subagent_draft,,1;4,拼音和日常用语（一）;你叫什么名字,4,248,词语总表,appendix_canonical_needs_pos_translation_review,词语总表提供词语、拼音和教材印刷页码；词类与越南文释义待从对应词语页核对。
boya-elementary-i:华山:huashan,boya-elementary-i,初级起步篇 I,华山,Hua Shan,,Hua Mountain,núi Hoa Sơn,translated_subagent_draft,,4;23,你叫什么名字;假期有什么打算,23,248,词语总表,appendix_canonical_needs_pos_translation_review,词语总表提供词语、拼音和教材印刷页码；词类与越南文释义待从对应词语页核对。
boya-elementary-i:英国:yingguo,boya-elementary-i,初级起步篇 I,英国,Yingguo,,the United Kingdom,Vương quốc Anh,translated_subagent_draft,,1;5,拼音和日常用语（一）;认识你很高兴,5,248,词语总表,appendix_canonical_needs_pos_translation_review,词语总表提供词语、拼音和教材印刷页码；词类与越南文释义待从对应词语页核对。
boya-elementary-i:英语:yingyu,boya-elementary-i,初级起步篇 I,英语,Yingyu,,English,tiếng Anh,translated_subagent_draft,,2;6,拼音和日常用语（二）;这是什么,6,248,词语总表,appendix_canonical_needs_pos_translation_review,词语总表提供词语、拼音和教材印刷页码；词类与越南文释义待从对应词语页核对。
boya-elementary-i:云南:yunnan,boya-elementary-i,初级起步篇 I,云南,Yunnan,,Yunnan Province,Vân Nam,translated_subagent_draft,,4;23,你叫什么名字;假期有什么打算,23,248,词语总表,appendix_canonical_needs_pos_translation_review,词语总表提供词语、拼音和教材印刷页码；词类与越南文释义待从对应词语页核对。
boya-elementary-i:李:ly,boya-elementary-i,初级起步篇 I,李,LY,,a Chinese surname,Lý (họ Trung Quốc),translated_subagent_draft,,1;4,拼音和日常用语（一）;你叫什么名字,4,248,词语总表,appendix_canonical_needs_pos_translation_review,词语总表提供词语、拼音和教材印刷页码；词类与越南文释义待从对应词语页核对。
boya-elementary-i:中国:zhongguo,boya-elementary-i,初级起步篇 I,中国,Zhongguo,,China,Trung Quốc,translated_subagent_draft,,1;4,拼音和日常用语（一）;你叫什么名字,4,248,词语总表,appendix_canonical_needs_pos_translation_review,词语总表提供词语、拼音和教材印刷页码；词类与越南文释义待从对应词语页核对。
boya-elementary-i:美国:meiguo,boya-elementary-i,初级起步篇 I,美国,Meiguo,,the United States,Hoa Kỳ; Mỹ,translated_subagent_draft,,1;5,拼音和日常用语（一）;认识你很高兴,5,248,词语总表,appendix_canonical_needs_pos_translation_review,词语总表提供词语、拼音和教材印刷页码；词类与越南文释义待从对应词语页核对。
boya-elementary-i:中文:zhongwen,boya-elementary-i,初级起步篇 I,中文,Zhongwen,名,Chinese,tiếng Trung; chữ Hán,translated_subagent_draft,,3;15,拼音和日常用语（三）;我可以试试吗,15,248,词语总表,appendix_canonical_needs_pos_translation_review,词语总表提供词语、拼音和教材印刷页码；词类与越南文释义待从对应词语页核对。
boya-elementary-i:才:cai,boya-elementary-i,初级起步篇 I,才,cái,,,mới; chỉ,translated_subagent_draft,,4,你叫什么名字,18,238,词语总表,appendix_canonical_needs_pos_translation_review,词语总表提供词语、拼音和教材印刷页码；词类与越南文释义待从对应词语页核对。；Vision OCR 漏识；由附录扫描影像回填并核对。
boya-elementary-i:从……到……:congdao,boya-elementary-i,初级起步篇 I,从……到……,cóng……dào……,,,từ… đến…,translated_subagent_draft,,3,拼音和日常用语（三）,12,239,词语总表,appendix_canonical_needs_pos_translation_review,词语总表提供词语、拼音和教材印刷页码；词类与越南文释义待从对应词语页核对。；Vision OCR 漏识；由附录扫描影像回填并核对。
boya-elementary-i:的:de,boya-elementary-i,初级起步篇 I,的,de,,,của; (trợ từ định ngữ),translated_subagent_draft,,1,拼音和日常用语（一）,5,239,词语总表,appendix_canonical_needs_pos_translation_review,词语总表提供词语、拼音和教材印刷页码；词类与越南文释义待从对应词语页核对。；Vision OCR 漏识；由附录扫描影像回填并核对。
boya-elementary-i:带:dai,boya-elementary-i,初级起步篇 I,带,dài,动,to bring,mang; đem theo,translated_subagent_draft,,5;25,认识你很高兴;准备好了吗,25,239,词语总表,appendix_canonical_needs_pos_translation_review,词语总表提供词语、拼音和教材印刷页码；词类与越南文释义待从对应词语页核对。；Vision OCR 漏识；由附录扫描影像回填并核对。
boya-elementary-i:对……来说:duilaishuo,boya-elementary-i,初级起步篇 I,对……来说,duì……lái shuō,,,đối với… mà nói,translated_subagent_draft,,4,你叫什么名字,21,240,词语总表,appendix_canonical_needs_pos_translation_review,词语总表提供词语、拼音和教材印刷页码；词类与越南文释义待从对应词语页核对。；Vision OCR 漏识；由附录扫描影像回填并核对。
boya-elementary-i:量:liang,boya-elementary-i,初级起步篇 I,量,liàng,动,to measure,đo; số lượng,translated_subagent_draft,,4;20,你叫什么名字;我想请一天假,20,242,词语总表,appendix_canonical_needs_pos_translation_review,词语总表提供词语、拼音和教材印刷页码；词类与越南文释义待从对应词语页核对。；Vision OCR 漏识；由附录扫描影像回填并核对。
boya-elementary-ii:比:bi,boya-elementary-ii,初级起步篇 II,比,bǐ,介,compare; than,so với; hơn,translated_subagent_draft,,1;2;8,订一张机票;您有房子出租，是吗;一场篮球比赛,2;8,188,词语总表,appendix_canonical_repaired_needs_pos_translation_review,词语总表提供词语、拼音和教材印刷页码；词类与越南文释义待从对应词语页核对。；拼音 OCR 修为 bǐ;补回附录缺失拼音 bǐ
boya-elementary-ii:比如说:birushuo,boya-elementary-ii,初级起步篇 II,比如说,birushuo,动,for example,ví dụ như; chẳng hạn,translated_subagent_draft,,1;4,订一张机票;我在中国生活,4,188,词语总表,appendix_canonical_needs_pos_translation_review,词语总表提供词语、拼音和教材印刷页码；词类与越南文释义待从对应词语页核对。
boya-elementary-ii:哎呀:diya,boya-elementary-ii,初级起步篇 II,哎呀,diya,叹,"oh, my God",ôi chao; trời ơi,translated_subagent_draft,,1;4,订一张机票;我在中国生活,4,188,词语总表,appendix_canonical_needs_pos_translation_review,词语总表提供词语、拼音和教材印刷页码；词类与越南文释义待从对应词语页核对。
boya-elementary-ii:比赛:bisai,boya-elementary-ii,初级起步篇 II,比赛,bisai,名,competition; match,cuộc thi; trận đấu,translated_subagent_draft,,1;8,订一张机票;一场篮球比赛,8,188,词语总表,appendix_canonical_needs_pos_translation_review,词语总表提供词语、拼音和教材印刷页码；词类与越南文释义待从对应词语页核对。
boya-elementary-ii:安静:dinjing,boya-elementary-ii,初级起步篇 II,安静,dinjing,形,quiet,yên tĩnh,translated_subagent_draft,,2;12,您有房子出租，是吗;搬进学校的宿舍,12,188,词语总表,appendix_canonical_needs_pos_translation_review,词语总表提供词语、拼音和教材印刷页码；词类与越南文释义待从对应词语页核对。
boya-elementary-ii:笔:by,boya-elementary-ii,初级起步篇 II,笔,bY,,,bút,translated_subagent_draft,,1,订一张机票,9,188,词语总表,appendix_canonical_needs_pos_translation_review,词语总表提供词语、拼音和教材印刷页码；词类与越南文释义待从对应词语页核对。
boya-elementary-ii:安排:anpai,boya-elementary-ii,初级起步篇 II,安排,anpai,动,to arrange,sắp xếp; bố trí,translated_subagent_draft,,2;16,您有房子出租，是吗;母校聚会,16,188,词语总表,appendix_canonical_needs_pos_translation_review,词语总表提供词语、拼音和教材印刷页码；词类与越南文释义待从对应词语页核对。
boya-elementary-ii:毕业:biye,boya-elementary-ii,初级起步篇 II,毕业,biye,,to graduate,tốt nghiệp,translated_subagent_draft,,2;16,您有房子出租，是吗;母校聚会,16,188,词语总表,appendix_canonical_needs_pos_translation_review,词语总表提供词语、拼音和教材印刷页码；词类与越南文释义待从对应词语页核对。
boya-elementary-ii:按:an,boya-elementary-ii,初级起步篇 II,按,an,介,according to,theo; căn cứ theo,translated_subagent_draft,,2;12,您有房子出租，是吗;搬进学校的宿舍,12,188,词语总表,appendix_canonical_needs_pos_translation_review,词语总表提供词语、拼音和教材印刷页码；词类与越南文释义待从对应词语页核对。
boya-elementary-ii:闭:bi,boya-elementary-ii,初级起步篇 II,闭,bi,动,to close,đóng; nhắm lại,translated_subagent_draft,,2;13,您有房子出租，是吗;我叫“不紧张”,13,188,词语总表,appendix_canonical_needs_pos_translation_review,词语总表提供词语、拼音和教材印刷页码；词类与越南文释义待从对应词语页核对。
boya-elementary-ii:变化:bianhud,boya-elementary-ii,初级起步篇 II,变化,bianhud,名,Change,sự thay đổi; thay đổi,translated_subagent_draft,,2;16,您有房子出租，是吗;母校聚会,16,188,词语总表,appendix_canonical_needs_pos_translation_review,词语总表提供词语、拼音和教材印刷页码；词类与越南文释义待从对应词语页核对。
boya-elementary-ii:把:ba,boya-elementary-ii,初级起步篇 II,把,ba,介,showing the influence on sb. or sth.， or how sth. is dealt with,đưa tân ngữ lên trước để nói cách xử lý hoặc tác động lên sự vật,translated_subagent_draft,,1;11,订一张机票;做一个家常菜,11,188,词语总表,appendix_canonical_needs_pos_translation_review,词语总表提供词语、拼音和教材印刷页码；词类与越南文释义待从对应词语页核对。
boya-elementary-ii:遍:bian,boya-elementary-ii,初级起步篇 II,遍,bian,量,measure word （for time in repetition）,lần; lượng từ cho số lượt làm trọn một việc,translated_subagent_draft,,2;13,您有房子出租，是吗;我叫“不紧张”,13,188,词语总表,appendix_canonical_needs_pos_translation_review,词语总表提供词语、拼音和教材印刷页码；词类与越南文释义待从对应词语页核对。
boya-elementary-ii:摆:bai,boya-elementary-ii,初级起步篇 II,摆,bai,动,to lay; to set,bày; đặt; xếp,translated_subagent_draft,,1;10,订一张机票;你的旅行怎么样,10,188,词语总表,appendix_canonical_needs_pos_translation_review,词语总表提供词语、拼音和教材印刷页码；词类与越南文释义待从对应词语页核对。
boya-elementary-ii:表现:bidoxian,boya-elementary-ii,初级起步篇 II,表现,bidoxian,动,to perform,thể hiện; biểu hiện,translated_subagent_draft,,2;18,您有房子出租，是吗;去打工,18,188,词语总表,appendix_canonical_needs_pos_translation_review,词语总表提供词语、拼音和教材印刷页码；词类与越南文释义待从对应词语页核对。
boya-elementary-ii:搬:ban,boya-elementary-ii,初级起步篇 II,搬,ban,动,to move,chuyển; di chuyển đồ đạc,translated_subagent_draft,,1;2,订一张机票;您有房子出租，是吗,2,188,词语总表,appendix_canonical_needs_pos_translation_review,词语总表提供词语、拼音和教材印刷页码；词类与越南文释义待从对应词语页核对。
boya-elementary-ii:宾馆:binguan,boya-elementary-ii,初级起步篇 II,宾馆,binguan,名,hotel,khách sạn,translated_subagent_draft,,1;5,订一张机票;在饭馆儿点菜,5,188,词语总表,appendix_canonical_needs_pos_translation_review,词语总表提供词语、拼音和教材印刷页码；词类与越南文释义待从对应词语页核对。
boya-elementary-ii:搬家:banjia,boya-elementary-ii,初级起步篇 II,搬家,ban jia,,to move house,chuyển nhà,translated_subagent_draft,,2;12,您有房子出租，是吗;搬进学校的宿舍,12,188,词语总表,appendix_canonical_needs_pos_translation_review,词语总表提供词语、拼音和教材印刷页码；词类与越南文释义待从对应词语页核对。
boya-elementary-ii:不但:budan,boya-elementary-ii,初级起步篇 II,不但,budan,连,not only,không những,translated_subagent_draft,,1;6,订一张机票;参加学校社团,6,188,词语总表,appendix_canonical_needs_pos_translation_review,词语总表提供词语、拼音和教材印刷页码；词类与越南文释义待从对应词语页核对。
boya-elementary-ii:办公室:bangongshi,boya-elementary-ii,初级起步篇 II,办公室,bangongshi,名,office,văn phòng,translated_subagent_draft,,1;6,订一张机票;参加学校社团,6,188,词语总表,appendix_canonical_needs_pos_translation_review,词语总表提供词语、拼音和教材印刷页码；词类与越南文释义待从对应词语页核对。
boya-elementary-ii:不见不散:bujianbusan,boya-elementary-ii,初级起步篇 II,不见不散,bu jian bu san,,to not leave without seeing each other,không gặp không về; hẹn gặp nhất định,translated_subagent_draft,,1;6,订一张机票;参加学校社团,6,188,词语总表,appendix_canonical_needs_pos_translation_review,词语总表提供词语、拼音和教材印刷页码；词类与越南文释义待从对应词语页核对。
boya-elementary-ii:帮助:bangzhu,boya-elementary-ii,初级起步篇 II,帮助,bangzhu,动,to help,giúp đỡ; sự giúp đỡ,translated_subagent_draft,,1;10,订一张机票;你的旅行怎么样,10,188,词语总表,appendix_canonical_needs_pos_translation_review,词语总表提供词语、拼音和教材印刷页码；词类与越南文释义待从对应词语页核对。
boya-elementary-ii:不管:bugudn,boya-elementary-ii,初级起步篇 II,不管,bugudn,连,no matter,bất kể; dù thế nào,translated_subagent_draft,,2;13,您有房子出租，是吗;我叫“不紧张”,13,188,词语总表,appendix_canonical_needs_pos_translation_review,词语总表提供词语、拼音和教材印刷页码；词类与越南文释义待从对应词语页核对。
boya-elementary-ii:包子:baozi,boya-elementary-ii,初级起步篇 II,包子,baozi,名,steamed stuffed bun,bánh bao nhân,translated_subagent_draft,,1;4,订一张机票;我在中国生活,4,188,词语总表,appendix_canonical_needs_pos_translation_review,词语总表提供词语、拼音和教材印刷页码；词类与越南文释义待从对应词语页核对。
boya-elementary-ii:饱:bdo,boya-elementary-ii,初级起步篇 II,饱,bdo,形,full,no,translated_subagent_draft,,1;5,订一张机票;在饭馆儿点菜,5,188,词语总表,appendix_canonical_needs_pos_translation_review,词语总表提供词语、拼音和教材印刷页码；词类与越南文释义待从对应词语页核对。
boya-elementary-ii:菜单:caidain,boya-elementary-ii,初级起步篇 II,菜单,caidain,名,menu,thực đơn,translated_subagent_draft,,1;5,订一张机票;在饭馆儿点菜,5,188,词语总表,appendix_canonical_needs_pos_translation_review,词语总表提供词语、拼音和教材印刷页码；词类与越南文释义待从对应词语页核对。
boya-elementary-ii:报:bao,boya-elementary-ii,初级起步篇 II,报,bao,名,newspaper,báo; tờ báo,translated_subagent_draft,,1;7,订一张机票;去动物园,7,188,词语总表,appendix_canonical_needs_pos_translation_review,词语总表提供词语、拼音和教材印刷页码；词类与越南文释义待从对应词语页核对。
boya-elementary-ii:参加:canjia,boya-elementary-ii,初级起步篇 II,参加,canjia,动,to join in; to take part in,tham gia,translated_subagent_draft,,1;6,订一张机票;参加学校社团,6,188,词语总表,appendix_canonical_needs_pos_translation_review,词语总表提供词语、拼音和教材印刷页码；词类与越南文释义待从对应词语页核对。
boya-elementary-ii:报名:bdoming,boya-elementary-ii,初级起步篇 II,报名,bdo ming,,to sign up; to enroll,đăng ký,translated_subagent_draft,,1;6,订一张机票;参加学校社团,6,188,词语总表,appendix_canonical_needs_pos_translation_review,词语总表提供词语、拼音和教材印刷页码；词类与越南文释义待从对应词语页核对。
boya-elementary-ii:灿烂:canlan,boya-elementary-ii,初级起步篇 II,灿烂,canlan,形,brilliant; glorious,rực rỡ; tươi sáng,translated_subagent_draft,,1;10,订一张机票;你的旅行怎么样,10,188,词语总表,appendix_canonical_needs_pos_translation_review,词语总表提供词语、拼音和教材印刷页码；词类与越南文释义待从对应词语页核对。
boya-elementary-ii:报名表:baomingbido,boya-elementary-ii,初级起步篇 II,报名表,baomingbido,名,application form,phiếu đăng ký,translated_subagent_draft,,1;6,订一张机票;参加学校社团,6,188,词语总表,appendix_canonical_needs_pos_translation_review,词语总表提供词语、拼音和教材印刷页码；词类与越南文释义待从对应词语页核对。
boya-elementary-ii:操场:caochang,boya-elementary-ii,初级起步篇 II,操场,caochang,名,playground,sân thể thao; sân trường,translated_subagent_draft,,1;3,订一张机票;我丢了一个钱包,3,188,词语总表,appendix_canonical_needs_pos_translation_review,词语总表提供词语、拼音和教材印刷页码；词类与越南文释义待从对应词语页核对。
boya-elementary-ii:背:bei,boya-elementary-ii,初级起步篇 II,背,bei,动,to carry on the back,cõng; đeo trên lưng,translated_subagent_draft,,1;3,订一张机票;我丢了一个钱包,3,188,词语总表,appendix_canonical_needs_pos_translation_review,词语总表提供词语、拼音和教材印刷页码；词类与越南文释义待从对应词语页核对。
boya-elementary-ii:层:ceng,boya-elementary-ii,初级起步篇 II,层,ceng,量,"measure word （for storey, floor）",tầng; lượng từ cho tầng nhà,translated_subagent_draft,,2;16,您有房子出租，是吗;母校聚会,16,188,词语总表,appendix_canonical_needs_pos_translation_review,词语总表提供词语、拼音和教材印刷页码；词类与越南文释义待从对应词语页核对。
boya-elementary-ii:北边:beibian,boya-elementary-ii,初级起步篇 II,北边,beibian,名,north,phía bắc,translated_subagent_draft,,2;12,您有房子出租，是吗;搬进学校的宿舍,12,188,词语总表,appendix_canonical_needs_pos_translation_review,词语总表提供词语、拼音和教材印刷页码；词类与越南文释义待从对应词语页核对。
boya-elementary-ii:曾经:cengjing,boya-elementary-ii,初级起步篇 II,曾经,cengjing,,once; ever,từng; đã từng,translated_subagent_draft,,2;18,您有房子出租，是吗;去打工,18,188,词语总表,appendix_canonical_needs_pos_translation_review,词语总表提供词语、拼音和教材印刷页码；词类与越南文释义待从对应词语页核对。
boya-elementary-ii:被:bei,boya-elementary-ii,初级起步篇 II,被,bei,介,used in a passive sentence indicidating that the subject is the receiver of the action,dùng trong câu bị động để chỉ chủ ngữ chịu tác động,translated_subagent_draft,,2;18,您有房子出租，是吗;去打工,18,188,词语总表,appendix_canonical_needs_pos_translation_review,词语总表提供词语、拼音和教材印刷页码；词类与越南文释义待从对应词语页核对。
boya-elementary-ii:茶:cha,boya-elementary-ii,初级起步篇 II,茶,cha,名,tea,trà,translated_subagent_draft,,1;6,订一张机票;参加学校社团,6,188,词语总表,appendix_canonical_needs_pos_translation_review,词语总表提供词语、拼音和教材印刷页码；词类与越南文释义待从对应词语页核对。
boya-elementary-ii:本子:benzi,boya-elementary-ii,初级起步篇 II,本子,benzi,名,exercise book,vở,translated_subagent_draft,,1;9,订一张机票;糟糕的一天,9,188,词语总表,appendix_canonical_needs_pos_translation_review,词语总表提供词语、拼音和教材印刷页码；词类与越南文释义待从对应词语页核对。
boya-elementary-ii:查:cha,boya-elementary-ii,初级起步篇 II,查,cha,动,to check; to look up,tra; kiểm tra,translated_subagent_draft,,1,订一张机票,1,188,词语总表,appendix_canonical_needs_pos_translation_review,词语总表提供词语、拼音和教材印刷页码；词类与越南文释义待从对应词语页核对。
boya-elementary-ii:鼻子:bizi,boya-elementary-ii,初级起步篇 II,鼻子,bizi,名,nose,mũi,translated_subagent_draft,,1;7,订一张机票;去动物园,7,188,词语总表,appendix_canonical_needs_pos_translation_review,词语总表提供词语、拼音和教材印刷页码；词类与越南文释义待从对应词语页核对。
boya-elementary-ii:尝:chang,boya-elementary-ii,初级起步篇 II,尝,chang,动,to taste,nếm; thử vị,translated_subagent_draft,,1;11,订一张机票;做一个家常菜,11,188,词语总表,appendix_canonical_needs_pos_translation_review,词语总表提供词语、拼音和教材印刷页码；词类与越南文释义待从对应词语页核对。
boya-elementary-ii:场:chdng,boya-elementary-ii,初级起步篇 II,场,chdng,量,measure word （ for the process of something）,lượng từ cho một buổi hay một sự kiện,translated_subagent_draft,,1;8,订一张机票;一场篮球比赛,8,189,词语总表,appendix_canonical_needs_pos_translation_review,词语总表提供词语、拼音和教材印刷页码；词类与越南文释义待从对应词语页核对。
boya-elementary-ii:戴:dai,boya-elementary-ii,初级起步篇 II,戴,dài,动,to wear,đeo; đội,translated_subagent_draft,,1;9,订一张机票;糟糕的一天,9,189,词语总表,appendix_canonical_repaired_needs_pos_translation_review,词语总表提供词语、拼音和教材印刷页码；词类与越南文释义待从对应词语页核对。；拼音 OCR 修为 dài
boya-elementary-ii:唱歌:changge,boya-elementary-ii,初级起步篇 II,唱歌,chang ge,,to sing a song,hát,translated_subagent_draft,,2;14,您有房子出租，是吗;实现理想,14,189,词语总表,appendix_canonical_needs_pos_translation_review,词语总表提供词语、拼音和教材印刷页码；词类与越南文释义待从对应词语页核对。
boya-elementary-ii:担心:danxin,boya-elementary-ii,初级起步篇 II,担心,danxin,动,to worry,lo lắng,translated_subagent_draft,,2;12,您有房子出租，是吗;搬进学校的宿舍,12,189,词语总表,appendix_canonical_needs_pos_translation_review,词语总表提供词语、拼音和教材印刷页码；词类与越南文释义待从对应词语页核对。
boya-elementary-ii:超市:chaoshi,boya-elementary-ii,初级起步篇 II,超市,chaoshi,名,supermarket,siêu thị,translated_subagent_draft,,1;11,订一张机票;做一个家常菜,11,189,词语总表,appendix_canonical_needs_pos_translation_review,词语总表提供词语、拼音和教材印刷页码；词类与越南文释义待从对应词语页核对。
boya-elementary-ii:蛋糕:dangao,boya-elementary-ii,初级起步篇 II,蛋糕,dangao,名,cake,bánh ngọt,translated_subagent_draft,,1;7,订一张机票;去动物园,7,189,词语总表,appendix_canonical_needs_pos_translation_review,词语总表提供词语、拼音和教材印刷页码；词类与越南文释义待从对应词语页核对。
boya-elementary-ii:炒:chdo,boya-elementary-ii,初级起步篇 II,炒,chdo,,to try,xào,translated_subagent_draft,,1;5,订一张机票;在饭馆儿点菜,5,189,词语总表,appendix_canonical_needs_pos_translation_review,词语总表提供词语、拼音和教材印刷页码；词类与越南文释义待从对应词语页核对。
boya-elementary-ii:当:dang,boya-elementary-ii,初级起步篇 II,当,dang,动,to work as,làm; đảm nhiệm vai trò,translated_subagent_draft,,2;14,您有房子出租，是吗;实现理想,14,189,词语总表,appendix_canonical_needs_pos_translation_review,词语总表提供词语、拼音和教材印刷页码；词类与越南文释义待从对应词语页核对。
boya-elementary-ii:衬衫:chenshan,boya-elementary-ii,初级起步篇 II,衬衫,chenshan,名,shirt,áo sơ mi,translated_subagent_draft,,1;3,订一张机票;我丢了一个钱包,3,189,词语总表,appendix_canonical_needs_pos_translation_review,词语总表提供词语、拼音和教材印刷页码；词类与越南文释义待从对应词语页核对。
boya-elementary-ii:倒:dao,boya-elementary-ii,初级起步篇 II,倒,dao,动,to fall,ngã; đổ,translated_subagent_draft,,1;9;11,订一张机票;糟糕的一天;做一个家常菜,9;11,189,词语总表,appendix_canonical_needs_pos_translation_review,词语总表提供词语、拼音和教材印刷页码；词类与越南文释义待从对应词语页核对。
boya-elementary-ii:成功:chenggong,boya-elementary-ii,初级起步篇 II,成功,chenggong,动,to succeed,thành công,translated_subagent_draft,,2;14,您有房子出租，是吗;实现理想,14,189,词语总表,appendix_canonical_needs_pos_translation_review,词语总表提供词语、拼音和教材印刷页码；词类与越南文释义待从对应词语页核对。
boya-elementary-ii:到处:ddochi,boya-elementary-ii,初级起步篇 II,到处,ddochi,,everywhere,khắp nơi,translated_subagent_draft,,1;4,订一张机票;我在中国生活,4,189,词语总表,appendix_canonical_needs_pos_translation_review,词语总表提供词语、拼音和教材印刷页码；词类与越南文释义待从对应词语页核对。
boya-elementary-ii:成绩:chengji,boya-elementary-ii,初级起步篇 II,成绩,chengji,名,gerade; score,điểm số; thành tích,translated_subagent_draft,,2;13,您有房子出租，是吗;我叫“不紧张”,13,189,词语总表,appendix_canonical_needs_pos_translation_review,词语总表提供词语、拼音和教材印刷页码；词类与越南文释义待从对应词语页核对。
boya-elementary-ii:到达:daoda,boya-elementary-ii,初级起步篇 II,到达,dàodá,,to arrive,đến nơi,translated_subagent_draft,,1,订一张机票,1,189,词语总表,appendix_canonical_repaired_needs_pos_translation_review,词语总表提供词语、拼音和教材印刷页码；词类与越南文释义待从对应词语页核对。；拼音 OCR 修为 dàodá
boya-elementary-ii:成为:chengwei,boya-elementary-ii,初级起步篇 II,成为,chengwei,动,to become,trở thành,translated_subagent_draft,,2;14,您有房子出租，是吗;实现理想,14,189,词语总表,appendix_canonical_needs_pos_translation_review,词语总表提供词语、拼音和教材印刷页码；词类与越南文释义待从对应词语页核对。
boya-elementary-ii:乘客:chengke,boya-elementary-ii,初级起步篇 II,乘客,chengke,名,passenger,hành khách,translated_subagent_draft,,1;9,订一张机票;糟糕的一天,9,189,词语总表,appendix_canonical_needs_pos_translation_review,词语总表提供词语、拼音和教材印刷页码；词类与越南文释义待从对应词语页核对。
boya-elementary-ii:道:dao,boya-elementary-ii,初级起步篇 II,道,dao,量,measure word （for examination questions）,lượng từ cho câu hỏi; món ăn,translated_subagent_draft,,2;13,您有房子出租，是吗;我叫“不紧张”,13,189,词语总表,appendix_canonical_needs_pos_translation_review,词语总表提供词语、拼音和教材印刷页码；词类与越南文释义待从对应词语页核对。
boya-elementary-ii:迟到:chiddo,boya-elementary-ii,初级起步篇 II,迟到,chiddo,动,to be late,đi muộn,translated_subagent_draft,,1;8,订一张机票;一场篮球比赛,8,189,词语总表,appendix_canonical_needs_pos_translation_review,词语总表提供词语、拼音和教材印刷页码；词类与越南文释义待从对应词语页核对。
boya-elementary-ii:得:de,boya-elementary-ii,初级起步篇 II,得,de,动,to get,phải; cần phải,translated_subagent_draft,,2;13,您有房子出租，是吗;我叫“不紧张”,13,189,词语总表,appendix_canonical_needs_pos_translation_review,词语总表提供词语、拼音和教材印刷页码；词类与越南文释义待从对应词语页核对。
boya-elementary-ii:抽空儿:choukongr,boya-elementary-ii,初级起步篇 II,抽空儿,chou kongr,,to manage to find time,tranh thủ thời gian rảnh,translated_subagent_draft,,2;18,您有房子出租，是吗;去打工,18,189,词语总表,appendix_canonical_needs_pos_translation_review,词语总表提供词语、拼音和教材印刷页码；词类与越南文释义待从对应词语页核对。
boya-elementary-ii:灯:deng,boya-elementary-ii,初级起步篇 II,灯,deng,名,lamp; lantern,đèn,translated_subagent_draft,,2;15,您有房子出租，是吗;我喜欢的咖啡厅,15,189,词语总表,appendix_canonical_needs_pos_translation_review,词语总表提供词语、拼音和教材印刷页码；词类与越南文释义待从对应词语页核对。
boya-elementary-ii:出租:chuzi,boya-elementary-ii,初级起步篇 II,出租,chuzi,动,to rent out,cho thuê,translated_subagent_draft,,1;2,订一张机票;您有房子出租，是吗,2,189,词语总表,appendix_canonical_needs_pos_translation_review,词语总表提供词语、拼音和教材印刷页码；词类与越南文释义待从对应词语页核对。
boya-elementary-ii:地道:didao,boya-elementary-ii,初级起步篇 II,地道,didao,形,authentic,chính gốc; chuẩn vị,translated_subagent_draft,,1;4,订一张机票;我在中国生活,4,189,词语总表,appendix_canonical_needs_pos_translation_review,词语总表提供词语、拼音和教材印刷页码；词类与越南文释义待从对应词语页核对。
boya-elementary-ii:出租车:chuziche,boya-elementary-ii,初级起步篇 II,出租车,chuziche,名,taxi,xe taxi,translated_subagent_draft,,1;8,订一张机票;一场篮球比赛,8,189,词语总表,appendix_canonical_needs_pos_translation_review,词语总表提供词语、拼音和教材印刷页码；词类与越南文释义待从对应词语页核对。
boya-elementary-ii:地点:dididn,boya-elementary-ii,初级起步篇 II,地点,dididn,名,place; site,địa điểm,translated_subagent_draft,,1;6,订一张机票;参加学校社团,6,189,词语总表,appendix_canonical_needs_pos_translation_review,词语总表提供词语、拼音和教材印刷页码；词类与越南文释义待从对应词语页核对。
boya-elementary-ii:除了:chule,boya-elementary-ii,初级起步篇 II,除了,chule,介,except; besides,ngoài; trừ,translated_subagent_draft,,2;16,您有房子出租，是吗;母校聚会,16,189,词语总表,appendix_canonical_needs_pos_translation_review,词语总表提供词语、拼音和教材印刷页码；词类与越南文释义待从对应词语页核对。
boya-elementary-ii:地铁:ditie,boya-elementary-ii,初级起步篇 II,地铁,ditie,名,subway,tàu điện ngầm,translated_subagent_draft,,1;2,订一张机票;您有房子出租，是吗,2,189,词语总表,appendix_canonical_needs_pos_translation_review,词语总表提供词语、拼音和教材印刷页码；词类与越南文释义待从对应词语页核对。
boya-elementary-ii:厨房:chutang,boya-elementary-ii,初级起步篇 II,厨房,chutang,名,kitchen,nhà bếp,translated_subagent_draft,,1;2,订一张机票;您有房子出租，是吗,2,189,词语总表,appendix_canonical_needs_pos_translation_review,词语总表提供词语、拼音和教材印刷页码；词类与越南文释义待从对应词语页核对。
boya-elementary-ii:地铁站:ditiezhan,boya-elementary-ii,初级起步篇 II,地铁站,ditiezhan,名,subway station,ga tàu điện ngầm,translated_subagent_draft,,1;2,订一张机票;您有房子出租，是吗,2,189,词语总表,appendix_canonical_needs_pos_translation_review,词语总表提供词语、拼音和教材印刷页码；词类与越南文释义待从对应词语页核对。
boya-elementary-ii:穿:chuan,boya-elementary-ii,初级起步篇 II,穿,chuan,动,to wear,mặc,translated_subagent_draft,,1;3,订一张机票;我丢了一个钱包,3,189,词语总表,appendix_canonical_needs_pos_translation_review,词语总表提供词语、拼音和教材印刷页码；词类与越南文释义待从对应词语页核对。
boya-elementary-ii:点:didn,boya-elementary-ii,初级起步篇 II,点,didn,动,to order,gọi món; chọn,translated_subagent_draft,,1;5,订一张机票;在饭馆儿点菜,5,189,词语总表,appendix_canonical_needs_pos_translation_review,词语总表提供词语、拼音和教材印刷页码；词类与越南文释义待从对应词语页核对。
boya-elementary-ii:次:ci,boya-elementary-ii,初级起步篇 II,次,ci,量,measure word （for train or airplane）,lần; chuyến,translated_subagent_draft,,1,订一张机票,1,189,词语总表,appendix_canonical_needs_pos_translation_review,词语总表提供词语、拼音和教材印刷页码；词类与越南文释义待从对应词语页核对。
boya-elementary-ii:点心:didnxin,boya-elementary-ii,初级起步篇 II,点心,didnxin,名,light refreshments; dessert,điểm tâm; món tráng miệng nhẹ,translated_subagent_draft,,2;18,您有房子出租，是吗;去打工,18,189,词语总表,appendix_canonical_needs_pos_translation_review,词语总表提供词语、拼音和教材印刷页码；词类与越南文释义待从对应词语页核对。
boya-elementary-ii:从来:conglai,boya-elementary-ii,初级起步篇 II,从来,conglai,,always; at all times,từ trước đến nay; xưa nay,translated_subagent_draft,,2;18,您有房子出租，是吗;去打工,18,189,词语总表,appendix_canonical_needs_pos_translation_review,词语总表提供词语、拼音和教材印刷页码；词类与越南文释义待从对应词语页核对。
boya-elementary-ii:点着:didnzhao,boya-elementary-ii,初级起步篇 II,点着,didn zhao,,to light a fire,châm; đốt lên,translated_subagent_draft,,1;11,订一张机票;做一个家常菜,11,189,词语总表,appendix_canonical_needs_pos_translation_review,词语总表提供词语、拼音和教材印刷页码；词类与越南文释义待从对应词语页核对。
boya-elementary-ii:聪明:congming,boya-elementary-ii,初级起步篇 II,聪明,congming,形,smart; clever,thông minh,translated_subagent_draft,,2;12,您有房子出租，是吗;搬进学校的宿舍,12,189,词语总表,appendix_canonical_needs_pos_translation_review,词语总表提供词语、拼音和教材印刷页码；词类与越南文释义待从对应词语页核对。
boya-elementary-ii:订:ding,boya-elementary-ii,初级起步篇 II,订,ding,,,đặt trước; đặt mua,translated_subagent_draft,,1,订一张机票,1,189,词语总表,appendix_canonical_needs_pos_translation_review,词语总表提供词语、拼音和教材印刷页码；词类与越南文释义待从对应词语页核对。
boya-elementary-ii:醋:cu,boya-elementary-ii,初级起步篇 II,醋,cù,名,TESOUIA,giấm,translated_subagent_draft,,1;11,订一张机票;做一个家常菜,11,189,词语总表,appendix_canonical_repaired_needs_pos_translation_review,词语总表提供词语、拼音和教材印刷页码；词类与越南文释义待从对应词语页核对。；补回附录缺失拼音 cù
boya-elementary-ii:丢:diu,boya-elementary-ii,初级起步篇 II,丢,diu,动,to lose,làm mất; đánh rơi,translated_subagent_draft,,1;3,订一张机票;我丢了一个钱包,3,189,词语总表,appendix_canonical_needs_pos_translation_review,词语总表提供词语、拼音和教材印刷页码；词类与越南文释义待从对应词语页核对。
boya-elementary-ii:东边:dongbian,boya-elementary-ii,初级起步篇 II,东边,dongbian,名,east,phía đông,translated_subagent_draft,,2;12,您有房子出租，是吗;搬进学校的宿舍,12,189,词语总表,appendix_canonical_needs_pos_translation_review,词语总表提供词语、拼音和教材印刷页码；词类与越南文释义待从对应词语页核对。
boya-elementary-ii:东门:dongmen,boya-elementary-ii,初级起步篇 II,东门,dongmen,名,east gate,cổng phía đông,translated_subagent_draft,,2;12,您有房子出租，是吗;搬进学校的宿舍,12,189,词语总表,appendix_canonical_needs_pos_translation_review,词语总表提供词语、拼音和教材印刷页码；词类与越南文释义待从对应词语页核对。
boya-elementary-ii:答案:daan,boya-elementary-ii,初级起步篇 II,答案,da'an,名,answer,đáp án,translated_subagent_draft,,2;13,您有房子出租，是吗;我叫“不紧张”,13,189,词语总表,appendix_canonical_needs_pos_translation_review,词语总表提供词语、拼音和教材印刷页码；词类与越南文释义待从对应词语页核对。
boya-elementary-ii:动物:dongwi,boya-elementary-ii,初级起步篇 II,动物,dongwi,,animal,động vật,translated_subagent_draft,,1;7,订一张机票;去动物园,7,189,词语总表,appendix_canonical_needs_pos_translation_review,词语总表提供词语、拼音和教材印刷页码；词类与越南文释义待从对应词语页核对。
boya-elementary-ii:打包:ddbao,boya-elementary-ii,初级起步篇 II,打包,dd bao,,to pack,gói mang về,translated_subagent_draft,,1;5,订一张机票;在饭馆儿点菜,5,189,词语总表,appendix_canonical_needs_pos_translation_review,词语总表提供词语、拼音和教材印刷页码；词类与越南文释义待从对应词语页核对。
boya-elementary-ii:动物园:dingwiyuan,boya-elementary-ii,初级起步篇 II,动物园,dingwiyuan,名,Z0O,vườn thú,translated_subagent_draft,,1;7,订一张机票;去动物园,7,189,词语总表,appendix_canonical_needs_pos_translation_review,词语总表提供词语、拼音和教材印刷页码；词类与越南文释义待从对应词语页核对。
boya-elementary-ii:打工:dagong,boya-elementary-ii,初级起步篇 II,打工,da gong,,to do extra work,làm thêm; đi làm thuê,translated_subagent_draft,,2;18,您有房子出租，是吗;去打工,18,189,词语总表,appendix_canonical_needs_pos_translation_review,词语总表提供词语、拼音和教材印刷页码；词类与越南文释义待从对应词语页核对。
boya-elementary-ii:动作:dongzuo,boya-elementary-ii,初级起步篇 II,动作,dongzuo,名,action; movement,động tác,translated_subagent_draft,,1;10,订一张机票;你的旅行怎么样,10,189,词语总表,appendix_canonical_needs_pos_translation_review,词语总表提供词语、拼音和教材印刷页码；词类与越南文释义待从对应词语页核对。
boya-elementary-ii:打算:ddsuan,boya-elementary-ii,初级起步篇 II,打算,ddsuan,动,to plan,dự định; kế hoạch,translated_subagent_draft,,1;7,订一张机票;去动物园,7,189,词语总表,appendix_canonical_needs_pos_translation_review,词语总表提供词语、拼音和教材印刷页码；词类与越南文释义待从对应词语页核对。
boya-elementary-ii:堵车:diche,boya-elementary-ii,初级起步篇 II,堵车,di che,,to be stuck in a trafic jam,tắc đường,translated_subagent_draft,,1;4,订一张机票;我在中国生活,4,189,词语总表,appendix_canonical_needs_pos_translation_review,词语总表提供词语、拼音和教材印刷页码；词类与越南文释义待从对应词语页核对。
boya-elementary-ii:打招呼:dazhaohu,boya-elementary-ii,初级起步篇 II,打招呼,da zhaohu,,to greet sb.； to say hello,chào hỏi,translated_subagent_draft,,1;9,订一张机票;糟糕的一天,9,189,词语总表,appendix_canonical_needs_pos_translation_review,词语总表提供词语、拼音和教材印刷页码；词类与越南文释义待从对应词语页核对。
boya-elementary-ii:锻炼:dudnlian,boya-elementary-ii,初级起步篇 II,锻炼,dudnlian,动,to do exercise; to work out,tập luyện; rèn luyện,translated_subagent_draft,,2;16,您有房子出租，是吗;母校聚会,16,189,词语总表,appendix_canonical_needs_pos_translation_review,词语总表提供词语、拼音和教材印刷页码；词类与越南文释义待从对应词语页核对。
boya-elementary-ii:打折:ddzhe,boya-elementary-ii,初级起步篇 II,打折,dd zhe,,to discount,giảm giá,translated_subagent_draft,,1,订一张机票,1,189,词语总表,appendix_canonical_needs_pos_translation_review,词语总表提供词语、拼音和教材印刷页码；词类与越南文释义待从对应词语页核对。
boya-elementary-ii:对:dui,boya-elementary-ii,初级起步篇 II,对,dui,介,towaras; for,đối với; với,translated_subagent_draft,,1;2,订一张机票;您有房子出租，是吗,2,189,词语总表,appendix_canonical_needs_pos_translation_review,词语总表提供词语、拼音和教材印刷页码；词类与越南文释义待从对应词语页核对。
boya-elementary-ii:大象:ddxiang,boya-elementary-ii,初级起步篇 II,大象,ddxiang,名,elephant,con voi,translated_subagent_draft,,1;7,订一张机票;去动物园,7,189,词语总表,appendix_canonical_needs_pos_translation_review,词语总表提供词语、拼音和教材印刷页码；词类与越南文释义待从对应词语页核对。
boya-elementary-ii:对手:duishou,boya-elementary-ii,初级起步篇 II,对手,duishou,名,rival; opponent,đối thủ,translated_subagent_draft,,1;8,订一张机票;一场篮球比赛,8,189,词语总表,appendix_canonical_needs_pos_translation_review,词语总表提供词语、拼音和教材印刷页码；词类与越南文释义待从对应词语页核对。
boya-elementary-ii:待:dai,boya-elementary-ii,初级起步篇 II,待,dai,动,to stay,ở lại,translated_subagent_draft,,2;17,您有房子出租，是吗;我的假期,17,189,词语总表,appendix_canonical_needs_pos_translation_review,词语总表提供词语、拼音和教材印刷页码；词类与越南文释义待从对应词语页核对。
boya-elementary-ii:多么:duome,boya-elementary-ii,初级起步篇 II,多么,duome,,how,biết bao; biết mấy,translated_subagent_draft,,2;17,您有房子出租，是吗;我的假期,17,189,词语总表,appendix_canonical_needs_pos_translation_review,词语总表提供词语、拼音和教材印刷页码；词类与越南文释义待从对应词语页核对。
boya-elementary-ii:感到:gandao,boya-elementary-ii,初级起步篇 II,感到,gandao,动,to feel,cảm thấy,translated_subagent_draft,,1;10,订一张机票;你的旅行怎么样,10,190,词语总表,appendix_canonical_needs_pos_translation_review,词语总表提供词语、拼音和教材印刷页码；词类与越南文释义待从对应词语页核对。
boya-elementary-ii:感觉:ganjue,boya-elementary-ii,初级起步篇 II,感觉,ganjue,动,to feel,cảm giác; cảm thấy,translated_subagent_draft,,2;16,您有房子出租，是吗;母校聚会,16,190,词语总表,appendix_canonical_needs_pos_translation_review,词语总表提供词语、拼音和教材印刷页码；词类与越南文释义待从对应词语页核对。
boya-elementary-ii:饿:e,boya-elementary-ii,初级起步篇 II,饿,e,形,hungry,đói,translated_subagent_draft,,1;5,订一张机票;在饭馆儿点菜,5,190,词语总表,appendix_canonical_needs_pos_translation_review,词语总表提供词语、拼音和教材印刷页码；词类与越南文释义待从对应词语页核对。
boya-elementary-ii:刚才:gangcai,boya-elementary-ii,初级起步篇 II,刚才,gangcai,名,Just now,vừa nãy,translated_subagent_draft,,1;3,订一张机票;我丢了一个钱包,3,190,词语总表,appendix_canonical_needs_pos_translation_review,词语总表提供词语、拼音和教材印刷页码；词类与越南文释义待从对应词语页核对。
boya-elementary-ii:而且:erqie,boya-elementary-ii,初级起步篇 II,而且,erqie,连,but also,hơn nữa; mà còn,translated_subagent_draft,,1;6,订一张机票;参加学校社团,6,190,词语总表,appendix_canonical_needs_pos_translation_review,词语总表提供词语、拼音和教材印刷页码；词类与越南文释义待从对应词语页核对。
boya-elementary-ii:歌手:geshou,boya-elementary-ii,初级起步篇 II,歌手,geshou,名,singer,ca sĩ,translated_subagent_draft,,2;14,您有房子出租，是吗;实现理想,14,190,词语总表,appendix_canonical_needs_pos_translation_review,词语总表提供词语、拼音和教材印刷页码；词类与越南文释义待从对应词语页核对。
boya-elementary-ii:耳朵:erduo,boya-elementary-ii,初级起步篇 II,耳朵,erduo,名,ear,tai,translated_subagent_draft,,1;7,订一张机票;去动物园,7,190,词语总表,appendix_canonical_needs_pos_translation_review,词语总表提供词语、拼音和教材印刷页码；词类与越南文释义待从对应词语页核对。
boya-elementary-ii:个子:gezi,boya-elementary-ii,初级起步篇 II,个子,gezi,名,height,chiều cao; vóc dáng,translated_subagent_draft,,1;3,订一张机票;我丢了一个钱包,3,190,词语总表,appendix_canonical_needs_pos_translation_review,词语总表提供词语、拼音和教材印刷页码；词类与越南文释义待从对应词语页核对。
boya-elementary-ii:更加:gengjia,boya-elementary-ii,初级起步篇 II,更加,gengjia,,to a higher degree,càng; hơn nữa,translated_subagent_draft,,2;14,您有房子出租，是吗;实现理想,14,190,词语总表,appendix_canonical_needs_pos_translation_review,词语总表提供词语、拼音和教材印刷页码；词类与越南文释义待从对应词语页核对。
boya-elementary-ii:发达:fada,boya-elementary-ii,初级起步篇 II,发达,fada,形,developed,phát triển,translated_subagent_draft,,1;4,订一张机票;我在中国生活,4,190,词语总表,appendix_canonical_needs_pos_translation_review,词语总表提供词语、拼音和教材印刷页码；词类与越南文释义待从对应词语页核对。
boya-elementary-ii:公交卡:gongjiaoka,boya-elementary-ii,初级起步篇 II,公交卡,gongjiaoka,名,bus card; transportation card,thẻ xe buýt; thẻ giao thông công cộng,translated_subagent_draft,,1;9,订一张机票;糟糕的一天,9,190,词语总表,appendix_canonical_needs_pos_translation_review,词语总表提供词语、拼音和教材印刷页码；词类与越南文释义待从对应词语页核对。
boya-elementary-ii:饭馆儿:fanguanr,boya-elementary-ii,初级起步篇 II,饭馆儿,fanguanr,名,restaurant,quán ăn; nhà hàng,translated_subagent_draft,,1;2,订一张机票;您有房子出租，是吗,2,190,词语总表,appendix_canonical_needs_pos_translation_review,词语总表提供词语、拼音和教材印刷页码；词类与越南文释义待从对应词语页核对。
boya-elementary-ii:公司:gongsi,boya-elementary-ii,初级起步篇 II,公司,gongsi,名,company,công ty,translated_subagent_draft,,2;12,您有房子出租，是吗;搬进学校的宿舍,12,190,词语总表,appendix_canonical_needs_pos_translation_review,词语总表提供词语、拼音和教材印刷页码；词类与越南文释义待从对应词语页核对。
boya-elementary-ii:饭卡:fankd,boya-elementary-ii,初级起步篇 II,饭卡,fankd,名,meal card,thẻ ăn; thẻ căng tin,translated_subagent_draft,,1;9,订一张机票;糟糕的一天,9,190,词语总表,appendix_canonical_needs_pos_translation_review,词语总表提供词语、拼音和教材印刷页码；词类与越南文释义待从对应词语页核对。
boya-elementary-ii:公寓:gongyu,boya-elementary-ii,初级起步篇 II,公寓,gongyu,名,apartment,căn hộ,translated_subagent_draft,,1;2,订一张机票;您有房子出租，是吗,2,190,词语总表,appendix_canonical_needs_pos_translation_review,词语总表提供词语、拼音和教材印刷页码；词类与越南文释义待从对应词语页核对。
boya-elementary-ii:方便:fangbian,boya-elementary-ii,初级起步篇 II,方便,fangbian,形,convenient,tiện; thuận tiện,translated_subagent_draft,,1;2,订一张机票;您有房子出租，是吗,2,190,词语总表,appendix_canonical_needs_pos_translation_review,词语总表提供词语、拼音和教材印刷页码；词类与越南文释义待从对应词语页核对。
boya-elementary-ii:公园:gongyuan,boya-elementary-ii,初级起步篇 II,公园,gongyuan,名,park,công viên,translated_subagent_draft,,2;12,您有房子出租，是吗;搬进学校的宿舍,12,190,词语总表,appendix_canonical_needs_pos_translation_review,词语总表提供词语、拼音和教材印刷页码；词类与越南文释义待从对应词语页核对。
boya-elementary-ii:房东:fangdong,boya-elementary-ii,初级起步篇 II,房东,fangdong,名,landlord,chủ nhà; chủ cho thuê,translated_subagent_draft,,1;2,订一张机票;您有房子出租，是吗,2,190,词语总表,appendix_canonical_needs_pos_translation_review,词语总表提供词语、拼音和教材印刷页码；词类与越南文释义待从对应词语页核对。
boya-elementary-ii:共同:gongtong,boya-elementary-ii,初级起步篇 II,共同,gongtong,形,common,chung; cùng nhau,translated_subagent_draft,,2;16,您有房子出租，是吗;母校聚会,16,190,词语总表,appendix_canonical_needs_pos_translation_review,词语总表提供词语、拼音和教材印刷页码；词类与越南文释义待从对应词语页核对。
boya-elementary-ii:房间:fangjian,boya-elementary-ii,初级起步篇 II,房间,fangjian,名,room,phòng,translated_subagent_draft,,2;12,您有房子出租，是吗;搬进学校的宿舍,12,190,词语总表,appendix_canonical_needs_pos_translation_review,词语总表提供词语、拼音和教材印刷页码；词类与越南文释义待从对应词语页核对。
boya-elementary-ii:沟通:goutong,boya-elementary-ii,初级起步篇 II,沟通,goutong,动,to communicate,giao tiếp; trao đổi,translated_subagent_draft,,2;14,您有房子出租，是吗;实现理想,14,190,词语总表,appendix_canonical_needs_pos_translation_review,词语总表提供词语、拼音和教材印刷页码；词类与越南文释义待从对应词语页核对。
boya-elementary-ii:房子:fangzi,boya-elementary-ii,初级起步篇 II,房子,fangzi,名,house,nhà; căn nhà,translated_subagent_draft,,1;2,订一张机票;您有房子出租，是吗,2,190,词语总表,appendix_canonical_needs_pos_translation_review,词语总表提供词语、拼音和教材印刷页码；词类与越南文释义待从对应词语页核对。
boya-elementary-ii:拐:gudi,boya-elementary-ii,初级起步篇 II,拐,gudi,动,to limp,rẽ; quẹo,translated_subagent_draft,,1;10,订一张机票;你的旅行怎么样,10,190,词语总表,appendix_canonical_needs_pos_translation_review,词语总表提供词语、拼音和教材印刷页码；词类与越南文释义待从对应词语页核对。
boya-elementary-ii:房租:fangzi,boya-elementary-ii,初级起步篇 II,房租,fangzi,名,rent,tiền thuê nhà,translated_subagent_draft,,1;2,订一张机票;您有房子出租，是吗,2,190,词语总表,appendix_canonical_needs_pos_translation_review,词语总表提供词语、拼音和教材印刷页码；词类与越南文释义待从对应词语页核对。
boya-elementary-ii:逛:guang,boya-elementary-ii,初级起步篇 II,逛,guang,动,to stroll; to roam,đi dạo; đi tham quan,translated_subagent_draft,,2;16,您有房子出租，是吗;母校聚会,16,190,词语总表,appendix_canonical_needs_pos_translation_review,词语总表提供词语、拼音和教材印刷页码；词类与越南文释义待从对应词语页核对。
boya-elementary-ii:放松:fangsong,boya-elementary-ii,初级起步篇 II,放松,fangsong,动,to relax,thư giãn,translated_subagent_draft,,2;15,您有房子出租，是吗;我喜欢的咖啡厅,15,190,词语总表,appendix_canonical_needs_pos_translation_review,词语总表提供词语、拼音和教材印刷页码；词类与越南文释义待从对应词语页核对。
boya-elementary-ii:锅:guo,boya-elementary-ii,初级起步篇 II,锅,guō,名,pan,chảo; nồi,translated_subagent_draft,,1;11,订一张机票;做一个家常菜,11,190,词语总表,appendix_canonical_repaired_needs_pos_translation_review,词语总表提供词语、拼音和教材印刷页码；词类与越南文释义待从对应词语页核对。；拼音 OCR 修为 guō
boya-elementary-ii:飞机:feiji,boya-elementary-ii,初级起步篇 II,飞机,feiji,名,airplane,máy bay,translated_subagent_draft,,1,订一张机票,1,190,词语总表,appendix_canonical_needs_pos_translation_review,词语总表提供词语、拼音和教材印刷页码；词类与越南文释义待从对应词语页核对。
boya-elementary-ii:过来:guolai,boya-elementary-ii,初级起步篇 II,过来,guo lai,,to come over,qua đây; đến đây,translated_subagent_draft,,2;15,您有房子出租，是吗;我喜欢的咖啡厅,15,190,词语总表,appendix_canonical_needs_pos_translation_review,词语总表提供词语、拼音和教材印刷页码；词类与越南文释义待从对应词语页核对。
boya-elementary-ii:非……不可:feibuke,boya-elementary-ii,初级起步篇 II,非……不可,fēi……bùkě,,must,nhất định phải; không thể không,translated_subagent_draft,,2;18,您有房子出租，是吗;去打工,18,190,词语总表,appendix_canonical_repaired_needs_pos_translation_review,词语总表提供词语、拼音和教材印刷页码；词类与越南文释义待从对应词语页核对。；拼音 OCR 修为 fēi……bùkě
boya-elementary-ii:……分之……:fenzhi,boya-elementary-ii,初级起步篇 II,……分之……,……fēnzhī……,,percent,phần; dùng để đọc phân số hoặc phần trăm,translated_subagent_draft,,2;13,您有房子出租，是吗;我叫“不紧张”,13,190,词语总表,appendix_canonical_repaired_needs_pos_translation_review,词语总表提供词语、拼音和教材印刷页码；词类与越南文释义待从对应词语页核对。；补回附录缺失拼音 ……fēnzhī……
boya-elementary-ii:嗨:hai,boya-elementary-ii,初级起步篇 II,嗨,hai,叹,hey,chào; này,translated_subagent_draft,,2;15,您有房子出租，是吗;我喜欢的咖啡厅,15,190,词语总表,appendix_canonical_needs_pos_translation_review,词语总表提供词语、拼音和教材印刷页码；词类与越南文释义待从对应词语页核对。
boya-elementary-ii:份:fen,boya-elementary-ii,初级起步篇 II,份,fen,量,share; portion （a measure wora）,phần; suất; lượng từ cho phần ăn hay tài liệu,translated_subagent_draft,,1;5,订一张机票;在饭馆儿点菜,5,190,词语总表,appendix_canonical_needs_pos_translation_review,词语总表提供词语、拼音和教材印刷页码；词类与越南文释义待从对应词语页核对。
boya-elementary-ii:海边:hdibian,boya-elementary-ii,初级起步篇 II,海边,hdibian,名,seaside; beach,bờ biển,translated_subagent_draft,,2;17,您有房子出租，是吗;我的假期,17,190,词语总表,appendix_canonical_needs_pos_translation_review,词语总表提供词语、拼音和教材印刷页码；词类与越南文释义待从对应词语页核对。
boya-elementary-ii:风景:fengjing,boya-elementary-ii,初级起步篇 II,风景,fengjing,名,scenery,phong cảnh,translated_subagent_draft,,2;12,您有房子出租，是吗;搬进学校的宿舍,12,190,词语总表,appendix_canonical_needs_pos_translation_review,词语总表提供词语、拼音和教材印刷页码；词类与越南文释义待从对应词语页核对。
boya-elementary-ii:害怕:haipa,boya-elementary-ii,初级起步篇 II,害怕,haipa,动,to fear,sợ,translated_subagent_draft,,2;13,您有房子出租，是吗;我叫“不紧张”,13,190,词语总表,appendix_canonical_needs_pos_translation_review,词语总表提供词语、拼音和教材印刷页码；词类与越南文释义待从对应词语页核对。
boya-elementary-ii:服务员:fuwuyuan,boya-elementary-ii,初级起步篇 II,服务员,fuwuyuan,名,"waiter, waitress",nhân viên phục vụ,translated_subagent_draft,,1;5,订一张机票;在饭馆儿点菜,5,190,词语总表,appendix_canonical_needs_pos_translation_review,词语总表提供词语、拼音和教材印刷页码；词类与越南文释义待从对应词语页核对。
boya-elementary-ii:汉堡包:hanbaobdo,boya-elementary-ii,初级起步篇 II,汉堡包,hanbaobdo,名,hamburger,bánh hamburger,translated_subagent_draft,,1;4,订一张机票;我在中国生活,4,190,词语总表,appendix_canonical_needs_pos_translation_review,词语总表提供词语、拼音和教材印刷页码；词类与越南文释义待从对应词语页核对。
boya-elementary-ii:辅导:fuddo,boya-elementary-ii,初级起步篇 II,辅导,fuddo,动,to coach; to tutor,hướng dẫn; kèm học,translated_subagent_draft,,2;14,您有房子出租，是吗;实现理想,14,190,词语总表,appendix_canonical_needs_pos_translation_review,词语总表提供词语、拼音和教材印刷页码；词类与越南文释义待从对应词语页核对。
boya-elementary-ii:航班:hangban,boya-elementary-ii,初级起步篇 II,航班,hangban,名,flight,chuyến bay,translated_subagent_draft,,1,订一张机票,1,190,词语总表,appendix_canonical_needs_pos_translation_review,词语总表提供词语、拼音和教材印刷页码；词类与越南文释义待从对应词语页核对。
boya-elementary-ii:父母:fumu,boya-elementary-ii,初级起步篇 II,父母,fumu,,parents,cha mẹ,translated_subagent_draft,,1,订一张机票,1,190,词语总表,appendix_canonical_needs_pos_translation_review,词语总表提供词语、拼音和教材印刷页码；词类与越南文释义待从对应词语页核对。
boya-elementary-ii:好不:hobi,boya-elementary-ii,初级起步篇 II,好不,h obi,,show high degree,rất; dùng để nhấn mạnh mức độ cao,translated_subagent_draft,,1;8,订一张机票;一场篮球比赛,8,190,词语总表,appendix_canonical_needs_pos_translation_review,词语总表提供词语、拼音和教材印刷页码；词类与越南文释义待从对应词语页核对。
boya-elementary-ii:负责:fuze,boya-elementary-ii,初级起步篇 II,负责,fuze,动,to be in charge of,phụ trách; chịu trách nhiệm,translated_subagent_draft,,2;16,您有房子出租，是吗;母校聚会,16,190,词语总表,appendix_canonical_needs_pos_translation_review,词语总表提供词语、拼音和教材印刷页码；词类与越南文释义待从对应词语页核对。
boya-elementary-ii:好玩儿:hdowanr,boya-elementary-ii,初级起步篇 II,好玩儿,hdowanr,形,interesting,vui; thú vị,translated_subagent_draft,,2;17,您有房子出租，是吗;我的假期,17,190,词语总表,appendix_canonical_needs_pos_translation_review,词语总表提供词语、拼音和教材印刷页码；词类与越南文释义待从对应词语页核对。
boya-elementary-ii:附近:fujin,boya-elementary-ii,初级起步篇 II,附近,fujin,名,nearby region,gần đây; vùng lân cận,translated_subagent_draft,,1;5,订一张机票;在饭馆儿点菜,5,190,词语总表,appendix_canonical_needs_pos_translation_review,词语总表提供词语、拼音和教材印刷页码；词类与越南文释义待从对应词语页核对。
boya-elementary-ii:好像:hdoxiang,boya-elementary-ii,初级起步篇 II,好像,hdoxiang,,as if,hình như; dường như,translated_subagent_draft,,1;3,订一张机票;我丢了一个钱包,3,190,词语总表,appendix_canonical_needs_pos_translation_review,词语总表提供词语、拼音和教材印刷页码；词类与越南文释义待从对应词语页核对。
boya-elementary-ii:复习:fuxi,boya-elementary-ii,初级起步篇 II,复习,fuxi,动,to review,ôn tập,translated_subagent_draft,,2;15,您有房子出租，是吗;我喜欢的咖啡厅,15,190,词语总表,appendix_canonical_needs_pos_translation_review,词语总表提供词语、拼音和教材印刷页码；词类与越南文释义待从对应词语页核对。
boya-elementary-ii:亏码:haoma,boya-elementary-ii,初级起步篇 II,亏码,haoma,名,number,số; số điện thoại,translated_subagent_draft,,2;12,您有房子出租，是吗;搬进学校的宿舍,12,190,词语总表,appendix_canonical_needs_pos_translation_review,词语总表提供词语、拼音和教材印刷页码；词类与越南文释义待从对应词语页核对。
boya-elementary-ii:盒:he,boya-elementary-ii,初级起步篇 II,盒,he,名,box,hộp,translated_subagent_draft,,1;5,订一张机票;在饭馆儿点菜,5,190,词语总表,appendix_canonical_needs_pos_translation_review,词语总表提供词语、拼音和教材印刷页码；词类与越南文释义待从对应词语页核对。
boya-elementary-ii:该:gai,boya-elementary-ii,初级起步篇 II,该,gai,,should,nên; đến lượt; đến lúc,translated_subagent_draft,,1;7,订一张机票;去动物园,7,190,词语总表,appendix_canonical_needs_pos_translation_review,词语总表提供词语、拼音和教材印刷页码；词类与越南文释义待从对应词语页核对。
boya-elementary-ii:河流:heliu,boya-elementary-ii,初级起步篇 II,河流,heliu,名,river,sông ngòi,translated_subagent_draft,,1;4,订一张机票;我在中国生活,4,190,词语总表,appendix_canonical_needs_pos_translation_review,词语总表提供词语、拼音和教材印刷页码；词类与越南文释义待从对应词语页核对。
boya-elementary-ii:干净:ganjing,boya-elementary-ii,初级起步篇 II,干净,ganjing,形,clean,sạch,translated_subagent_draft,,1;5,订一张机票;在饭馆儿点菜,5,190,词语总表,appendix_canonical_needs_pos_translation_review,词语总表提供词语、拼音和教材印刷页码；词类与越南文释义待从对应词语页核对。
boya-elementary-ii:黑板:heiban,boya-elementary-ii,初级起步篇 II,黑板,heiban,名,blackboard,bảng đen,translated_subagent_draft,,1;9,订一张机票;糟糕的一天,9,190,词语总表,appendix_canonical_needs_pos_translation_review,词语总表提供词语、拼音和教材印刷页码；词类与越南文释义待从对应词语页核对。
boya-elementary-ii:烘干机:hongganji,boya-elementary-ii,初级起步篇 II,烘干机,hongganji,,,máy sấy khô,translated_subagent_draft,,1,订一张机票,2,191,词语总表,appendix_canonical_needs_pos_translation_review,词语总表提供词语、拼音和教材印刷页码；词类与越南文释义待从对应词语页核对。
boya-elementary-ii:家具:jiaju,boya-elementary-ii,初级起步篇 II,家具,jiaju,名,furniture,đồ nội thất,translated_subagent_draft,,2;12,您有房子出租，是吗;搬进学校的宿舍,12,191,词语总表,appendix_canonical_needs_pos_translation_review,词语总表提供词语、拼音和教材印刷页码；词类与越南文释义待从对应词语页核对。
boya-elementary-ii:呼吸:huxi,boya-elementary-ii,初级起步篇 II,呼吸,huxi,动,to breathe,hô hấp; thở,translated_subagent_draft,,2;13,您有房子出租，是吗;我叫“不紧张”,13,191,词语总表,appendix_canonical_needs_pos_translation_review,词语总表提供词语、拼音和教材印刷页码；词类与越南文释义待从对应词语页核对。
boya-elementary-ii:家乡:jiaxiaing,boya-elementary-ii,初级起步篇 II,家乡,jiaxiaing,名,hometown,quê hương,translated_subagent_draft,,2;17,您有房子出租，是吗;我的假期,17,191,词语总表,appendix_canonical_needs_pos_translation_review,词语总表提供词语、拼音和教材印刷页码；词类与越南文释义待从对应词语页核对。
boya-elementary-ii:湖:hu,boya-elementary-ii,初级起步篇 II,湖,hu,名,lake,hồ,translated_subagent_draft,,2;12,您有房子出租，是吗;搬进学校的宿舍,12,191,词语总表,appendix_canonical_needs_pos_translation_review,词语总表提供词语、拼音和教材印刷页码；词类与越南文释义待从对应词语页核对。
boya-elementary-ii:价钱:jidqian,boya-elementary-ii,初级起步篇 II,价钱,jidqian,名,price,giá tiền,translated_subagent_draft,,1;5,订一张机票;在饭馆儿点菜,5,191,词语总表,appendix_canonical_needs_pos_translation_review,词语总表提供词语、拼音和教材印刷页码；词类与越南文释义待从对应词语页核对。
boya-elementary-ii:护照:huzhdo,boya-elementary-ii,初级起步篇 II,护照,huzhdo,名,passport,hộ chiếu,translated_subagent_draft,,1,订一张机票,1,191,词语总表,appendix_canonical_needs_pos_translation_review,词语总表提供词语、拼音和教材印刷页码；词类与越南文释义待从对应词语页核对。
boya-elementary-ii:假期:jidqi,boya-elementary-ii,初级起步篇 II,假期,jidqi,名,vacation,kỳ nghỉ,translated_subagent_draft,,2;17,您有房子出租，是吗;我的假期,17,191,词语总表,appendix_canonical_needs_pos_translation_review,词语总表提供词语、拼音和教材印刷页码；词类与越南文释义待从对应词语页核对。
boya-elementary-ii:花儿:huar,boya-elementary-ii,初级起步篇 II,花儿,huar,名,flower,hoa,translated_subagent_draft,,2;15,您有房子出租，是吗;我喜欢的咖啡厅,15,191,词语总表,appendix_canonical_needs_pos_translation_review,词语总表提供词语、拼音和教材印刷页码；词类与越南文释义待从对应词语页核对。
boya-elementary-ii:坚持:jianchi,boya-elementary-ii,初级起步篇 II,坚持,jianchi,动,to insist on,kiên trì; kiên quyết giữ vững,translated_subagent_draft,,2;14,您有房子出租，是吗;实现理想,14,191,词语总表,appendix_canonical_needs_pos_translation_review,词语总表提供词语、拼音和教材印刷页码；词类与越南文释义待从对应词语页核对。
boya-elementary-ii:话剧:huaju,boya-elementary-ii,初级起步篇 II,话剧,huaju,名,play,kịch nói,translated_subagent_draft,,1;6,订一张机票;参加学校社团,6,191,词语总表,appendix_canonical_needs_pos_translation_review,词语总表提供词语、拼音和教材印刷页码；词类与越南文释义待从对应词语页核对。
boya-elementary-ii:简历:jiani,boya-elementary-ii,初级起步篇 II,简历,jiani,名,resume,sơ yếu lý lịch; CV,translated_subagent_draft,,2;18,您有房子出租，是吗;去打工,18,191,词语总表,appendix_canonical_needs_pos_translation_review,词语总表提供词语、拼音和教材印刷页码；词类与越南文释义待从对应词语页核对。
boya-elementary-ii:话题:huati,boya-elementary-ii,初级起步篇 II,话题,huati,名,topic,chủ đề,translated_subagent_draft,,2;16,您有房子出租，是吗;母校聚会,16,191,词语总表,appendix_canonical_needs_pos_translation_review,词语总表提供词语、拼音和教材印刷页码；词类与越南文释义待从对应词语页核对。
boya-elementary-ii:健身房:jidnshentang,boya-elementary-ii,初级起步篇 II,健身房,jidnshentang,名,geym,phòng tập thể dục,translated_subagent_draft,,2;16,您有房子出租，是吗;母校聚会,16,191,词语总表,appendix_canonical_needs_pos_translation_review,词语总表提供词语、拼音和教材印刷页码；词类与越南文释义待从对应词语页核对。
boya-elementary-ii:坏:huai,boya-elementary-ii,初级起步篇 II,坏,huai,形,bad; awful,xấu; hỏng,translated_subagent_draft,,1;9,订一张机票;糟糕的一天,9,191,词语总表,appendix_canonical_needs_pos_translation_review,词语总表提供词语、拼音和教材印刷页码；词类与越南文释义待从对应词语页核对。
boya-elementary-ii:交:jigo,boya-elementary-ii,初级起步篇 II,交,JiGO,动,to make （friends with）,kết; giao; nộp,translated_subagent_draft,,1;10,订一张机票;你的旅行怎么样,10,191,词语总表,appendix_canonical_needs_pos_translation_review,词语总表提供词语、拼音和教材印刷页码；词类与越南文释义待从对应词语页核对。
boya-elementary-ii:欢迎:huanying,boya-elementary-ii,初级起步篇 II,欢迎,huanying,动,to welcome,chào mừng; hoan nghênh,translated_subagent_draft,,1;6,订一张机票;参加学校社团,6,191,词语总表,appendix_canonical_needs_pos_translation_review,词语总表提供词语、拼音和教材印刷页码；词类与越南文释义待从对应词语页核对。
boya-elementary-ii:教:jiao,boya-elementary-ii,初级起步篇 II,教,jiao,动,to teach,dạy,translated_subagent_draft,,1;11,订一张机票;做一个家常菜,11,191,词语总表,appendix_canonical_needs_pos_translation_review,词语总表提供词语、拼音和教材印刷页码；词类与越南文释义待从对应词语页核对。
boya-elementary-ii:环境:huanjing,boya-elementary-ii,初级起步篇 II,环境,huanjing,名,environment,môi trường,translated_subagent_draft,,1;5,订一张机票;在饭馆儿点菜,5,191,词语总表,appendix_canonical_needs_pos_translation_review,词语总表提供词语、拼音和教材印刷页码；词类与越南文释义待从对应词语页核对。
boya-elementary-ii:教室:jidoshi,boya-elementary-ii,初级起步篇 II,教室,jidoshi,名,classroom,lớp học; phòng học,translated_subagent_draft,,2;15,您有房子出租，是吗;我喜欢的咖啡厅,15,191,词语总表,appendix_canonical_needs_pos_translation_review,词语总表提供词语、拼音和教材印刷页码；词类与越南文释义待从对应词语页核对。
boya-elementary-ii:换:huan,boya-elementary-ii,初级起步篇 II,换,huan,动,to change,đổi; thay,translated_subagent_draft,,2;17,您有房子出租，是吗;我的假期,17,191,词语总表,appendix_canonical_needs_pos_translation_review,词语总表提供词语、拼音和教材印刷页码；词类与越南文释义待从对应词语页核对。
boya-elementary-ii:接:jie,boya-elementary-ii,初级起步篇 II,接,jie,动,to meet; to welcome,đón; nhận,translated_subagent_draft,,1,订一张机票,1,191,词语总表,appendix_canonical_needs_pos_translation_review,词语总表提供词语、拼音和教材印刷页码；词类与越南文释义待从对应词语页核对。
boya-elementary-ii:黄金周:huangjinzhou,boya-elementary-ii,初级起步篇 II,黄金周,huangjinzhou,名,the Golden week,Tuần lễ Vàng,translated_subagent_draft,,2;17,您有房子出租，是吗;我的假期,17,191,词语总表,appendix_canonical_needs_pos_translation_review,词语总表提供词语、拼音和教材印刷页码；词类与越南文释义待从对应词语页核对。
boya-elementary-ii:结果:jieguo,boya-elementary-ii,初级起步篇 II,结果,jieguo,连,as a result,kết quả; vì vậy,translated_subagent_draft,,1;8,订一张机票;一场篮球比赛,8,191,词语总表,appendix_canonical_needs_pos_translation_review,词语总表提供词语、拼音和教材印刷页码；词类与越南文释义待从对应词语页核对。
boya-elementary-ii:回:hui,boya-elementary-ii,初级起步篇 II,回,hui,量,measure word （used in times of action）,lần; lượng từ cho số lần làm một việc,translated_subagent_draft,,1;10,订一张机票;你的旅行怎么样,10,191,词语总表,appendix_canonical_needs_pos_translation_review,词语总表提供词语、拼音和教材印刷页码；词类与越南文释义待从对应词语页核对。
boya-elementary-ii:紧张:jinzhang,boya-elementary-ii,初级起步篇 II,紧张,jinzhang,形,nervous,căng thẳng; hồi hộp,translated_subagent_draft,,2;13,您有房子出租，是吗;我叫“不紧张”,13,191,词语总表,appendix_canonical_needs_pos_translation_review,词语总表提供词语、拼音和教材印刷页码；词类与越南文释义待从对应词语页核对。
boya-elementary-ii:回忆:huiyi,boya-elementary-ii,初级起步篇 II,回忆,huiyi,动,to recall,hồi tưởng; ký ức,translated_subagent_draft,,2;16,您有房子出租，是吗;母校聚会,16,191,词语总表,appendix_canonical_needs_pos_translation_review,词语总表提供词语、拼音和教材印刷页码；词类与越南文释义待从对应词语页核对。
boya-elementary-ii:近:jin,boya-elementary-ii,初级起步篇 II,近,jin,形,near; Close,gần,translated_subagent_draft,,1;2,订一张机票;您有房子出租，是吗,2,191,词语总表,appendix_canonical_needs_pos_translation_review,词语总表提供词语、拼音和教材印刷页码；词类与越南文释义待从对应词语页核对。
boya-elementary-ii:火:huo,boya-elementary-ii,初级起步篇 II,火,huo,名,fire,lửa,translated_subagent_draft,,1;11,订一张机票;做一个家常菜,11,191,词语总表,appendix_canonical_needs_pos_translation_review,词语总表提供词语、拼音和教材印刷页码；词类与越南文释义待从对应词语页核对。
boya-elementary-ii:近视:jinshi,boya-elementary-ii,初级起步篇 II,近视,jinshi,形,"myopia, short-sighted used after a verb to indicate the result of",cận thị,translated_subagent_draft,,1;9,订一张机票;糟糕的一天,9,191,词语总表,appendix_canonical_needs_pos_translation_review,词语总表提供词语、拼音和教材印刷页码；词类与越南文释义待从对应词语页核对。
boya-elementary-ii:或者:huozhe,boya-elementary-ii,初级起步篇 II,或者,huozhe,连,OT,hoặc,translated_subagent_draft,,2;15,您有房子出租，是吗;我喜欢的咖啡厅,15,191,词语总表,appendix_canonical_needs_pos_translation_review,词语总表提供词语、拼音和教材印刷页码；词类与越南文释义待从对应词语页核对。
boya-elementary-ii:经常:jingchang,boya-elementary-ii,初级起步篇 II,经常,jingchang,,often,thường xuyên,translated_subagent_draft,,2;15,您有房子出租，是吗;我喜欢的咖啡厅,15,191,词语总表,appendix_canonical_needs_pos_translation_review,词语总表提供词语、拼音和教材印刷页码；词类与越南文释义待从对应词语页核对。
boya-elementary-ii:经济舱:jingjicang,boya-elementary-ii,初级起步篇 II,经济舱,jingjicang,名,economy class toudengcang first class,hạng phổ thông,translated_subagent_draft,,1,订一张机票,1,191,词语总表,appendix_canonical_needs_pos_translation_review,词语总表提供词语、拼音和教材印刷页码；词类与越南文释义待从对应词语页核对。
boya-elementary-ii:经验:jingyan,boya-elementary-ii,初级起步篇 II,经验,jingyan,名,experience,kinh nghiệm,translated_subagent_draft,,2;18,您有房子出租，是吗;去打工,18,191,词语总表,appendix_canonical_needs_pos_translation_review,词语总表提供词语、拼音和教材印刷页码；词类与越南文释义待从对应词语页核对。
boya-elementary-ii:机场:jichaing,boya-elementary-ii,初级起步篇 II,机场,jichaing,名,airport,sân bay,translated_subagent_draft,,1,订一张机票,1,191,词语总表,appendix_canonical_needs_pos_translation_review,词语总表提供词语、拼音和教材印刷页码；词类与越南文释义待从对应词语页核对。
boya-elementary-ii:机会:jihui,boya-elementary-ii,初级起步篇 II,机会,Jihui,名,chance; opportunity,cơ hội,translated_subagent_draft,,2;14,您有房子出租，是吗;实现理想,14,191,词语总表,appendix_canonical_needs_pos_translation_review,词语总表提供词语、拼音和教材印刷页码；词类与越南文释义待从对应词语页核对。
boya-elementary-ii:惊喜:jingxi,boya-elementary-ii,初级起步篇 II,惊喜,jīngxǐ,名,surprise,bất ngờ; niềm vui bất ngờ,translated_subagent_draft,,1;8,订一张机票;一场篮球比赛,8,191,词语总表,appendix_canonical_repaired_needs_pos_translation_review,词语总表提供词语、拼音和教材印刷页码；词类与越南文释义待从对应词语页核对。；拼音 OCR 修为 jīngxǐ
boya-elementary-ii:机票:jipido,boya-elementary-ii,初级起步篇 II,机票,jipido,名,airline ticket,vé máy bay,translated_subagent_draft,,1,订一张机票,1,191,词语总表,appendix_canonical_needs_pos_translation_review,词语总表提供词语、拼音和教材印刷页码；词类与越南文释义待从对应词语页核对。
boya-elementary-ii:精彩:jingcai,boya-elementary-ii,初级起步篇 II,精彩,Jingcai,形,wonderful,tuyệt vời; đặc sắc,translated_subagent_draft,,1;8,订一张机票;一场篮球比赛,8,191,词语总表,appendix_canonical_needs_pos_translation_review,词语总表提供词语、拼音和教材印刷页码；词类与越南文释义待从对应词语页核对。
boya-elementary-ii:急忙:jimang,boya-elementary-ii,初级起步篇 II,急忙,jimang,,in a hurry,vội vàng,translated_subagent_draft,,1;8,订一张机票;一场篮球比赛,8,191,词语总表,appendix_canonical_needs_pos_translation_review,词语总表提供词语、拼音和教材印刷页码；词类与越南文释义待从对应词语页核对。
boya-elementary-ii:聚会:juhui,boya-elementary-ii,初级起步篇 II,聚会,juhui,动,to get together,tụ họp; buổi gặp mặt,translated_subagent_draft,,2;16,您有房子出租，是吗;母校聚会,16,191,词语总表,appendix_canonical_needs_pos_translation_review,词语总表提供词语、拼音和教材印刷页码；词类与越南文释义待从对应词语页核对。
boya-elementary-ii:挤:ji,boya-elementary-ii,初级起步篇 II,挤,jǐ,动,to cram; to squceze,chen chúc; chật chội,translated_subagent_draft,,1;7,订一张机票;去动物园,7,191,词语总表,appendix_canonical_repaired_needs_pos_translation_review,词语总表提供词语、拼音和教材印刷页码；词类与越南文释义待从对应词语页核对。；补回附录缺失拼音 jǐ
boya-elementary-ii:决赛:juesai,boya-elementary-ii,初级起步篇 II,决赛,juesai,名,finals,trận chung kết,translated_subagent_draft,,1;8,订一张机票;一场篮球比赛,8,191,词语总表,appendix_canonical_needs_pos_translation_review,词语总表提供词语、拼音和教材印刷页码；词类与越南文释义待从对应词语页核对。
boya-elementary-ii:计划:jihua,boya-elementary-ii,初级起步篇 II,计划,jihua,名,plan,kế hoạch,translated_subagent_draft,,2;16,您有房子出租，是吗;母校聚会,16,191,词语总表,appendix_canonical_needs_pos_translation_review,词语总表提供词语、拼音和教材印刷页码；词类与越南文释义待从对应词语页核对。
boya-elementary-ii:记得:jide,boya-elementary-ii,初级起步篇 II,记得,jìde,动,to remember,nhớ,translated_subagent_draft,,2;13,您有房子出租，是吗;我叫“不紧张”,13,191,词语总表,appendix_canonical_repaired_needs_pos_translation_review,词语总表提供词语、拼音和教材印刷页码；词类与越南文释义待从对应词语页核对。；拼音 OCR 修为 jìde
boya-elementary-ii:咖啡厅:kafeiting,boya-elementary-ii,初级起步篇 II,咖啡厅,kafeiting,名,cafe; coffee house,quán cà phê,translated_subagent_draft,,2;15,您有房子出租，是吗;我喜欢的咖啡厅,15,191,词语总表,appendix_canonical_needs_pos_translation_review,词语总表提供词语、拼音和教材印刷页码；词类与越南文释义待从对应词语页核对。
boya-elementary-ii:记住:jizhu,boya-elementary-ii,初级起步篇 II,记住,jìzhù,,to bear in mind,ghi nhớ,translated_subagent_draft,,2;13,您有房子出租，是吗;我叫“不紧张”,13,191,词语总表,appendix_canonical_repaired_needs_pos_translation_review,词语总表提供词语、拼音和教材印刷页码；词类与越南文释义待从对应词语页核对。；拼音 OCR 修为 jìzhù
boya-elementary-ii:开玩笑:kaiwanxido,boya-elementary-ii,初级起步篇 II,开玩笑,kai wanxido,,to make fun of,đùa; nói đùa,translated_subagent_draft,,2;17,您有房子出租，是吗;我的假期,17,191,词语总表,appendix_canonical_needs_pos_translation_review,词语总表提供词语、拼音和教材印刷页码；词类与越南文释义待从对应词语页核对。
boya-elementary-ii:加:jia,boya-elementary-ii,初级起步篇 II,加,jia,动,to add,thêm; cộng,translated_subagent_draft,,1;11,订一张机票;做一个家常菜,11,191,词语总表,appendix_canonical_needs_pos_translation_review,词语总表提供词语、拼音和教材印刷页码；词类与越南文释义待从对应词语页核对。
boya-elementary-ii:开心:kaixin,boya-elementary-ii,初级起步篇 II,开心,kaixin,形,happy; glad,vui; vui vẻ,translated_subagent_draft,,1;10,订一张机票;你的旅行怎么样,10,191,词语总表,appendix_canonical_needs_pos_translation_review,词语总表提供词语、拼音和教材印刷页码；词类与越南文释义待从对应词语页核对。
boya-elementary-ii:加油:jiayou,boya-elementary-ii,初级起步篇 II,加油,jia you,,effort,cố lên; cổ vũ,translated_subagent_draft,,1;8,订一张机票;一场篮球比赛,8,191,词语总表,appendix_canonical_needs_pos_translation_review,词语总表提供词语、拼音和教材印刷页码；词类与越南文释义待从对应词语页核对。
boya-elementary-ii:考试:kdoshi,boya-elementary-ii,初级起步篇 II,考试,kdo shi,,to examine,thi; kiểm tra,translated_subagent_draft,,2;13,您有房子出租，是吗;我叫“不紧张”,13,191,词语总表,appendix_canonical_needs_pos_translation_review,词语总表提供词语、拼音和教材印刷页码；词类与越南文释义待从对应词语页核对。
boya-elementary-ii:家:jia,boya-elementary-ii,初级起步篇 II,家,jia,量,"measure word （for enterprises， such as restaurant, bookstore, etc.）",lượng từ cho cơ sở kinh doanh như nhà hàng hoặc cửa hàng,translated_subagent_draft,,1;5,订一张机票;在饭馆儿点菜,5,191,词语总表,appendix_canonical_needs_pos_translation_review,词语总表提供词语、拼音和教材印刷页码；词类与越南文释义待从对应词语页核对。
boya-elementary-ii:靠近:kdojin,boya-elementary-ii,初级起步篇 II,靠近,kdojin,动,to be close to,gần; đến gần,translated_subagent_draft,,2;17,您有房子出租，是吗;我的假期,17,191,词语总表,appendix_canonical_needs_pos_translation_review,词语总表提供词语、拼音和教材印刷页码；词类与越南文释义待从对应词语页核对。
boya-elementary-ii:家常菜:jiachangcai,boya-elementary-ii,初级起步篇 II,家常菜,jiachangcai,名,home-made dish（food）,món ăn gia đình,translated_subagent_draft,,1;11,订一张机票;做一个家常菜,11,191,词语总表,appendix_canonical_needs_pos_translation_review,词语总表提供词语、拼音和教材印刷页码；词类与越南文释义待从对应词语页核对。
boya-elementary-ii:可爱:keai,boya-elementary-ii,初级起步篇 II,可爱,ke'ai,形,lovely; cute,đáng yêu,translated_subagent_draft,,1;7,订一张机票;去动物园,7,191,词语总表,appendix_canonical_needs_pos_translation_review,词语总表提供词语、拼音和教材印刷页码；词类与越南文释义待从对应词语页核对。
boya-elementary-ii:可口:kekou,boya-elementary-ii,初级起步篇 II,可口,kekou,形,tasty,ngon miệng,translated_subagent_draft,,1;11,订一张机票;做一个家常菜,11,192,词语总表,appendix_canonical_needs_pos_translation_review,词语总表提供词语、拼音和教材印刷页码；词类与越南文释义待从对应词语页核对。
boya-elementary-ii:麻婆豆腐:mapodoufu,boya-elementary-ii,初级起步篇 II,麻婆豆腐,mapo doufu,,stir-fried beancurd in hot sauce,đậu phụ Ma Bà,translated_subagent_draft,,1;4,订一张机票;我在中国生活,4,192,词语总表,appendix_canonical_needs_pos_translation_review,词语总表提供词语、拼音和教材印刷页码；词类与越南文释义待从对应词语页核对。
boya-elementary-ii:可惜:kexi,boya-elementary-ii,初级起步篇 II,可惜,kexi,形,It is a pity that...,đáng tiếc,translated_subagent_draft,,1;8,订一张机票;一场篮球比赛,8,192,词语总表,appendix_canonical_needs_pos_translation_review,词语总表提供词语、拼音和教材印刷页码；词类与越南文释义待从对应词语页核对。
boya-elementary-ii:买单:maidan,boya-elementary-ii,初级起步篇 II,买单,mai dan,,to pay the bill,thanh toán hóa đơn,translated_subagent_draft,,1;5,订一张机票;在饭馆儿点菜,5,192,词语总表,appendix_canonical_needs_pos_translation_review,词语总表提供词语、拼音和教材印刷页码；词类与越南文释义待从对应词语页核对。
boya-elementary-ii:肯定:kending,boya-elementary-ii,初级起步篇 II,肯定,kending,,certainly,chắc chắn; khẳng định,translated_subagent_draft,,2;17,您有房子出租，是吗;我的假期,17,192,词语总表,appendix_canonical_needs_pos_translation_review,词语总表提供词语、拼音和教材印刷页码；词类与越南文释义待从对应词语页核对。
boya-elementary-ii:满:man,boya-elementary-ii,初级起步篇 II,满,man,形,full,đầy; kín,translated_subagent_draft,,1;7,订一张机票;去动物园,7,192,词语总表,appendix_canonical_needs_pos_translation_review,词语总表提供词语、拼音和教材印刷页码；词类与越南文释义待从对应词语页核对。
boya-elementary-ii:恐怕:kongpo,boya-elementary-ii,初级起步篇 II,恐怕,kongpo,副,perhaps,e rằng; có lẽ,translated_subagent_draft,,2;17,您有房子出租，是吗;我的假期,17,192,词语总表,appendix_canonical_needs_pos_translation_review,词语总表提供词语、拼音和教材印刷页码；词类与越南文释义待从对应词语页核对。
boya-elementary-ii:满意:manyi,boya-elementary-ii,初级起步篇 II,满意,manyi,形,satisfied,hài lòng,translated_subagent_draft,,1;2,订一张机票;您有房子出租，是吗,2,192,词语总表,appendix_canonical_needs_pos_translation_review,词语总表提供词语、拼音和教材印刷页码；词类与越南文释义待从对应词语页核对。
boya-elementary-ii:口:kou,boya-elementary-ii,初级起步篇 II,口,kou,量,measure word for person etc.,lượng từ cho người trong gia đình hoặc miệng,translated_subagent_draft,,2;18,您有房子出租，是吗;去打工,18,192,词语总表,appendix_canonical_needs_pos_translation_review,词语总表提供词语、拼音和教材印刷页码；词类与越南文释义待从对应词语页核对。
boya-elementary-ii:慢:man,boya-elementary-ii,初级起步篇 II,慢,man,形,slow,chậm,translated_subagent_draft,,1;7,订一张机票;去动物园,7,192,词语总表,appendix_canonical_needs_pos_translation_review,词语总表提供词语、拼音和教材印刷页码；词类与越南文释义待从对应词语页核对。
boya-elementary-ii:块:kudi,boya-elementary-ii,初级起步篇 II,块,kudi,量,piece,miếng; đồng tệ,translated_subagent_draft,,2;15,您有房子出租，是吗;我喜欢的咖啡厅,15,192,词语总表,appendix_canonical_needs_pos_translation_review,词语总表提供词语、拼音和教材印刷页码；词类与越南文释义待从对应词语页核对。
boya-elementary-ii:门口:menkou,boya-elementary-ii,初级起步篇 II,门口,menkou,名,doorway,cửa ra vào,translated_subagent_draft,,1;6,订一张机票;参加学校社团,6,192,词语总表,appendix_canonical_needs_pos_translation_review,词语总表提供词语、拼音和教材印刷页码；词类与越南文释义待从对应词语页核对。
boya-elementary-ii:快:kuai,boya-elementary-ii,初级起步篇 II,快,kuai,形,quick,nhanh,translated_subagent_draft,,1;9,订一张机票;糟糕的一天,9,192,词语总表,appendix_canonical_needs_pos_translation_review,词语总表提供词语、拼音和教材印刷页码；词类与越南文释义待从对应词语页核对。
boya-elementary-ii:米饭:mifan,boya-elementary-ii,初级起步篇 II,米饭,mifan,,rice,cơm,translated_subagent_draft,,1;5,订一张机票;在饭馆儿点菜,5,192,词语总表,appendix_canonical_needs_pos_translation_review,词语总表提供词语、拼音和教材印刷页码；词类与越南文释义待从对应词语页核对。
boya-elementary-ii:快乐:kudile,boya-elementary-ii,初级起步篇 II,快乐,kudile,形,happy; joyful,vui vẻ; hạnh phúc,translated_subagent_draft,,2;16,您有房子出租，是吗;母校聚会,16,192,词语总表,appendix_canonical_needs_pos_translation_review,词语总表提供词语、拼音和教材印刷页码；词类与越南文释义待从对应词语页核对。
boya-elementary-ii:面试:mianshi,boya-elementary-ii,初级起步篇 II,面试,mianshi,动,to interview,phỏng vấn,translated_subagent_draft,,2;18,您有房子出租，是吗;去打工,18,192,词语总表,appendix_canonical_needs_pos_translation_review,词语总表提供词语、拼音和教材印刷页码；词类与越南文释义待从对应词语页核对。
boya-elementary-ii:矿泉水:kudngquanshui,boya-elementary-ii,初级起步篇 II,矿泉水,kudngquanshui,名,mineral water,nước khoáng,translated_subagent_draft,,1;5,订一张机票;在饭馆儿点菜,5,192,词语总表,appendix_canonical_needs_pos_translation_review,词语总表提供词语、拼音和教材印刷页码；词类与越南文释义待从对应词语页核对。
boya-elementary-ii:名:ming,boya-elementary-ii,初级起步篇 II,名,ming,量,measure word （for human）,lượng từ lịch sự cho người,translated_subagent_draft,,2;14,您有房子出租，是吗;实现理想,14,192,词语总表,appendix_canonical_needs_pos_translation_review,词语总表提供词语、拼音和教材印刷页码；词类与越南文释义待从对应词语页核对。
boya-elementary-ii:陌生:mosheng,boya-elementary-ii,初级起步篇 II,陌生,mosheng,形,strange,xa lạ,translated_subagent_draft,,2;16,您有房子出租，是吗;母校聚会,16,192,词语总表,appendix_canonical_needs_pos_translation_review,词语总表提供词语、拼音和教材印刷页码；词类与越南文释义待从对应词语页核对。
boya-elementary-ii:母校:muxido,boya-elementary-ii,初级起步篇 II,母校,muxido,名,one's mother school; Alma Mater,trường cũ; trường mẹ,translated_subagent_draft,,2;16,您有房子出租，是吗;母校聚会,16,192,词语总表,appendix_canonical_needs_pos_translation_review,词语总表提供词语、拼音和教材印刷页码；词类与越南文释义待从对应词语页核对。
boya-elementary-ii:辣:la,boya-elementary-ii,初级起步篇 II,辣,la,形,hot; spicy,cay,translated_subagent_draft,,1;7,订一张机票;去动物园,7,192,词语总表,appendix_canonical_needs_pos_translation_review,词语总表提供词语、拼音和教材印刷页码；词类与越南文释义待从对应词语页核对。
boya-elementary-ii:辣椒:lajiao,boya-elementary-ii,初级起步篇 II,辣椒,lajiao,名,pepper,ớt,translated_subagent_draft,,1;11,订一张机票;做一个家常菜,11,192,词语总表,appendix_canonical_needs_pos_translation_review,词语总表提供词语、拼音和教材印刷页码；词类与越南文释义待从对应词语页核对。
boya-elementary-ii:篮球:lanqiu,boya-elementary-ii,初级起步篇 II,篮球,lanqiu,名,basketball,bóng rổ,translated_subagent_draft,,1;8,订一张机票;一场篮球比赛,8,192,词语总表,appendix_canonical_needs_pos_translation_review,词语总表提供词语、拼音和教材印刷页码；词类与越南文释义待从对应词语页核对。
boya-elementary-ii:拿:na,boya-elementary-ii,初级起步篇 II,拿,na,动,to take,cầm; lấy,translated_subagent_draft,,1;8,订一张机票;一场篮球比赛,8,192,词语总表,appendix_canonical_needs_pos_translation_review,词语总表提供词语、拼音和教材印刷页码；词类与越南文释义待从对应词语页核对。
boya-elementary-ii:离:li,boya-elementary-ii,初级起步篇 II,离,lí,动,to be away from,cách; rời khỏi,translated_subagent_draft,,1;2,订一张机票;您有房子出租，是吗,2,192,词语总表,appendix_canonical_repaired_needs_pos_translation_review,词语总表提供词语、拼音和教材印刷页码；词类与越南文释义待从对应词语页核对。；补回附录缺失拼音 lí
boya-elementary-ii:斤:jin,boya-elementary-ii,初级起步篇 II,斤,jīn,,,cân (đơn vị 500 g),translated_subagent_draft,,1,订一张机票,2,192,词语总表,appendix_canonical_repaired_needs_pos_translation_review,词语总表提供词语、拼音和教材印刷页码；词类与越南文释义待从对应词语页核对。；补回附录缺失拼音 jīn
boya-elementary-ii:哪里:nali,boya-elementary-ii,初级起步篇 II,哪里,nali,代,a way to show modesty,đâu; nào,translated_subagent_draft,,1;4,订一张机票;我在中国生活,4,192,词语总表,appendix_canonical_needs_pos_translation_review,词语总表提供词语、拼音和教材印刷页码；词类与越南文释义待从对应词语页核对。
boya-elementary-ii:离开:iikai,boya-elementary-ii,初级起步篇 II,离开,Ii kai,,to leave,rời khỏi,translated_subagent_draft,,2;16,您有房子出租，是吗;母校聚会,16,192,词语总表,appendix_canonical_needs_pos_translation_review,词语总表提供词语、拼音和教材印刷页码；词类与越南文释义待从对应词语页核对。
boya-elementary-ii:南边:nanbian,boya-elementary-ii,初级起步篇 II,南边,nanbian,名,south,phía nam,translated_subagent_draft,,2;12,您有房子出租，是吗;搬进学校的宿舍,12,192,词语总表,appendix_canonical_needs_pos_translation_review,词语总表提供词语、拼音和教材印刷页码；词类与越南文释义待从对应词语页核对。
boya-elementary-ii:里面:imian,boya-elementary-ii,初级起步篇 II,里面,imian,名,inside; Interior,bên trong,translated_subagent_draft,,1;3,订一张机票;我丢了一个钱包,3,192,词语总表,appendix_canonical_needs_pos_translation_review,词语总表提供词语、拼音和教材印刷页码；词类与越南文释义待从对应词语页核对。
boya-elementary-ii:南方:nanfang,boya-elementary-ii,初级起步篇 II,南方,nanfang,名,south,miền nam,translated_subagent_draft,,2;17,您有房子出租，是吗;我的假期,17,192,词语总表,appendix_canonical_needs_pos_translation_review,词语总表提供词语、拼音和教材印刷页码；词类与越南文释义待从对应词语页核对。
boya-elementary-ii:里:li,boya-elementary-ii,初级起步篇 II,里,lǐ,,,bên trong,translated_subagent_draft,,1,订一张机票,9,192,词语总表,appendix_canonical_repaired_needs_pos_translation_review,词语总表提供词语、拼音和教材印刷页码；词类与越南文释义待从对应词语页核对。；附录字形 OCR 理→里；补回附录缺失拼音 lǐ
boya-elementary-ii:难得:nande,boya-elementary-ii,初级起步篇 II,难得,nande,形,hard to come Dy,hiếm khi; khó có được,translated_subagent_draft,,2;17,您有房子出租，是吗;我的假期,17,192,词语总表,appendix_canonical_needs_pos_translation_review,词语总表提供词语、拼音和教材印刷页码；词类与越南文释义待从对应词语页核对。
boya-elementary-ii:理想:iixidng,boya-elementary-ii,初级起步篇 II,理想,iixidng,名,ideal: hope for the future,lý tưởng; ước mơ,translated_subagent_draft,,2;14,您有房子出租，是吗;实现理想,14,192,词语总表,appendix_canonical_needs_pos_translation_review,词语总表提供词语、拼音和教材印刷页码；词类与越南文释义待从对应词语页核对。
boya-elementary-ii:难过:nanguo,boya-elementary-ii,初级起步篇 II,难过,nanguo,形,sad,buồn; khó chịu,translated_subagent_draft,,2;13,您有房子出租，是吗;我叫“不紧张”,13,192,词语总表,appendix_canonical_needs_pos_translation_review,词语总表提供词语、拼音和教材印刷页码；词类与越南文释义待从对应词语页核对。
boya-elementary-ii:厉害:lihai,boya-elementary-ii,初级起步篇 II,厉害,lihai,形,powerful; excellent,lợi hại; ghê,translated_subagent_draft,,1;8,订一张机票;一场篮球比赛,8,192,词语总表,appendix_canonical_needs_pos_translation_review,词语总表提供词语、拼音和教材印刷页码；词类与越南文释义待从对应词语页核对。
boya-elementary-ii:闹钟:ndozhong,boya-elementary-ii,初级起步篇 II,闹钟,ndozhong,名,alarm clock used before some two-character adjectives to,đồng hồ báo thức,translated_subagent_draft,,1;8,订一张机票;一场篮球比赛,8,192,词语总表,appendix_canonical_needs_pos_translation_review,词语总表提供词语、拼音和教材印刷页码；词类与越南文释义待从对应词语页核对。
boya-elementary-ii:立:ii,boya-elementary-ii,初级起步篇 II,立,Ii,动,to erect,dựng; đặt đứng,translated_subagent_draft,,2;15,您有房子出租，是吗;我喜欢的咖啡厅,15,192,词语总表,appendix_canonical_needs_pos_translation_review,词语总表提供词语、拼音和教材印刷页码；词类与越南文释义待从对应词语页核对。
boya-elementary-ii:牛肉:niurou,boya-elementary-ii,初级起步篇 II,牛肉,niurou,名,beef writing utensils,thịt bò,translated_subagent_draft,,1;9,订一张机票;糟糕的一天,9,192,词语总表,appendix_canonical_needs_pos_translation_review,词语总表提供词语、拼音和教材印刷页码；词类与越南文释义待从对应词语页核对。
boya-elementary-ii:牛仔裤:niuzdiku,boya-elementary-ii,初级起步篇 II,牛仔裤,niuzdiku,名,jeans,quần bò,translated_subagent_draft,,1;3,订一张机票;我丢了一个钱包,3,192,词语总表,appendix_canonical_needs_pos_translation_review,词语总表提供词语、拼音和教材印刷页码；词类与越南文释义待从对应词语页核对。
boya-elementary-ii:连着:lianzhe,boya-elementary-ii,初级起步篇 II,连着,lianzhe,,continuously,liên tục; liền,translated_subagent_draft,,2;17,您有房子出租，是吗;我的假期,17,192,词语总表,appendix_canonical_needs_pos_translation_review,词语总表提供词语、拼音和教材印刷页码；词类与越南文释义待从对应词语页核对。
boya-elementary-ii:努力:nuli,boya-elementary-ii,初级起步篇 II,努力,nuli,形,to make great efforts lian・・・・・・dou・• even,nỗ lực; cố gắng,translated_subagent_draft,,2;13,您有房子出租，是吗;我叫“不紧张”,13,192,词语总表,appendix_canonical_needs_pos_translation_review,词语总表提供词语、拼音和教材印刷页码；词类与越南文释义待从对应词语页核对。
boya-elementary-ii:联系:lianxi,boya-elementary-ii,初级起步篇 II,联系,lianxi,动,to contact,liên hệ,translated_subagent_draft,,1;3,订一张机票;我丢了一个钱包,3,192,词语总表,appendix_canonical_needs_pos_translation_review,词语总表提供词语、拼音和教材印刷页码；词类与越南文释义待从对应词语页核对。
boya-elementary-ii:聊天儿:lidotianr,boya-elementary-ii,初级起步篇 II,聊天儿,lido tianr,,to chat,trò chuyện,translated_subagent_draft,,2;16,您有房子出租，是吗;母校聚会,16,192,词语总表,appendix_canonical_needs_pos_translation_review,词语总表提供词语、拼音和教材印刷页码；词类与越南文释义待从对应词语页核对。
boya-elementary-ii:牌子:paizi,boya-elementary-ii,初级起步篇 II,牌子,paizi,名,brand,nhãn hiệu; biển hiệu,translated_subagent_draft,,2;15,您有房子出租，是吗;我喜欢的咖啡厅,15,192,词语总表,appendix_canonical_needs_pos_translation_review,词语总表提供词语、拼音和教材印刷页码；词类与越南文释义待从对应词语页核对。
boya-elementary-ii:了解:lidojie,boya-elementary-ii,初级起步篇 II,了解,lidojie,动,to understand; to comprehend,hiểu; tìm hiểu,translated_subagent_draft,,2;17,您有房子出租，是吗;我的假期,17,192,词语总表,appendix_canonical_needs_pos_translation_review,词语总表提供词语、拼音和教材印刷页码；词类与越南文释义待从对应词语页核对。
boya-elementary-ii:盘子:panzi,boya-elementary-ii,初级起步篇 II,盘子,panzi,名,plate,đĩa,translated_subagent_draft,,2;15,您有房子出租，是吗;我喜欢的咖啡厅,15,192,词语总表,appendix_canonical_needs_pos_translation_review,词语总表提供词语、拼音和教材印刷页码；词类与越南文释义待从对应词语页核对。
boya-elementary-ii:零钱:iingqian,boya-elementary-ii,初级起步篇 II,零钱,Iingqian,名,small change; pocket money,tiền lẻ,translated_subagent_draft,,1;9,订一张机票;糟糕的一天,9,192,词语总表,appendix_canonical_needs_pos_translation_review,词语总表提供词语、拼音和教材印刷页码；词类与越南文释义待从对应词语页核对。
boya-elementary-ii:胖:pang,boya-elementary-ii,初级起步篇 II,胖,pang,形,fat,béo; mập,translated_subagent_draft,,1;7,订一张机票;去动物园,7,192,词语总表,appendix_canonical_needs_pos_translation_review,词语总表提供词语、拼音和教材印刷页码；词类与越南文释义待从对应词语页核对。
boya-elementary-ii:旅行:luxing,boya-elementary-ii,初级起步篇 II,旅行,luxing,动,to travel,du lịch,translated_subagent_draft,,2;17,您有房子出租，是吗;我的假期,17,192,词语总表,appendix_canonical_needs_pos_translation_review,词语总表提供词语、拼音和教材印刷页码；词类与越南文释义待从对应词语页核对。
boya-elementary-ii:跑步:paobu,boya-elementary-ii,初级起步篇 II,跑步,pao bu,,to run,chạy bộ,translated_subagent_draft,,1;3,订一张机票;我丢了一个钱包,3,192,词语总表,appendix_canonical_needs_pos_translation_review,词语总表提供词语、拼音和教材印刷页码；词类与越南文释义待从对应词语页核对。
boya-elementary-ii:皮:pi,boya-elementary-ii,初级起步篇 II,皮,pí,,,da; vỏ,translated_subagent_draft,,1,订一张机票,11,192,词语总表,appendix_canonical_repaired_needs_pos_translation_review,词语总表提供词语、拼音和教材印刷页码；词类与越南文释义待从对应词语页核对。；补回附录缺失拼音 pí
boya-elementary-ii:麻烦:mafan,boya-elementary-ii,初级起步篇 II,麻烦,mafan,动,to bother,làm phiền; phiền,translated_subagent_draft,,1;5,订一张机票;在饭馆儿点菜,5,192,词语总表,appendix_canonical_needs_pos_translation_review,词语总表提供词语、拼音和教材印刷页码；词类与越南文释义待从对应词语页核对。
boya-elementary-ii:片:pian,boya-elementary-ii,初级起步篇 II,片,pian,名,slice,miếng; lát (lượng từ),translated_subagent_draft,,1;11,订一张机票;做一个家常菜,11,192,词语总表,appendix_canonical_needs_pos_translation_review,词语总表提供词语、拼音和教材印刷页码；词类与越南文释义待从对应词语页核对。
boya-elementary-ii:平:ping,boya-elementary-ii,初级起步篇 II,平,ping,形,even,phẳng; ngang bằng,translated_subagent_draft,,1;8,订一张机票;一场篮球比赛,8,193,词语总表,appendix_canonical_needs_pos_translation_review,词语总表提供词语、拼音和教材印刷页码；词类与越南文释义待从对应词语页核对。
boya-elementary-ii:沙发:shafa,boya-elementary-ii,初级起步篇 II,沙发,shafa,名,sofa,ghế sofa,translated_subagent_draft,,2;15,您有房子出租，是吗;我喜欢的咖啡厅,15,193,词语总表,appendix_canonical_needs_pos_translation_review,词语总表提供词语、拼音和教材印刷页码；词类与越南文释义待从对应词语页核对。
boya-elementary-ii:瓶:ping,boya-elementary-ii,初级起步篇 II,瓶,ping,名,bottle,chai (lượng từ),translated_subagent_draft,,1;5,订一张机票;在饭馆儿点菜,5,193,词语总表,appendix_canonical_needs_pos_translation_review,词语总表提供词语、拼音和教材印刷页码；词类与越南文释义待从对应词语页核对。
boya-elementary-ii:商店:shangdlian,boya-elementary-ii,初级起步篇 II,商店,shangdlian,名,shop,cửa hàng,translated_subagent_draft,,1;2,订一张机票;您有房子出租，是吗,2,193,词语总表,appendix_canonical_needs_pos_translation_review,词语总表提供词语、拼音和教材印刷页码；词类与越南文释义待从对应词语页核对。
boya-elementary-ii:上班:shangban,boya-elementary-ii,初级起步篇 II,上班,shang ban,,to ggo to work,đi làm,translated_subagent_draft,,1;4,订一张机票;我在中国生活,4,193,词语总表,appendix_canonical_needs_pos_translation_review,词语总表提供词语、拼音和教材印刷页码；词类与越南文释义待从对应词语页核对。
boya-elementary-ii:上去:shangqu,boya-elementary-ii,初级起步篇 II,上去,shang qu,,to go upward,đi lên,translated_subagent_draft,,1;8,订一张机票;一场篮球比赛,8,193,词语总表,appendix_canonical_needs_pos_translation_review,词语总表提供词语、拼音和教材印刷页码；词类与越南文释义待从对应词语页核对。
boya-elementary-ii:其实:qishi,boya-elementary-ii,初级起步篇 II,其实,qishi,,actually,thật ra; thực ra,translated_subagent_draft,,2;13,您有房子出租，是吗;我叫“不紧张”,13,193,词语总表,appendix_canonical_needs_pos_translation_review,词语总表提供词语、拼音和教材印刷页码；词类与越南文释义待从对应词语页核对。
boya-elementary-ii:上学:shangxue,boya-elementary-ii,初级起步篇 II,上学,shang xue,,to ggo to school,đi học,translated_subagent_draft,,1;4,订一张机票;我在中国生活,4,193,词语总表,appendix_canonical_needs_pos_translation_review,词语总表提供词语、拼音和教材印刷页码；词类与越南文释义待从对应词语页核对。
boya-elementary-ii:奇怪:qigudi,boya-elementary-ii,初级起步篇 II,奇怪,qigudi,形,strange;odd,lạ; kỳ lạ,translated_subagent_draft,,1;10,订一张机票;你的旅行怎么样,10,193,词语总表,appendix_canonical_needs_pos_translation_review,词语总表提供词语、拼音和教材印刷页码；词类与越南文释义待从对应词语页核对。
boya-elementary-ii:社团:shetuan,boya-elementary-ii,初级起步篇 II,社团,shetuan,名,community,câu lạc bộ,translated_subagent_draft,,1;6,订一张机票;参加学校社团,6,193,词语总表,appendix_canonical_needs_pos_translation_review,词语总表提供词语、拼音和教材印刷页码；词类与越南文释义待从对应词语页核对。
boya-elementary-ii:启发:aifa,boya-elementary-ii,初级起步篇 II,启发,aifa,动,to enlighten,gợi mở; khơi gợi,translated_subagent_draft,,2;14,您有房子出租，是吗;实现理想,14,193,词语总表,appendix_canonical_needs_pos_translation_review,词语总表提供词语、拼音和教材印刷页码；词类与越南文释义待从对应词语页核对。
boya-elementary-ii:深:shen,boya-elementary-ii,初级起步篇 II,深,shen,形,deep,sâu,translated_subagent_draft,,2;13,您有房子出租，是吗;我叫“不紧张”,13,193,词语总表,appendix_canonical_needs_pos_translation_review,词语总表提供词语、拼音和教材印刷页码；词类与越南文释义待从对应词语页核对。
boya-elementary-ii:起飞:aifei,boya-elementary-ii,初级起步篇 II,起飞,aifei,动,to take off,cất cánh,translated_subagent_draft,,1,订一张机票,1,193,词语总表,appendix_canonical_needs_pos_translation_review,词语总表提供词语、拼音和教材印刷页码；词类与越南文释义待从对应词语页核对。
boya-elementary-ii:生活:shenghuo,boya-elementary-ii,初级起步篇 II,生活,shenghuo,动,to live,cuộc sống; sinh sống,translated_subagent_draft,,1;4,订一张机票;我在中国生活,4,193,词语总表,appendix_canonical_needs_pos_translation_review,词语总表提供词语、拼音和教材印刷页码；词类与越南文释义待从对应词语页核对。
boya-elementary-ii:起来:qilai,boya-elementary-ii,初级起步篇 II,起来,qi lai,,used after verbs to indicate upward movement,đứng dậy; lên (bổ ngữ xu hướng),translated_subagent_draft,,1;7,订一张机票;去动物园,7,193,词语总表,appendix_canonical_needs_pos_translation_review,词语总表提供词语、拼音和教材印刷页码；词类与越南文释义待从对应词语页核对。
boya-elementary-ii:生日:shengri,boya-elementary-ii,初级起步篇 II,生日,shengri,名,birthday,sinh nhật,translated_subagent_draft,,2;16,您有房子出租，是吗;母校聚会,16,193,词语总表,appendix_canonical_needs_pos_translation_review,词语总表提供词语、拼音和教材印刷页码；词类与越南文释义待从对应词语页核对。
boya-elementary-ii:汽车:qiche,boya-elementary-ii,初级起步篇 II,汽车,qiche,名,car,ô tô,translated_subagent_draft,,1;4,订一张机票;我在中国生活,4,193,词语总表,appendix_canonical_needs_pos_translation_review,词语总表提供词语、拼音和教材印刷页码；词类与越南文释义待从对应词语页核对。
boya-elementary-ii:省:sheng,boya-elementary-ii,初级起步篇 II,省,sheng,名,province,tỉnh (Trung Quốc),translated_subagent_draft,,2;17,您有房子出租，是吗;我的假期,17,193,词语总表,appendix_canonical_needs_pos_translation_review,词语总表提供词语、拼音和教材印刷页码；词类与越南文释义待从对应词语页核对。
boya-elementary-ii:钱包:qidnbao,boya-elementary-ii,初级起步篇 II,钱包,qidnbao,名,wallet,ví tiền,translated_subagent_draft,,1;3,订一张机票;我丢了一个钱包,3,193,词语总表,appendix_canonical_needs_pos_translation_review,词语总表提供词语、拼音和教材印刷页码；词类与越南文释义待从对应词语页核对。
boya-elementary-ii:失败:shibai,boya-elementary-ii,初级起步篇 II,失败,shibai,动,to fail,thất bại,translated_subagent_draft,,2;14,您有房子出租，是吗;实现理想,14,193,词语总表,appendix_canonical_needs_pos_translation_review,词语总表提供词语、拼音和教材印刷页码；词类与越南文释义待从对应词语页核对。
boya-elementary-ii:墙:qiang,boya-elementary-ii,初级起步篇 II,墙,qiang,名,wall,tường,translated_subagent_draft,,1;10,订一张机票;你的旅行怎么样,10,193,词语总表,appendix_canonical_needs_pos_translation_review,词语总表提供词语、拼音和教材印刷页码；词类与越南文释义待从对应词语页核对。
boya-elementary-ii:师傅:shifu,boya-elementary-ii,初级起步篇 II,师傅,shifu,名,"sir, worker",bác/chú (cách gọi lịch sự người thợ hoặc tài xế),translated_subagent_draft,,1;4,订一张机票;我在中国生活,4,193,词语总表,appendix_canonical_needs_pos_translation_review,词语总表提供词语、拼音和教材印刷页码；词类与越南文释义待从对应词语页核对。
boya-elementary-ii:巧:qiao,boya-elementary-ii,初级起步篇 II,巧,qiǎo,动,to book,tình cờ; khéo đúng lúc,translated_subagent_draft,,1;7,订一张机票;去动物园,7,193,词语总表,appendix_canonical_repaired_needs_pos_translation_review,词语总表提供词语、拼音和教材印刷页码；词类与越南文释义待从对应词语页核对。；拼音 OCR 修为 qiǎo
boya-elementary-ii:实现:shixian,boya-elementary-ii,初级起步篇 II,实现,shixian,动,to accomplish; to realize,thực hiện; biến thành hiện thực,translated_subagent_draft,,2;14,您有房子出租，是吗;实现理想,14,193,词语总表,appendix_canonical_needs_pos_translation_review,词语总表提供词语、拼音和教材印刷页码；词类与越南文释义待从对应词语页核对。
boya-elementary-ii:切:qie,boya-elementary-ii,初级起步篇 II,切,qie,动,to cut,cắt; thái,translated_subagent_draft,,1;11,订一张机票;做一个家常菜,11,193,词语总表,appendix_canonical_needs_pos_translation_review,词语总表提供词语、拼音和教材印刷页码；词类与越南文释义待从对应词语页核对。
boya-elementary-ii:拾到者:shidaozhe,boya-elementary-ii,初级起步篇 II,拾到者,shidaozhe,名,finder,người nhặt được,translated_subagent_draft,,1;3,订一张机票;我丢了一个钱包,3,193,词语总表,appendix_canonical_needs_pos_translation_review,词语总表提供词语、拼音和教材印刷页码；词类与越南文释义待从对应词语页核对。
boya-elementary-ii:轻松:qingsong,boya-elementary-ii,初级起步篇 II,轻松,qingsong,形,easy; relaxed,nhẹ nhàng; thoải mái,translated_subagent_draft,,2;14,您有房子出租，是吗;实现理想,14,193,词语总表,appendix_canonical_needs_pos_translation_review,词语总表提供词语、拼音和教材印刷页码；词类与越南文释义待从对应词语页核对。
boya-elementary-ii:食堂:shitang,boya-elementary-ii,初级起步篇 II,食堂,shitang,名,canteen,nhà ăn; căng tin,translated_subagent_draft,,1;5,订一张机票;在饭馆儿点菜,5,193,词语总表,appendix_canonical_needs_pos_translation_review,词语总表提供词语、拼音和教材印刷页码；词类与越南文释义待从对应词语页核对。
boya-elementary-ii:清楚:qingchu,boya-elementary-ii,初级起步篇 II,清楚,qingchu,形,clear,rõ; rõ ràng,translated_subagent_draft,,1;9,订一张机票;糟糕的一天,9,193,词语总表,appendix_canonical_needs_pos_translation_review,词语总表提供词语、拼音和教材印刷页码；词类与越南文释义待从对应词语页核对。
boya-elementary-ii:食指:shizhi,boya-elementary-ii,初级起步篇 II,食指,shizhi,名,index finger,ngón trỏ,translated_subagent_draft,,1;10,订一张机票;你的旅行怎么样,10,193,词语总表,appendix_canonical_needs_pos_translation_review,词语总表提供词语、拼音和教材印刷页码；词类与越南文释义待从对应词语页核对。
boya-elementary-ii:晴:qing,boya-elementary-ii,初级起步篇 II,晴,qing,形,sunny,nắng; trời quang,translated_subagent_draft,,1,订一张机票,1,193,词语总表,appendix_canonical_needs_pos_translation_review,词语总表提供词语、拼音和教材印刷页码；词类与越南文释义待从对应词语页核对。
boya-elementary-ii:试:shi,boya-elementary-ii,初级起步篇 II,试,shi,动,to have a try,thử,translated_subagent_draft,,2;15,您有房子出租，是吗;我喜欢的咖啡厅,15,193,词语总表,appendix_canonical_needs_pos_translation_review,词语总表提供词语、拼音和教材印刷页码；词类与越南文释义待从对应词语页核对。
boya-elementary-ii:取:qu,boya-elementary-ii,初级起步篇 II,取,qu,动,to take; to fetch,lấy; nhận,translated_subagent_draft,,2;15,您有房子出租，是吗;我喜欢的咖啡厅,15,193,词语总表,appendix_canonical_needs_pos_translation_review,词语总表提供词语、拼音和教材印刷页码；词类与越南文释义待从对应词语页核对。
boya-elementary-ii:适合:shihe,boya-elementary-ii,初级起步篇 II,适合,shihe,动,to fit; to suit,phù hợp; hợp,translated_subagent_draft,,2;15,您有房子出租，是吗;我喜欢的咖啡厅,15,193,词语总表,appendix_canonical_needs_pos_translation_review,词语总表提供词语、拼音和教材印刷页码；词类与越南文释义待从对应词语页核对。
boya-elementary-ii:去掉:qudico,boya-elementary-ii,初级起步篇 II,去掉,qu dico,,to remove,bỏ đi; loại bỏ,translated_subagent_draft,,1;11,订一张机票;做一个家常菜,11,193,词语总表,appendix_canonical_needs_pos_translation_review,词语总表提供词语、拼音和教材印刷页码；词类与越南文释义待从对应词语页核对。
boya-elementary-ii:收拾:shoushi,boya-elementary-ii,初级起步篇 II,收拾,shoushi,动,to pack; to clear away,dọn dẹp; thu xếp,translated_subagent_draft,,2;12,您有房子出租，是吗;搬进学校的宿舍,12,193,词语总表,appendix_canonical_needs_pos_translation_review,词语总表提供词语、拼音和教材印刷页码；词类与越南文释义待从对应词语页核对。
boya-elementary-ii:熟:shou,boya-elementary-ii,初级起步篇 II,熟,shou,形,pay000,chín,translated_subagent_draft,,1;11,订一张机票;做一个家常菜,11,193,词语总表,appendix_canonical_needs_pos_translation_review,词语总表提供词语、拼音和教材印刷页码；词类与越南文释义待从对应词语页核对。
boya-elementary-ii:热:re,boya-elementary-ii,初级起步篇 II,热,re,形,hot,nóng,translated_subagent_draft,,1;11,订一张机票;做一个家常菜,11,193,词语总表,appendix_canonical_needs_pos_translation_review,词语总表提供词语、拼音和教材印刷页码；词类与越南文释义待从对应词语页核对。
boya-elementary-ii:书包:shubao,boya-elementary-ii,初级起步篇 II,书包,shubao,名,schoolbag,cặp sách,translated_subagent_draft,,1;3,订一张机票;我丢了一个钱包,3,193,词语总表,appendix_canonical_needs_pos_translation_review,词语总表提供词语、拼音和教材印刷页码；词类与越南文释义待从对应词语页核对。
boya-elementary-ii:热情:reqing,boya-elementary-ii,初级起步篇 II,热情,reqing,形,enthusiastic,nhiệt tình,translated_subagent_draft,,1;5,订一张机票;在饭馆儿点菜,5,193,词语总表,appendix_canonical_needs_pos_translation_review,词语总表提供词语、拼音和教材印刷页码；词类与越南文释义待从对应词语页核对。
boya-elementary-ii:舒服:shufu,boya-elementary-ii,初级起步篇 II,舒服,shufu,形,to feel well; comfortable,dễ chịu; thoải mái,translated_subagent_draft,,2;15,您有房子出租，是吗;我喜欢的咖啡厅,15,193,词语总表,appendix_canonical_needs_pos_translation_review,词语总表提供词语、拼音和教材印刷页码；词类与越南文释义待从对应词语页核对。
boya-elementary-ii:认真:renzhen,boya-elementary-ii,初级起步篇 II,认真,renzhen,形,serious; earnest,nghiêm túc; chăm chỉ,translated_subagent_draft,,2;13,您有房子出租，是吗;我叫“不紧张”,13,193,词语总表,appendix_canonical_needs_pos_translation_review,词语总表提供词语、拼音和教材印刷页码；词类与越南文释义待从对应词语页核对。
boya-elementary-ii:输:shu,boya-elementary-ii,初级起步篇 II,输,shu,动,to lose; to be beaten,thua,translated_subagent_draft,,1;8,订一张机票;一场篮球比赛,8,193,词语总表,appendix_canonical_needs_pos_translation_review,词语总表提供词语、拼音和教材印刷页码；词类与越南文释义待从对应词语页核对。
boya-elementary-ii:日出:richi,boya-elementary-ii,初级起步篇 II,日出,richi,名,sunrise,bình minh; mặt trời mọc,translated_subagent_draft,,2;17,您有房子出租，是吗;我的假期,17,193,词语总表,appendix_canonical_needs_pos_translation_review,词语总表提供词语、拼音和教材印刷页码；词类与越南文释义待从对应词语页核对。
boya-elementary-ii:熟悉:shuxi,boya-elementary-ii,初级起步篇 II,熟悉,shuxi,形,familiar,quen thuộc,translated_subagent_draft,,2;16,您有房子出租，是吗;母校聚会,16,193,词语总表,appendix_canonical_needs_pos_translation_review,词语总表提供词语、拼音和教材印刷页码；词类与越南文释义待从对应词语页核对。
boya-elementary-ii:日子:rizi,boya-elementary-ii,初级起步篇 II,日子,rizi,名,day,ngày tháng; cuộc sống,translated_subagent_draft,,2;16,您有房子出租，是吗;母校聚会,16,193,词语总表,appendix_canonical_needs_pos_translation_review,词语总表提供词语、拼音和教材印刷页码；词类与越南文释义待从对应词语页核对。
boya-elementary-ii:树:shu,boya-elementary-ii,初级起步篇 II,树,shu,名,tree,cây,translated_subagent_draft,,2;12,您有房子出租，是吗;搬进学校的宿舍,12,193,词语总表,appendix_canonical_needs_pos_translation_review,词语总表提供词语、拼音和教材印刷页码；词类与越南文释义待从对应词语页核对。
boya-elementary-ii:如果:riguo,boya-elementary-ii,初级起步篇 II,如果,riguo,连,if,nếu,translated_subagent_draft,,2;15,您有房子出租，是吗;我喜欢的咖啡厅,15,193,词语总表,appendix_canonical_needs_pos_translation_review,词语总表提供词语、拼音和教材印刷页码；词类与越南文释义待从对应词语页核对。
boya-elementary-ii:数学:shuxue,boya-elementary-ii,初级起步篇 II,数学,shuxue,名,mathematics,toán học,translated_subagent_draft,,1;8,订一张机票;一场篮球比赛,8,193,词语总表,appendix_canonical_needs_pos_translation_review,词语总表提供词语、拼音和教材印刷页码；词类与越南文释义待从对应词语页核对。
boya-elementary-ii:刷卡:shuaka,boya-elementary-ii,初级起步篇 II,刷卡,shua ka,,to swipe the card,quẹt thẻ,translated_subagent_draft,,1;9,订一张机票;糟糕的一天,9,193,词语总表,appendix_canonical_needs_pos_translation_review,词语总表提供词语、拼音和教材印刷页码；词类与越南文释义待从对应词语页核对。
boya-elementary-ii:摔:shuai,boya-elementary-ii,初级起步篇 II,摔,shuai,动,to fall; to tumble,ngã; làm rơi,translated_subagent_draft,,1;9;18,订一张机票;糟糕的一天;去打工,9,193,词语总表,appendix_canonical_needs_pos_translation_review,词语总表提供词语、拼音和教材印刷页码；词类与越南文释义待从对应词语页核对。
boya-elementary-ii:散步:sanbu,boya-elementary-ii,初级起步篇 II,散步,san bu,,to go for a walk,đi dạo,translated_subagent_draft,,2;12,您有房子出租，是吗;搬进学校的宿舍,12,193,词语总表,appendix_canonical_needs_pos_translation_review,词语总表提供词语、拼音和教材印刷页码；词类与越南文释义待从对应词语页核对。
boya-elementary-ii:帅:shudi,boya-elementary-ii,初级起步篇 II,帅,shudi,,,đẹp trai,translated_subagent_draft,,2,您有房子出租，是吗,18,193,词语总表,appendix_canonical_needs_pos_translation_review,词语总表提供词语、拼音和教材印刷页码；词类与越南文释义待从对应词语页核对。
boya-elementary-ii:扫:sdo,boya-elementary-ii,初级起步篇 II,扫,sdo,动,to scan,quét; quét mã,translated_subagent_draft,,2;15,您有房子出租，是吗;我喜欢的咖啡厅,15,193,词语总表,appendix_canonical_needs_pos_translation_review,词语总表提供词语、拼音和教材印刷页码；词类与越南文释义待从对应词语页核对。
boya-elementary-ii:水饺:shurjidio,boya-elementary-ii,初级起步篇 II,水饺,shurjidio,名,dumpling （with meat and vegetable stuffing）,sủi cảo,translated_subagent_draft,,1;10,订一张机票;你的旅行怎么样,10,193,词语总表,appendix_canonical_needs_pos_translation_review,词语总表提供词语、拼音和教材印刷页码；词类与越南文释义待从对应词语页核对。
boya-elementary-ii:完美:wanmei,boya-elementary-ii,初级起步篇 II,完美,wanmei,形,perfect; wonderful,hoàn hảo,translated_subagent_draft,,2;17,您有房子出租，是吗;我的假期,17,194,词语总表,appendix_canonical_needs_pos_translation_review,词语总表提供词语、拼音和教材印刷页码；词类与越南文释义待从对应词语页核对。
boya-elementary-ii:小时候:xidoshihou,boya-elementary-ii,初级起步篇 II,小时候,xidoshihou,名,in one's childhood,lúc nhỏ; hồi bé,translated_subagent_draft,,2;14,您有房子出租，是吗;实现理想,14,194,词语总表,appendix_canonical_needs_pos_translation_review,词语总表提供词语、拼音和教材印刷页码；词类与越南文释义待从对应词语页核对。
boya-elementary-ii:外面:waimian,boya-elementary-ii,初级起步篇 II,外面,waimian,名,outside Zu to rent,bên ngoài,translated_subagent_draft,,1;2,订一张机票;您有房子出租，是吗,2,194,词语总表,appendix_canonical_needs_pos_translation_review,词语总表提供词语、拼音和教材印刷页码；词类与越南文释义待从对应词语页核对。
boya-elementary-ii:消息:xidoxi,boya-elementary-ii,初级起步篇 II,消息,xidoxi,名,message,tin nhắn; tin tức,translated_subagent_draft,,2;14,您有房子出租，是吗;实现理想,14,194,词语总表,appendix_canonical_needs_pos_translation_review,词语总表提供词语、拼音和教材印刷页码；词类与越南文释义待从对应词语页核对。
boya-elementary-ii:外卖:waimai,boya-elementary-ii,初级起步篇 II,外卖,waimai,名,take-out food,đồ ăn giao tận nơi,translated_subagent_draft,,1;10,订一张机票;你的旅行怎么样,10,194,词语总表,appendix_canonical_needs_pos_translation_review,词语总表提供词语、拼音和教材印刷页码；词类与越南文释义待从对应词语页核对。
boya-elementary-ii:像:xiang,boya-elementary-ii,初级起步篇 II,像,xiang,动,to resemble; to be like,giống như,translated_subagent_draft,,1;4,订一张机票;我在中国生活,4,194,词语总表,appendix_canonical_needs_pos_translation_review,词语总表提供词语、拼音和教材印刷页码；词类与越南文释义待从对应词语页核对。
boya-elementary-ii:相片:xiangpian,boya-elementary-ii,初级起步篇 II,相片,xiangpian,名,photograph,ảnh; bức ảnh,translated_subagent_draft,,1;10,订一张机票;你的旅行怎么样,10,194,词语总表,appendix_canonical_needs_pos_translation_review,词语总表提供词语、拼音和教材印刷页码；词类与越南文释义待从对应词语页核对。
boya-elementary-ii:响:xidng,boya-elementary-ii,初级起步篇 II,响,xidng,动,to ring; to make a sound,reo; vang,translated_subagent_draft,,1;8,订一张机票;一场篮球比赛,8,194,词语总表,appendix_canonical_needs_pos_translation_review,词语总表提供词语、拼音和教材印刷页码；词类与越南文释义待从对应词语页核对。
boya-elementary-ii:土豆:tudou,boya-elementary-ii,初级起步篇 II,土豆,tǔdòu,名,potato,khoai tây,translated_subagent_draft,,1;11,订一张机票;做一个家常菜,11,194,词语总表,appendix_canonical_repaired_needs_pos_translation_review,词语总表提供词语、拼音和教材印刷页码；词类与越南文释义待从对应词语页核对。；拼音 OCR 修为 tǔdòu
boya-elementary-ii:箱子:xiangzi,boya-elementary-ii,初级起步篇 II,箱子,xiangzi,名,box,thùng; hộp lớn,translated_subagent_draft,,2;12,您有房子出租，是吗;搬进学校的宿舍,12,194,词语总表,appendix_canonical_needs_pos_translation_review,词语总表提供词语、拼音和教材印刷页码；词类与越南文释义待从对应词语页核对。
boya-elementary-ii:图书馆:tushuguan,boya-elementary-ii,初级起步篇 II,图书馆,túshūguǎn,名,hbrary,thư viện,translated_subagent_draft,,2;15,您有房子出租，是吗;我喜欢的咖啡厅,15,194,词语总表,appendix_canonical_repaired_needs_pos_translation_review,词语总表提供词语、拼音和教材印刷页码；词类与越南文释义待从对应词语页核对。；拼音 OCR 修为 túshūguǎn
boya-elementary-ii:相关:xiangguan,boya-elementary-ii,初级起步篇 II,相关,xiangguan,动,to be in related,liên quan,translated_subagent_draft,,2;14,您有房子出租，是吗;实现理想,14,194,词语总表,appendix_canonical_needs_pos_translation_review,词语总表提供词语、拼音和教材印刷页码；词类与越南文释义待从对应词语页核对。
boya-elementary-ii:头发:toufa,boya-elementary-ii,初级起步篇 II,头发,toufa,名,hair,tóc,translated_subagent_draft,,1;3,订一张机票;我丢了一个钱包,3,194,词语总表,appendix_canonical_needs_pos_translation_review,词语总表提供词语、拼音和教材印刷页码；词类与越南文释义待从对应词语页核对。
boya-elementary-ii:羡慕:xianmu,boya-elementary-ii,初级起步篇 II,羡慕,xianmu,动,to envy; to admire,ngưỡng mộ; ghen tị,translated_subagent_draft,,2;17,您有房子出租，是吗;我的假期,17,194,词语总表,appendix_canonical_needs_pos_translation_review,词语总表提供词语、拼音和教材印刷页码；词类与越南文释义待从对应词语页核对。
boya-elementary-ii:头等舱:toudengcang,boya-elementary-ii,初级起步篇 II,头等舱,toudengcang,,,khoang hạng nhất,translated_subagent_draft,,1,订一张机票,1,194,词语总表,appendix_canonical_needs_pos_translation_review,词语总表提供词语、拼音和教材印刷页码；词类与越南文释义待从对应词语页核对。
boya-elementary-ii:先生:xiansheng,boya-elementary-ii,初级起步篇 II,先生,xiansheng,名,Mr.,ông; ngài,translated_subagent_draft,,1;2,订一张机票;您有房子出租，是吗,2,194,词语总表,appendix_canonical_needs_pos_translation_review,词语总表提供词语、拼音和教材印刷页码；词类与越南文释义待从对应词语页核对。
boya-elementary-ii:痛快:tongkuai,boya-elementary-ii,初级起步篇 II,痛快,tòngkuài,形,to one's heart content; to one's great satisfaction,sảng khoái; thỏa thích,translated_subagent_draft,,2;17,您有房子出租，是吗;我的假期,17,194,词语总表,appendix_canonical_repaired_needs_pos_translation_review,词语总表提供词语、拼音和教材印刷页码；词类与越南文释义待从对应词语页核对。；拼音 OCR 修为 tòngkuài
boya-elementary-ii:先:xian,boya-elementary-ii,初级起步篇 II,先,xian,,first,trước; trước hết,translated_subagent_draft,,1;3,订一张机票;我丢了一个钱包,3,194,词语总表,appendix_canonical_needs_pos_translation_review,词语总表提供词语、拼音和教材印刷页码；词类与越南文释义待从对应词语页核对。
boya-elementary-ii:同时:tongshi,boya-elementary-ii,初级起步篇 II,同时,tongshi,名,at the same time,đồng thời,translated_subagent_draft,,2;18,您有房子出租，是吗;去打工,18,194,词语总表,appendix_canonical_needs_pos_translation_review,词语总表提供词语、拼音和教材印刷页码；词类与越南文释义待从对应词语页核对。
boya-elementary-ii:下来:xidlai,boya-elementary-ii,初级起步篇 II,下来,xid lai,,to come down,đi xuống; xuống,translated_subagent_draft,,1;9,订一张机票;糟糕的一天,9,194,词语总表,appendix_canonical_needs_pos_translation_review,词语总表提供词语、拼音和教材印刷页码；词类与越南文释义待从对应词语页核对。
boya-elementary-ii:通知:tongzhi,boya-elementary-ii,初级起步篇 II,通知,tongzhi,名,notice,thông báo,translated_subagent_draft,,1;6,订一张机票;参加学校社团,6,194,词语总表,appendix_canonical_needs_pos_translation_review,词语总表提供词语、拼音和教材印刷页码；词类与越南文释义待从对应词语页核对。
boya-elementary-ii:系:xi,boya-elementary-ii,初级起步篇 II,系,xi,名,department; faculty,khoa; bộ môn,translated_subagent_draft,,1;8,订一张机票;一场篮球比赛,8,194,词语总表,appendix_canonical_needs_pos_translation_review,词语总表提供词语、拼音和教材印刷页码；词类与越南文释义待从对应词语页核对。
boya-elementary-ii:听写:tingxie,boya-elementary-ii,初级起步篇 II,听写,tingxie,动,to dictate,nghe viết,translated_subagent_draft,,1;9,订一张机票;糟糕的一天,9,194,词语总表,appendix_canonical_needs_pos_translation_review,词语总表提供词语、拼音和教材印刷页码；词类与越南文释义待从对应词语页核对。
boya-elementary-ii:洗衣机:xiyij,boya-elementary-ii,初级起步篇 II,洗衣机,xiyij,名,washing machine,máy giặt,translated_subagent_draft,,1;2,订一张机票;您有房子出租，是吗,2,194,词语总表,appendix_canonical_needs_pos_translation_review,词语总表提供词语、拼音和教材印刷页码；词类与越南文释义待从对应词语页核对。
boya-elementary-ii:听说:tingshua,boya-elementary-ii,初级起步篇 II,听说,tingshua,动,to hear of,nghe nói,translated_subagent_draft,,1;6,订一张机票;参加学校社团,6,194,词语总表,appendix_canonical_needs_pos_translation_review,词语总表提供词语、拼音和教材印刷页码；词类与越南文释义待从对应词语页核对。
boya-elementary-ii:洗:xy,boya-elementary-ii,初级起步篇 II,洗,xY,动,to wash,rửa; giặt,translated_subagent_draft,,1;11,订一张机票;做一个家常菜,11,194,词语总表,appendix_canonical_needs_pos_translation_review,词语总表提供词语、拼音和教材印刷页码；词类与越南文释义待从对应词语页核对。
boya-elementary-ii:听见:tingjian,boya-elementary-ii,初级起步篇 II,听见,ting jian,,to hear,nghe thấy,translated_subagent_draft,,1;8,订一张机票;一场篮球比赛,8,194,词语总表,appendix_canonical_needs_pos_translation_review,词语总表提供词语、拼音和教材印刷页码；词类与越南文释义待从对应词语页核对。
boya-elementary-ii:习惯:xiguan,boya-elementary-ii,初级起步篇 II,习惯,xiguan,动,to be accustomed to; to be used to,quen; thói quen,translated_subagent_draft,,2;15,您有房子出租，是吗;我喜欢的咖啡厅,15,194,词语总表,appendix_canonical_needs_pos_translation_review,词语总表提供词语、拼音和教材印刷页码；词类与越南文释义待从对应词语页核对。
boya-elementary-ii:贴:tie,boya-elementary-ii,初级起步篇 II,贴,tie,动,to paste,dán,translated_subagent_draft,,1;6,订一张机票;参加学校社团,6,194,词语总表,appendix_canonical_needs_pos_translation_review,词语总表提供词语、拼音和教材印刷页码；词类与越南文释义待从对应词语页核对。
boya-elementary-ii:希望:xiwang,boya-elementary-ii,初级起步篇 II,希望,xiwang,动,to hope,hy vọng; mong,translated_subagent_draft,,2;13,您有房子出租，是吗;我叫“不紧张”,13,194,词语总表,appendix_canonical_needs_pos_translation_review,词语总表提供词语、拼音和教材印刷页码；词类与越南文释义待从对应词语页核对。
boya-elementary-ii:条件:tidolian,boya-elementary-ii,初级起步篇 II,条件,tidolian,名,condition,điều kiện,translated_subagent_draft,,2;12,您有房子出租，是吗;搬进学校的宿舍,12,194,词语总表,appendix_canonical_needs_pos_translation_review,词语总表提供词语、拼音和教材印刷页码；词类与越南文释义待从对应词语页核对。
boya-elementary-ii:西红柿:xihongshi,boya-elementary-ii,初级起步篇 II,西红柿,xihongshi,名,tomato,cà chua,translated_subagent_draft,,1;5,订一张机票;在饭馆儿点菜,5,194,词语总表,appendix_canonical_needs_pos_translation_review,词语总表提供词语、拼音和教材印刷页码；词类与越南文释义待从对应词语页核对。
boya-elementary-ii:甜:tian,boya-elementary-ii,初级起步篇 II,甜,tian,,sweet,ngọt,translated_subagent_draft,,1;7,订一张机票;去动物园,7,194,词语总表,appendix_canonical_needs_pos_translation_review,词语总表提供词语、拼音和教材印刷页码；词类与越南文释义待从对应词语页核对。
boya-elementary-ii:西边:xibian,boya-elementary-ii,初级起步篇 II,西边,xibian,名,west,phía tây,translated_subagent_draft,,2;12,您有房子出租，是吗;搬进学校的宿舍,12,194,词语总表,appendix_canonical_needs_pos_translation_review,词语总表提供词语、拼音和教材印刷页码；词类与越南文释义待从对应词语页核对。
boya-elementary-ii:提:ti,boya-elementary-ii,初级起步篇 II,提,tí,动,to mention; to bring up,nhắc đến; xách,translated_subagent_draft,,1;8,订一张机票;一场篮球比赛,8,194,词语总表,appendix_canonical_repaired_needs_pos_translation_review,词语总表提供词语、拼音和教材印刷页码；词类与越南文释义待从对应词语页核对。；补回附录缺失拼音 tí
boya-elementary-ii:套:tao,boya-elementary-ii,初级起步篇 II,套,tao,量,a set of,bộ; căn (lượng từ nhà hoặc căn hộ),translated_subagent_draft,,1;2,订一张机票;您有房子出租，是吗,2,194,词语总表,appendix_canonical_needs_pos_translation_review,词语总表提供词语、拼音和教材印刷页码；词类与越南文释义待从对应词语页核对。
boya-elementary-ii:讨论:tdolin,boya-elementary-ii,初级起步篇 II,讨论,tdolin,动,to discuss,thảo luận,translated_subagent_draft,,2;16,您有房子出租，是吗;母校聚会,16,194,词语总表,appendix_canonical_needs_pos_translation_review,词语总表提供词语、拼音和教材印刷页码；词类与越南文释义待从对应词语页核对。
boya-elementary-ii:无:wi,boya-elementary-ii,初级起步篇 II,无,Wi,动,to not have,không có; vô,translated_subagent_draft,,2;15,您有房子出租，是吗;我喜欢的咖啡厅,15,194,词语总表,appendix_canonical_needs_pos_translation_review,词语总表提供词语、拼音和教材印刷页码；词类与越南文释义待从对应词语页核对。
boya-elementary-ii:趟:tang,boya-elementary-ii,初级起步篇 II,趟,tang,,measure word （for one round trip）,chuyến (lượng từ lượt đi-về),translated_subagent_draft,,1;7,订一张机票;去动物园,7,194,词语总表,appendix_canonical_needs_pos_translation_review,词语总表提供词语、拼音和教材印刷页码；词类与越南文释义待从对应词语页核对。
boya-elementary-ii:味道:weidao,boya-elementary-ii,初级起步篇 II,味道,weidao,名,flavor; taste,mùi vị; hương vị,translated_subagent_draft,,2;15,您有房子出租，是吗;我喜欢的咖啡厅,15,194,词语总表,appendix_canonical_needs_pos_translation_review,词语总表提供词语、拼音和教材印刷页码；词类与越南文释义待从对应词语页核对。
boya-elementary-ii:糖:tang,boya-elementary-ii,初级起步篇 II,糖,tang,名,sugar,đường,translated_subagent_draft,,2;15,您有房子出租，是吗;我喜欢的咖啡厅,15,194,词语总表,appendix_canonical_needs_pos_translation_review,词语总表提供词语、拼音和教材印刷页码；词类与越南文释义待从对应词语页核对。
boya-elementary-ii:卫生间:weishengjian,boya-elementary-ii,初级起步篇 II,卫生间,weishengjian,名,toilet,nhà vệ sinh,translated_subagent_draft,,1;2,订一张机票;您有房子出租，是吗,2,194,词语总表,appendix_canonical_needs_pos_translation_review,词语总表提供词语、拼音和教材印刷页码；词类与越南文释义待从对应词语页核对。
boya-elementary-ii:为了:weile,boya-elementary-ii,初级起步篇 II,为了,weile,介,In order to,để; vì mục đích,translated_subagent_draft,,1;6,订一张机票;参加学校社团,6,194,词语总表,appendix_canonical_needs_pos_translation_review,词语总表提供词语、拼音和教材印刷页码；词类与越南文释义待从对应词语页核对。
boya-elementary-ii:往:wding,boya-elementary-ii,初级起步篇 II,往,wding,介,towards,hướng về; về phía,translated_subagent_draft,,1;7,订一张机票;去动物园,7,194,词语总表,appendix_canonical_needs_pos_translation_review,词语总表提供词语、拼音和教材印刷页码；词类与越南文释义待从对应词语页核对。
boya-elementary-ii:蒜:suan,boya-elementary-ii,初级起步篇 II,蒜,suan,名,garlic,tỏi,translated_subagent_draft,,1;11,订一张机票;做一个家常菜,11,194,词语总表,appendix_canonical_needs_pos_translation_review,词语总表提供词语、拼音和教材印刷页码；词类与越南文释义待从对应词语页核对。
boya-elementary-ii:网上:wdingshang,boya-elementary-ii,初级起步篇 II,网上,wdingshang,名,on the internet,trên mạng,translated_subagent_draft,,1;2,订一张机票;您有房子出租，是吗,2,194,词语总表,appendix_canonical_needs_pos_translation_review,词语总表提供词语、拼音和教材印刷页码；词类与越南文释义待从对应词语页核对。
boya-elementary-ii:酸:suan,boya-elementary-ii,初级起步篇 II,酸,suan,形,InOs,chua,translated_subagent_draft,,1;11,订一张机票;做一个家常菜,11,194,词语总表,appendix_canonical_needs_pos_translation_review,词语总表提供词语、拼音和教材印刷页码；词类与越南文释义待从对应词语页核对。
boya-elementary-ii:忘:wang,boya-elementary-ii,初级起步篇 II,忘,wang,动,to forget,quên,translated_subagent_draft,,1;9,订一张机票;糟糕的一天,9,194,词语总表,appendix_canonical_needs_pos_translation_review,词语总表提供词语、拼音和教材印刷页码；词类与越南文释义待从对应词语页核对。
boya-elementary-ii:送:song,boya-elementary-ii,初级起步篇 II,送,song,动,to see sb.off,tiễn; tặng,translated_subagent_draft,,1,订一张机票,1,194,词语总表,appendix_canonical_needs_pos_translation_review,词语总表提供词语、拼音和教材印刷页码；词类与越南文释义待从对应词语页核对。
boya-elementary-ii:碗:wan,boya-elementary-ii,初级起步篇 II,碗,wan,名,bowl,bát,translated_subagent_draft,,1;5,订一张机票;在饭馆儿点菜,5,194,词语总表,appendix_canonical_needs_pos_translation_review,词语总表提供词语、拼音和教材印刷页码；词类与越南文释义待从对应词语页核对。
boya-elementary-ii:丝:si,boya-elementary-ii,初级起步篇 II,丝,Si,名,narrow pleces,sợi; sợi nhỏ (lượng từ),translated_subagent_draft,,1;11,订一张机票;做一个家常菜,11,194,词语总表,appendix_canonical_needs_pos_translation_review,词语总表提供词语、拼音和教材印刷页码；词类与越南文释义待从对应词语页核对。
boya-elementary-ii:晚点:wandidn,boya-elementary-ii,初级起步篇 II,晚点,wandidn,,"to be late, to be behind schedule",trễ giờ; chậm chuyến,translated_subagent_draft,,1,订一张机票,1,194,词语总表,appendix_canonical_needs_pos_translation_review,词语总表提供词语、拼音和教材印刷页码；词类与越南文释义待从对应词语页核对。
boya-elementary-ii:顺利:shunli,boya-elementary-ii,初级起步篇 II,顺利,shunli,形,smooth; successful,thuận lợi,translated_subagent_draft,,1;8,订一张机票;一场篮球比赛,8,194,词语总表,appendix_canonical_needs_pos_translation_review,词语总表提供词语、拼音和教材印刷页码；词类与越南文释义待从对应词语页核对。
boya-elementary-ii:完全:wanquan,boya-elementary-ii,初级起步篇 II,完全,wanquan,,completely; fully,hoàn toàn,translated_subagent_draft,,2;16,您有房子出租，是吗;母校聚会,16,194,词语总表,appendix_canonical_needs_pos_translation_review,词语总表提供词语、拼音和教材印刷页码；词类与越南文释义待从对应词语页核对。
boya-elementary-ii:睡懒觉:shuilaniiao,boya-elementary-ii,初级起步篇 II,睡懒觉,shui laniiao,,to lie in,ngủ nướng,translated_subagent_draft,,1;7,订一张机票;去动物园,7,194,词语总表,appendix_canonical_needs_pos_translation_review,词语总表提供词语、拼音和教材印刷页码；词类与越南文释义待从对应词语页核对。
boya-elementary-ii:校园:xidoyuan,boya-elementary-ii,初级起步篇 II,校园,xidoyuan,名,campus,khuôn viên trường,translated_subagent_draft,,2;16,您有房子出租，是吗;母校聚会,16,195,词语总表,appendix_canonical_needs_pos_translation_review,词语总表提供词语、拼音和教材印刷页码；词类与越南文释义待从对应词语页核对。
boya-elementary-ii:阴:yin,boya-elementary-ii,初级起步篇 II,阴,yin,形,cloudy; overcast,âm u; nhiều mây,translated_subagent_draft,,1,订一张机票,1,195,词语总表,appendix_canonical_needs_pos_translation_review,词语总表提供词语、拼音和教材印刷页码；词类与越南文释义待从对应词语页核对。
boya-elementary-ii:笑:xido,boya-elementary-ii,初级起步篇 II,笑,xido,动,to smile; to laugh,cười,translated_subagent_draft,,1;10,订一张机票;你的旅行怎么样,10,195,词语总表,appendix_canonical_needs_pos_translation_review,词语总表提供词语、拼音和教材印刷页码；词类与越南文释义待从对应词语页核对。
boya-elementary-ii:赢:ying,boya-elementary-ii,初级起步篇 II,赢,ying,动,to win,thắng,translated_subagent_draft,,1;8,订一张机票;一场篮球比赛,8,195,词语总表,appendix_canonical_needs_pos_translation_review,词语总表提供词语、拼音和教材印刷页码；词类与越南文释义待从对应词语页核对。
boya-elementary-ii:熊猫:xiongmao,boya-elementary-ii,初级起步篇 II,熊猫,xiongmao,名,panda,gấu trúc,translated_subagent_draft,,1;7,订一张机票;去动物园,7,195,词语总表,appendix_canonical_needs_pos_translation_review,词语总表提供词语、拼音和教材印刷页码；词类与越南文释义待从对应词语页核对。
boya-elementary-ii:影响:yingxiang,boya-elementary-ii,初级起步篇 II,影响,yingxiang,动,to influence,ảnh hưởng,translated_subagent_draft,,2;18,您有房子出租，是吗;去打工,18,195,词语总表,appendix_canonical_needs_pos_translation_review,词语总表提供词语、拼音和教材印刷页码；词类与越南文释义待从对应词语页核对。
boya-elementary-ii:新鲜:xinxian,boya-elementary-ii,初级起步篇 II,新鲜,xinxian,形,fresh peel,tươi; mới,translated_subagent_draft,,1;11,订一张机票;做一个家常菜,11,195,词语总表,appendix_canonical_needs_pos_translation_review,词语总表提供词语、拼音和教材印刷页码；词类与越南文释义待从对应词语页核对。
boya-elementary-ii:优点:youdian,boya-elementary-ii,初级起步篇 II,优点,youdian,名,advantage,ưu điểm,translated_subagent_draft,,2;18,您有房子出租，是吗;去打工,18,195,词语总表,appendix_canonical_needs_pos_translation_review,词语总表提供词语、拼音和教材印刷页码；词类与越南文释义待从对应词语页核对。
boya-elementary-ii:信息:xinxi,boya-elementary-ii,初级起步篇 II,信息,xinxi,名,information; news,thông tin,translated_subagent_draft,,2;14,您有房子出租，是吗;实现理想,14,195,词语总表,appendix_canonical_needs_pos_translation_review,词语总表提供词语、拼音和教材印刷页码；词类与越南文释义待从对应词语页核对。
boya-elementary-ii:油:you,boya-elementary-ii,初级起步篇 II,油,yOu,名,T!O,dầu ăn,translated_subagent_draft,,1;11,订一张机票;做一个家常菜,11,195,词语总表,appendix_canonical_needs_pos_translation_review,词语总表提供词语、拼音和教材印刷页码；词类与越南文释义待从对应词语页核对。
boya-elementary-ii:信心:xinxin,boya-elementary-ii,初级起步篇 II,信心,xinxin,名,confidence,niềm tin; sự tự tin,translated_subagent_draft,,2;18,您有房子出租，是吗;去打工,18,195,词语总表,appendix_canonical_needs_pos_translation_review,词语总表提供词语、拼音和教材印刷页码；词类与越南文释义待从对应词语页核对。
boya-elementary-ii:有空儿:youkongr,boya-elementary-ii,初级起步篇 II,有空儿,you kongr,,to be free of time,rảnh,translated_subagent_draft,,2;16,您有房子出租，是吗;母校聚会,16,195,词语总表,appendix_canonical_needs_pos_translation_review,词语总表提供词语、拼音和教材印刷页码；词类与越南文释义待从对应词语页核对。
boya-elementary-ii:醒:xing,boya-elementary-ii,初级起步篇 II,醒,xing,动,"to wake, to be awake",tỉnh; thức,translated_subagent_draft,,1;8,订一张机票;一场篮球比赛,8,195,词语总表,appendix_canonical_needs_pos_translation_review,词语总表提供词语、拼音和教材印刷页码；词类与越南文释义待从对应词语页核对。
boya-elementary-ii:右:you,boya-elementary-ii,初级起步篇 II,右,you,名,right,bên phải,translated_subagent_draft,,1;10,订一张机票;你的旅行怎么样,10,195,词语总表,appendix_canonical_needs_pos_translation_review,词语总表提供词语、拼音和教材印刷页码；词类与越南文释义待从对应词语页核对。
boya-elementary-ii:幸运:xingyin,boya-elementary-ii,初级起步篇 II,幸运,xingyin,形,lucky; fortunate,may mắn,translated_subagent_draft,,1;10,订一张机票;你的旅行怎么样,10,195,词语总表,appendix_canonical_needs_pos_translation_review,词语总表提供词语、拼音和教材印刷页码；词类与越南文释义待从对应词语页核对。
boya-elementary-ii:幼儿园:youeryuan,boya-elementary-ii,初级起步篇 II,幼儿园,you'eryuan,名,kindergarten; nursery school,trường mẫu giáo,translated_subagent_draft,,2;14,您有房子出租，是吗;实现理想,14,195,词语总表,appendix_canonical_needs_pos_translation_review,词语总表提供词语、拼音和教材印刷页码；词类与越南文释义待从对应词语页核对。
boya-elementary-ii:需要:xuydo,boya-elementary-ii,初级起步篇 II,需要,xuydo,动,to need,cần,translated_subagent_draft,,1,订一张机票,1,195,词语总表,appendix_canonical_needs_pos_translation_review,词语总表提供词语、拼音和教材印刷页码；词类与越南文释义待从对应词语页核对。
boya-elementary-ii:语言:yiyan,boya-elementary-ii,初级起步篇 II,语言,yiyan,名,Language,ngôn ngữ,translated_subagent_draft,,2;14,您有房子出租，是吗;实现理想,14,195,词语总表,appendix_canonical_needs_pos_translation_review,词语总表提供词语、拼音和教材印刷页码；词类与越南文释义待从对应词语页核对。
boya-elementary-ii:学期:xueqi,boya-elementary-ii,初级起步篇 II,学期,xueqi,名,term; semester,học kỳ,translated_subagent_draft,,1;6,订一张机票;参加学校社团,6,195,词语总表,appendix_canonical_needs_pos_translation_review,词语总表提供词语、拼音和教材印刷页码；词类与越南文释义待从对应词语页核对。
boya-elementary-ii:遇到:yuddo,boya-elementary-ii,初级起步篇 II,遇到,yu ddo,,to run into; to encounter,gặp phải,translated_subagent_draft,,2;13,您有房子出租，是吗;我叫“不紧张”,13,195,词语总表,appendix_canonical_needs_pos_translation_review,词语总表提供词语、拼音和教材印刷页码；词类与越南文释义待从对应词语页核对。
boya-elementary-ii:学生会:xueshenghui,boya-elementary-ii,初级起步篇 II,学生会,xueshenghui,名,student union,hội sinh viên,translated_subagent_draft,,1;6,订一张机票;参加学校社团,6,195,词语总表,appendix_canonical_needs_pos_translation_review,词语总表提供词语、拼音和教材印刷页码；词类与越南文释义待从对应词语页核对。
boya-elementary-ii:原价:yuanjia,boya-elementary-ii,初级起步篇 II,原价,yuanjia,名,original price,giá gốc,translated_subagent_draft,,1,订一张机票,1,195,词语总表,appendix_canonical_needs_pos_translation_review,词语总表提供词语、拼音和教材印刷页码；词类与越南文释义待从对应词语页核对。
boya-elementary-ii:学生证:xueshengzheng,boya-elementary-ii,初级起步篇 II,学生证,xueshengzheng,名,students' ID card,thẻ sinh viên,translated_subagent_draft,,1;6,订一张机票;参加学校社团,6,195,词语总表,appendix_canonical_needs_pos_translation_review,词语总表提供词语、拼音和教材印刷页码；词类与越南文释义待从对应词语页核对。
boya-elementary-ii:原来:yuanlai,boya-elementary-ii,初级起步篇 II,原来,yuanlai,形,original; former,vốn dĩ; hóa ra; cũ,translated_subagent_draft,,2;16,您有房子出租，是吗;母校聚会,16,195,词语总表,appendix_canonical_needs_pos_translation_review,词语总表提供词语、拼音和教材印刷页码；词类与越南文释义待从对应词语页核对。
boya-elementary-ii:寻物启事:xunwuqishi,boya-elementary-ii,初级起步篇 II,寻物启事,xunwu qishi,,Lost and Found,thông báo tìm đồ thất lạc,translated_subagent_draft,,1;3,订一张机票;我丢了一个钱包,3,195,词语总表,appendix_canonical_needs_pos_translation_review,词语总表提供词语、拼音和教材印刷页码；词类与越南文释义待从对应词语页核对。
boya-elementary-ii:原料:yuanlido,boya-elementary-ii,初级起步篇 II,原料,yuanlido,名,raw material,nguyên liệu,translated_subagent_draft,,1;11,订一张机票;做一个家常菜,11,195,词语总表,appendix_canonical_needs_pos_translation_review,词语总表提供词语、拼音和教材印刷页码；词类与越南文释义待从对应词语页核对。
boya-elementary-ii:远:yuan,boya-elementary-ii,初级起步篇 II,远,yuan,形,far,xa,translated_subagent_draft,,1;2,订一张机票;您有房子出租，是吗,2,195,词语总表,appendix_canonical_needs_pos_translation_review,词语总表提供词语、拼音和教材印刷页码；词类与越南文释义待从对应词语页核对。
boya-elementary-ii:愿意:yudnyi,boya-elementary-ii,初级起步篇 II,愿意,yudnyi,动,to be willing,sẵn lòng; bằng lòng,translated_subagent_draft,,2;18,您有房子出租，是吗;去打工,18,195,词语总表,appendix_canonical_needs_pos_translation_review,词语总表提供词语、拼音和教材印刷页码；词类与越南文释义待从对应词语页核对。
boya-elementary-ii:严重:yanzhong,boya-elementary-ii,初级起步篇 II,严重,yanzhong,形,serious,nghiêm trọng,translated_subagent_draft,,1;4,订一张机票;我在中国生活,4,195,词语总表,appendix_canonical_needs_pos_translation_review,词语总表提供词语、拼音和教材印刷页码；词类与越南文释义待从对应词语页核对。
boya-elementary-ii:越来越……:yuelaiyue,boya-elementary-ii,初级起步篇 II,越来越……,yuèláiyuè……,,more and more,ngày càng…,translated_subagent_draft,,2;15,您有房子出租，是吗;我喜欢的咖啡厅,15,195,词语总表,appendix_canonical_repaired_needs_pos_translation_review,词语总表提供词语、拼音和教材印刷页码；词类与越南文释义待从对应词语页核对。；拼音 OCR 修为 yuèláiyuè……
boya-elementary-ii:盐:yan,boya-elementary-ii,初级起步篇 II,盐,yan,名,salt,muối,translated_subagent_draft,,1;11,订一张机票;做一个家常菜,11,195,词语总表,appendix_canonical_needs_pos_translation_review,词语总表提供词语、拼音和教材印刷页码；词类与越南文释义待从对应词语页核对。
boya-elementary-ii:越……越……:yueyue,boya-elementary-ii,初级起步篇 II,越……越……,yuè……yuè……,,the more... the more...,càng… càng…,translated_subagent_draft,,2;13,您有房子出租，是吗;我叫“不紧张”,13,195,词语总表,appendix_canonical_repaired_needs_pos_translation_review,词语总表提供词语、拼音和教材印刷页码；词类与越南文释义待从对应词语页核对。；补回附录缺失拼音 yuè……yuè……
boya-elementary-ii:眼睛:yanjing,boya-elementary-ii,初级起步篇 II,眼睛,yanjing,名,eye,mắt,translated_subagent_draft,,1;3,订一张机票;我丢了一个钱包,3,195,词语总表,appendix_canonical_needs_pos_translation_review,词语总表提供词语、拼音和教材印刷页码；词类与越南文释义待从对应词语页核对。
boya-elementary-ii:云:yun,boya-elementary-ii,初级起步篇 II,云,yun,名,cloud,mây,translated_subagent_draft,,1;7,订一张机票;去动物园,7,195,词语总表,appendix_canonical_needs_pos_translation_review,词语总表提供词语、拼音和教材印刷页码；词类与越南文释义待从对应词语页核对。
boya-elementary-ii:眼镜:yanjing,boya-elementary-ii,初级起步篇 II,眼镜,yanjing,名,glasses,kính mắt,translated_subagent_draft,,1;9,订一张机票;糟糕的一天,9,195,词语总表,appendix_canonical_needs_pos_translation_review,词语总表提供词语、拼音和教材印刷页码；词类与越南文释义待从对应词语页核对。
boya-elementary-ii:阳光:yangguang,boya-elementary-ii,初级起步篇 II,阳光,yangguang,名,sunlight,ánh nắng,translated_subagent_draft,,1;10,订一张机票;你的旅行怎么样,10,195,词语总表,appendix_canonical_needs_pos_translation_review,词语总表提供词语、拼音和教材印刷页码；词类与越南文释义待从对应词语页核对。
boya-elementary-ii:样子:yangzi,boya-elementary-ii,初级起步篇 II,样子,yangzi,名,appearance,dáng vẻ; kiểu dáng,translated_subagent_draft,,1;3,订一张机票;我丢了一个钱包,3,195,词语总表,appendix_canonical_needs_pos_translation_review,词语总表提供词语、拼音和教材印刷页码；词类与越南文释义待从对应词语页核对。
boya-elementary-ii:再说:zdishud,boya-elementary-ii,初级起步篇 II,再说,zdishud,,moreover,hơn nữa; vả lại,translated_subagent_draft,,1;7,订一张机票;去动物园,7,195,词语总表,appendix_canonical_needs_pos_translation_review,词语总表提供词语、拼音和教材印刷页码；词类与越南文释义待从对应词语页核对。
boya-elementary-ii:也许:yexu,boya-elementary-ii,初级起步篇 II,也许,YExU,,maybe,có lẽ,translated_subagent_draft,,2;13,您有房子出租，是吗;我叫“不紧张”,13,195,词语总表,appendix_canonical_needs_pos_translation_review,词语总表提供词语、拼音和教材印刷页码；词类与越南文释义待从对应词语页核对。
boya-elementary-ii:糟糕:zaogao,boya-elementary-ii,初级起步篇 II,糟糕,zaogao,形,"terible; too bad to answer, to pay attention to",tệ; tồi tệ,translated_subagent_draft,,1;9,订一张机票;糟糕的一天,9,195,词语总表,appendix_canonical_needs_pos_translation_review,词语总表提供词语、拼音和教材印刷页码；词类与越南文释义待从对应词语页核对。
boya-elementary-ii:夜里:yeli,boya-elementary-ii,初级起步篇 II,夜里,yeli,名,nighttime,ban đêm,translated_subagent_draft,,1;9,订一张机票;糟糕的一天,9,195,词语总表,appendix_canonical_needs_pos_translation_review,词语总表提供词语、拼音和教材印刷页码；词类与越南文释义待从对应词语页核对。
boya-elementary-ii:早餐:zdocan,boya-elementary-ii,初级起步篇 II,早餐,zdocan,名,breakfast,bữa sáng,translated_subagent_draft,,1;4,订一张机票;我在中国生活,4,195,词语总表,appendix_canonical_needs_pos_translation_review,词语总表提供词语、拼音和教材印刷页码；词类与越南文释义待从对应词语页核对。
boya-elementary-ii:一块儿:yikudir,boya-elementary-ii,初级起步篇 II,一块儿,yikudir,,together,cùng nhau,translated_subagent_draft,,1;8,订一张机票;一场篮球比赛,8,195,词语总表,appendix_canonical_needs_pos_translation_review,词语总表提供词语、拼音和教材印刷页码；词类与越南文释义待从对应词语页核对。
boya-elementary-ii:长:zhang,boya-elementary-ii,初级起步篇 II,长,zhang,动,to grow,lớn lên; mọc dài,translated_subagent_draft,,1;3,订一张机票;我丢了一个钱包,3,195,词语总表,appendix_canonical_needs_pos_translation_review,词语总表提供词语、拼音和教材印刷页码；词类与越南文释义待从对应词语页核对。
boya-elementary-ii:一下子:yixidzi,boya-elementary-ii,初级起步篇 II,一下子,yixidzi,副,"all at once, all of a sudden",đột nhiên; trong chốc lát,translated_subagent_draft,,1;9,订一张机票;糟糕的一天,9,195,词语总表,appendix_canonical_needs_pos_translation_review,词语总表提供词语、拼音和教材印刷页码；词类与越南文释义待从对应词语页核对。
boya-elementary-ii:招聘:zhaopin,boya-elementary-ii,初级起步篇 II,招聘,zhaopin,动,to recruit,tuyển dụng,translated_subagent_draft,,2;18,您有房子出租，是吗;去打工,18,195,词语总表,appendix_canonical_needs_pos_translation_review,词语总表提供词语、拼音和教材印刷页码；词类与越南文释义待从对应词语页核对。
boya-elementary-ii:一样:yiyang,boya-elementary-ii,初级起步篇 II,一样,yiyang,形,"same, as...as",giống nhau; như nhau,translated_subagent_draft,,1;4,订一张机票;我在中国生活,4,195,词语总表,appendix_canonical_needs_pos_translation_review,词语总表提供词语、拼音和教材印刷页码；词类与越南文释义待从对应词语页核对。
boya-elementary-ii:着:zhao,boya-elementary-ii,初级起步篇 II,着,zháo,动,reaching the goal or the action,được; trúng (bổ ngữ kết quả),translated_subagent_draft,,1;9,订一张机票;糟糕的一天,9,195,词语总表,appendix_canonical_repaired_needs_pos_translation_review,词语总表提供词语、拼音和教材印刷页码；词类与越南文释义待从对应词语页核对。；拼音 OCR 修为 zháo
boya-elementary-ii:一边:yibian,boya-elementary-ii,初级起步篇 II,一边,yibian,,at the same time; simultaneously,vừa... vừa...; đồng thời,translated_subagent_draft,,1;10,订一张机票;你的旅行怎么样,10,195,词语总表,appendix_canonical_needs_pos_translation_review,词语总表提供词语、拼音和教材印刷页码；词类与越南文释义待从对应词语页核对。
boya-elementary-ii:照:zhao,boya-elementary-ii,初级起步篇 II,照,zhao,动,to photograph; to take （a picture）,chụp; chụp ảnh,translated_subagent_draft,,1;10,订一张机票;你的旅行怎么样,10,195,词语总表,appendix_canonical_needs_pos_translation_review,词语总表提供词语、拼音和教材印刷页码；词类与越南文释义待从对应词语页核对。
boya-elementary-ii:咦:yi,boya-elementary-ii,初级起步篇 II,咦,yi,叹,well; why （expressing surprise）,ủa; ơ,translated_subagent_draft,,2;12,您有房子出租，是吗;搬进学校的宿舍,12,195,词语总表,appendix_canonical_needs_pos_translation_review,词语总表提供词语、拼音和教材印刷页码；词类与越南文释义待从对应词语页核对。
boya-elementary-ii:照片:zhaopian,boya-elementary-ii,初级起步篇 II,照片,zhaopian,名,photo,ảnh,translated_subagent_draft,,1;3,订一张机票;我丢了一个钱包,3,195,词语总表,appendix_canonical_needs_pos_translation_review,词语总表提供词语、拼音和教材印刷页码；词类与越南文释义待从对应词语页核对。
boya-elementary-ii:以前:yiqian,boya-elementary-ii,初级起步篇 II,以前,yiqian,名,before,trước đây; trước khi,translated_subagent_draft,,1;4,订一张机票;我在中国生活,4,195,词语总表,appendix_canonical_needs_pos_translation_review,词语总表提供词语、拼音和教材印刷页码；词类与越南文释义待从对应词语页核对。
boya-elementary-ii:着:zhe,boya-elementary-ii,初级起步篇 II,着,zhe,助,indicating the continuation of a state,(trợ từ) chỉ trạng thái đang tiếp diễn,translated_subagent_draft,,1;3,订一张机票;我丢了一个钱包,3,195,词语总表,appendix_canonical_repaired_needs_pos_translation_review,词语总表提供词语、拼音和教材印刷页码；词类与越南文释义待从对应词语页核对。；拼音 OCR 修为 zhe
boya-elementary-ii:以为:yiwei,boya-elementary-ii,初级起步篇 II,以为,yiwei,动,to think; to believe; to consider,tưởng; cứ nghĩ là,translated_subagent_draft,,2;14,您有房子出租，是吗;实现理想,14,195,词语总表,appendix_canonical_needs_pos_translation_review,词语总表提供词语、拼音和教材印刷页码；词类与越南文释义待从对应词语页核对。
boya-elementary-ii:真正:zhenzheng,boya-elementary-ii,初级起步篇 II,真正,zhenzheng,形,real;genuine,thực sự; đích thực,translated_subagent_draft,,2;18,您有房子出租，是吗;去打工,18,195,词语总表,appendix_canonical_needs_pos_translation_review,词语总表提供词语、拼音和教材印刷页码；词类与越南文释义待从对应词语页核对。
boya-elementary-ii:正点:zhengdian,boya-elementary-ii,初级起步篇 II,正点,zhengdian,动,on time; punctually,đúng giờ,translated_subagent_draft,,1,订一张机票,1,196,词语总表,appendix_canonical_needs_pos_translation_review,词语总表提供词语、拼音和教材印刷页码；词类与越南文释义待从对应词语页核对。
boya-elementary-ii:主要:zhuyao,boya-elementary-ii,初级起步篇 II,主要,zhǔyào,形,mamn; major,chủ yếu; chính,translated_subagent_draft,,1;5,订一张机票;在饭馆儿点菜,5,196,词语总表,appendix_canonical_repaired_needs_pos_translation_review,词语总表提供词语、拼音和教材印刷页码；词类与越南文释义待从对应词语页核对。；拼音 OCR 修为 zhǔyào
boya-elementary-ii:只要:zhiydo,boya-elementary-ii,初级起步篇 II,只要,zhiydo,连,if only; so long as,chỉ cần,translated_subagent_draft,,2;14,您有房子出租，是吗;实现理想,14,196,词语总表,appendix_canonical_needs_pos_translation_review,词语总表提供词语、拼音和教材印刷页码；词类与越南文释义待从对应词语页核对。
boya-elementary-ii:祝:zhu,boya-elementary-ii,初级起步篇 II,祝,zhu,动,to express good wishes; to make a toast,chúc,translated_subagent_draft,,2;14,您有房子出租，是吗;实现理想,14,196,词语总表,appendix_canonical_needs_pos_translation_review,词语总表提供词语、拼音和教材印刷页码；词类与越南文释义待从对应词语页核对。
boya-elementary-ii:纸:zhi,boya-elementary-ii,初级起步篇 II,纸,zhi,名,paper,giấy,translated_subagent_draft,,2;12,您有房子出租，是吗;搬进学校的宿舍,12,196,词语总表,appendix_canonical_needs_pos_translation_review,词语总表提供词语、拼音和教材印刷页码；词类与越南文释义待从对应词语页核对。
boya-elementary-ii:祝贺:zhuhe,boya-elementary-ii,初级起步篇 II,祝贺,zhuhe,动,to congratulate,chúc mừng,translated_subagent_draft,,2;14,您有房子出租，是吗;实现理想,14,196,词语总表,appendix_canonical_needs_pos_translation_review,词语总表提供词语、拼音和教材印刷页码；词类与越南文释义待从对应词语页核对。
boya-elementary-ii:制订:zhiding,boya-elementary-ii,初级起步篇 II,制订,zhiding,动,to lay down; to work out,xây dựng; lập (kế hoạch),translated_subagent_draft,,2;17,您有房子出租，是吗;我的假期,17,196,词语总表,appendix_canonical_needs_pos_translation_review,词语总表提供词语、拼音和教材印刷页码；词类与越南文释义待从对应词语页核对。
boya-elementary-ii:专门:zhuanmen,boya-elementary-ii,初级起步篇 II,专门,zhuanmen,,especially,chuyên; đặc biệt,translated_subagent_draft,,2;14,您有房子出租，是吗;实现理想,14,196,词语总表,appendix_canonical_needs_pos_translation_review,词语总表提供词语、拼音和教材印刷页码；词类与越南文释义待从对应词语页核对。
boya-elementary-ii:中餐馆:zhongcanguan,boya-elementary-ii,初级起步篇 II,中餐馆,zhongcanguan,名,Chinese restaurant,nhà hàng Trung Quốc,translated_subagent_draft,,1;7,订一张机票;去动物园,7,196,词语总表,appendix_canonical_needs_pos_translation_review,词语总表提供词语、拼音和教材印刷页码；词类与越南文释义待从对应词语页核对。
boya-elementary-ii:专业:zhuanye,boya-elementary-ii,初级起步篇 II,专业,zhuanye,名,major,chuyên ngành,translated_subagent_draft,,1;6,订一张机票;参加学校社团,6,196,词语总表,appendix_canonical_needs_pos_translation_review,词语总表提供词语、拼音和教材印刷页码；词类与越南文释义待从对应词语页核对。
boya-elementary-ii:中指:zhongzhi,boya-elementary-ii,初级起步篇 II,中指,zhōngzhǐ,名,middle finger,ngón giữa,translated_subagent_draft,,1;10,订一张机票;你的旅行怎么样,10,196,词语总表,appendix_canonical_repaired_needs_pos_translation_review,词语总表提供词语、拼音和教材印刷页码；词类与越南文释义待从对应词语页核对。；拼音 OCR 修为 zhōngzhǐ
boya-elementary-ii:准备:zhunbei,boya-elementary-ii,初级起步篇 II,准备,zhunbei,,to prepare,chuẩn bị,translated_subagent_draft,,1;7,订一张机票;去动物园,7,196,词语总表,appendix_canonical_needs_pos_translation_review,词语总表提供词语、拼音和教材印刷页码；词类与越南文释义待从对应词语页核对。
boya-elementary-ii:终于:zhongyu,boya-elementary-ii,初级起步篇 II,终于,zhongyu,,finally,cuối cùng,translated_subagent_draft,,2;13,您有房子出租，是吗;我叫“不紧张”,13,196,词语总表,appendix_canonical_needs_pos_translation_review,词语总表提供词语、拼音和教材印刷页码；词类与越南文释义待从对应词语页核对。
boya-elementary-ii:桌子:zhuozi,boya-elementary-ii,初级起步篇 II,桌子,zhuozi,名,table,bàn,translated_subagent_draft,,2;12,您有房子出租，是吗;搬进学校的宿舍,12,196,词语总表,appendix_canonical_needs_pos_translation_review,词语总表提供词语、拼音和教材印刷页码；词类与越南文释义待从对应词语页核对。
boya-elementary-ii:种类:zhonglei,boya-elementary-ii,初级起步篇 II,种类,zhonglei,名,kind,chủng loại; loại,translated_subagent_draft,,2;15,您有房子出租，是吗;我喜欢的咖啡厅,15,196,词语总表,appendix_canonical_needs_pos_translation_review,词语总表提供词语、拼音和教材印刷页码；词类与越南文释义待从对应词语页核对。
boya-elementary-ii:租:zu,boya-elementary-ii,初级起步篇 II,租,ZU,,,thuê,translated_subagent_draft,,1,订一张机票,2,196,词语总表,appendix_canonical_needs_pos_translation_review,词语总表提供词语、拼音和教材印刷页码；词类与越南文释义待从对应词语页核对。
boya-elementary-ii:重:zhong,boya-elementary-ii,初级起步篇 II,重,zhong,形,heavy,nặng,translated_subagent_draft,,2;12,您有房子出租，是吗;搬进学校的宿舍,12,196,词语总表,appendix_canonical_needs_pos_translation_review,词语总表提供词语、拼音和教材印刷页码；词类与越南文释义待从对应词语页核对。
boya-elementary-ii:最后:zuihou,boya-elementary-ii,初级起步篇 II,最后,zuihou,名,Aireuy,cuối cùng; sau cùng,translated_subagent_draft,,1;11,订一张机票;做一个家常菜,11,196,词语总表,appendix_canonical_needs_pos_translation_review,词语总表提供词语、拼音和教材印刷页码；词类与越南文释义待从对应词语页核对。
boya-elementary-ii:重要:zhongyio,boya-elementary-ii,初级起步篇 II,重要,zhongyio,形,important to cheer； （to encourage sb.） to make an extra,quan trọng,translated_subagent_draft,,1;8,订一张机票;一场篮球比赛,8,196,词语总表,appendix_canonical_needs_pos_translation_review,词语总表提供词语、拼音和教材印刷页码；词类与越南文释义待从对应词语页核对。
boya-elementary-ii:最近:zuijin,boya-elementary-ii,初级起步篇 II,最近,zuijin,名,recently,gần đây,translated_subagent_draft,,1;4,订一张机票;我在中国生活,4,196,词语总表,appendix_canonical_needs_pos_translation_review,词语总表提供词语、拼音和教材印刷页码；词类与越南文释义待从对应词语页核对。
boya-elementary-ii:周围:zhouwei,boya-elementary-ii,初级起步篇 II,周围,zhōuwéi,名,around,xung quanh,translated_subagent_draft,,1;2,订一张机票;您有房子出租，是吗,2,196,词语总表,appendix_canonical_repaired_needs_pos_translation_review,词语总表提供词语、拼音和教材印刷页码；词类与越南文释义待从对应词语页核对。；拼音 OCR 修为 zhōuwéi
boya-elementary-ii:左右:zuoyou,boya-elementary-ii,初级起步篇 II,左右,zuoyou,名,about,khoảng; chừng,translated_subagent_draft,,1;3,订一张机票;我丢了一个钱包,3,196,词语总表,appendix_canonical_needs_pos_translation_review,词语总表提供词语、拼音和教材印刷页码；词类与越南文释义待从对应词语页核对。
boya-elementary-ii:粥:zhou,boya-elementary-ii,初级起步篇 II,粥,zhou,名,porridge,cháo,translated_subagent_draft,,1;4,订一张机票;我在中国生活,4,196,词语总表,appendix_canonical_needs_pos_translation_review,词语总表提供词语、拼音和教材印刷页码；词类与越南文释义待从对应词语页核对。
boya-elementary-ii:座位:zuowei,boya-elementary-ii,初级起步篇 II,座位,ZuOWei,名,seat,chỗ ngồi,translated_subagent_draft,,1,订一张机票,1,196,词语总表,appendix_canonical_needs_pos_translation_review,词语总表提供词语、拼音和教材印刷页码；词类与越南文释义待从对应词语页核对。
boya-elementary-ii:主意:zhuyi,boya-elementary-ii,初级起步篇 II,主意,zhuyi,名,idea,ý kiến; ý tưởng,translated_subagent_draft,,1;5,订一张机票;在饭馆儿点菜,5,196,词语总表,appendix_canonical_needs_pos_translation_review,词语总表提供词语、拼音和教材印刷页码；词类与越南文释义待从对应词语页核对。
boya-elementary-ii:广州:gudngzhou,boya-elementary-ii,初级起步篇 II,广州,Gudngzhou,,Guangzhou,Quảng Châu,translated_subagent_draft,,2;17,您有房子出租，是吗;我的假期,17,196,词语总表,appendix_canonical_needs_pos_translation_review,词语总表提供词语、拼音和教材印刷页码；词类与越南文释义待从对应词语页核对。
boya-elementary-ii:山东:shanding,boya-elementary-ii,初级起步篇 II,山东,Shanding,,Shandong,Sơn Đông,translated_subagent_draft,,2;17,您有房子出租，是吗;我的假期,17,196,词语总表,appendix_canonical_needs_pos_translation_review,词语总表提供词语、拼音和教材印刷页码；词类与越南文释义待从对应词语页核对。
boya-elementary-ii:上海:shanghai,boya-elementary-ii,初级起步篇 II,上海,Shanghai,,Shanghai,Thượng Hải,translated_subagent_draft,,2;17,您有房子出租，是吗;我的假期,17,196,词语总表,appendix_canonical_needs_pos_translation_review,词语总表提供词语、拼音和教材印刷页码；词类与越南文释义待从对应词语页核对。
boya-elementary-ii:海南:hdinan,boya-elementary-ii,初级起步篇 II,海南,Hdinan,,Hainan,Hải Nam,translated_subagent_draft,,2;17,您有房子出租，是吗;我的假期,17,196,词语总表,appendix_canonical_needs_pos_translation_review,词语总表提供词语、拼音和教材印刷页码；词类与越南文释义待从对应词语页核对。
boya-elementary-ii:十一:shiyi,boya-elementary-ii,初级起步篇 II,十一,Shi-Yi,,the National Day of China,ngày 1 tháng 10 (Quốc khánh Trung Quốc),translated_subagent_draft,,2;17,您有房子出租，是吗;我的假期,17,196,词语总表,appendix_canonical_needs_pos_translation_review,词语总表提供词语、拼音和教材印刷页码；词类与越南文释义待从对应词语页核对。
boya-elementary-ii:四川:sichuan,boya-elementary-ii,初级起步篇 II,四川,Sichuan,,Sichuan （a province of China）,Tứ Xuyên,translated_subagent_draft,,1;4,订一张机票;我在中国生活,4,196,词语总表,appendix_canonical_needs_pos_translation_review,词语总表提供词语、拼音和教材印刷页码；词类与越南文释义待从对应词语页核对。
boya-elementary-ii:加拿大:jianada,boya-elementary-ii,初级起步篇 II,加拿大,Jiānádà,,Canada,Canada,translated_subagent_draft,,1;4,订一张机票;我在中国生活,4,196,词语总表,appendix_canonical_repaired_needs_pos_translation_review,词语总表提供词语、拼音和教材印刷页码；词类与越南文释义待从对应词语页核对。；拼音 OCR 修为 Jiānádà
boya-elementary-ii:泰山:taishan,boya-elementary-ii,初级起步篇 II,泰山,Tai Shan,,Mount Tai,núi Thái Sơn,translated_subagent_draft,,2;17,您有房子出租，是吗;我的假期,17,196,词语总表,appendix_canonical_needs_pos_translation_review,词语总表提供词语、拼音和教材印刷页码；词类与越南文释义待从对应词语页核对。
boya-elementary-ii:孔子:kongzi,boya-elementary-ii,初级起步篇 II,孔子,Kongzi,,Confucius,Khổng Tử,translated_subagent_draft,,2;17,您有房子出租，是吗;我的假期,17,196,词语总表,appendix_canonical_needs_pos_translation_review,词语总表提供词语、拼音和教材印刷页码；词类与越南文释义待从对应词语页核对。
boya-elementary-ii:唐人街:tangrenjie,boya-elementary-ii,初级起步篇 II,唐人街,Tangren Jie,,China Town,phố người Hoa,translated_subagent_draft,,1;4,订一张机票;我在中国生活,4,196,词语总表,appendix_canonical_needs_pos_translation_review,词语总表提供词语、拼音和教材印刷页码；词类与越南文释义待从对应词语页核对。
boya-elementary-ii:青岛:qingddo,boya-elementary-ii,初级起步篇 II,青岛,Qingddo,,Tsingtao,Thanh Đảo,translated_subagent_draft,,2;17,您有房子出租，是吗;我的假期,17,196,词语总表,appendix_canonical_needs_pos_translation_review,词语总表提供词语、拼音和教材印刷页码；词类与越南文释义待从对应词语页核对。
boya-elementary-ii:西安:xian,boya-elementary-ii,初级起步篇 II,西安,Xi'an,,Xian,Tây An,translated_subagent_draft,,2;17,您有房子出租，是吗;我的假期,17,196,词语总表,appendix_canonical_needs_pos_translation_review,词语总表提供词语、拼音和教材印刷页码；词类与越南文释义待从对应词语页核对。
