textbook_id,volume,lesson_id,lesson_number,lesson_title,item_order,word_raw_ocr,word,pinyin_raw_ocr,pinyin,part_of_speech_raw,part_of_speech,meaning_en_source,meaning_vi,meaning_vi_status,repeated_mark,source_section,source_pdf_page,source_printed_page,source_status,source_notes,vocabulary_key
boya-elementary-i,初级起步篇 I,lesson-04,4,你叫什么名字,1,你*,你,ni,ni,代,代,yOu jido to call,bạn; anh/chị,translated_subagent_draft,*,lesson_vocab,27,4,appendix_matched_ocr_occurrence_needs_translation_review,词语页 OCR 配对；需用词语总表与原页人工核对。,boya-elementary-i:你:ni
boya-elementary-i,初级起步篇 I,lesson-04,4,你叫什么名字,2,什么*,什么,shenme,shenme,代,代,what,cái gì; gì,translated_subagent_draft,*,lesson_vocab,27,4,appendix_matched_ocr_occurrence_needs_translation_review,词语页 OCR 配对；需用词语总表与原页人工核对。,boya-elementary-i:什么:shenme
boya-elementary-i,初级起步篇 I,lesson-04,4,你叫什么名字,3,名字*,名字,mingzi,mingzi,名,名,name,tên,translated_subagent_draft,*,lesson_vocab,27,4,appendix_matched_ocr_occurrence_needs_translation_review,词语页 OCR 配对；需用词语总表与原页人工核对。,boya-elementary-i:名字:mingzi
boya-elementary-i,初级起步篇 I,lesson-04,4,你叫什么名字,4,他*,他,ta,ta,代,代,he; him,anh ấy; ông ấy,translated_subagent_draft,*,lesson_vocab,27,4,appendix_matched_ocr_occurrence_needs_translation_review,词语页 OCR 配对；需用词语总表与原页人工核对。,boya-elementary-i:他:ta
boya-elementary-i,初级起步篇 I,lesson-04,4,你叫什么名字,5,6.学*,学,xue,xue,动,动,to leamn; to study,học,translated_subagent_draft,*,lesson_vocab,27,4,appendix_matched_ocr_occurrence_needs_translation_review,词语页 OCR 配对；需用词语总表与原页人工核对。,boya-elementary-i:学:xue
boya-elementary-i,初级起步篇 I,lesson-04,4,你叫什么名字,6,7.姓*,姓,xing,xing,动,动,to be surnamed,mang họ; họ,translated_subagent_draft,*,lesson_vocab,27,4,appendix_matched_ocr_occurrence_needs_translation_review,词语页 OCR 配对；需用词语总表与原页人工核对。,boya-elementary-i:姓:xing
boya-elementary-i,初级起步篇 I,lesson-04,4,你叫什么名字,7,8. 好*,好,nao,hdo,形,形,well; good,tốt; khỏe; được,translated_subagent_draft,*,lesson_vocab,27,4,appendix_matched_ocr_occurrence_needs_translation_review,词语页 OCR 配对；需用词语总表与原页人工核对。,boya-elementary-i:好:hdo
boya-elementary-i,初级起步篇 I,lesson-04,4,你叫什么名字,8,9.我*,我,WO,wO,代,代,L;me,tôi; mình,translated_subagent_draft,*,lesson_vocab,27,4,appendix_matched_ocr_occurrence_needs_translation_review,词语页 OCR 配对；需用词语总表与原页人工核对。,boya-elementary-i:我:wo
boya-elementary-i,初级起步篇 I,lesson-04,4,你叫什么名字,9,10. 是*,是,shi,shi,动,动,am; is; are,là; phải,translated_subagent_draft,*,lesson_vocab,27,4,appendix_matched_ocr_occurrence_needs_translation_review,词语页 OCR 配对；需用词语总表与原页人工核对。,boya-elementary-i:是:shi
boya-elementary-i,初级起步篇 I,lesson-04,4,你叫什么名字,10,11.不＊,不,bu,bu,,,no; not,không,translated_subagent_draft,,lesson_vocab,27,4,appendix_matched_ocr_occurrence_needs_translation_review,词语页 OCR 配对；需用词语总表与原页人工核对。,boya-elementary-i:不:bu
boya-elementary-i,初级起步篇 I,lesson-04,4,你叫什么名字,11,老师*,老师,ldoshi,laoshi,名,名,teacher,giáo viên,translated_subagent_draft,*,lesson_vocab,27,4,appendix_matched_ocr_occurrence_needs_translation_review,词语页 OCR 配对；需用词语总表与原页人工核对。,boya-elementary-i:老师:laoshi
boya-elementary-i,初级起步篇 I,lesson-04,4,你叫什么名字,12,学生*,学生,xuesheng,xuesheng,名,名,student,học sinh; sinh viên,translated_subagent_draft,*,lesson_vocab,27,4,appendix_matched_ocr_occurrence_needs_translation_review,词语页 OCR 配对；需用词语总表与原页人工核对。,boya-elementary-i:学生:xuesheng
boya-elementary-i,初级起步篇 I,lesson-04,4,你叫什么名字,13,留学生*,留学生,liuxuesheng,liuxuesheng,名,名,foreign student used at the end of a declarative,du học sinh,translated_subagent_draft,*,lesson_vocab,27,4,appendix_matched_ocr_occurrence_needs_translation_review,词语页 OCR 配对；需用词语总表与原页人工核对。,boya-elementary-i:留学生:liuxuesheng
boya-elementary-i,初级起步篇 I,lesson-04,4,你叫什么名字,14,15. 吗*,吗,ma,ma,助,助,sentence to transform it into a question,trợ từ đặt cuối câu hỏi,translated_subagent_draft,*,lesson_vocab,27,4,appendix_matched_ocr_occurrence_needs_translation_review,词语页 OCR 配对；需用词语总表与原页人工核对。,boya-elementary-i:吗:ma
boya-elementary-i,初级起步篇 I,lesson-04,4,你叫什么名字,15,中国*,中国,Zhongguo,Zhongguo,,,China,Trung Quốc,translated_subagent_draft,*,proper_noun,27,4,appendix_matched_ocr_occurrence_needs_translation_review,词语页 OCR 配对；需用词语总表与原页人工核对。,boya-elementary-i:中国:zhongguo
boya-elementary-i,初级起步篇 I,lesson-04,4,你叫什么名字,16,汉语*,汉语,Hanyu,Hanyu,,,Chinese language,tiếng Hán; tiếng Trung,translated_subagent_draft,*,lesson_vocab,28,4,appendix_matched_ocr_occurrence_needs_translation_review,词语页 OCR 配对；需用词语总表与原页人工核对。,boya-elementary-i:汉语:hanyu
boya-elementary-i,初级起步篇 I,lesson-04,4,你叫什么名字,17,李,李,Li,LY,,,a Chinese surname,Lý (họ Trung Quốc),translated_subagent_draft,,lesson_vocab,28,4,appendix_matched_ocr_occurrence_needs_translation_review,词语页 OCR 配对；需用词语总表与原页人工核对。,boya-elementary-i:李:ly
boya-elementary-i,初级起步篇 I,lesson-04,4,你叫什么名字,18,王,王,Wang,wang,,,a Chinese surname,Vương (họ Trung Quốc),translated_subagent_draft,,lesson_vocab,28,4,appendix_matched_ocr_occurrence_needs_translation_review,词语页 OCR 配对；需用词语总表与原页人工核对。,boya-elementary-i:王:wang
boya-elementary-i,初级起步篇 I,lesson-05,5,认识你很高兴,1,认识*,认识,renshi,renshi,动,动,to know,biết; quen,translated_subagent_draft,*,lesson_vocab,35,5,appendix_matched_ocr_occurrence_needs_translation_review,词语页 OCR 配对；需用词语总表与原页人工核对。,boya-elementary-i:认识:renshi
boya-elementary-i,初级起步篇 I,lesson-05,5,认识你很高兴,2,很*,很,hen,hen,,,,rất,translated_subagent_draft,*,lesson_vocab,35,5,appendix_matched_ocr_occurrence_needs_translation_review,词语页 OCR 配对；需用词语总表与原页人工核对。,boya-elementary-i:很:hen
boya-elementary-i,初级起步篇 I,lesson-05,5,认识你很高兴,3,到,到,very,ddo,,,,đến; tới,translated_subagent_draft,,lesson_vocab,35,12,appendix_matched_ocr_occurrence_needs_translation_review,词语页 OCR 配对；需用词语总表与原页人工核对。,boya-elementary-i:到:ddo
boya-elementary-i,初级起步篇 I,lesson-05,5,认识你很高兴,4,高兴*,高兴,gaoxing,gaoxing,形,形,happy; glad,vui; vui mừng,translated_subagent_draft,*,lesson_vocab,35,5,appendix_matched_ocr_occurrence_needs_translation_review,词语页 OCR 配对；需用词语总表与原页人工核对。,boya-elementary-i:高兴:gaoxing
boya-elementary-i,初级起步篇 I,lesson-05,5,认识你很高兴,5,人*,人,ren,ren,名,名,people; person,người,translated_subagent_draft,*,lesson_vocab,35,5,appendix_matched_ocr_occurrence_needs_translation_review,词语页 OCR 配对；需用词语总表与原页人工核对。,boya-elementary-i:人:ren
boya-elementary-i,初级起步篇 I,lesson-05,5,认识你很高兴,6,她*,她,ta,ta,代,代,she; her,cô ấy; chị ấy,translated_subagent_draft,*,lesson_vocab,35,5,appendix_matched_ocr_occurrence_needs_translation_review,词语页 OCR 配对；需用词语总表与原页人工核对。,boya-elementary-i:她:ta
boya-elementary-i,初级起步篇 I,lesson-05,5,认识你很高兴,7,这*,这,zhe,zhe,代,代,this,này; đây,translated_subagent_draft,*,lesson_vocab,35,5,appendix_matched_ocr_occurrence_needs_translation_review,词语页 OCR 配对；需用词语总表与原页人工核对。,boya-elementary-i:这:zhe
boya-elementary-i,初级起步篇 I,lesson-05,5,认识你很高兴,8,哪*,哪,na,nd,代,代,which,nào; cái nào,translated_subagent_draft,*,lesson_vocab,35,5,appendix_matched_ocr_occurrence_needs_translation_review,词语页 OCR 配对；需用词语总表与原页人工核对。,boya-elementary-i:哪:nd
boya-elementary-i,初级起步篇 I,lesson-05,5,认识你很高兴,9,个*,个,ge,ge,量,量,measure word,cái; người (lượng từ phổ biến),translated_subagent_draft,*,lesson_vocab,35,5,appendix_matched_ocr_occurrence_needs_translation_review,词语页 OCR 配对；需用词语总表与原页人工核对。,boya-elementary-i:个:ge
boya-elementary-i,初级起步篇 I,lesson-05,5,认识你很高兴,10,国*,国,9u0,guó,,,country,nước; quốc gia,translated_subagent_draft,*,lesson_vocab,35,5,appendix_matched_ocr_occurrence_needs_translation_review,拼音 OCR 修为 guó,boya-elementary-i:国:guo
boya-elementary-i,初级起步篇 I,lesson-05,5,认识你很高兴,11,10. 也*,也,ye,ye,,,also: too,cũng,translated_subagent_draft,*,lesson_vocab,35,5,appendix_matched_ocr_occurrence_needs_translation_review,词语页 OCR 配对；需用词语总表与原页人工核对。,boya-elementary-i:也:ye
boya-elementary-i,初级起步篇 I,lesson-05,5,认识你很高兴,12,你们,你们,nimen,nimen,代,代,you （plural）,các bạn; mọi người,translated_subagent_draft,,lesson_vocab,35,5,appendix_matched_ocr_occurrence_needs_translation_review,词语页 OCR 配对；需用词语总表与原页人工核对。,boya-elementary-i:你们:nimen
boya-elementary-i,初级起步篇 I,lesson-05,5,认识你很高兴,13,我们*,我们,women,women,代,代,We; US,chúng tôi; chúng ta,translated_subagent_draft,*,lesson_vocab,35,5,appendix_matched_ocr_occurrence_needs_translation_review,词语页 OCR 配对；需用词语总表与原页人工核对。,boya-elementary-i:我们:women
boya-elementary-i,初级起步篇 I,lesson-05,5,认识你很高兴,14,他们,他们,tamen,tamen,代,代,they; them,họ,translated_subagent_draft,,lesson_vocab,35,5,appendix_matched_ocr_occurrence_needs_translation_review,词语页 OCR 配对；需用词语总表与原页人工核对。,boya-elementary-i:他们:tamen
boya-elementary-i,初级起步篇 I,lesson-05,5,认识你很高兴,15,朋友*,朋友,pengyou,pengyou,名,名,friend,bạn bè,translated_subagent_draft,*,lesson_vocab,35,5,appendix_matched_ocr_occurrence_needs_translation_review,词语页 OCR 配对；需用词语总表与原页人工核对。,boya-elementary-i:朋友:pengyou
boya-elementary-i,初级起步篇 I,lesson-05,5,认识你很高兴,16,国家,国家,guojia,guojia,名,名,country,quốc gia,translated_subagent_draft,,lesson_vocab,35,5,appendix_matched_ocr_occurrence_needs_translation_review,词语页 OCR 配对；需用词语总表与原页人工核对。,boya-elementary-i:国家:guojia
boya-elementary-i,初级起步篇 I,lesson-05,5,认识你很高兴,17,大学*,大学,daxue,daxue,名,名,university,trường đại học,translated_subagent_draft,*,lesson_vocab,35,5,appendix_matched_ocr_occurrence_needs_translation_review,词语页 OCR 配对；需用词语总表与原页人工核对。,boya-elementary-i:大学:daxue
boya-elementary-i,初级起步篇 I,lesson-05,5,认识你很高兴,18,同学*,同学,tongxue,tongxue,名,名,classmate,bạn học,translated_subagent_draft,*,lesson_vocab,35,5,appendix_matched_ocr_occurrence_needs_translation_review,词语页 OCR 配对；需用词语总表与原页人工核对。,boya-elementary-i:同学:tongxue
boya-elementary-i,初级起步篇 I,lesson-05,5,认识你很高兴,19,同屋*,同屋,tongwu,tongwu,名,名,roommate used at the end of a special，,bạn cùng phòng,translated_subagent_draft,*,lesson_vocab,35,5,appendix_matched_ocr_occurrence_needs_translation_review,词语页 OCR 配对；需用词语总表与原页人工核对。,boya-elementary-i:同屋:tongwu
boya-elementary-i,初级起步篇 I,lesson-05,5,认识你很高兴,20,呢*,呢,ne,ne,助,助,"atternative, or rhetorical question to indicate a question auxiliary word indicating",nhỉ; vậy (trợ từ cuối câu),translated_subagent_draft,*,lesson_vocab,36,5,appendix_matched_ocr_occurrence_needs_translation_review,词语页 OCR 配对；需用词语总表与原页人工核对。,boya-elementary-i:呢:ne
boya-elementary-i,初级起步篇 I,lesson-05,5,认识你很高兴,21,白*,白,de,bai,助,助,"possession, roughly equiva- lent to “-S” suffix",trợ từ chỉ quan hệ sở hữu,translated_subagent_draft,*,lesson_vocab,36,13,appendix_matched_ocr_occurrence_needs_translation_review,词语页 OCR 配对；需用词语总表与原页人工核对。,boya-elementary-i:白:bai
boya-elementary-i,初级起步篇 I,lesson-05,5,认识你很高兴,22,美国*,美国,Meiguo,Meiguo,,,the United States,Hoa Kỳ; Mỹ,translated_subagent_draft,*,proper_noun,36,5,appendix_matched_ocr_occurrence_needs_translation_review,词语页 OCR 配对；需用词语总表与原页人工核对。,boya-elementary-i:美国:meiguo
boya-elementary-i,初级起步篇 I,lesson-05,5,认识你很高兴,23,韩国,韩国,Hanguo,Hanguo,,,The Republic of Korea,Hàn Quốc,translated_subagent_draft,,lesson_vocab,36,5,appendix_matched_ocr_occurrence_needs_translation_review,词语页 OCR 配对；需用词语总表与原页人工核对。,boya-elementary-i:韩国:hanguo
boya-elementary-i,初级起步篇 I,lesson-05,5,认识你很高兴,24,英国,英国,Yingguo,Yingguo,,,the United Kingdom,Vương quốc Anh,translated_subagent_draft,,lesson_vocab,36,5,appendix_matched_ocr_occurrence_needs_translation_review,词语页 OCR 配对；需用词语总表与原页人工核对。,boya-elementary-i:英国:yingguo
boya-elementary-i,初级起步篇 I,lesson-05,5,认识你很高兴,25,北京大学*,北京大学,Beijing Daxue,Beijing Daxue,,,Peking Unversity,Đại học Bắc Kinh,translated_subagent_draft,*,lesson_vocab,36,5,appendix_matched_ocr_occurrence_needs_translation_review,词语页 OCR 配对；需用词语总表与原页人工核对。,boya-elementary-i:北京大学:beijingdaxue
boya-elementary-i,初级起步篇 I,lesson-06,6,这是什么,1,那*,那,na,na,代,代,that book,kia; đó,translated_subagent_draft,*,lesson_vocab,44,6,appendix_matched_ocr_occurrence_needs_translation_review,词语页 OCR 配对；需用词语总表与原页人工核对。,boya-elementary-i:那:na
boya-elementary-i,初级起步篇 I,lesson-06,6,这是什么,2,3.谁,谁,Shui / shei,shui / shei,代,代,who; whom,ai,translated_subagent_draft,,lesson_vocab,44,6,appendix_matched_ocr_occurrence_needs_translation_review,词语页 OCR 配对；需用词语总表与原页人工核对。,boya-elementary-i:谁:shuishei
boya-elementary-i,初级起步篇 I,lesson-06,6,这是什么,3,4.笔,笔,bi,bǐ,名,名,pen,bút,translated_subagent_draft,,lesson_vocab,44,6,appendix_matched_ocr_occurrence_needs_translation_review,拼音 OCR 修为 bǐ,boya-elementary-i:笔:bi
boya-elementary-i,初级起步篇 I,lesson-06,6,这是什么,4,水*,水,shui,shui,名,名,water,nước,translated_subagent_draft,*,lesson_vocab,44,6,appendix_matched_ocr_occurrence_needs_translation_review,词语页 OCR 配对；需用词语总表与原页人工核对。,boya-elementary-i:水:shui
boya-elementary-i,初级起步篇 I,lesson-06,6,这是什么,5,本子,本子,benzi,benzi,名,名,notebook,quyển vở,translated_subagent_draft,,lesson_vocab,44,6,appendix_matched_ocr_occurrence_needs_translation_review,词语页 OCR 配对；需用词语总表与原页人工核对。,boya-elementary-i:本子:benzi
boya-elementary-i,初级起步篇 I,lesson-06,6,这是什么,6,教室*,教室,jiaoshi,jidoshi,名,名,Classroom,phòng học,translated_subagent_draft,*,lesson_vocab,44,6,appendix_matched_ocr_occurrence_needs_translation_review,词语页 OCR 配对；需用词语总表与原页人工核对。,boya-elementary-i:教室:jidoshi
boya-elementary-i,初级起步篇 I,lesson-06,6,这是什么,7,手机*,手机,shouji,shouji,名,名,mobile phone,điện thoại di động,translated_subagent_draft,*,lesson_vocab,44,6,appendix_matched_ocr_occurrence_needs_translation_review,词语页 OCR 配对；需用词语总表与原页人工核对。,boya-elementary-i:手机:shouji
boya-elementary-i,初级起步篇 I,lesson-06,6,这是什么,8,电脑,电脑,dianndo,dianndo,名,名,computer,máy tính,translated_subagent_draft,,lesson_vocab,44,6,appendix_matched_ocr_occurrence_needs_translation_review,词语页 OCR 配对；需用词语总表与原页人工核对。,boya-elementary-i:电脑:dianndo
boya-elementary-i,初级起步篇 I,lesson-06,6,这是什么,9,书包,书包,shubdo,shubao,名,名,schoolbag,cặp sách,translated_subagent_draft,,lesson_vocab,44,6,appendix_matched_ocr_occurrence_needs_translation_review,词语页 OCR 配对；需用词语总表与原页人工核对。,boya-elementary-i:书包:shubao
boya-elementary-i,初级起步篇 I,lesson-06,6,这是什么,10,11.来*,来,lai,lai,动,动,to come; to indicate someone will do something,đến; dùng để chỉ việc sắp làm,translated_subagent_draft,*,lesson_vocab,44,6,appendix_matched_ocr_occurrence_needs_translation_review,词语页 OCR 配对；需用词语总表与原页人工核对。,boya-elementary-i:来:lai
boya-elementary-i,初级起步篇 I,lesson-06,6,这是什么,11,介绍*,介绍,jieshdo,jieshao,动,动,to introduce,giới thiệu,translated_subagent_draft,*,lesson_vocab,44,6,appendix_matched_ocr_occurrence_needs_translation_review,词语页 OCR 配对；需用词语总表与原页人工核对。,boya-elementary-i:介绍:jieshao
boya-elementary-i,初级起步篇 I,lesson-06,6,这是什么,12,一下儿*,一下儿,yixiar,yixiar,数量,数量,used after a verb to indicate a brief action,một chút; một lát (sau động từ),translated_subagent_draft,*,lesson_vocab,44,6,appendix_matched_ocr_occurrence_needs_translation_review,词语页 OCR 配对；需用词语总表与原页人工核对。,boya-elementary-i:一下儿:yixiar
boya-elementary-i,初级起步篇 I,lesson-06,6,这是什么,13,14.大*,大,da,da,形,形,big,to; lớn,translated_subagent_draft,*,lesson_vocab,44,6,appendix_matched_ocr_occurrence_needs_translation_review,词语页 OCR 配对；需用词语总表与原页人工核对。,boya-elementary-i:大:da
boya-elementary-i,初级起步篇 I,lesson-06,6,这是什么,14,日语*,日语,Riyu,Riyi,,,Japanese,tiếng Nhật,translated_subagent_draft,*,proper_noun,44,6,appendix_matched_ocr_occurrence_needs_translation_review,词语页 OCR 配对；需用词语总表与原页人工核对。,boya-elementary-i:日语:riyi
boya-elementary-i,初级起步篇 I,lesson-06,6,这是什么,15,英语,英语,Yingyui,Yingyu,,,English,tiếng Anh,translated_subagent_draft,,lesson_vocab,44,6,appendix_matched_ocr_occurrence_needs_translation_review,词语页 OCR 配对；需用词语总表与原页人工核对。,boya-elementary-i:英语:yingyu
boya-elementary-i,初级起步篇 I,lesson-06,6,这是什么,16,韩语,韩语,Hanyi,Hanyi,,,Korean,tiếng Hàn,translated_subagent_draft,,lesson_vocab,44,6,appendix_matched_ocr_occurrence_needs_translation_review,词语页 OCR 配对；需用词语总表与原页人工核对。,boya-elementary-i:韩语:hanyi
boya-elementary-i,初级起步篇 I,lesson-07,7,欢迎去我家玩儿,1,欢迎*,欢迎,huanying,huanying,动,动,to welcome,hoan nghênh; chào mừng,translated_subagent_draft,*,lesson_vocab,53,7,appendix_matched_ocr_occurrence_needs_translation_review,词语页 OCR 配对；需用词语总表与原页人工核对。,boya-elementary-i:欢迎:huanying
boya-elementary-i,初级起步篇 I,lesson-07,7,欢迎去我家玩儿,2,去*,去,qu,qU,动,动,to gq0,đi,translated_subagent_draft,*,lesson_vocab,53,7,appendix_matched_ocr_occurrence_needs_translation_review,词语页 OCR 配对；需用词语总表与原页人工核对。,boya-elementary-i:去:qu
boya-elementary-i,初级起步篇 I,lesson-07,7,欢迎去我家玩儿,3,家*,家,jia,jia,名,名,home,nhà; gia đình,translated_subagent_draft,*,lesson_vocab,53,7,appendix_matched_ocr_occurrence_needs_translation_review,词语页 OCR 配对；需用词语总表与原页人工核对。,boya-elementary-i:家:jia
boya-elementary-i,初级起步篇 I,lesson-07,7,欢迎去我家玩儿,4,玩儿*,玩儿,wanr,wanr,动,动,to play,chơi,translated_subagent_draft,*,lesson_vocab,53,7,appendix_matched_ocr_occurrence_needs_translation_review,词语页 OCR 配对；需用词语总表与原页人工核对。,boya-elementary-i:玩儿:wanr
boya-elementary-i,初级起步篇 I,lesson-07,7,欢迎去我家玩儿,5,住*,住,zhu,zhu,动,动,to live,sống; ở,translated_subagent_draft,*,lesson_vocab,53,7,appendix_matched_ocr_occurrence_needs_translation_review,词语页 OCR 配对；需用词语总表与原页人工核对。,boya-elementary-i:住:zhu
boya-elementary-i,初级起步篇 I,lesson-07,7,欢迎去我家玩儿,6,在*,在,zai,Zai,动,动,to be at （in）,ở; tại; đang,translated_subagent_draft,*,lesson_vocab,53,7,appendix_matched_ocr_occurrence_needs_translation_review,词语页 OCR 配对；需用词语总表与原页人工核对。,boya-elementary-i:在:zai
boya-elementary-i,初级起步篇 I,lesson-07,7,欢迎去我家玩儿,7,哪儿*,哪儿,nar,nar,代,代,where,ở đâu,translated_subagent_draft,*,lesson_vocab,53,7,appendix_matched_ocr_occurrence_needs_translation_review,词语页 OCR 配对；需用词语总表与原页人工核对。,boya-elementary-i:哪儿:nar
boya-elementary-i,初级起步篇 I,lesson-07,7,欢迎去我家玩儿,8,里（边）*,里（边）,I(bian),lǐ (bian),名,名,inside,bên trong,translated_subagent_draft,*,lesson_vocab,53,7,appendix_matched_ocr_occurrence_needs_translation_review,拼音 OCR 修为 lǐ (bian),boya-elementary-i:里（边）:libian
boya-elementary-i,初级起步篇 I,lesson-07,7,欢迎去我家玩儿,9,远,远,yudin,yudn,形,形,far,xa,translated_subagent_draft,,lesson_vocab,53,7,appendix_matched_ocr_occurrence_needs_translation_review,词语页 OCR 配对；需用词语总表与原页人工核对。,boya-elementary-i:远:yudn
boya-elementary-i,初级起步篇 I,lesson-07,7,欢迎去我家玩儿,10,学校*,学校,xuexido,xuexido,名,名,school,trường học,translated_subagent_draft,*,lesson_vocab,53,7,appendix_matched_ocr_occurrence_needs_translation_review,词语页 OCR 配对；需用词语总表与原页人工核对。,boya-elementary-i:学校:xuexido
boya-elementary-i,初级起步篇 I,lesson-07,7,欢迎去我家玩儿,11,宿舍*,宿舍,sushe,sushe,名,名,dormitory,ký túc xá,translated_subagent_draft,*,lesson_vocab,53,7,appendix_matched_ocr_occurrence_needs_translation_review,词语页 OCR 配对；需用词语总表与原页人工核对。,boya-elementary-i:宿舍:sushe
boya-elementary-i,初级起步篇 I,lesson-07,7,欢迎去我家玩儿,12,房间*,房间,fangjian,fangjian,名,名,rOom,phòng,translated_subagent_draft,*,lesson_vocab,53,7,appendix_matched_ocr_occurrence_needs_translation_review,词语页 OCR 配对；需用词语总表与原页人工核对。,boya-elementary-i:房间:fangjian
boya-elementary-i,初级起步篇 I,lesson-07,7,欢迎去我家玩儿,13,左边*,左边,zuObian,zuObian,名,名,the left side,bên trái,translated_subagent_draft,*,lesson_vocab,53,7,appendix_matched_ocr_occurrence_needs_translation_review,词语页 OCR 配对；需用词语总表与原页人工核对。,boya-elementary-i:左边:zuobian
boya-elementary-i,初级起步篇 I,lesson-07,7,欢迎去我家玩儿,14,东边*,东边,dongbian,dongbian,名,名,the east side,phía đông,translated_subagent_draft,*,lesson_vocab,53,7,appendix_matched_ocr_occurrence_needs_translation_review,词语页 OCR 配对；需用词语总表与原页人工核对。,boya-elementary-i:东边:dongbian
boya-elementary-i,初级起步篇 I,lesson-07,7,欢迎去我家玩儿,15,外边,外边,waibian,waibian,名,名,outside,bên ngoài,translated_subagent_draft,,lesson_vocab,53,7,appendix_matched_ocr_occurrence_needs_translation_review,词语页 OCR 配对；需用词语总表与原页人工核对。,boya-elementary-i:外边:waibian
boya-elementary-i,初级起步篇 I,lesson-07,7,欢迎去我家玩儿,16,专业*,专业,zhuanye,zhuanye,名,名,major,chuyên ngành,translated_subagent_draft,*,lesson_vocab,53,7,appendix_matched_ocr_occurrence_needs_translation_review,词语页 OCR 配对；需用词语总表与原页人工核对。,boya-elementary-i:专业:zhuanye
boya-elementary-i,初级起步篇 I,lesson-07,7,欢迎去我家玩儿,17,国际关系,国际关系,guoji guanxi,guoji guanxi,,,international relations,quan hệ quốc tế,translated_subagent_draft,,lesson_vocab,53,7,appendix_matched_ocr_occurrence_needs_translation_review,词语页 OCR 配对；需用词语总表与原页人工核对。,boya-elementary-i:国际关系:guojiguanxi
boya-elementary-i,初级起步篇 I,lesson-07,7,欢迎去我家玩儿,18,研究生*,研究生,yanjiusheng,yanjiusheng,名,名,geraduate student,học viên cao học,translated_subagent_draft,*,lesson_vocab,54,7,appendix_matched_ocr_occurrence_needs_translation_review,词语页 OCR 配对；需用词语总表与原页人工核对。,boya-elementary-i:研究生:yanjiusheng
boya-elementary-i,初级起步篇 I,lesson-07,7,欢迎去我家玩儿,19,右边*,右边,youbian,youbian,名,名,the right side,bên phải,translated_subagent_draft,*,lesson_vocab,54,7,appendix_matched_ocr_occurrence_needs_translation_review,词语页 OCR 配对；需用词语总表与原页人工核对。,boya-elementary-i:右边:youbian
boya-elementary-i,初级起步篇 I,lesson-07,7,欢迎去我家玩儿,20,就*,就,jU,jiù,,,at once; right away,liền; ngay; thì,translated_subagent_draft,*,lesson_vocab,54,7,appendix_matched_ocr_occurrence_needs_translation_review,拼音 OCR 修为 jiù,boya-elementary-i:就:jiu
boya-elementary-i,初级起步篇 I,lesson-08,8,明天晚上你有时间吗,1,明天*,明天,mingtian,mingtian,名,名,tomorrow,ngày mai,translated_subagent_draft,*,lesson_vocab,61,8,appendix_matched_ocr_occurrence_needs_translation_review,词语页 OCR 配对；需用词语总表与原页人工核对。,boya-elementary-i:明天:mingtian
boya-elementary-i,初级起步篇 I,lesson-08,8,明天晚上你有时间吗,2,晚上*,晚上,wanshang,wanshang,名,名,night; evening,buổi tối,translated_subagent_draft,*,lesson_vocab,61,8,appendix_matched_ocr_occurrence_needs_translation_review,词语页 OCR 配对；需用词语总表与原页人工核对。,boya-elementary-i:晚上:wanshang
boya-elementary-i,初级起步篇 I,lesson-08,8,明天晚上你有时间吗,3,有*,有,you,yǒu,动,动,to have,có,translated_subagent_draft,*,lesson_vocab,61,8,appendix_matched_ocr_occurrence_needs_translation_review,拼音 OCR 修为 yǒu,boya-elementary-i:有:you
boya-elementary-i,初级起步篇 I,lesson-08,8,明天晚上你有时间吗,4,时间*,时间,shijian,shijian,名,名,time,thời gian,translated_subagent_draft,*,lesson_vocab,61,8,appendix_matched_ocr_occurrence_needs_translation_review,词语页 OCR 配对；需用词语总表与原页人工核对。,boya-elementary-i:时间:shijian
boya-elementary-i,初级起步篇 I,lesson-08,8,明天晚上你有时间吗,5,几*,几,j,jǐ,数,数,how many,mấy; bao nhiêu (số nhỏ),translated_subagent_draft,*,lesson_vocab,61,8,appendix_matched_ocr_occurrence_needs_translation_review,拼音 OCR 修为 jǐ,boya-elementary-i:几:ji
boya-elementary-i,初级起步篇 I,lesson-08,8,明天晚上你有时间吗,6,点*,点,aian,diǎn,量,量,o'clock ; hour on the clock,giờ (trên đồng hồ),translated_subagent_draft,*,lesson_vocab,61,8,appendix_matched_ocr_occurrence_needs_translation_review,拼音 OCR 修为 diǎn,boya-elementary-i:点:dian
boya-elementary-i,初级起步篇 I,lesson-08,8,明天晚上你有时间吗,7,7.分*,分,fen,fen,量,量,minute,phút (lượng từ),translated_subagent_draft,*,lesson_vocab,61,8,appendix_matched_ocr_occurrence_needs_translation_review,词语页 OCR 配对；需用词语总表与原页人工核对。,boya-elementary-i:分:fen
boya-elementary-i,初级起步篇 I,lesson-08,8,明天晚上你有时间吗,8,刻*,刻,Ke,ke,量,量,a quarter （of an hour）,một phần tư giờ,translated_subagent_draft,*,lesson_vocab,61,8,appendix_matched_ocr_occurrence_needs_translation_review,词语页 OCR 配对；需用词语总表与原页人工核对。,boya-elementary-i:刻:ke
boya-elementary-i,初级起步篇 I,lesson-08,8,明天晚上你有时间吗,9,差*,差,cha,cha,动,动,to lack; to be short （by some amount）,thiếu; kém,translated_subagent_draft,*,lesson_vocab,61,8,appendix_matched_ocr_occurrence_needs_translation_review,词语页 OCR 配对；需用词语总表与原页人工核对。,boya-elementary-i:差:cha
boya-elementary-i,初级起步篇 I,lesson-08,8,明天晚上你有时间吗,10,事*,事,shi,shi,名,名,matter or thing,việc; chuyện,translated_subagent_draft,*,lesson_vocab,61,8,appendix_matched_ocr_occurrence_needs_translation_review,词语页 OCR 配对；需用词语总表与原页人工核对。,boya-elementary-i:事:shi
boya-elementary-i,初级起步篇 I,lesson-08,8,明天晚上你有时间吗,11,11. 一起*,一起,yiqi,yiai,,,together,cùng nhau,translated_subagent_draft,*,lesson_vocab,61,8,appendix_matched_ocr_occurrence_needs_translation_review,词语页 OCR 配对；需用词语总表与原页人工核对。,boya-elementary-i:一起:yiai
boya-elementary-i,初级起步篇 I,lesson-08,8,明天晚上你有时间吗,12,中午*,中午,zhongwu,zhongwu,名,名,noon,buổi trưa,translated_subagent_draft,*,lesson_vocab,61,8,appendix_matched_ocr_occurrence_needs_translation_review,词语页 OCR 配对；需用词语总表与原页人工核对。,boya-elementary-i:中午:zhongwu
boya-elementary-i,初级起步篇 I,lesson-08,8,明天晚上你有时间吗,13,食堂*,食堂,shitang,shitang,名,名,canteen,nhà ăn; căng tin,translated_subagent_draft,*,lesson_vocab,61,8,appendix_matched_ocr_occurrence_needs_translation_review,词语页 OCR 配对；需用词语总表与原页人工核对。,boya-elementary-i:食堂:shitang
boya-elementary-i,初级起步篇 I,lesson-08,8,明天晚上你有时间吗,14,没（有）*,没（有）,mei(you),méi(yǒu),动,动,to do not have,không có,translated_subagent_draft,*,lesson_vocab,61,8,appendix_matched_ocr_occurrence_needs_translation_review,拼音 OCR 修为 méi(yǒu),boya-elementary-i:没（有）:meiyou
boya-elementary-i,初级起步篇 I,lesson-08,8,明天晚上你有时间吗,15,上午*,上午,shangwu,shangwi,名,名,morning,buổi sáng,translated_subagent_draft,*,lesson_vocab,61,8,appendix_matched_ocr_occurrence_needs_translation_review,词语页 OCR 配对；需用词语总表与原页人工核对。,boya-elementary-i:上午:shangwi
boya-elementary-i,初级起步篇 I,lesson-08,8,明天晚上你有时间吗,16,下午*,下午,xidwi,xidwu,名,名,afternoon,buổi chiều,translated_subagent_draft,*,lesson_vocab,61,8,appendix_matched_ocr_occurrence_needs_translation_review,词语页 OCR 配对；需用词语总表与原页人工核对。,boya-elementary-i:下午:xidwu
boya-elementary-i,初级起步篇 I,lesson-08,8,明天晚上你有时间吗,17,17.下课*,下课,xia ke,xid ke,,,to finish class,tan học,translated_subagent_draft,*,lesson_vocab,61,8,appendix_matched_ocr_occurrence_needs_translation_review,词语页 OCR 配对；需用词语总表与原页人工核对。,boya-elementary-i:下课:xidke
boya-elementary-i,初级起步篇 I,lesson-08,8,明天晚上你有时间吗,18,吃饭,吃饭,chi fan,chi fan,,,to eat,ăn cơm; dùng bữa,translated_subagent_draft,,lesson_vocab,62,8,appendix_matched_ocr_occurrence_needs_translation_review,词语页 OCR 配对；需用词语总表与原页人工核对。,boya-elementary-i:吃饭:chifan
boya-elementary-i,初级起步篇 I,lesson-08,8,明天晚上你有时间吗,19,辅导,辅导,fuddo,tuddo,动,动,to tutor,phụ đạo; hướng dẫn,translated_subagent_draft,,lesson_vocab,62,8,appendix_matched_ocr_occurrence_needs_translation_review,词语页 OCR 配对；需用词语总表与原页人工核对。,boya-elementary-i:辅导:tuddo
boya-elementary-i,初级起步篇 I,lesson-08,8,明天晚上你有时间吗,20,生日*,生日,shengri,shengri,名,名,birthday liu S1X,sinh nhật,translated_subagent_draft,*,lesson_vocab,62,8,appendix_matched_ocr_occurrence_needs_translation_review,词语页 OCR 配对；需用词语总表与原页人工核对。,boya-elementary-i:生日:shengri
boya-elementary-i,初级起步篇 I,lesson-08,8,明天晚上你有时间吗,21,22.半*,半,ban,ban,数,数,half,một nửa,translated_subagent_draft,*,lesson_vocab,62,8,appendix_matched_ocr_occurrence_needs_translation_review,词语页 OCR 配对；需用词语总表与原页人工核对。,boya-elementary-i:半:ban
boya-elementary-i,初级起步篇 I,lesson-08,8,明天晚上你有时间吗,22,23.见*,见,Jian,jian,动,动,"to see, to meet",gặp; thấy,translated_subagent_draft,*,lesson_vocab,62,8,appendix_matched_ocr_occurrence_needs_translation_review,词语页 OCR 配对；需用词语总表与原页人工核对。,boya-elementary-i:见:jian
boya-elementary-i,初级起步篇 I,lesson-08,8,明天晚上你有时间吗,23,今天*,今天,jintian,Jintian,名,名,today,hôm nay,translated_subagent_draft,*,lesson_vocab,62,8,appendix_matched_ocr_occurrence_needs_translation_review,词语页 OCR 配对；需用词语总表与原页人工核对。,boya-elementary-i:今天:jintian
boya-elementary-i,初级起步篇 I,lesson-08,8,明天晚上你有时间吗,24,两*,两,lidng,lidng,数,数,tWO,hai (đứng trước lượng từ),translated_subagent_draft,*,lesson_vocab,62,8,appendix_matched_ocr_occurrence_needs_translation_review,词语页 OCR 配对；需用词语总表与原页人工核对。,boya-elementary-i:两:lidng
boya-elementary-i,初级起步篇 I,lesson-08,8,明天晚上你有时间吗,25,26.课＊,刻,ke,ke,名,名,Class; lesson,một phần tư giờ,translated_subagent_draft,,lesson_vocab,62,8,appendix_matched_ocr_occurrence_needs_translation_review,词语页 OCR 配对；需用词语总表与原页人工核对。,boya-elementary-i:刻:ke
boya-elementary-i,初级起步篇 I,lesson-08,8,明天晚上你有时间吗,26,十*,事,shi,shi,数,数,ten,việc; chuyện,translated_subagent_draft,*,lesson_vocab,62,8,appendix_matched_ocr_occurrence_needs_translation_review,词语页 OCR 配对；需用词语总表与原页人工核对。,boya-elementary-i:事:shi
boya-elementary-i,初级起步篇 I,lesson-08,8,明天晚上你有时间吗,27,十二,十二,shi'er,shi'er,数,数,twelve particle placed at the end,mười hai,translated_subagent_draft,,lesson_vocab,62,8,appendix_matched_ocr_occurrence_needs_translation_review,词语页 OCR 配对；需用词语总表与原页人工核对。,boya-elementary-i:十二:shier
boya-elementary-i,初级起步篇 I,lesson-08,8,明天晚上你有时间吗,28,吧*,吧,ba,ba,助,助,"of a sentence to indicate a supposition, suggestion， request or order","trợ từ cuối câu dùng để đề nghị, yêu cầu hoặc phỏng đoán",translated_subagent_draft,*,lesson_vocab,62,8,appendix_matched_ocr_occurrence_needs_translation_review,词语页 OCR 配对；需用词语总表与原页人工核对。,boya-elementary-i:吧:ba
boya-elementary-i,初级起步篇 I,lesson-09,9,我们怎么去,1,怎么*,怎么,zenme,zenme,代,代,how,thế nào; làm sao,translated_subagent_draft,*,lesson_vocab,69,9,appendix_matched_ocr_occurrence_needs_translation_review,词语页 OCR 配对；需用词语总表与原页人工核对。,boya-elementary-i:怎么:zenme
boya-elementary-i,初级起步篇 I,lesson-09,9,我们怎么去,2,号*,号,hao,hao,名,名,number,số; ngày,translated_subagent_draft,*,lesson_vocab,69,9,appendix_matched_ocr_occurrence_needs_translation_review,词语页 OCR 配对；需用词语总表与原页人工核对。,boya-elementary-i:号:hao
boya-elementary-i,初级起步篇 I,lesson-09,9,我们怎么去,3,坐*,坐,ZUO,ZUO,动,动,"to take （acar, a plane..） to ride",ngồi; đi (xe/máy bay),translated_subagent_draft,*,lesson_vocab,69,9,appendix_matched_ocr_occurrence_needs_translation_review,词语页 OCR 配对；需用词语总表与原页人工核对。,boya-elementary-i:坐:zuo
boya-elementary-i,初级起步篇 I,lesson-09,9,我们怎么去,4,线,线,xian,xian,名,名,line,dòng; tuyến,translated_subagent_draft,,lesson_vocab,69,9,appendix_matched_ocr_occurrence_needs_translation_review,词语页 OCR 配对；需用词语总表与原页人工核对。,boya-elementary-i:线:xian
boya-elementary-i,初级起步篇 I,lesson-09,9,我们怎么去,5,给*,给,gei,gei,动,动,to give,cho; đưa,translated_subagent_draft,*,lesson_vocab,69,9,appendix_matched_ocr_occurrence_needs_translation_review,词语页 OCR 配对；需用词语总表与原页人工核对。,boya-elementary-i:给:gei
boya-elementary-i,初级起步篇 I,lesson-09,9,我们怎么去,6,楼*,楼,IOu,IOu,名,名,building,tầng; tòa nhà,translated_subagent_draft,*,lesson_vocab,69,9,appendix_matched_ocr_occurrence_needs_translation_review,词语页 OCR 配对；需用词语总表与原页人工核对。,boya-elementary-i:楼:iou
boya-elementary-i,初级起步篇 I,lesson-09,9,我们怎么去,7,电话*,电话,dianhua,didnhua,名,名,telephone,điện thoại,translated_subagent_draft,*,lesson_vocab,69,9,appendix_matched_ocr_occurrence_needs_translation_review,词语页 OCR 配对；需用词语总表与原页人工核对。,boya-elementary-i:电话:didnhua
boya-elementary-i,初级起步篇 I,lesson-09,9,我们怎么去,8,东门,东门,dongmen,dongmen,名,名,east gate,cổng phía đông,translated_subagent_draft,,lesson_vocab,69,9,appendix_matched_ocr_occurrence_needs_translation_review,词语页 OCR 配对；需用词语总表与原页人工核对。,boya-elementary-i:东门:dongmen
boya-elementary-i,初级起步篇 I,lesson-09,9,我们怎么去,9,微信,微信,weixin,weixin,名,名,WeChat,WeChat,translated_subagent_draft,,lesson_vocab,69,9,appendix_matched_ocr_occurrence_needs_translation_review,词语页 OCR 配对；需用词语总表与原页人工核对。,boya-elementary-i:微信:weixin
boya-elementary-i,初级起步篇 I,lesson-09,9,我们怎么去,10,旁边*,旁边,pangbian,pangbian,名,名,side,bên cạnh,translated_subagent_draft,*,lesson_vocab,69,9,appendix_matched_ocr_occurrence_needs_translation_review,词语页 OCR 配对；需用词语总表与原页人工核对。,boya-elementary-i:旁边:pangbian
boya-elementary-i,初级起步篇 I,lesson-09,9,我们怎么去,11,12.和＊,呢,ne,ne,连,连,and,nhỉ; vậy (trợ từ cuối câu),translated_subagent_draft,,lesson_vocab,69,5,appendix_matched_ocr_occurrence_needs_translation_review,词语页 OCR 配对；需用词语总表与原页人工核对。,boya-elementary-i:呢:ne
boya-elementary-i,初级起步篇 I,lesson-09,9,我们怎么去,12,13.加,加,jia,jia,动,动,to add,thêm; cộng,translated_subagent_draft,,lesson_vocab,69,9,appendix_matched_ocr_occurrence_needs_translation_review,词语页 OCR 配对；需用词语总表与原页人工核对。,boya-elementary-i:加:jia
boya-elementary-i,初级起步篇 I,lesson-09,9,我们怎么去,13,号码*,号码,haoma,hdoma,名,名,number,số; số điện thoại,translated_subagent_draft,*,lesson_vocab,69,9,appendix_matched_ocr_occurrence_needs_translation_review,词语页 OCR 配对；需用词语总表与原页人工核对。,boya-elementary-i:号码:hdoma
boya-elementary-i,初级起步篇 I,lesson-09,9,我们怎么去,14,快递,快递,kudidi,kudidi,名,名,express delivery,chuyển phát nhanh,translated_subagent_draft,,lesson_vocab,69,9,appendix_matched_ocr_occurrence_needs_translation_review,词语页 OCR 配对；需用词语总表与原页人工核对。,boya-elementary-i:快递:kudidi
boya-elementary-i,初级起步篇 I,lesson-09,9,我们怎么去,15,知道*,知道,zhidao,zhidao,动,动,to know,biết,translated_subagent_draft,*,lesson_vocab,69,9,appendix_matched_ocr_occurrence_needs_translation_review,词语页 OCR 配对；需用词语总表与原页人工核对。,boya-elementary-i:知道:zhidao
boya-elementary-i,初级起步篇 I,lesson-09,9,我们怎么去,16,办公室,办公室,bangongshi,bangongshi,名,名,ofhice,văn phòng,translated_subagent_draft,,lesson_vocab,69,9,appendix_matched_ocr_occurrence_needs_translation_review,词语页 OCR 配对；需用词语总表与原页人工核对。,boya-elementary-i:办公室:bangongshi
boya-elementary-i,初级起步篇 I,lesson-09,9,我们怎么去,17,星期六,星期六,xingqilii,xingqiliu,名,名,Saturday,thứ bảy,translated_subagent_draft,,lesson_vocab,69,9,appendix_matched_ocr_occurrence_needs_translation_review,词语页 OCR 配对；需用词语总表与原页人工核对。,boya-elementary-i:星期六:xingqiliu
boya-elementary-i,初级起步篇 I,lesson-09,9,我们怎么去,18,地铁*,地铁,ditie,ditie,名,名,subway,tàu điện ngầm,translated_subagent_draft,*,lesson_vocab,70,9,appendix_matched_ocr_occurrence_needs_translation_review,词语页 OCR 配对；需用词语总表与原页人工核对。,boya-elementary-i:地铁:ditie
boya-elementary-i,初级起步篇 I,lesson-09,9,我们怎么去,19,公共汽车*,公共汽车,gonggong qiche,gonggong qiche,,,bus,xe buýt,translated_subagent_draft,*,lesson_vocab,70,9,appendix_matched_ocr_occurrence_needs_translation_review,词语页 OCR 配对；需用词语总表与原页人工核对。,boya-elementary-i:公共汽车:gonggongqiche
boya-elementary-i,初级起步篇 I,lesson-09,9,我们怎么去,20,飞机,飞机,feij,feiji,名,名,airplane,máy bay,translated_subagent_draft,,lesson_vocab,70,9,appendix_matched_ocr_occurrence_needs_translation_review,词语页 OCR 配对；需用词语总表与原页人工核对。,boya-elementary-i:飞机:feiji
boya-elementary-i,初级起步篇 I,lesson-09,9,我们怎么去,21,火车*,火车,huoche,huoche,名,名,train,tàu hỏa,translated_subagent_draft,*,lesson_vocab,70,9,appendix_matched_ocr_occurrence_needs_translation_review,词语页 OCR 配对；需用词语总表与原页人工核对。,boya-elementary-i:火车:huoche
boya-elementary-i,初级起步篇 I,lesson-09,9,我们怎么去,22,自行车*,自行车,zixingche,zixingche,名,名,bike,xe đạp,translated_subagent_draft,*,lesson_vocab,70,9,appendix_matched_ocr_occurrence_needs_translation_review,词语页 OCR 配对；需用词语总表与原页人工核对。,boya-elementary-i:自行车:zixingche
boya-elementary-i,初级起步篇 I,lesson-09,9,我们怎么去,23,出租车,出租车,chuzuche,chuzuche,名,名,taxi,taxi,translated_subagent_draft,,lesson_vocab,70,9,appendix_matched_ocr_occurrence_needs_translation_review,词语页 OCR 配对；需用词语总表与原页人工核对。,boya-elementary-i:出租车:chuzuche
boya-elementary-i,初级起步篇 I,lesson-09,9,我们怎么去,24,男*,男,nan,nan,名,名,male,nam; con trai,translated_subagent_draft,*,lesson_vocab,70,9,appendix_matched_ocr_occurrence_needs_translation_review,词语页 OCR 配对；需用词语总表与原页人工核对。,boya-elementary-i:男:nan
boya-elementary-i,初级起步篇 I,lesson-09,9,我们怎么去,25,女*,女,ni,ni,名,名,female,nữ; phụ nữ,translated_subagent_draft,*,lesson_vocab,70,9,appendix_matched_ocr_occurrence_needs_translation_review,词语页 OCR 配对；需用词语总表与原页人工核对。,boya-elementary-i:女:ni
boya-elementary-i,初级起步篇 I,lesson-09,9,我们怎么去,26,动物园,动物园,dongwuyuan,dongwuyuan,名,名,ZOO,sở thú,translated_subagent_draft,,lesson_vocab,70,9,appendix_matched_ocr_occurrence_needs_translation_review,词语页 OCR 配对；需用词语总表与原页人工核对。,boya-elementary-i:动物园:dongwuyuan
boya-elementary-i,初级起步篇 I,lesson-10,10,西瓜怎么卖,1,1.西瓜,西瓜,xigua,xigua,,,watermelon,dưa hấu,translated_subagent_draft,,lesson_vocab,80,10,appendix_matched_ocr_occurrence_needs_translation_review,词语页 OCR 配对；需用词语总表与原页人工核对。,boya-elementary-i:西瓜:xigua
boya-elementary-i,初级起步篇 I,lesson-10,10,西瓜怎么卖,2,卖,卖,mai,mai,,,to sell,bán,translated_subagent_draft,,lesson_vocab,80,10,appendix_matched_ocr_occurrence_needs_translation_review,词语页 OCR 配对；需用词语总表与原页人工核对。,boya-elementary-i:卖:mai
boya-elementary-i,初级起步篇 I,lesson-10,10,西瓜怎么卖,3,买*,头,mai,mai,动,动,to buy,mua,translated_subagent_draft,*,lesson_vocab,80,10,appendix_matched_ocr_occurrence_needs_translation_review,词语页 OCR 配对；需用词语总表与原页人工核对。,boya-elementary-i:头:mai
boya-elementary-i,初级起步篇 I,lesson-10,10,西瓜怎么卖,4,4.钱*,钱,qian,qian,名,名,money,tiền,translated_subagent_draft,*,lesson_vocab,80,10,appendix_matched_ocr_occurrence_needs_translation_review,词语页 OCR 配对；需用词语总表与原页人工核对。,boya-elementary-i:钱:qian
boya-elementary-i,初级起步篇 I,lesson-10,10,西瓜怎么卖,5,块（元）*,块（元）,Kudi (yuan),kuai (yuan),量,量,Chinese basic monetary unit,đồng (đơn vị tiền Trung Quốc),translated_subagent_draft,*,lesson_vocab,80,10,appendix_matched_ocr_occurrence_needs_translation_review,词语页 OCR 配对；需用词语总表与原页人工核对。,boya-elementary-i:块（元）:kuaiyuan
boya-elementary-i,初级起步篇 I,lesson-10,10,西瓜怎么卖,6,毛（角）*,毛（角）,mdo (jido),máo (jiǎo),量,量,,hào (một phần mười đồng),translated_subagent_draft,*,lesson_vocab,80,10,appendix_matched_ocr_occurrence_needs_translation_review,拼音 OCR 修为 máo (jiǎo),boya-elementary-i:毛（角）:maojiao
boya-elementary-i,初级起步篇 I,lesson-10,10,西瓜怎么卖,7,7.分,分,fen,fen,量,量,fen （unit of currency,phút (lượng từ),translated_subagent_draft,,lesson_vocab,80,8,appendix_matched_ocr_occurrence_needs_translation_review,词语页 OCR 配对；需用词语总表与原页人工核对。,boya-elementary-i:分:fen
boya-elementary-i,初级起步篇 I,lesson-10,10,西瓜怎么卖,8,8.苹果,苹果,pingguo,pinggui,名,名,apple,táo,translated_subagent_draft,,lesson_vocab,80,10,appendix_matched_ocr_occurrence_needs_translation_review,词语页 OCR 配对；需用词语总表与原页人工核对。,boya-elementary-i:苹果:pinggui
boya-elementary-i,初级起步篇 I,lesson-10,10,西瓜怎么卖,9,香蕉,香蕉,xiangjido,xiangjido,名,名,banana,chuối,translated_subagent_draft,,lesson_vocab,80,10,appendix_matched_ocr_occurrence_needs_translation_review,词语页 OCR 配对；需用词语总表与原页人工核对。,boya-elementary-i:香蕉:xiangjido
boya-elementary-i,初级起步篇 I,lesson-10,10,西瓜怎么卖,10,面包,面包,mianbao,mianbao,名,名,bread,bánh mì,translated_subagent_draft,,lesson_vocab,80,10,appendix_matched_ocr_occurrence_needs_translation_review,词语页 OCR 配对；需用词语总表与原页人工核对。,boya-elementary-i:面包:mianbao
boya-elementary-i,初级起步篇 I,lesson-10,10,西瓜怎么卖,11,11.付,付,fu,fu,动,动,to pay,trả tiền,translated_subagent_draft,,lesson_vocab,80,10,appendix_matched_ocr_occurrence_needs_translation_review,词语页 OCR 配对；需用词语总表与原页人工核对。,boya-elementary-i:付:fu
boya-elementary-i,初级起步篇 I,lesson-10,10,西瓜怎么卖,12,牛奶,牛奶,niunai,niundi,名,名,milk,sữa,translated_subagent_draft,,lesson_vocab,80,10,appendix_matched_ocr_occurrence_needs_translation_review,词语页 OCR 配对；需用词语总表与原页人工核对。,boya-elementary-i:牛奶:niundi
boya-elementary-i,初级起步篇 I,lesson-10,10,西瓜怎么卖,13,现金,现金,xianjin,xidnjin,名,名,cash,tiền mặt,translated_subagent_draft,,lesson_vocab,80,10,appendix_matched_ocr_occurrence_needs_translation_review,词语页 OCR 配对；需用词语总表与原页人工核对。,boya-elementary-i:现金:xidnjin
boya-elementary-i,初级起步篇 I,lesson-10,10,西瓜怎么卖,14,刷卡,刷卡,shua ka,shua ka,,,swipe the card,quẹt thẻ,translated_subagent_draft,,lesson_vocab,80,10,appendix_matched_ocr_occurrence_needs_translation_review,词语页 OCR 配对；需用词语总表与原页人工核对。,boya-elementary-i:刷卡:shuaka
boya-elementary-i,初级起步篇 I,lesson-10,10,西瓜怎么卖,15,15.扫,扫,sdo,sdo,动,动,to scan,quét; quét mã,translated_subagent_draft,,lesson_vocab,80,10,appendix_matched_ocr_occurrence_needs_translation_review,词语页 OCR 配对；需用词语总表与原页人工核对。,boya-elementary-i:扫:sdo
boya-elementary-i,初级起步篇 I,lesson-10,10,西瓜怎么卖,16,要*,要,yao,yao,动,动,to want （something） 6g,muốn; cần,translated_subagent_draft,*,lesson_vocab,80,10,appendix_matched_ocr_occurrence_needs_translation_review,词语页 OCR 配对；需用词语总表与原页人工核对。,boya-elementary-i:要:yao
boya-elementary-i,初级起步篇 I,lesson-10,10,西瓜怎么卖,17,17.瓶*,瓶,ping,ping,名,名,"bottle master in trade, used to",chai (lượng từ),translated_subagent_draft,*,lesson_vocab,81,10,appendix_matched_ocr_occurrence_needs_translation_review,词语页 OCR 配对；需用词语总表与原页人工核对。,boya-elementary-i:瓶:ping
boya-elementary-i,初级起步篇 I,lesson-10,10,西瓜怎么卖,18,师傅*,师傅,shifu,shifu,名,名,address a variety of service Workers,bác/chú (cách gọi lịch sự người thợ hoặc tài xế),translated_subagent_draft,*,lesson_vocab,81,10,appendix_matched_ocr_occurrence_needs_translation_review,词语页 OCR 配对；需用词语总表与原页人工核对。,boya-elementary-i:师傅:shifu
boya-elementary-i,初级起步篇 I,lesson-10,10,西瓜怎么卖,19,啤酒*,啤酒,Pijii,piji,名,名,beer,bia,translated_subagent_draft,*,lesson_vocab,81,10,appendix_matched_ocr_occurrence_needs_translation_review,词语页 OCR 配对；需用词语总表与原页人工核对。,boya-elementary-i:啤酒:piji
boya-elementary-i,初级起步篇 I,lesson-10,10,西瓜怎么卖,20,服务员,服务员,fuwuyuan•,fuwiyuan,名,名,waiter; waitress,nhân viên phục vụ,translated_subagent_draft,,lesson_vocab,81,10,appendix_matched_ocr_occurrence_needs_translation_review,词语页 OCR 配对；需用词语总表与原页人工核对。,boya-elementary-i:服务员:fuwiyuan
boya-elementary-i,初级起步篇 I,lesson-10,10,西瓜怎么卖,21,咖啡*,咖啡,kafei,kafei,名,名,coffee,cà phê,translated_subagent_draft,*,lesson_vocab,81,10,appendix_matched_ocr_occurrence_needs_translation_review,词语页 OCR 配对；需用词语总表与原页人工核对。,boya-elementary-i:咖啡:kafei
boya-elementary-i,初级起步篇 I,lesson-10,10,西瓜怎么卖,22,多少*,多少,auishao,duishao,代,代,how many; how much,bao nhiêu,translated_subagent_draft,*,lesson_vocab,81,10,appendix_matched_ocr_occurrence_needs_translation_review,词语页 OCR 配对；需用词语总表与原页人工核对。,boya-elementary-i:多少:duishao
boya-elementary-i,初级起步篇 I,lesson-10,10,西瓜怎么卖,23,23.一共*,一共,yigong,yigong,,,in total,tổng cộng,translated_subagent_draft,*,lesson_vocab,81,10,appendix_matched_ocr_occurrence_needs_translation_review,词语页 OCR 配对；需用词语总表与原页人工核对。,boya-elementary-i:一共:yigong
boya-elementary-i,初级起步篇 I,lesson-10,10,西瓜怎么卖,24,再*,再,zai,Zai,,,again; once more; further,lại; thêm; nữa,translated_subagent_draft,*,lesson_vocab,81,10,appendix_matched_ocr_occurrence_needs_translation_review,词语页 OCR 配对；需用词语总表与原页人工核对。,boya-elementary-i:再:zai
boya-elementary-i,初级起步篇 I,lesson-10,10,西瓜怎么卖,25,斤*,斤,JiIn,jin,量,量,half a kilogram,cân (nửa kilogram),translated_subagent_draft,*,lesson_vocab,81,10,appendix_matched_ocr_occurrence_needs_translation_review,词语页 OCR 配对；需用词语总表与原页人工核对。,boya-elementary-i:斤:jin
boya-elementary-i,初级起步篇 I,lesson-10,10,西瓜怎么卖,26,26.一些,一些,yixie,yixie,数量,数量,some,một vài; một ít,translated_subagent_draft,,lesson_vocab,81,10,appendix_matched_ocr_occurrence_needs_translation_review,词语页 OCR 配对；需用词语总表与原页人工核对。,boya-elementary-i:一些:yixie
boya-elementary-i,初级起步篇 I,lesson-10,10,西瓜怎么卖,27,27.杯*,杯,bel,bei,名,名,Cup,cốc; ly (lượng từ),translated_subagent_draft,*,lesson_vocab,81,10,appendix_matched_ocr_occurrence_needs_translation_review,词语页 OCR 配对；需用词语总表与原页人工核对。,boya-elementary-i:杯:bei
boya-elementary-i,初级起步篇 I,lesson-10,10,西瓜怎么卖,28,可乐,可乐,kele,kele,名,名,cola,nước cola,translated_subagent_draft,,lesson_vocab,81,10,appendix_matched_ocr_occurrence_needs_translation_review,词语页 OCR 配对；需用词语总表与原页人工核对。,boya-elementary-i:可乐:kele
boya-elementary-i,初级起步篇 I,lesson-10,10,西瓜怎么卖,29,女朋友,女朋友,nupengyou,nupengyou,名,名,geilfriend,bạn gái,translated_subagent_draft,,lesson_vocab,81,10,appendix_matched_ocr_occurrence_needs_translation_review,词语页 OCR 配对；需用词语总表与原页人工核对。,boya-elementary-i:女朋友:nupengyou
boya-elementary-i,初级起步篇 I,lesson-11,11,明天天气怎么样,1,天气*,天气,tianqi,tianqi,名,名,weather,thời tiết,translated_subagent_draft,*,lesson_vocab,91,11,appendix_matched_ocr_occurrence_needs_translation_review,词语页 OCR 配对；需用词语总表与原页人工核对。,boya-elementary-i:天气:tianqi
boya-elementary-i,初级起步篇 I,lesson-11,11,明天天气怎么样,2,怎么样*,怎么样,zenmeyang,zenmeyang,代,代,how,thế nào,translated_subagent_draft,*,lesson_vocab,91,11,appendix_matched_ocr_occurrence_needs_translation_review,词语页 OCR 配对；需用词语总表与原页人工核对。,boya-elementary-i:怎么样:zenmeyang
boya-elementary-i,初级起步篇 I,lesson-11,11,明天天气怎么样,3,风*,风,feng,feng,名,名,windy,gió,translated_subagent_draft,*,lesson_vocab,91,11,appendix_matched_ocr_occurrence_needs_translation_review,词语页 OCR 配对；需用词语总表与原页人工核对。,boya-elementary-i:风:feng
boya-elementary-i,初级起步篇 I,lesson-11,11,明天天气怎么样,4,雨*,雨,yu,yi,名,名,rain,mưa,translated_subagent_draft,*,lesson_vocab,91,11,appendix_matched_ocr_occurrence_needs_translation_review,词语页 OCR 配对；需用词语总表与原页人工核对。,boya-elementary-i:雨:yi
boya-elementary-i,初级起步篇 I,lesson-11,11,明天天气怎么样,5,阴,阴,yin,yin,形,形,cloudy,âm u; nhiều mây,translated_subagent_draft,,lesson_vocab,91,11,appendix_matched_ocr_occurrence_needs_translation_review,词语页 OCR 配对；需用词语总表与原页人工核对。,boya-elementary-i:阴:yin
boya-elementary-i,初级起步篇 I,lesson-11,11,明天天气怎么样,6,6.晴天*,晴天,qingtian,qingtian,名,名,sunny day; clear day,ngày nắng; trời quang,translated_subagent_draft,*,lesson_vocab,91,11,appendix_matched_ocr_occurrence_needs_translation_review,词语页 OCR 配对；需用词语总表与原页人工核对。,boya-elementary-i:晴天:qingtian
boya-elementary-i,初级起步篇 I,lesson-11,11,明天天气怎么样,7,7.冷*,冷,leng,leng,形,形,cold,lạnh,translated_subagent_draft,*,lesson_vocab,91,11,appendix_matched_ocr_occurrence_needs_translation_review,词语页 OCR 配对；需用词语总表与原页人工核对。,boya-elementary-i:冷:leng
boya-elementary-i,初级起步篇 I,lesson-11,11,明天天气怎么样,8,热＊,热,re,re,形,形,hot,nóng,translated_subagent_draft,,lesson_vocab,91,11,appendix_matched_ocr_occurrence_needs_translation_review,词语页 OCR 配对；需用词语总表与原页人工核对。,boya-elementary-i:热:re
boya-elementary-i,初级起步篇 I,lesson-11,11,明天天气怎么样,9,季节*,季节,jie,ijie,名,名,season,mùa,translated_subagent_draft,*,lesson_vocab,91,11,appendix_matched_ocr_occurrence_needs_translation_review,词语页 OCR 配对；需用词语总表与原页人工核对。,boya-elementary-i:季节:ijie
boya-elementary-i,初级起步篇 I,lesson-11,11,明天天气怎么样,10,逛街,逛街,guang jie,gudng jie,,,to go shopping,đi dạo phố; mua sắm,translated_subagent_draft,,lesson_vocab,91,11,appendix_matched_ocr_occurrence_needs_translation_review,词语页 OCR 配对；需用词语总表与原页人工核对。,boya-elementary-i:逛街:gudngjie
boya-elementary-i,初级起步篇 I,lesson-11,11,明天天气怎么样,11,度*,度,du,du,量,量,degree,độ (đơn vị),translated_subagent_draft,*,lesson_vocab,91,11,appendix_matched_ocr_occurrence_needs_translation_review,词语页 OCR 配对；需用词语总表与原页人工核对。,boya-elementary-i:度:du
boya-elementary-i,初级起步篇 I,lesson-11,11,明天天气怎么样,12,最*,最,ZUI,Zui,,,most,nhất,translated_subagent_draft,*,lesson_vocab,91,11,appendix_matched_ocr_occurrence_needs_translation_review,词语页 OCR 配对；需用词语总表与原页人工核对。,boya-elementary-i:最:zui
boya-elementary-i,初级起步篇 I,lesson-11,11,明天天气怎么样,13,13. 说*,说,shuo,shuo,动,动,it is said,nói,translated_subagent_draft,*,lesson_vocab,91,11,appendix_matched_ocr_occurrence_needs_translation_review,词语页 OCR 配对；需用词语总表与原页人工核对。,boya-elementary-i:说:shuo
boya-elementary-i,初级起步篇 I,lesson-11,11,明天天气怎么样,14,14.高,高,gao,gao,形,形,high,cao,translated_subagent_draft,,lesson_vocab,91,11,appendix_matched_ocr_occurrence_needs_translation_review,词语页 OCR 配对；需用词语总表与原页人工核对。,boya-elementary-i:高:gao
boya-elementary-i,初级起步篇 I,lesson-11,11,明天天气怎么样,15,夏天*,夏天,xiatian,xiatian,名,名,summer,mùa hè,translated_subagent_draft,*,lesson_vocab,91,11,appendix_matched_ocr_occurrence_needs_translation_review,词语页 OCR 配对；需用词语总表与原页人工核对。,boya-elementary-i:夏天:xiatian
boya-elementary-i,初级起步篇 I,lesson-11,11,明天天气怎么样,16,喜欢*,喜欢,xinuan,xihuan,动,动,to like,thích,translated_subagent_draft,*,lesson_vocab,91,11,appendix_matched_ocr_occurrence_needs_translation_review,词语页 OCR 配对；需用词语总表与原页人工核对。,boya-elementary-i:喜欢:xihuan
boya-elementary-i,初级起步篇 I,lesson-11,11,明天天气怎么样,17,现在*,现在,xianzai,xianzai,名,名,now,bây giờ; hiện tại,translated_subagent_draft,*,lesson_vocab,91,11,appendix_matched_ocr_occurrence_needs_translation_review,词语页 OCR 配对；需用词语总表与原页人工核对。,boya-elementary-i:现在:xianzai
boya-elementary-i,初级起步篇 I,lesson-11,11,明天天气怎么样,18,雨季,雨季,yuji,yGj,名,名,rainy season,mùa mưa,translated_subagent_draft,,lesson_vocab,91,11,appendix_matched_ocr_occurrence_needs_translation_review,词语页 OCR 配对；需用词语总表与原页人工核对。,boya-elementary-i:雨季:ygj
boya-elementary-i,初级起步篇 I,lesson-11,11,明天天气怎么样,19,常（常）*,常（常）,chang (chang),cháng (cháng),,,"often, usually",thường; thường xuyên,translated_subagent_draft,*,lesson_vocab,92,11,appendix_matched_ocr_occurrence_needs_translation_review,拼音 OCR 修为 cháng (cháng),boya-elementary-i:常（常）:changchang
boya-elementary-i,初级起步篇 I,lesson-11,11,明天天气怎么样,20,下（雨）*,下（雨）,xid (yu),xia (yu),动,动,to fall,mưa; rơi (mưa),translated_subagent_draft,*,lesson_vocab,92,11,appendix_matched_ocr_occurrence_needs_translation_review,词语页 OCR 配对；需用词语总表与原页人工核对。,boya-elementary-i:下（雨）:xiayu
boya-elementary-i,初级起步篇 I,lesson-11,11,明天天气怎么样,21,冬天*,冬天,dongtian,dongtian,名,名,winter,mùa đông,translated_subagent_draft,*,lesson_vocab,92,11,appendix_matched_ocr_occurrence_needs_translation_review,词语页 OCR 配对；需用词语总表与原页人工核对。,boya-elementary-i:冬天:dongtian
boya-elementary-i,初级起步篇 I,lesson-11,11,明天天气怎么样,22,天气预报,天气预报,tianqi yubdo,tianqi yubao,,,weather forecast,dự báo thời tiết,translated_subagent_draft,,lesson_vocab,92,11,appendix_matched_ocr_occurrence_needs_translation_review,词语页 OCR 配对；需用词语总表与原页人工核对。,boya-elementary-i:天气预报:tianqiyubao
boya-elementary-i,初级起步篇 I,lesson-11,11,明天天气怎么样,23,阴大,阴天,yintian,yintian,名,名,Cloudy day,ngày nhiều mây,translated_subagent_draft,,lesson_vocab,92,11,appendix_matched_ocr_occurrence_needs_translation_review,词语页 OCR 配对；需用词语总表与原页人工核对。,boya-elementary-i:阴天:yintian
boya-elementary-i,初级起步篇 I,lesson-11,11,明天天气怎么样,24,太*,太,tai,tai,,,too; much too,quá; rất,translated_subagent_draft,*,lesson_vocab,92,11,appendix_matched_ocr_occurrence_needs_translation_review,词语页 OCR 配对；需用词语总表与原页人工核对。,boya-elementary-i:太:tai
boya-elementary-i,初级起步篇 I,lesson-11,11,明天天气怎么样,25,雪*,雪,xue,xue,名,名,snow,tuyết,translated_subagent_draft,*,lesson_vocab,92,11,appendix_matched_ocr_occurrence_needs_translation_review,词语页 OCR 配对；需用词语总表与原页人工核对。,boya-elementary-i:雪:xue
boya-elementary-i,初级起步篇 I,lesson-11,11,明天天气怎么样,26,春天*,春天,chuntian,chuntian,名,名,spring,mùa xuân,translated_subagent_draft,*,lesson_vocab,92,11,appendix_matched_ocr_occurrence_needs_translation_review,词语页 OCR 配对；需用词语总表与原页人工核对。,boya-elementary-i:春天:chuntian
boya-elementary-i,初级起步篇 I,lesson-11,11,明天天气怎么样,27,秋天*,秋天,qiutian,qiutian,名,名,autumn,mùa thu,translated_subagent_draft,*,lesson_vocab,92,11,appendix_matched_ocr_occurrence_needs_translation_review,词语页 OCR 配对；需用词语总表与原页人工核对。,boya-elementary-i:秋天:qiutian
boya-elementary-i,初级起步篇 I,lesson-11,11,明天天气怎么样,28,刮风,刮风,gua feng,gua feng,,,to wind blowing,có gió; gió thổi,translated_subagent_draft,,lesson_vocab,92,11,appendix_matched_ocr_occurrence_needs_translation_review,词语页 OCR 配对；需用词语总表与原页人工核对。,boya-elementary-i:刮风:guafeng
boya-elementary-i,初级起步篇 I,lesson-11,11,明天天气怎么样,29,零下*,零下,lingxid,Iingxid,名,名,below zero,dưới 0 độ,translated_subagent_draft,*,lesson_vocab,92,11,appendix_matched_ocr_occurrence_needs_translation_review,词语页 OCR 配对；需用词语总表与原页人工核对。,boya-elementary-i:零下:iingxid
boya-elementary-i,初级起步篇 I,lesson-11,11,明天天气怎么样,30,圣诞节*,圣诞节,Shengdan Jie,Shengdan Jie,,,Christmas,Giáng sinh,translated_subagent_draft,*,proper_noun,92,11,appendix_matched_ocr_occurrence_needs_translation_review,词语页 OCR 配对；需用词语总表与原页人工核对。,boya-elementary-i:圣诞节:shengdanjie
boya-elementary-i,初级起步篇 I,lesson-11,11,明天天气怎么样,31,泰国,泰国,Taiguo,Taiguo,,,Thailand,Thái Lan,translated_subagent_draft,,lesson_vocab,92,11,appendix_matched_ocr_occurrence_needs_translation_review,词语页 OCR 配对；需用词语总表与原页人工核对。,boya-elementary-i:泰国:taiguo
boya-elementary-i,初级起步篇 I,lesson-11,11,明天天气怎么样,32,澳大利亚,澳大利亚,Aodaliya,Aodaliya,,,Australia,Úc,translated_subagent_draft,,lesson_vocab,92,11,appendix_matched_ocr_occurrence_needs_translation_review,词语页 OCR 配对；需用词语总表与原页人工核对。,boya-elementary-i:澳大利亚:aodaliya
boya-elementary-i,初级起步篇 I,lesson-11,11,明天天气怎么样,33,长城,长城,Changcheng,Changcheng,,,the Great wall,Vạn Lý Trường Thành,translated_subagent_draft,,lesson_vocab,92,11,appendix_matched_ocr_occurrence_needs_translation_review,词语页 OCR 配对；需用词语总表与原页人工核对。,boya-elementary-i:长城:changcheng
boya-elementary-i,初级起步篇 I,lesson-12,12,我正在等公共汽车呢,1,正在*,正在,zhengzai,zhengzai,,,in the course of,đang,translated_subagent_draft,*,lesson_vocab,100,12,appendix_matched_ocr_occurrence_needs_translation_review,词语页 OCR 配对；需用词语总表与原页人工核对。,boya-elementary-i:正在:zhengzai
boya-elementary-i,初级起步篇 I,lesson-12,12,我正在等公共汽车呢,2,等＊,等,deng,deng,动,动,to wait cong・・・・ddo・・・ from... to,đợi; chờ,translated_subagent_draft,,lesson_vocab,100,12,appendix_matched_ocr_occurrence_needs_translation_review,词语页 OCR 配对；需用词语总表与原页人工核对。,boya-elementary-i:等:deng
boya-elementary-i,初级起步篇 I,lesson-12,12,我正在等公共汽车呢,3,做*,做,ZUO,ZUO,动,动,to do,làm,translated_subagent_draft,*,lesson_vocab,100,12,appendix_matched_ocr_occurrence_needs_translation_review,词语页 OCR 配对；需用词语总表与原页人工核对。,boya-elementary-i:做:zuo
boya-elementary-i,初级起步篇 I,lesson-12,12,我正在等公共汽车呢,4,到*,到,ddo,ddo,动,动,to arrive,đến; tới,translated_subagent_draft,*,lesson_vocab,100,12,appendix_matched_ocr_occurrence_needs_translation_review,词语页 OCR 配对；需用词语总表与原页人工核对。,boya-elementary-i:到:ddo
boya-elementary-i,初级起步篇 I,lesson-12,12,我正在等公共汽车呢,5,晚*,晚,wan,wan,形,形,late,muộn; tối,translated_subagent_draft,*,lesson_vocab,100,12,appendix_matched_ocr_occurrence_needs_translation_review,词语页 OCR 配对；需用词语总表与原页人工核对。,boya-elementary-i:晚:wan
boya-elementary-i,初级起步篇 I,lesson-12,12,我正在等公共汽车呢,6,7.每*,每,mei,mei,代,代,Cvery,mỗi,translated_subagent_draft,*,lesson_vocab,100,12,appendix_matched_ocr_occurrence_needs_translation_review,词语页 OCR 配对；需用词语总表与原页人工核对。,boya-elementary-i:每:mei
boya-elementary-i,初级起步篇 I,lesson-12,12,我正在等公共汽车呢,7,车站,车站,chezhan,chezhan,名,名,station,nhà ga; trạm xe,translated_subagent_draft,,lesson_vocab,100,12,appendix_matched_ocr_occurrence_needs_translation_review,词语页 OCR 配对；需用词语总表与原页人工核对。,boya-elementary-i:车站:chezhan
boya-elementary-i,初级起步篇 I,lesson-12,12,我正在等公共汽车呢,8,告诉,告诉,gaosu,gaosu,动,动,to tell,nói cho; báo cho,translated_subagent_draft,,lesson_vocab,100,12,appendix_matched_ocr_occurrence_needs_translation_review,词语页 OCR 配对；需用词语总表与原页人工核对。,boya-elementary-i:告诉:gaosu
boya-elementary-i,初级起步篇 I,lesson-12,12,我正在等公共汽车呢,9,上网*,上网,shang waing,shang wdng,,,to surf the Internet,lên mạng; lướt mạng,translated_subagent_draft,*,lesson_vocab,100,12,appendix_matched_ocr_occurrence_needs_translation_review,词语页 OCR 配对；需用词语总表与原页人工核对。,boya-elementary-i:上网:shangwdng
boya-elementary-i,初级起步篇 I,lesson-12,12,我正在等公共汽车呢,10,11.一会儿*,一会儿,yinuir,yihuir,数量,数量,after a while; a little while,một lát nữa; một lúc,translated_subagent_draft,*,lesson_vocab,100,12,appendix_matched_ocr_occurrence_needs_translation_review,词语页 OCR 配对；需用词语总表与原页人工核对。,boya-elementary-i:一会儿:yihuir
boya-elementary-i,初级起步篇 I,lesson-12,12,我正在等公共汽车呢,11,12.千＊,干,gan,gan,动,动,to do,làm,translated_subagent_draft,,lesson_vocab,100,12,appendix_matched_ocr_occurrence_needs_translation_review,词语页 OCR 配对；需用词语总表与原页人工核对。,boya-elementary-i:干:gan
boya-elementary-i,初级起步篇 I,lesson-12,12,我正在等公共汽车呢,12,13. 看*,看,kan,kan,动,动,to look; to watch,nhìn; xem,translated_subagent_draft,*,lesson_vocab,100,12,appendix_matched_ocr_occurrence_needs_translation_review,词语页 OCR 配对；需用词语总表与原页人工核对。,boya-elementary-i:看:kan
boya-elementary-i,初级起步篇 I,lesson-12,12,我正在等公共汽车呢,13,14. 漂亮*,漂亮,picoliang,pidoliang,形,形,beautiful,đẹp,translated_subagent_draft,*,lesson_vocab,100,12,appendix_matched_ocr_occurrence_needs_translation_review,词语页 OCR 配对；需用词语总表与原页人工核对。,boya-elementary-i:漂亮:pidoliang
boya-elementary-i,初级起步篇 I,lesson-12,12,我正在等公共汽车呢,14,15.电影*,电影,dianying,dianying,,,movie,phim,translated_subagent_draft,*,lesson_vocab,100,12,appendix_matched_ocr_occurrence_needs_translation_review,词语页 OCR 配对；需用词语总表与原页人工核对。,boya-elementary-i:电影:dianying
boya-elementary-i,初级起步篇 I,lesson-12,12,我正在等公共汽车呢,15,16.下＊,下,xid,xid,名,名,next,tiếp theo; dưới,translated_subagent_draft,,lesson_vocab,100,12,appendix_matched_ocr_occurrence_needs_translation_review,词语页 OCR 配对；需用词语总表与原页人工核对。,boya-elementary-i:下:xid
boya-elementary-i,初级起步篇 I,lesson-12,12,我正在等公共汽车呢,16,17. 都*,都,dOu,dOu,,,all; both,đều; tất cả,translated_subagent_draft,*,lesson_vocab,100,12,appendix_matched_ocr_occurrence_needs_translation_review,词语页 OCR 配对；需用词语总表与原页人工核对。,boya-elementary-i:都:dou
boya-elementary-i,初级起步篇 I,lesson-12,12,我正在等公共汽车呢,17,时候*,时候,shihou,shihou,名,名,time,lúc; khi,translated_subagent_draft,*,lesson_vocab,101,12,appendix_matched_ocr_occurrence_needs_translation_review,词语页 OCR 配对；需用词语总表与原页人工核对。,boya-elementary-i:时候:shihou
boya-elementary-i,初级起步篇 I,lesson-12,12,我正在等公共汽车呢,18,19.开始*,开始,kaishi,kaishi,动,动,to begin; to start,bắt đầu,translated_subagent_draft,*,lesson_vocab,101,12,appendix_matched_ocr_occurrence_needs_translation_review,词语页 OCR 配对；需用词语总表与原页人工核对。,boya-elementary-i:开始:kaishi
boya-elementary-i,初级起步篇 I,lesson-12,12,我正在等公共汽车呢,19,爬山,爬山,pa shan,pa shan,,,to clime the mountain,leo núi,translated_subagent_draft,,lesson_vocab,101,12,appendix_matched_ocr_occurrence_needs_translation_review,词语页 OCR 配对；需用词语总表与原页人工核对。,boya-elementary-i:爬山:pashan
boya-elementary-i,初级起步篇 I,lesson-12,12,我正在等公共汽车呢,20,作业*,作业,zuoye,zuoye,名,名,homework,bài tập,translated_subagent_draft,*,lesson_vocab,101,12,appendix_matched_ocr_occurrence_needs_translation_review,词语页 OCR 配对；需用词语总表与原页人工核对。,boya-elementary-i:作业:zuoye
boya-elementary-i,初级起步篇 I,lesson-12,12,我正在等公共汽车呢,21,22.打（电话）*,打（电话）,da (dianhua),dǎ (diànhuà),动,动,to call,gọi điện,translated_subagent_draft,*,lesson_vocab,101,12,appendix_matched_ocr_occurrence_needs_translation_review,拼音 OCR 修为 dǎ (diànhuà),boya-elementary-i:打（电话）:dadianhua
boya-elementary-i,初级起步篇 I,lesson-12,12,我正在等公共汽车呢,22,喂*,喂,wei,wei,叹,叹,hello （used to answer phone）,a-lô (khi nghe điện thoại),translated_subagent_draft,*,lesson_vocab,101,12,appendix_matched_ocr_occurrence_needs_translation_review,词语页 OCR 配对；需用词语总表与原页人工核对。,boya-elementary-i:喂:wei
boya-elementary-i,初级起步篇 I,lesson-13,13,你打算买什么样子,1,打算*,打算,ddsuan,ddsuan,,,to plan to,dự định,translated_subagent_draft,*,lesson_vocab,109,13,appendix_matched_ocr_occurrence_needs_translation_review,词语页 OCR 配对；需用词语总表与原页人工核对。,boya-elementary-i:打算:ddsuan
boya-elementary-i,初级起步篇 I,lesson-13,13,你打算买什么样子,2,样子,样子,yangzi,yangzi,,,appearance; shape,dáng vẻ; kiểu dáng,translated_subagent_draft,,lesson_vocab,109,13,appendix_matched_ocr_occurrence_needs_translation_review,词语页 OCR 配对；需用词语总表与原页人工核对。,boya-elementary-i:样子:yangzi
boya-elementary-i,初级起步篇 I,lesson-13,13,你打算买什么样子,3,白*,白,bai,bai,形,形,white,trợ từ chỉ quan hệ sở hữu,translated_subagent_draft,*,lesson_vocab,109,13,appendix_matched_ocr_occurrence_needs_translation_review,词语页 OCR 配对；需用词语总表与原页人工核对。,boya-elementary-i:白:bai
boya-elementary-i,初级起步篇 I,lesson-13,13,你打算买什么样子,4,红,红,hong,hong,形,形,red,đỏ,translated_subagent_draft,,lesson_vocab,109,13,appendix_matched_ocr_occurrence_needs_translation_review,词语页 OCR 配对；需用词语总表与原页人工核对。,boya-elementary-i:红:hong
boya-elementary-i,初级起步篇 I,lesson-13,13,你打算买什么样子,5,黑*,黑,hei,hei,,,black,đen,translated_subagent_draft,*,lesson_vocab,109,13,appendix_matched_ocr_occurrence_needs_translation_review,词语页 OCR 配对；需用词语总表与原页人工核对。,boya-elementary-i:黑:hei
boya-elementary-i,初级起步篇 I,lesson-13,13,你打算买什么样子,6,蓝*,蓝,lan,lan,形,形,blue,xanh lam,translated_subagent_draft,*,lesson_vocab,109,13,appendix_matched_ocr_occurrence_needs_translation_review,词语页 OCR 配对；需用词语总表与原页人工核对。,boya-elementary-i:蓝:lan
boya-elementary-i,初级起步篇 I,lesson-13,13,你打算买什么样子,7,颜色＊,颜色,yanse,yanse,名,名,color,màu sắc,translated_subagent_draft,,lesson_vocab,109,13,appendix_matched_ocr_occurrence_needs_translation_review,词语页 OCR 配对；需用词语总表与原页人工核对。,boya-elementary-i:颜色:yanse
boya-elementary-i,初级起步篇 I,lesson-13,13,你打算买什么样子,8,便宜*,便宜,pianyi,pianyi,形,形,cheap,rẻ,translated_subagent_draft,*,lesson_vocab,109,13,appendix_matched_ocr_occurrence_needs_translation_review,词语页 OCR 配对；需用词语总表与原页人工核对。,boya-elementary-i:便宜:pianyi
boya-elementary-i,初级起步篇 I,lesson-13,13,你打算买什么样子,9,贵*,贵,gui,guì,形,形,expensive,đắt,translated_subagent_draft,*,lesson_vocab,109,13,appendix_matched_ocr_occurrence_needs_translation_review,拼音 OCR 修为 guì,boya-elementary-i:贵:gui
boya-elementary-i,初级起步篇 I,lesson-13,13,你打算买什么样子,10,10. 挺*,挺,ting,ting,,,very,khá; rất,translated_subagent_draft,*,lesson_vocab,109,13,appendix_matched_ocr_occurrence_needs_translation_review,词语页 OCR 配对；需用词语总表与原页人工核对。,boya-elementary-i:挺:ting
boya-elementary-i,初级起步篇 I,lesson-13,13,你打算买什么样子,11,11. 新*,新,xin,xin,形,形,new,mới,translated_subagent_draft,*,lesson_vocab,109,13,appendix_matched_ocr_occurrence_needs_translation_review,词语页 OCR 配对；需用词语总表与原页人工核对。,boya-elementary-i:新:xin
boya-elementary-i,初级起步篇 I,lesson-13,13,你打算买什么样子,12,质量*,质量,zhiliang,zhiliang,名,名,quality,chất lượng,translated_subagent_draft,*,lesson_vocab,109,13,appendix_matched_ocr_occurrence_needs_translation_review,词语页 OCR 配对；需用词语总表与原页人工核对。,boya-elementary-i:质量:zhiliang
boya-elementary-i,初级起步篇 I,lesson-13,13,你打算买什么样子,13,衣服*,衣服,yitu,yifu,名,名,clothes,quần áo,translated_subagent_draft,*,lesson_vocab,109,13,appendix_matched_ocr_occurrence_needs_translation_review,词语页 OCR 配对；需用词语总表与原页人工核对。,boya-elementary-i:衣服:yifu
boya-elementary-i,初级起步篇 I,lesson-13,13,你打算买什么样子,14,狗*,狗,gou,gou,名,名,dog,chó,translated_subagent_draft,*,lesson_vocab,109,13,appendix_matched_ocr_occurrence_needs_translation_review,词语页 OCR 配对；需用词语总表与原页人工核对。,boya-elementary-i:狗:gou
boya-elementary-i,初级起步篇 I,lesson-13,13,你打算买什么样子,15,要是,要是,yaoshi,yaoshi,连,连,if,nếu mà,translated_subagent_draft,,lesson_vocab,109,13,appendix_matched_ocr_occurrence_needs_translation_review,词语页 OCR 配对；需用词语总表与原页人工核对。,boya-elementary-i:要是:yaoshi
boya-elementary-i,初级起步篇 I,lesson-13,13,你打算买什么样子,16,种＊,种,zhong,zhong,量,量,kind,loại; giống,translated_subagent_draft,,lesson_vocab,109,13,appendix_matched_ocr_occurrence_needs_translation_review,词语页 OCR 配对；需用词语总表与原页人工核对。,boya-elementary-i:种:zhong
boya-elementary-i,初级起步篇 I,lesson-13,13,你打算买什么样子,17,不过*,不过,buguo,buguo,连,连,but; however,nhưng; tuy nhiên,translated_subagent_draft,*,lesson_vocab,109,13,appendix_matched_ocr_occurrence_needs_translation_review,词语页 OCR 配对；需用词语总表与原页人工核对。,boya-elementary-i:不过:buguo
boya-elementary-i,初级起步篇 I,lesson-13,13,你打算买什么样子,18,件*,件,Jian,jian,量,量,measure word （for pieces of clothing..）,chiếc; bộ (lượng từ quần áo),translated_subagent_draft,*,lesson_vocab,109,13,appendix_matched_ocr_occurrence_needs_translation_review,词语页 OCR 配对；需用词语总表与原页人工核对。,boya-elementary-i:件:jian
boya-elementary-i,初级起步篇 I,lesson-13,13,你打算买什么样子,19,：只,只,zhi,Zhi,量,量,measure word,con; chiếc (lượng từ),translated_subagent_draft,,lesson_vocab,110,13,appendix_matched_ocr_occurrence_needs_translation_review,词语页 OCR 配对；需用词语总表与原页人工核对。,boya-elementary-i:只:zhi
boya-elementary-i,初级起步篇 I,lesson-13,13,你打算买什么样子,20,屏幕,屏幕,pingmu,pingmi,名,名,screen,màn hình,translated_subagent_draft,,lesson_vocab,110,13,appendix_matched_ocr_occurrence_needs_translation_review,词语页 OCR 配对；需用词语总表与原页人工核对。,boya-elementary-i:屏幕:pingmi
boya-elementary-i,初级起步篇 I,lesson-13,13,你打算买什么样子,21,找*,找,zhdo,zhdo,动,动,to look for,tìm,translated_subagent_draft,*,lesson_vocab,110,13,appendix_matched_ocr_occurrence_needs_translation_review,词语页 OCR 配对；需用词语总表与原页人工核对。,boya-elementary-i:找:zhdo
boya-elementary-i,初级起步篇 I,lesson-13,13,你打算买什么样子,22,有点儿*,有点儿,youdianr,youdianr,,,a litte; a bit,hơi; có một chút,translated_subagent_draft,*,lesson_vocab,110,13,appendix_matched_ocr_occurrence_needs_translation_review,词语页 OCR 配对；需用词语总表与原页人工核对。,boya-elementary-i:有点儿:youdianr
boya-elementary-i,初级起步篇 I,lesson-13,13,你打算买什么样子,23,一点儿*,一点儿,yidianr,yididnr,数量,数量,a litte bit,một chút,translated_subagent_draft,*,lesson_vocab,110,13,appendix_matched_ocr_occurrence_needs_translation_review,词语页 OCR 配对；需用词语总表与原页人工核对。,boya-elementary-i:一点儿:yididnr
boya-elementary-i,初级起步篇 I,lesson-13,13,你打算买什么样子,24,还可以*,还可以,hai keyi,hai keyi,,,so-sO;Okay; passable,cũng được; tạm ổn,translated_subagent_draft,*,lesson_vocab,110,13,appendix_matched_ocr_occurrence_needs_translation_review,词语页 OCR 配对；需用词语总表与原页人工核对。,boya-elementary-i:还可以:haikeyi
boya-elementary-i,初级起步篇 I,lesson-13,13,你打算买什么样子,25,近,近,jin,jin,形,形,near,gần,translated_subagent_draft,,lesson_vocab,110,13,appendix_matched_ocr_occurrence_needs_translation_review,词语页 OCR 配对；需用词语总表与原页人工核对。,boya-elementary-i:近:jin
boya-elementary-i,初级起步篇 I,lesson-13,13,你打算买什么样子,26,难*,难,nan,nan,形,形,difficult,khó,translated_subagent_draft,*,lesson_vocab,110,13,appendix_matched_ocr_occurrence_needs_translation_review,词语页 OCR 配对；需用词语总表与原页人工核对。,boya-elementary-i:难:nan
boya-elementary-i,初级起步篇 I,lesson-14,14,祝你生日快乐,1,祝*,祝,zhu,zhu,,,to wish,chúc,translated_subagent_draft,*,lesson_vocab,120,14,appendix_matched_ocr_occurrence_needs_translation_review,词语页 OCR 配对；需用词语总表与原页人工核对。,boya-elementary-i:祝:zhu
boya-elementary-i,初级起步篇 I,lesson-14,14,祝你生日快乐,2,快乐*,快乐,kudile,kudile,形,形,happy,vui vẻ,translated_subagent_draft,*,lesson_vocab,120,14,appendix_matched_ocr_occurrence_needs_translation_review,词语页 OCR 配对；需用词语总表与原页人工核对。,boya-elementary-i:快乐:kudile
boya-elementary-i,初级起步篇 I,lesson-14,14,祝你生日快乐,3,先*,先,xIan,xian,,,first,trước; trước hết,translated_subagent_draft,*,lesson_vocab,120,14,appendix_matched_ocr_occurrence_needs_translation_review,词语页 OCR 配对；需用词语总表与原页人工核对。,boya-elementary-i:先:xian
boya-elementary-i,初级起步篇 I,lesson-14,14,祝你生日快乐,4,花儿*,花儿,huar,huar,名,名,flower,hoa,translated_subagent_draft,*,lesson_vocab,120,14,appendix_matched_ocr_occurrence_needs_translation_review,词语页 OCR 配对；需用词语总表与原页人工核对。,boya-elementary-i:花儿:huar
boya-elementary-i,初级起步篇 I,lesson-14,14,祝你生日快乐,5,礼物*,礼物,Tiwi,Iiwu,名,名,gift,quà,translated_subagent_draft,*,lesson_vocab,120,14,appendix_matched_ocr_occurrence_needs_translation_review,词语页 OCR 配对；需用词语总表与原页人工核对。,boya-elementary-i:礼物:iiwu
boya-elementary-i,初级起步篇 I,lesson-14,14,祝你生日快乐,6,最近,最近,zuijin,zuijin,名,名,recently,gần đây,translated_subagent_draft,,lesson_vocab,120,14,appendix_matched_ocr_occurrence_needs_translation_review,词语页 OCR 配对；需用词语总表与原页人工核对。,boya-elementary-i:最近:zuijin
boya-elementary-i,初级起步篇 I,lesson-14,14,祝你生日快乐,7,准备*,准备,zhunbei,zhunbei,动,动,to prepare,chuẩn bị,translated_subagent_draft,*,lesson_vocab,120,14,appendix_matched_ocr_occurrence_needs_translation_review,词语页 OCR 配对；需用词语总表与原页人工核对。,boya-elementary-i:准备:zhunbei
boya-elementary-i,初级起步篇 I,lesson-14,14,祝你生日快乐,8,然后*,然后,ranhou,ranhou,连,连,"then, after that",sau đó; rồi,translated_subagent_draft,*,lesson_vocab,120,14,appendix_matched_ocr_occurrence_needs_translation_review,词语页 OCR 配对；需用词语总表与原页人工核对。,boya-elementary-i:然后:ranhou
boya-elementary-i,初级起步篇 I,lesson-14,14,祝你生日快乐,9,饭店,饭店,fandian,fandian,名,名,restaurant,nhà hàng,translated_subagent_draft,,lesson_vocab,120,14,appendix_matched_ocr_occurrence_needs_translation_review,词语页 OCR 配对；需用词语总表与原页人工核对。,boya-elementary-i:饭店:fandian
boya-elementary-i,初级起步篇 I,lesson-14,14,祝你生日快乐,10,过*,过,9uO,guo,动,动,to spend （time）； to celebrate,trải qua; ăn mừng,translated_subagent_draft,*,lesson_vocab,120,14,appendix_matched_ocr_occurrence_needs_translation_review,词语页 OCR 配对；需用词语总表与原页人工核对。,boya-elementary-i:过:guo
boya-elementary-i,初级起步篇 I,lesson-14,14,祝你生日快乐,11,听＊,听,ting,ting,动,动,to obey,nghe,translated_subagent_draft,,lesson_vocab,120,14,appendix_matched_ocr_occurrence_needs_translation_review,词语页 OCR 配对；需用词语总表与原页人工核对。,boya-elementary-i:听:ting
boya-elementary-i,初级起步篇 I,lesson-14,14,祝你生日快乐,12,送*,送,song,song,动,动,to give,tặng; tiễn,translated_subagent_draft,*,lesson_vocab,120,14,appendix_matched_ocr_occurrence_needs_translation_review,词语页 OCR 配对；需用词语总表与原页人工核对。,boya-elementary-i:送:song
boya-elementary-i,初级起步篇 I,lesson-14,14,祝你生日快乐,13,蛋糕*,蛋糕,dangao,dangao,名,名,cake,bánh ngọt,translated_subagent_draft,*,lesson_vocab,120,14,appendix_matched_ocr_occurrence_needs_translation_review,词语页 OCR 配对；需用词语总表与原页人工核对。,boya-elementary-i:蛋糕:dangao
boya-elementary-i,初级起步篇 I,lesson-14,14,祝你生日快乐,14,当然*,当然,aangran,dangran,,,"of course, certainly",đương nhiên; tất nhiên,translated_subagent_draft,*,lesson_vocab,120,14,appendix_matched_ocr_occurrence_needs_translation_review,词语页 OCR 配对；需用词语总表与原页人工核对。,boya-elementary-i:当然:dangran
boya-elementary-i,初级起步篇 I,lesson-14,14,祝你生日快乐,15,爸爸*,爸爸,baba,baba,名,名,father,bố; ba,translated_subagent_draft,*,lesson_vocab,120,14,appendix_matched_ocr_occurrence_needs_translation_review,词语页 OCR 配对；需用词语总表与原页人工核对。,boya-elementary-i:爸爸:baba
boya-elementary-i,初级起步篇 I,lesson-14,14,祝你生日快乐,16,妈妈*,妈妈,mama,mama,名,名,mother,mẹ,translated_subagent_draft,*,lesson_vocab,120,14,appendix_matched_ocr_occurrence_needs_translation_review,词语页 OCR 配对；需用词语总表与原页人工核对。,boya-elementary-i:妈妈:mama
boya-elementary-i,初级起步篇 I,lesson-14,14,祝你生日快乐,17,胖,胖,pang,pang,形,形,fat,béo; mập,translated_subagent_draft,,lesson_vocab,120,14,appendix_matched_ocr_occurrence_needs_translation_review,词语页 OCR 配对；需用词语总表与原页人工核对。,boya-elementary-i:胖:pang
boya-elementary-i,初级起步篇 I,lesson-14,14,祝你生日快乐,18,主意*,主意,zhuyi,zhuyi,名,名,idea,ý kiến; ý tưởng,translated_subagent_draft,*,lesson_vocab,120,14,appendix_matched_ocr_occurrence_needs_translation_review,词语页 OCR 配对；需用词语总表与原页人工核对。,boya-elementary-i:主意:zhuyi
boya-elementary-i,初级起步篇 I,lesson-14,14,祝你生日快乐,19,所以*,所以,suoyi,suoyi,连,连,"theretore, so",vì vậy; cho nên,translated_subagent_draft,*,lesson_vocab,121,14,appendix_matched_ocr_occurrence_needs_translation_review,词语页 OCR 配对；需用词语总表与原页人工核对。,boya-elementary-i:所以:suoyi
boya-elementary-i,初级起步篇 I,lesson-14,14,祝你生日快乐,20,唱*,唱,chang,chang,动,动,to sing,hát,translated_subagent_draft,*,lesson_vocab,121,14,appendix_matched_ocr_occurrence_needs_translation_review,词语页 OCR 配对；需用词语总表与原页人工核对。,boya-elementary-i:唱:chang
boya-elementary-i,初级起步篇 I,lesson-14,14,祝你生日快乐,21,咱们*,咱们,zanmen,zanmen,代,代,"We, uS",chúng ta,translated_subagent_draft,*,lesson_vocab,121,14,appendix_matched_ocr_occurrence_needs_translation_review,词语页 OCR 配对；需用词语总表与原页人工核对。,boya-elementary-i:咱们:zanmen
boya-elementary-i,初级起步篇 I,lesson-14,14,祝你生日快乐,22,東*,束,shu,shù,量,量,"bouquet, mearure word（for flowers ）",bó (lượng từ hoa),translated_subagent_draft,*,lesson_vocab,121,14,appendix_matched_ocr_occurrence_needs_translation_review,拼音 OCR 修为 shù,boya-elementary-i:束:shu
boya-elementary-i,初级起步篇 I,lesson-14,14,祝你生日快乐,23,对面*,对面,duimian,duimian,名,名,"facing, across from",đối diện,translated_subagent_draft,*,lesson_vocab,121,14,appendix_matched_ocr_occurrence_needs_translation_review,词语页 OCR 配对；需用词语总表与原页人工核对。,boya-elementary-i:对面:duimian
boya-elementary-i,初级起步篇 I,lesson-14,14,祝你生日快乐,24,卡拉OK*,卡拉OK,kala OK,kala OK,,,karaoke,karaoke,translated_subagent_draft,*,lesson_vocab,121,14,appendix_matched_ocr_occurrence_needs_translation_review,词语页 OCR 配对；需用词语总表与原页人工核对。,boya-elementary-i:卡拉OK:kalaok
boya-elementary-i,初级起步篇 I,lesson-15,15,我可以试试吗,1,可以*,可以,keyi,keyi,助动,助动,be able to; can,có thể; được phép,translated_subagent_draft,*,lesson_vocab,130,15,appendix_matched_ocr_occurrence_needs_translation_review,词语页 OCR 配对；需用词语总表与原页人工核对。,boya-elementary-i:可以:keyi
boya-elementary-i,初级起步篇 I,lesson-15,15,我可以试试吗,2,试*,试,shi,shi,动,动,to try,thử,translated_subagent_draft,*,lesson_vocab,130,15,appendix_matched_ocr_occurrence_needs_translation_review,词语页 OCR 配对；需用词语总表与原页人工核对。,boya-elementary-i:试:shi
boya-elementary-i,初级起步篇 I,lesson-15,15,我可以试试吗,3,问*,问,wen,wen,动,动,to ask,hỏi,translated_subagent_draft,*,lesson_vocab,130,15,appendix_matched_ocr_occurrence_needs_translation_review,词语页 OCR 配对；需用词语总表与原页人工核对。,boya-elementary-i:问:wen
boya-elementary-i,初级起步篇 I,lesson-15,15,我可以试试吗,4,4.只＊,只,zhi,Zhi,,,only,con; chiếc (lượng từ),translated_subagent_draft,,lesson_vocab,130,13,appendix_matched_ocr_occurrence_needs_translation_review,词语页 OCR 配对；需用词语总表与原页人工核对。,boya-elementary-i:只:zhi
boya-elementary-i,初级起步篇 I,lesson-15,15,我可以试试吗,5,查,查,cha,cha,动,动,to check; to examine,kiểm tra; tra cứu,translated_subagent_draft,,lesson_vocab,130,15,appendix_matched_ocr_occurrence_needs_translation_review,词语页 OCR 配对；需用词语总表与原页人工核对。,boya-elementary-i:查:cha
boya-elementary-i,初级起步篇 I,lesson-15,15,我可以试试吗,6,接*,接,jie,jie,动,动,to pick up,đón; nhận,translated_subagent_draft,*,lesson_vocab,130,15,appendix_matched_ocr_occurrence_needs_translation_review,词语页 OCR 配对；需用词语总表与原页人工核对。,boya-elementary-i:接:jie
boya-elementary-i,初级起步篇 I,lesson-15,15,我可以试试吗,7,耳机,耳机,erji,erj,名,名,earphone,tai nghe,translated_subagent_draft,,lesson_vocab,130,15,appendix_matched_ocr_occurrence_needs_translation_review,词语页 OCR 配对；需用词语总表与原页人工核对。,boya-elementary-i:耳机:erj
boya-elementary-i,初级起步篇 I,lesson-15,15,我可以试试吗,8,机场,机场,jichang,jichang,名,名,airport,sân bay,translated_subagent_draft,,lesson_vocab,130,15,appendix_matched_ocr_occurrence_needs_translation_review,词语页 OCR 配对；需用词语总表与原页人工核对。,boya-elementary-i:机场:jichang
boya-elementary-i,初级起步篇 I,lesson-15,15,我可以试试吗,9,好听*,好听,hdoting,haoting,形,形,be pleasant to hear,hay; dễ nghe,translated_subagent_draft,*,lesson_vocab,130,15,appendix_matched_ocr_occurrence_needs_translation_review,词语页 OCR 配对；需用词语总表与原页人工核对。,boya-elementary-i:好听:haoting
boya-elementary-i,初级起步篇 I,lesson-15,15,我可以试试吗,10,请假*,请假,qing jid,qing jia,,,to ask for a leave,xin nghỉ,translated_subagent_draft,*,lesson_vocab,130,15,appendix_matched_ocr_occurrence_needs_translation_review,词语页 OCR 配对；需用词语总表与原页人工核对。,boya-elementary-i:请假:qingjia
boya-elementary-i,初级起步篇 I,lesson-15,15,我可以试试吗,11,11.大号,大号,dahao,dahdo,形,形,large size,cỡ lớn,translated_subagent_draft,,lesson_vocab,130,15,appendix_matched_ocr_occurrence_needs_translation_review,词语页 OCR 配对；需用词语总表与原页人工核对。,boya-elementary-i:大号:dahdo
boya-elementary-i,初级起步篇 I,lesson-15,15,我可以试试吗,12,还*,还,hai,hai,,,also; in addition,còn; cũng,translated_subagent_draft,*,lesson_vocab,130,15,appendix_matched_ocr_occurrence_needs_translation_review,词语页 OCR 配对；需用词语总表与原页人工核对。,boya-elementary-i:还:hai
boya-elementary-i,初级起步篇 I,lesson-15,15,我可以试试吗,13,13. 穿,穿,chuan,chuan,动,动,to wear,mặc; đi (quần áo),translated_subagent_draft,,lesson_vocab,130,15,appendix_matched_ocr_occurrence_needs_translation_review,词语页 OCR 配对；需用词语总表与原页人工核对。,boya-elementary-i:穿:chuan
boya-elementary-i,初级起步篇 I,lesson-15,15,我可以试试吗,14,先生,先生,xiansheng,xiansheng,名,名,Sir,ông; ngài,translated_subagent_draft,,lesson_vocab,130,15,appendix_matched_ocr_occurrence_needs_translation_review,词语页 OCR 配对；需用词语总表与原页人工核对。,boya-elementary-i:先生:xiansheng
boya-elementary-i,初级起步篇 I,lesson-15,15,我可以试试吗,15,合适,合适,heshi,heshi,形,形,suitable,phù hợp; vừa,translated_subagent_draft,,lesson_vocab,130,15,appendix_matched_ocr_occurrence_needs_translation_review,词语页 OCR 配对；需用词语总表与原页人工核对。,boya-elementary-i:合适:heshi
boya-elementary-i,初级起步篇 I,lesson-15,15,我可以试试吗,16,明白,明白,mingbai,mingbai,动,动,to understand,hiểu; rõ,translated_subagent_draft,,lesson_vocab,130,15,appendix_matched_ocr_occurrence_needs_translation_review,词语页 OCR 配对；需用词语总表与原页人工核对。,boya-elementary-i:明白:mingbai
boya-elementary-i,初级起步篇 I,lesson-15,15,我可以试试吗,17,17. 歌*,歌,ge,ge,名,名,song,bài hát,translated_subagent_draft,*,lesson_vocab,130,15,appendix_matched_ocr_occurrence_needs_translation_review,词语页 OCR 配对；需用词语总表与原页人工核对。,boya-elementary-i:歌:ge
boya-elementary-i,初级起步篇 I,lesson-15,15,我可以试试吗,18,别*,别的,bie de,bie de,代,代,oneself,khác; cái khác,translated_subagent_draft,*,lesson_vocab,130,15,appendix_matched_ocr_occurrence_needs_translation_review,由拼音 bie de 将 OCR 单字误配修为“别的”,boya-elementary-i:别的:biede
boya-elementary-i,初级起步篇 I,lesson-15,15,我可以试试吗,19,算了,算了,suanle,suanle,动,动,forget it,thôi bỏ đi,translated_subagent_draft,,lesson_vocab,131,15,appendix_matched_ocr_occurrence_needs_translation_review,词语页 OCR 配对；需用词语总表与原页人工核对。,boya-elementary-i:算了:suanle
boya-elementary-i,初级起步篇 I,lesson-15,15,我可以试试吗,20,21.一定*,一定,yiding,yiding,,,certainly,nhất định; chắc chắn,translated_subagent_draft,*,lesson_vocab,131,15,appendix_matched_ocr_occurrence_needs_translation_review,词语页 OCR 配对；需用词语总表与原页人工核对。,boya-elementary-i:一定:yiding
boya-elementary-i,初级起步篇 I,lesson-15,15,我可以试试吗,21,试衣间,试衣间,shiyijian,shiyijian,名,名,fitting room,phòng thử đồ,translated_subagent_draft,,lesson_vocab,131,15,appendix_matched_ocr_occurrence_needs_translation_review,词语页 OCR 配对；需用词语总表与原页人工核对。,boya-elementary-i:试衣间:shiyijian
boya-elementary-i,初级起步篇 I,lesson-15,15,我可以试试吗,22,问题*,问题,wenti,wenti,名,名,question,câu hỏi; vấn đề,translated_subagent_draft,*,lesson_vocab,131,15,appendix_matched_ocr_occurrence_needs_translation_review,词语页 OCR 配对；需用词语总表与原页人工核对。,boya-elementary-i:问题:wenti
boya-elementary-i,初级起步篇 I,lesson-15,15,我可以试试吗,23,为什么*,为什么,wei shenme,wei shenme,,,why,tại sao,translated_subagent_draft,*,lesson_vocab,131,15,appendix_matched_ocr_occurrence_needs_translation_review,词语页 OCR 配对；需用词语总表与原页人工核对。,boya-elementary-i:为什么:weishenme
boya-elementary-i,初级起步篇 I,lesson-15,15,我可以试试吗,24,好吃*,好吃,hdochi,hdochi,形,形,delicious,ngon,translated_subagent_draft,*,lesson_vocab,131,15,appendix_matched_ocr_occurrence_needs_translation_review,词语页 OCR 配对；需用词语总表与原页人工核对。,boya-elementary-i:好吃:hdochi
boya-elementary-i,初级起步篇 I,lesson-15,15,我可以试试吗,25,中文*,中文,Zhongwen,Zhongwen,名,名,Chinese,tiếng Trung; chữ Hán,translated_subagent_draft,*,proper_noun,131,15,appendix_matched_ocr_occurrence_needs_translation_review,词语页 OCR 配对；需用词语总表与原页人工核对。,boya-elementary-i:中文:zhongwen
boya-elementary-i,初级起步篇 I,lesson-16,16,来一斤饺子,1,饺子*,饺子,jidozi,jiaozi,,,dumplings,bánh chẻo,translated_subagent_draft,*,lesson_vocab,140,16,appendix_matched_ocr_occurrence_needs_translation_review,词语页 OCR 配对；需用词语总表与原页人工核对。,boya-elementary-i:饺子:jiaozi
boya-elementary-i,初级起步篇 I,lesson-16,16,来一斤饺子,2,包子,包子,bdozi,bdozi,名,名,steamed stu ffed bun,bánh bao,translated_subagent_draft,,lesson_vocab,140,16,appendix_matched_ocr_occurrence_needs_translation_review,词语页 OCR 配对；需用词语总表与原页人工核对。,boya-elementary-i:包子:bdozi
boya-elementary-i,初级起步篇 I,lesson-16,16,来一斤饺子,3,面条儿*,面条儿,miantidor,miantidor,名,名,noodle,mì sợi,translated_subagent_draft,*,lesson_vocab,140,16,appendix_matched_ocr_occurrence_needs_translation_review,词语页 OCR 配对；需用词语总表与原页人工核对。,boya-elementary-i:面条儿:miantidor
boya-elementary-i,初级起步篇 I,lesson-16,16,来一斤饺子,4,份,份,fen,fen,量,量,portion,phần; suất (lượng từ),translated_subagent_draft,,lesson_vocab,140,16,appendix_matched_ocr_occurrence_needs_translation_review,词语页 OCR 配对；需用词语总表与原页人工核对。,boya-elementary-i:份:fen
boya-elementary-i,初级起步篇 I,lesson-16,16,来一斤饺子,5,两*,两,liang,lidng,量,量,measure word （=50g）,hai (đứng trước lượng từ),translated_subagent_draft,*,lesson_vocab,140,8,appendix_matched_ocr_occurrence_needs_translation_review,词语页 OCR 配对；需用词语总表与原页人工核对。,boya-elementary-i:两:lidng
boya-elementary-i,初级起步篇 I,lesson-16,16,来一斤饺子,6,座位,座位,zuOwei,zuOwei,名,名,seat,chỗ ngồi,translated_subagent_draft,,lesson_vocab,140,16,appendix_matched_ocr_occurrence_needs_translation_review,词语页 OCR 配对；需用词语总表与原页人工核对。,boya-elementary-i:座位:zuowei
boya-elementary-i,初级起步篇 I,lesson-16,16,来一斤饺子,7,猪肉,猪肉,zhurou,zhurou,名,名,pork,thịt lợn,translated_subagent_draft,,lesson_vocab,140,16,appendix_matched_ocr_occurrence_needs_translation_review,词语页 OCR 配对；需用词语总表与原页人工核对。,boya-elementary-i:猪肉:zhurou
boya-elementary-i,初级起步篇 I,lesson-16,16,来一斤饺子,8,白菜,白菜,baicai,baicai,名,名,cabbage,cải thảo,translated_subagent_draft,,lesson_vocab,140,16,appendix_matched_ocr_occurrence_needs_translation_review,词语页 OCR 配对；需用词语总表与原页人工核对。,boya-elementary-i:白菜:baicai
boya-elementary-i,初级起步篇 I,lesson-16,16,来一斤饺子,9,光临,光临,guanglin,guanglin,动,动,gracious presence,ghé thăm (cách nói lịch sự),translated_subagent_draft,,lesson_vocab,140,16,appendix_matched_ocr_occurrence_needs_translation_review,词语页 OCR 配对；需用词语总表与原页人工核对。,boya-elementary-i:光临:guanglin
boya-elementary-i,初级起步篇 I,lesson-16,16,来一斤饺子,10,菜单,菜单,caidan,caidan,名,名,menu li to be away from,thực đơn,translated_subagent_draft,,lesson_vocab,140,16,appendix_matched_ocr_occurrence_needs_translation_review,词语页 OCR 配对；需用词语总表与原页人工核对。,boya-elementary-i:菜单:caidan
boya-elementary-i,初级起步篇 I,lesson-16,16,来一斤饺子,11,12.多*,多,duo,duō,,,,bao nhiêu (hỏi số lượng hoặc mức độ),translated_subagent_draft,*,lesson_vocab,140,16,appendix_matched_ocr_occurrence_needs_translation_review,拼音 OCR 修为 duō,boya-elementary-i:多:duo
boya-elementary-i,初级起步篇 I,lesson-16,16,来一斤饺子,12,13. 味道*,味道,weidao,weidao,,,,mùi vị; hương vị,translated_subagent_draft,*,lesson_vocab,140,16,appendix_matched_ocr_occurrence_needs_translation_review,词语页 OCR 配对；需用词语总表与原页人工核对。,boya-elementary-i:味道:weidao
boya-elementary-i,初级起步篇 I,lesson-16,16,来一斤饺子,13,北方*,北方,beifang,beifang,,,,miền Bắc,translated_subagent_draft,*,lesson_vocab,140,16,appendix_matched_ocr_occurrence_needs_translation_review,词语页 OCR 配对；需用词语总表与原页人工核对。,boya-elementary-i:北方:beifang
boya-elementary-i,初级起步篇 I,lesson-16,16,来一斤饺子,14,15. 米饭*,米饭,mifan,mifan,,,,cơm,translated_subagent_draft,*,lesson_vocab,140,16,appendix_matched_ocr_occurrence_needs_translation_review,词语页 OCR 配对；需用词语总表与原页人工核对。,boya-elementary-i:米饭:mifan
boya-elementary-i,初级起步篇 I,lesson-16,16,来一斤饺子,15,16.点,点,dian,diǎn,动,动,to order,giờ (trên đồng hồ),translated_subagent_draft,,lesson_vocab,140,8,appendix_matched_ocr_occurrence_needs_translation_review,拼音 OCR 修为 diǎn,boya-elementary-i:点:dian
boya-elementary-i,初级起步篇 I,lesson-16,16,来一斤饺子,16,17. 菜*,菜,cai,cai,名,名,dish,món ăn; rau,translated_subagent_draft,*,lesson_vocab,140,16,appendix_matched_ocr_occurrence_needs_translation_review,词语页 OCR 配对；需用词语总表与原页人工核对。,boya-elementary-i:菜:cai
boya-elementary-i,初级起步篇 I,lesson-16,16,来一斤饺子,17,这儿*,这儿,zher,zher,代,代,here,ở đây,translated_subagent_draft,*,lesson_vocab,140,16,appendix_matched_ocr_occurrence_needs_translation_review,词语页 OCR 配对；需用词语总表与原页人工核对。,boya-elementary-i:这儿:zher
boya-elementary-i,初级起步篇 I,lesson-16,16,来一斤饺子,18,面食*,面食,mianshi,midnshi,名,名,wheat-based food,món làm từ bột mì,translated_subagent_draft,*,lesson_vocab,141,16,appendix_matched_ocr_occurrence_needs_translation_review,词语页 OCR 配对；需用词语总表与原页人工核对。,boya-elementary-i:面食:midnshi
boya-elementary-i,初级起步篇 I,lesson-16,16,来一斤饺子,19,鸡肉,鸡肉,Jirou,jirou,名,名,Chicken,thịt gà,translated_subagent_draft,,lesson_vocab,141,16,appendix_matched_ocr_occurrence_needs_translation_review,词语页 OCR 配对；需用词语总表与原页人工核对。,boya-elementary-i:鸡肉:jirou
boya-elementary-i,初级起步篇 I,lesson-16,16,来一斤饺子,20,不错*,不错,bucuo,bucuo,形,形,not bad,không tệ; khá tốt,translated_subagent_draft,*,lesson_vocab,141,16,appendix_matched_ocr_occurrence_needs_translation_review,词语页 OCR 配对；需用词语总表与原页人工核对。,boya-elementary-i:不错:bucuo
boya-elementary-i,初级起步篇 I,lesson-16,16,来一斤饺子,21,位,位,wei,wei,量,量,measure word used for human,vị; người (lượng từ lịch sự),translated_subagent_draft,,lesson_vocab,141,16,appendix_matched_ocr_occurrence_needs_translation_review,词语页 OCR 配对；需用词语总表与原页人工核对。,boya-elementary-i:位:wei
boya-elementary-i,初级起步篇 I,lesson-16,16,来一斤饺子,22,南方*,南方,nanfang,nanfang,名,名,south; the southern part,miền nam,translated_subagent_draft,*,lesson_vocab,141,16,appendix_matched_ocr_occurrence_needs_translation_review,词语页 OCR 配对；需用词语总表与原页人工核对。,boya-elementary-i:南方:nanfang
boya-elementary-i,初级起步篇 I,lesson-16,16,来一斤饺子,23,蘑菇,蘑菇,mogu,mogu,名,名,mushroom,nấm,translated_subagent_draft,,lesson_vocab,141,16,appendix_matched_ocr_occurrence_needs_translation_review,词语页 OCR 配对；需用词语总表与原页人工核对。,boya-elementary-i:蘑菇:mogu
boya-elementary-i,初级起步篇 I,lesson-16,16,来一斤饺子,24,馅儿*,馅儿,xianr,xianr,名,名,filling; stuffing,nhân (bánh),translated_subagent_draft,*,lesson_vocab,141,16,appendix_matched_ocr_occurrence_needs_translation_review,词语页 OCR 配对；需用词语总表与原页人工核对。,boya-elementary-i:馅儿:xianr
boya-elementary-i,初级起步篇 I,lesson-17,17,喝茶还是喝咖啡,1,喝*,喝,he,he,,,to drink,uống,translated_subagent_draft,*,lesson_vocab,150,17,appendix_matched_ocr_occurrence_needs_translation_review,词语页 OCR 配对；需用词语总表与原页人工核对。,boya-elementary-i:喝:he
boya-elementary-i,初级起步篇 I,lesson-17,17,喝茶还是喝咖啡,2,2. 茶*,茶,cha,cha,,,tea,trà,translated_subagent_draft,*,lesson_vocab,150,17,appendix_matched_ocr_occurrence_needs_translation_review,词语页 OCR 配对；需用词语总表与原页人工核对。,boya-elementary-i:茶:cha
boya-elementary-i,初级起步篇 I,lesson-17,17,喝茶还是喝咖啡,3,还是*,还是,haishi,haishi,连,连,OT,vẫn; hay là,translated_subagent_draft,*,lesson_vocab,150,17,appendix_matched_ocr_occurrence_needs_translation_review,词语页 OCR 配对；需用词语总表与原页人工核对。,boya-elementary-i:还是:haishi
boya-elementary-i,初级起步篇 I,lesson-17,17,喝茶还是喝咖啡,4,搬,搬,ban,ban,动,动,to move,chuyển; dọn,translated_subagent_draft,,lesson_vocab,150,17,appendix_matched_ocr_occurrence_needs_translation_review,词语页 OCR 配对；需用词语总表与原页人工核对。,boya-elementary-i:搬:ban
boya-elementary-i,初级起步篇 I,lesson-17,17,喝茶还是喝咖啡,5,往,往,wding,wding,介,介,to; towards,hướng về; về phía,translated_subagent_draft,,lesson_vocab,150,17,appendix_matched_ocr_occurrence_needs_translation_review,词语页 OCR 配对；需用词语总表与原页人工核对。,boya-elementary-i:往:wding
boya-elementary-i,初级起步篇 I,lesson-17,17,喝茶还是喝咖啡,6,尝,尝,chang,chang,动,动,to taste,nếm,translated_subagent_draft,,lesson_vocab,150,17,appendix_matched_ocr_occurrence_needs_translation_review,词语页 OCR 配对；需用词语总表与原页人工核对。,boya-elementary-i:尝:chang
boya-elementary-i,初级起步篇 I,lesson-17,17,喝茶还是喝咖啡,7,7.走*,走,ZOu,zOu,动,动,to walk; to leave,đi; rời đi,translated_subagent_draft,*,lesson_vocab,150,17,appendix_matched_ocr_occurrence_needs_translation_review,词语页 OCR 配对；需用词语总表与原页人工核对。,boya-elementary-i:走:zou
boya-elementary-i,初级起步篇 I,lesson-17,17,喝茶还是喝咖啡,8,地方*,地方,difang,difang,名,名,place,nơi; địa điểm,translated_subagent_draft,*,lesson_vocab,150,17,appendix_matched_ocr_occurrence_needs_translation_review,词语页 OCR 配对；需用词语总表与原页人工核对。,boya-elementary-i:地方:difang
boya-elementary-i,初级起步篇 I,lesson-17,17,喝茶还是喝咖啡,9,进,进,jin,jin,动,动,to come in,vào,translated_subagent_draft,,lesson_vocab,150,17,appendix_matched_ocr_occurrence_needs_translation_review,词语页 OCR 配对；需用词语总表与原页人工核对。,boya-elementary-i:进:jin
boya-elementary-i,初级起步篇 I,lesson-17,17,喝茶还是喝咖啡,10,以前,以前,yiqian,yiqian,名,名,before,trước đây; trước khi,translated_subagent_draft,,lesson_vocab,150,17,appendix_matched_ocr_occurrence_needs_translation_review,词语页 OCR 配对；需用词语总表与原页人工核对。,boya-elementary-i:以前:yiqian
boya-elementary-i,初级起步篇 I,lesson-17,17,喝茶还是喝咖啡,11,11.不用*,不用,buyong,buyong,,,need not,không cần,translated_subagent_draft,*,lesson_vocab,150,17,appendix_matched_ocr_occurrence_needs_translation_review,词语页 OCR 配对；需用词语总表与原页人工核对。,boya-elementary-i:不用:buyong
boya-elementary-i,初级起步篇 I,lesson-17,17,喝茶还是喝咖啡,12,做菜,做菜,ZuO cai,zuO cai,,,to cOoK,nấu ăn,translated_subagent_draft,,lesson_vocab,150,17,appendix_matched_ocr_occurrence_needs_translation_review,词语页 OCR 配对；需用词语总表与原页人工核对。,boya-elementary-i:做菜:zuocai
boya-elementary-i,初级起步篇 I,lesson-17,17,喝茶还是喝咖啡,13,13. 红酒,红酒,hongjiu,hongjiu,名,名,wine,rượu vang,translated_subagent_draft,,lesson_vocab,150,17,appendix_matched_ocr_occurrence_needs_translation_review,词语页 OCR 配对；需用词语总表与原页人工核对。,boya-elementary-i:红酒:hongjiu
boya-elementary-i,初级起步篇 I,lesson-17,17,喝茶还是喝咖啡,14,14.会*,会,hui,hui,助动,助动,"can, be able to",biết; có thể (kỹ năng),translated_subagent_draft,*,lesson_vocab,150,17,appendix_matched_ocr_occurrence_needs_translation_review,词语页 OCR 配对；需用词语总表与原页人工核对。,boya-elementary-i:会:hui
boya-elementary-i,初级起步篇 I,lesson-17,17,喝茶还是喝咖啡,15,帮忙,帮忙,bang mang,bang mang,,,to help,giúp đỡ,translated_subagent_draft,,lesson_vocab,150,17,appendix_matched_ocr_occurrence_needs_translation_review,词语页 OCR 配对；需用词语总表与原页人工核对。,boya-elementary-i:帮忙:bangmang
boya-elementary-i,初级起步篇 I,lesson-17,17,喝茶还是喝咖啡,16,看起来*,看起来,kan qilai,kan qilai,,,it seems that; it looks like,trông có vẻ,translated_subagent_draft,*,lesson_vocab,150,17,appendix_matched_ocr_occurrence_needs_translation_review,词语页 OCR 配对；需用词语总表与原页人工核对。,boya-elementary-i:看起来:kanqilai
boya-elementary-i,初级起步篇 I,lesson-17,17,喝茶还是喝咖啡,17,17. 行*,行,xing,xing,动,动,to be all right;OK,được; ổn,translated_subagent_draft,*,lesson_vocab,150,17,appendix_matched_ocr_occurrence_needs_translation_review,词语页 OCR 配对；需用词语总表与原页人工核对。,boya-elementary-i:行:xing
boya-elementary-i,初级起步篇 I,lesson-17,17,喝茶还是喝咖啡,18,忙*,忙,mang,mang,动、形,动、形,busy,bận,translated_subagent_draft,*,lesson_vocab,151,17,appendix_matched_ocr_occurrence_needs_translation_review,词语页 OCR 配对；需用词语总表与原页人工核对。,boya-elementary-i:忙:mang
boya-elementary-i,初级起步篇 I,lesson-17,17,喝茶还是喝咖啡,19,走路,走路,zou li,zou l,,,on toot,đi bộ,translated_subagent_draft,,lesson_vocab,151,17,appendix_matched_ocr_occurrence_needs_translation_review,词语页 OCR 配对；需用词语总表与原页人工核对。,boya-elementary-i:走路:zoul
boya-elementary-i,初级起步篇 I,lesson-17,17,喝茶还是喝咖啡,20,第一,第一,di-yi,di-yi,数,数,auxiliary word for ordinal numbers,thứ nhất; đầu tiên,translated_subagent_draft,,lesson_vocab,151,17,appendix_matched_ocr_occurrence_needs_translation_review,词语页 OCR 配对；需用词语总表与原页人工核对。,boya-elementary-i:第一:diyi
boya-elementary-i,初级起步篇 I,lesson-17,17,喝茶还是喝咖啡,21,随便*,随便,suibian,suibian,形,形,anything is okay； having no preference,tùy; gì cũng được,translated_subagent_draft,*,lesson_vocab,151,17,appendix_matched_ocr_occurrence_needs_translation_review,词语页 OCR 配对；需用词语总表与原页人工核对。,boya-elementary-i:随便:suibian
boya-elementary-i,初级起步篇 I,lesson-17,17,喝茶还是喝咖啡,22,22.路口,路口,lukou,lkou,名,名,crossing; intersection,ngã tư; giao lộ,translated_subagent_draft,,lesson_vocab,151,17,appendix_matched_ocr_occurrence_needs_translation_review,词语页 OCR 配对；需用词语总表与原页人工核对。,boya-elementary-i:路口:lkou
boya-elementary-i,初级起步篇 I,lesson-18,18,今天我七点半就起床了,1,1.起床*,起床,qi chuang,qi chuang,,,to gqet up,thức dậy,translated_subagent_draft,*,lesson_vocab,161,18,appendix_matched_ocr_occurrence_needs_translation_review,词语页 OCR 配对；需用词语总表与原页人工核对。,boya-elementary-i:起床:qichuang
boya-elementary-i,初级起步篇 I,lesson-18,18,今天我七点半就起床了,2,了＊,了,le,le,助,助,particle,trợ từ chỉ sự hoàn tất hoặc sự thay đổi,translated_subagent_draft,,lesson_vocab,161,18,appendix_matched_ocr_occurrence_needs_translation_review,词语页 OCR 配对；需用词语总表与原页人工核对。,boya-elementary-i:了:le
boya-elementary-i,初级起步篇 I,lesson-18,18,今天我七点半就起床了,3,饿*,饿,e,e,形,形,hungry,đói,translated_subagent_draft,*,lesson_vocab,161,18,appendix_matched_ocr_occurrence_needs_translation_review,词语页 OCR 配对；需用词语总表与原页人工核对。,boya-elementary-i:饿:e
boya-elementary-i,初级起步篇 I,lesson-18,18,今天我七点半就起床了,4,4.真＊,真,zhen,zhen,,,really,thật; rất,translated_subagent_draft,,lesson_vocab,161,18,appendix_matched_ocr_occurrence_needs_translation_review,词语页 OCR 配对；需用词语总表与原页人工核对。,boya-elementary-i:真:zhen
boya-elementary-i,初级起步篇 I,lesson-18,18,今天我七点半就起床了,5,可是*,可是,keshi,keshi,连,连,but; however,nhưng; tuy nhiên,translated_subagent_draft,*,lesson_vocab,161,18,appendix_matched_ocr_occurrence_needs_translation_review,词语页 OCR 配对；需用词语总表与原页人工核对。,boya-elementary-i:可是:keshi
boya-elementary-i,初级起步篇 I,lesson-18,18,今天我七点半就起床了,6,月＊,约,yue,yue,名,名,month,hẹn (với ai đó),translated_subagent_draft,,lesson_vocab,161,22,appendix_matched_ocr_occurrence_needs_translation_review,词语页 OCR 配对；需用词语总表与原页人工核对。,boya-elementary-i:约:yue
boya-elementary-i,初级起步篇 I,lesson-18,18,今天我七点半就起床了,7,7.身体*,身体,shenti,shenti,,,body,cơ thể; sức khỏe,translated_subagent_draft,*,lesson_vocab,161,18,appendix_matched_ocr_occurrence_needs_translation_review,词语页 OCR 配对；需用词语总表与原页人工核对。,boya-elementary-i:身体:shenti
boya-elementary-i,初级起步篇 I,lesson-18,18,今天我七点半就起床了,8,有*,有的,youde,yǒude,代,代,some,một số; có người/cái,translated_subagent_draft,*,lesson_vocab,161,18,appendix_matched_ocr_occurrence_needs_translation_review,由拼音 youde 将 OCR 单字误配修为“有的”；拼音 OCR 修为 yǒude,boya-elementary-i:有的:youde
boya-elementary-i,初级起步篇 I,lesson-18,18,今天我七点半就起床了,9,9.得*,得,dei,dei,助动,助动,need to,phải; cần phải,translated_subagent_draft,*,lesson_vocab,161,18,appendix_matched_ocr_occurrence_needs_translation_review,词语页 OCR 配对；需用词语总表与原页人工核对。,boya-elementary-i:得:dei
boya-elementary-i,初级起步篇 I,lesson-18,18,今天我七点半就起床了,10,10.习惯*,习惯,xiguan,xiguan,动,动,to be used to,quen; thói quen,translated_subagent_draft,*,lesson_vocab,161,18,appendix_matched_ocr_occurrence_needs_translation_review,词语页 OCR 配对；需用词语总表与原页人工核对。,boya-elementary-i:习惯:xiguan
boya-elementary-i,初级起步篇 I,lesson-18,18,今天我七点半就起床了,11,11. 冰,冰,bing,bing,名,名,ice,đá; băng,translated_subagent_draft,,lesson_vocab,161,18,appendix_matched_ocr_occurrence_needs_translation_review,词语页 OCR 配对；需用词语总表与原页人工核对。,boya-elementary-i:冰:bing
boya-elementary-i,初级起步篇 I,lesson-18,18,今天我七点半就起床了,12,12. 改*,改,gai,gdi,动,动,to change,sửa; thay đổi,translated_subagent_draft,*,lesson_vocab,161,18,appendix_matched_ocr_occurrence_needs_translation_review,词语页 OCR 配对；需用词语总表与原页人工核对。,boya-elementary-i:改:gdi
boya-elementary-i,初级起步篇 I,lesson-18,18,今天我七点半就起床了,13,13. 睡觉*,睡觉,shui jido,shui jido,,,to sleep,ngủ,translated_subagent_draft,*,lesson_vocab,161,18,appendix_matched_ocr_occurrence_needs_translation_review,词语页 OCR 配对；需用词语总表与原页人工核对。,boya-elementary-i:睡觉:shuijido
boya-elementary-i,初级起步篇 I,lesson-18,18,今天我七点半就起床了,14,14.多*,多,dui,duō,代,代,how,bao nhiêu (hỏi số lượng hoặc mức độ),translated_subagent_draft,*,lesson_vocab,161,16,appendix_matched_ocr_occurrence_needs_translation_review,拼音 OCR 修为 duō,boya-elementary-i:多:duo
boya-elementary-i,初级起步篇 I,lesson-18,18,今天我七点半就起床了,15,15. 想*,想,xidng,xidng,动,动,to want,muốn; nghĩ,translated_subagent_draft,*,lesson_vocab,161,18,appendix_matched_ocr_occurrence_needs_translation_review,词语页 OCR 配对；需用词语总表与原页人工核对。,boya-elementary-i:想:xidng
boya-elementary-i,初级起步篇 I,lesson-18,18,今天我七点半就起床了,16,16.才＊,菜,cai,cai,副,副,not until; as late as,món ăn; rau,translated_subagent_draft,,lesson_vocab,161,16,appendix_matched_ocr_occurrence_needs_translation_review,词语页 OCR 配对；需用词语总表与原页人工核对。,boya-elementary-i:菜:cai
boya-elementary-i,初级起步篇 I,lesson-18,18,今天我七点半就起床了,17,17.比如*,比如,biru,biru,动,动,for example,ví dụ như,translated_subagent_draft,*,lesson_vocab,161,18,appendix_matched_ocr_occurrence_needs_translation_review,词语页 OCR 配对；需用词语总表与原页人工核对。,boya-elementary-i:比如:biru
boya-elementary-i,初级起步篇 I,lesson-18,18,今天我七点半就起床了,18,18.一般*,一般,yiban,yiban,形,形,generally; commonly,thường; nói chung,translated_subagent_draft,*,lesson_vocab,161,18,appendix_matched_ocr_occurrence_needs_translation_review,词语页 OCR 配对；需用词语总表与原页人工核对。,boya-elementary-i:一般:yiban
boya-elementary-i,初级起步篇 I,lesson-18,18,今天我七点半就起床了,19,差不多*,差不多,chabuduo,chabudui,,,almost; nearly,gần như; xấp xỉ,translated_subagent_draft,*,lesson_vocab,162,18,appendix_matched_ocr_occurrence_needs_translation_review,词语页 OCR 配对；需用词语总表与原页人工核对。,boya-elementary-i:差不多:chabudui
boya-elementary-i,初级起步篇 I,lesson-18,18,今天我七点半就起床了,20,生活*,生活,shenghuo,shenghuo,名,名,life,cuộc sống; sinh sống,translated_subagent_draft,*,lesson_vocab,162,18,appendix_matched_ocr_occurrence_needs_translation_review,词语页 OCR 配对；需用词语总表与原页人工核对。,boya-elementary-i:生活:shenghuo
boya-elementary-i,初级起步篇 I,lesson-18,18,今天我七点半就起床了,21,21.已经*,已经,yijing,yijing,,,already,đã; rồi,translated_subagent_draft,*,lesson_vocab,162,18,appendix_matched_ocr_occurrence_needs_translation_review,词语页 OCR 配对；需用词语总表与原页人工核对。,boya-elementary-i:已经:yijing
boya-elementary-i,初级起步篇 I,lesson-18,18,今天我七点半就起床了,22,22. 以后*,以后,yinou,yihou,名,名,later on; afterwards,sau này; về sau,translated_subagent_draft,*,lesson_vocab,162,18,appendix_matched_ocr_occurrence_needs_translation_review,词语页 OCR 配对；需用词语总表与原页人工核对。,boya-elementary-i:以后:yihou
boya-elementary-i,初级起步篇 I,lesson-18,18,今天我七点半就起床了,23,23. 对*,对,dui,dui,介,介,tor,đối với,translated_subagent_draft,*,lesson_vocab,162,18,appendix_matched_ocr_occurrence_needs_translation_review,词语页 OCR 配对；需用词语总表与原页人工核对。,boya-elementary-i:对:dui
boya-elementary-i,初级起步篇 I,lesson-19,19,你又熬夜了,1,又*,又,you,you,,,,lại; vừa… vừa…,translated_subagent_draft,*,lesson_vocab,171,19,appendix_matched_ocr_occurrence_needs_translation_review,词语页 OCR 配对；需用词语总表与原页人工核对。,boya-elementary-i:又:you
boya-elementary-i,初级起步篇 I,lesson-19,19,你又熬夜了,2,到,到,agan,ddo,,,,đến; tới,translated_subagent_draft,,lesson_vocab,171,12,appendix_matched_ocr_occurrence_needs_translation_review,词语页 OCR 配对；需用词语总表与原页人工核对。,boya-elementary-i:到:ddo
boya-elementary-i,初级起步篇 I,lesson-19,19,你又熬夜了,3,熬夜*,熬夜,Go ye,do ye,,,to stay up late,thức khuya,translated_subagent_draft,*,lesson_vocab,171,19,appendix_matched_ocr_occurrence_needs_translation_review,词语页 OCR 配对；需用词语总表与原页人工核对。,boya-elementary-i:熬夜:doye
boya-elementary-i,初级起步篇 I,lesson-19,19,你又熬夜了,4,3.发,发,fa,fa,动,动,to send,gửi; phát,translated_subagent_draft,,lesson_vocab,171,19,appendix_matched_ocr_occurrence_needs_translation_review,词语页 OCR 配对；需用词语总表与原页人工核对。,boya-elementary-i:发:fa
boya-elementary-i,初级起步篇 I,lesson-19,19,你又熬夜了,5,回*,回,hui,hui,动,动,to reply,trả lời; hồi đáp,translated_subagent_draft,*,lesson_vocab,171,19,appendix_matched_ocr_occurrence_needs_translation_review,词语页 OCR 配对；需用词语总表与原页人工核对。,boya-elementary-i:回:hui
boya-elementary-i,初级起步篇 I,lesson-19,19,你又熬夜了,6,5.久,久,jiu,jiǔ,形,形,for a long time,lâu,translated_subagent_draft,,lesson_vocab,171,19,appendix_matched_ocr_occurrence_needs_translation_review,拼音 OCR 修为 jiǔ,boya-elementary-i:久:jiu
boya-elementary-i,初级起步篇 I,lesson-19,19,你又熬夜了,7,小时*,小时,xidoshi,xiaoshi,名,名,hour,giờ; tiếng,translated_subagent_draft,*,lesson_vocab,171,19,appendix_matched_ocr_occurrence_needs_translation_review,词语页 OCR 配对；需用词语总表与原页人工核对。,boya-elementary-i:小时:xiaoshi
boya-elementary-i,初级起步篇 I,lesson-19,19,你又熬夜了,8,分钟*,分钟,fenzhong,fenzhong,名,名,minute,phút,translated_subagent_draft,*,lesson_vocab,171,19,appendix_matched_ocr_occurrence_needs_translation_review,词语页 OCR 配对；需用词语总表与原页人工核对。,boya-elementary-i:分钟:fenzhong
boya-elementary-i,初级起步篇 I,lesson-19,19,你又熬夜了,9,昨天*,昨天,zuotian,zuotian,名,名,yesterday,hôm qua,translated_subagent_draft,*,lesson_vocab,171,19,appendix_matched_ocr_occurrence_needs_translation_review,词语页 OCR 配对；需用词语总表与原页人工核对。,boya-elementary-i:昨天:zuotian
boya-elementary-i,初级起步篇 I,lesson-19,19,你又熬夜了,10,不好意思*,不好意思,bu hdoyisi,bu hdoyisi,,,excuse me,xin lỗi; ngại quá,translated_subagent_draft,*,lesson_vocab,171,19,appendix_matched_ocr_occurrence_needs_translation_review,词语页 OCR 配对；需用词语总表与原页人工核对。,boya-elementary-i:不好意思:buhdoyisi
boya-elementary-i,初级起步篇 I,lesson-19,19,你又熬夜了,11,困*,困,kun,kun,形,形,sleepy,buồn ngủ,translated_subagent_draft,*,lesson_vocab,171,19,appendix_matched_ocr_occurrence_needs_translation_review,词语页 OCR 配对；需用词语总表与原页人工核对。,boya-elementary-i:困:kun
boya-elementary-i,初级起步篇 I,lesson-19,19,你又熬夜了,12,11. 白天,白天,baitian,baitian,名,名,daytime,ban ngày,translated_subagent_draft,,lesson_vocab,171,19,appendix_matched_ocr_occurrence_needs_translation_review,词语页 OCR 配对；需用词语总表与原页人工核对。,boya-elementary-i:白天:baitian
boya-elementary-i,初级起步篇 I,lesson-19,19,你又熬夜了,13,12. 夜里*,夜里,yeli,yeli,名,名,night,ban đêm,translated_subagent_draft,*,lesson_vocab,171,19,appendix_matched_ocr_occurrence_needs_translation_review,词语页 OCR 配对；需用词语总表与原页人工核对。,boya-elementary-i:夜里:yeli
boya-elementary-i,初级起步篇 I,lesson-19,19,你又熬夜了,14,13.江*,让,rang,rang,介,介,"to cause, to make; to ask sb. to do sth.",khiến; bảo,translated_subagent_draft,*,lesson_vocab,171,19,appendix_matched_ocr_occurrence_needs_translation_review,词语页 OCR 配对；需用词语总表与原页人工核对。,boya-elementary-i:让:rang
boya-elementary-i,初级起步篇 I,lesson-19,19,你又熬夜了,15,14.次*,次,Ci,ci,量,量,time; measure word （for action）,lần (lượng từ cho hành động),translated_subagent_draft,*,lesson_vocab,171,19,appendix_matched_ocr_occurrence_needs_translation_review,词语页 OCR 配对；需用词语总表与原页人工核对。,boya-elementary-i:次:ci
boya-elementary-i,初级起步篇 I,lesson-19,19,你又熬夜了,16,15. 安静,安静,anjing,anjing,形,形,quiet,yên tĩnh,translated_subagent_draft,,lesson_vocab,171,19,appendix_matched_ocr_occurrence_needs_translation_review,词语页 OCR 配对；需用词语总表与原页人工核对。,boya-elementary-i:安静:anjing
boya-elementary-i,初级起步篇 I,lesson-19,19,你又熬夜了,17,觉得*,觉得,juede,juede,动,动,to teel,cảm thấy; nghĩ rằng,translated_subagent_draft,*,lesson_vocab,171,19,appendix_matched_ocr_occurrence_needs_translation_review,词语页 OCR 配对；需用词语总表与原页人工核对。,boya-elementary-i:觉得:juede
boya-elementary-i,初级起步篇 I,lesson-19,19,你又熬夜了,18,17. 热闹*,热闹,rendo,renao,形,形,,nhộn nhịp; đông vui,translated_subagent_draft,*,lesson_vocab,171,19,appendix_matched_ocr_occurrence_needs_translation_review,词语页 OCR 配对；需用词语总表与原页人工核对。,boya-elementary-i:热闹:renao
boya-elementary-i,初级起步篇 I,lesson-19,19,你又熬夜了,19,厉害,厉害,linai,lihai,形,形,severe; Sharp; fierce； powertul,lợi hại; nghiêm trọng; giỏi,translated_subagent_draft,,lesson_vocab,172,19,appendix_matched_ocr_occurrence_needs_translation_review,词语页 OCR 配对；需用词语总表与原页人工核对。,boya-elementary-i:厉害:lihai
boya-elementary-i,初级起步篇 I,lesson-19,19,你又熬夜了,20,19. 路上*,路上,lushang,lushang,名,名,on the way,trên đường,translated_subagent_draft,*,lesson_vocab,172,19,appendix_matched_ocr_occurrence_needs_translation_review,词语页 OCR 配对；需用词语总表与原页人工核对。,boya-elementary-i:路上:lushang
boya-elementary-i,初级起步篇 I,lesson-19,19,你又熬夜了,21,比较*,比较,bijido,bijido,,,comparactively; relatively,khá; tương đối; so sánh,translated_subagent_draft,*,lesson_vocab,172,19,appendix_matched_ocr_occurrence_needs_translation_review,词语页 OCR 配对；需用词语总表与原页人工核对。,boya-elementary-i:比较:bijido
boya-elementary-i,初级起步篇 I,lesson-19,19,你又熬夜了,22,继续*,继续,jixU,jixU,动,动,to continue,tiếp tục,translated_subagent_draft,*,lesson_vocab,172,19,appendix_matched_ocr_occurrence_needs_translation_review,词语页 OCR 配对；需用词语总表与原页人工核对。,boya-elementary-i:继续:jixu
boya-elementary-i,初级起步篇 I,lesson-19,19,你又熬夜了,23,好像*,好像,hdoxiang,hdoxiang,,,1t seems,hình như; có vẻ,translated_subagent_draft,*,lesson_vocab,172,19,appendix_matched_ocr_occurrence_needs_translation_review,词语页 OCR 配对；需用词语总表与原页人工核对。,boya-elementary-i:好像:hdoxiang
boya-elementary-i,初级起步篇 I,lesson-19,19,你又熬夜了,24,堵车*,堵车,du che,du che,,,traffic jam,tắc đường,translated_subagent_draft,*,lesson_vocab,172,19,appendix_matched_ocr_occurrence_needs_translation_review,词语页 OCR 配对；需用词语总表与原页人工核对。,boya-elementary-i:堵车:duche
boya-elementary-i,初级起步篇 I,lesson-19,19,你又熬夜了,25,迟到*,迟到,chiddo,chiddo,动,动,to be late,đến muộn,translated_subagent_draft,*,lesson_vocab,172,19,appendix_matched_ocr_occurrence_needs_translation_review,词语页 OCR 配对；需用词语总表与原页人工核对。,boya-elementary-i:迟到:chiddo
boya-elementary-i,初级起步篇 I,lesson-19,19,你又熬夜了,26,办,办,ban,ban,动,动,to do,làm; giải quyết,translated_subagent_draft,,lesson_vocab,172,19,appendix_matched_ocr_occurrence_needs_translation_review,词语页 OCR 配对；需用词语总表与原页人工核对。,boya-elementary-i:办:ban
boya-elementary-i,初级起步篇 I,lesson-19,19,你又熬夜了,27,请客*,请客,qing ke,qing ke,,,to host （usually a meal）； to entertain guests,mời ăn; đãi khách,translated_subagent_draft,*,lesson_vocab,172,19,appendix_matched_ocr_occurrence_needs_translation_review,词语页 OCR 配对；需用词语总表与原页人工核对。,boya-elementary-i:请客:qingke
boya-elementary-i,初级起步篇 I,lesson-19,19,你又熬夜了,28,27. 醉*,醉,ZUi,Zui,动,动,to be drunk,say rượu,translated_subagent_draft,*,lesson_vocab,172,19,appendix_matched_ocr_occurrence_needs_translation_review,词语页 OCR 配对；需用词语总表与原页人工核对。,boya-elementary-i:醉:zui
boya-elementary-i,初级起步篇 I,lesson-20,20,我想请一天假,1,1.量,量,liang,liàng,动,动,to measure,đo; số lượng,translated_subagent_draft,,lesson_vocab,181,20,appendix_matched_ocr_occurrence_needs_translation_review,拼音 OCR 修为 liàng,boya-elementary-i:量:liang
boya-elementary-i,初级起步篇 I,lesson-20,20,我想请一天假,2,体温,体温,tiwen,tiwen,,,temperature,thân nhiệt,translated_subagent_draft,,lesson_vocab,181,20,appendix_matched_ocr_occurrence_needs_translation_review,词语页 OCR 配对；需用词语总表与原页人工核对。,boya-elementary-i:体温:tiwen
boya-elementary-i,初级起步篇 I,lesson-20,20,我想请一天假,3,感冒*,感冒,ganmdo,gdnmdo,动、名,动、名,to have a cold; cold,cảm lạnh; bị cảm,translated_subagent_draft,*,lesson_vocab,181,20,appendix_matched_ocr_occurrence_needs_translation_review,词语页 OCR 配对；需用词语总表与原页人工核对。,boya-elementary-i:感冒:gdnmdo
boya-elementary-i,初级起步篇 I,lesson-20,20,我想请一天假,4,后天,后天,houtian,houtian,名,名,the day after tomorrow,ngày kia,translated_subagent_draft,,lesson_vocab,181,20,appendix_matched_ocr_occurrence_needs_translation_review,词语页 OCR 配对；需用词语总表与原页人工核对。,boya-elementary-i:后天:houtian
boya-elementary-i,初级起步篇 I,lesson-20,20,我想请一天假,5,医院*,医院,yiyuan,viyuan,名,名,hospital,bệnh viện,translated_subagent_draft,*,lesson_vocab,181,20,appendix_matched_ocr_occurrence_needs_translation_review,词语页 OCR 配对；需用词语总表与原页人工核对。,boya-elementary-i:医院:viyuan
boya-elementary-i,初级起步篇 I,lesson-20,20,我想请一天假,6,补考,补考,bukdo,bukdo,动,动,to make-up examination,thi lại,translated_subagent_draft,,lesson_vocab,181,20,appendix_matched_ocr_occurrence_needs_translation_review,词语页 OCR 配对；需用词语总表与原页人工核对。,boya-elementary-i:补考:bukdo
boya-elementary-i,初级起步篇 I,lesson-20,20,我想请一天假,7,课间,课间,Kejian,kejian,名,名,class break,giờ ra chơi,translated_subagent_draft,,lesson_vocab,181,20,appendix_matched_ocr_occurrence_needs_translation_review,词语页 OCR 配对；需用词语总表与原页人工核对。,boya-elementary-i:课间:kejian
boya-elementary-i,初级起步篇 I,lesson-20,20,我想请一天假,8,大夫,大夫,daitu,daifu,名,名,doctor,bác sĩ,translated_subagent_draft,,lesson_vocab,181,20,appendix_matched_ocr_occurrence_needs_translation_review,词语页 OCR 配对；需用词语总表与原页人工核对。,boya-elementary-i:大夫:daifu
boya-elementary-i,初级起步篇 I,lesson-20,20,我想请一天假,9,张开,张开,zhang kai,zhang kai,,,to open,mở ra; dang ra,translated_subagent_draft,,lesson_vocab,181,20,appendix_matched_ocr_occurrence_needs_translation_review,词语页 OCR 配对；需用词语总表与原页人工核对。,boya-elementary-i:张开:zhangkai
boya-elementary-i,初级起步篇 I,lesson-20,20,我想请一天假,10,10. 跟,跟,gen,gen,介,介,to,với; theo,translated_subagent_draft,,lesson_vocab,181,20,appendix_matched_ocr_occurrence_needs_translation_review,词语页 OCR 配对；需用词语总表与原页人工核对。,boya-elementary-i:跟:gen
boya-elementary-i,初级起步篇 I,lesson-20,20,我想请一天假,11,11. 嘴,嘴,zui,Zui,名,名,mouth to write （prescript; sick,miệng,translated_subagent_draft,,lesson_vocab,181,20,appendix_matched_ocr_occurrence_needs_translation_review,词语页 OCR 配对；需用词语总表与原页人工核对。,boya-elementary-i:嘴:zui
boya-elementary-i,初级起步篇 I,lesson-20,20,我想请一天假,12,开＊,开,kai,kai,动,动,leave...）,mở; rời đi,translated_subagent_draft,,lesson_vocab,181,20,appendix_matched_ocr_occurrence_needs_translation_review,词语页 OCR 配对；需用词语总表与原页人工核对。,boya-elementary-i:开:kai
boya-elementary-i,初级起步篇 I,lesson-20,20,我想请一天假,13,舒服*,舒服,shufu,shufu,形,形,comfortable,dễ chịu; thoải mái,translated_subagent_draft,*,lesson_vocab,181,20,appendix_matched_ocr_occurrence_needs_translation_review,词语页 OCR 配对；需用词语总表与原页人工核对。,boya-elementary-i:舒服:shufu
boya-elementary-i,初级起步篇 I,lesson-20,20,我想请一天假,14,发烧*,发烧,fa shao,fa shao,,,to have a fever,sốt,translated_subagent_draft,*,lesson_vocab,181,20,appendix_matched_ocr_occurrence_needs_translation_review,词语页 OCR 配对；需用词语总表与原页人工核对。,boya-elementary-i:发烧:fashao
boya-elementary-i,初级起步篇 I,lesson-20,20,我想请一天假,15,能*,能,neng,neng,助动,助动,can; be able to,có thể,translated_subagent_draft,*,lesson_vocab,181,20,appendix_matched_ocr_occurrence_needs_translation_review,词语页 OCR 配对；需用词语总表与原页人工核对。,boya-elementary-i:能:neng
boya-elementary-i,初级起步篇 I,lesson-20,20,我想请一天假,16,打针*,打针,da zhen,dd zhen,,,to give or have an injection,tiêm; chích,translated_subagent_draft,*,lesson_vocab,181,20,appendix_matched_ocr_occurrence_needs_translation_review,词语页 OCR 配对；需用词语总表与原页人工核对。,boya-elementary-i:打针:ddzhen
boya-elementary-i,初级起步篇 I,lesson-20,20,我想请一天假,17,如果*,如果,ruguo,ruguo,连,连,if,nếu,translated_subagent_draft,*,lesson_vocab,181,20,appendix_matched_ocr_occurrence_needs_translation_review,词语页 OCR 配对；需用词语总表与原页人工核对。,boya-elementary-i:如果:ruguo
boya-elementary-i,初级起步篇 I,lesson-20,20,我想请一天假,18,18. 咳嗽*,咳嗽,Kesou,kesou,动,动,to cough,ho,translated_subagent_draft,*,lesson_vocab,181,20,appendix_matched_ocr_occurrence_needs_translation_review,词语页 OCR 配对；需用词语总表与原页人工核对。,boya-elementary-i:咳嗽:kesou
boya-elementary-i,初级起步篇 I,lesson-20,20,我想请一天假,19,休息*,休息,xiUxi,xiuxi,动,动,to rest,nghỉ ngơi,translated_subagent_draft,*,lesson_vocab,182,20,appendix_matched_ocr_occurrence_needs_translation_review,词语页 OCR 配对；需用词语总表与原页人工核对。,boya-elementary-i:休息:xiuxi
boya-elementary-i,初级起步篇 I,lesson-20,20,我想请一天假,20,顺利*,顺利,shunli,shunli,形,形,smooth; successful,thuận lợi,translated_subagent_draft,*,lesson_vocab,182,20,appendix_matched_ocr_occurrence_needs_translation_review,词语页 OCR 配对；需用词语总表与原页人工核对。,boya-elementary-i:顺利:shunli
boya-elementary-i,初级起步篇 I,lesson-20,20,我想请一天假,21,最好*,最好,zuinao,zuihdo,,,"had better, it would be best",tốt nhất; nên,translated_subagent_draft,*,lesson_vocab,182,20,appendix_matched_ocr_occurrence_needs_translation_review,词语页 OCR 配对；需用词语总表与原页人工核对。,boya-elementary-i:最好:zuihdo
boya-elementary-i,初级起步篇 I,lesson-20,20,我想请一天假,22,考试*,考试,kao shi,kaoshi,,,to examine,thi; kỳ thi,translated_subagent_draft,*,lesson_vocab,182,20,appendix_matched_ocr_occurrence_needs_translation_review,词语页 OCR 配对；需用词语总表与原页人工核对。,boya-elementary-i:考试:kaoshi
boya-elementary-i,初级起步篇 I,lesson-20,20,我想请一天假,23,23.药*,药,yao,yao,名,名,medicine,thuốc,translated_subagent_draft,*,lesson_vocab,182,20,appendix_matched_ocr_occurrence_needs_translation_review,词语页 OCR 配对；需用词语总表与原页人工核对。,boya-elementary-i:药:yao
boya-elementary-i,初级起步篇 I,lesson-20,20,我想请一天假,24,头疼,头疼,touteng,touteng,形,形,headache,đau đầu,translated_subagent_draft,,lesson_vocab,182,20,appendix_matched_ocr_occurrence_needs_translation_review,词语页 OCR 配对；需用词语总表与原页人工核对。,boya-elementary-i:头疼:touteng
boya-elementary-i,初级起步篇 I,lesson-20,20,我想请一天假,25,听写*,听写,tingxie,tingxie,动,动,to have a dictation,nghe viết; chính tả,translated_subagent_draft,*,lesson_vocab,182,20,appendix_matched_ocr_occurrence_needs_translation_review,词语页 OCR 配对；需用词语总表与原页人工核对。,boya-elementary-i:听写:tingxie
boya-elementary-i,初级起步篇 I,lesson-20,20,我想请一天假,26,病假条,病假条,bingjiatido,bingjiatido,名,名,certificate for sick leave,giấy xin nghỉ ốm,translated_subagent_draft,,lesson_vocab,182,20,appendix_matched_ocr_occurrence_needs_translation_review,词语页 OCR 配对；需用词语总表与原页人工核对。,boya-elementary-i:病假条:bingjiatido
boya-elementary-i,初级起步篇 I,lesson-21,21,每个人要说多长时间,1,1.修,修,xiu,xiu,,,to repair,sửa chữa,translated_subagent_draft,,lesson_vocab,191,21,appendix_matched_ocr_occurrence_needs_translation_review,词语页 OCR 配对；需用词语总表与原页人工核对。,boya-elementary-i:修:xiu
boya-elementary-i,初级起步篇 I,lesson-21,21,每个人要说多长时间,2,笔试,笔试,bishi,bishi,,,written examination,thi viết,translated_subagent_draft,,lesson_vocab,191,21,appendix_matched_ocr_occurrence_needs_translation_review,词语页 OCR 配对；需用词语总表与原页人工核对。,boya-elementary-i:笔试:bishi
boya-elementary-i,初级起步篇 I,lesson-21,21,每个人要说多长时间,3,急事,急事,jishi,jishi,名,名,emergency,việc gấp,translated_subagent_draft,,lesson_vocab,191,21,appendix_matched_ocr_occurrence_needs_translation_review,词语页 OCR 配对；需用词语总表与原页人工核对。,boya-elementary-i:急事:jishi
boya-elementary-i,初级起步篇 I,lesson-21,21,每个人要说多长时间,4,段,段,duan,duan,量,量,section; paragraph,đoạn (lượng từ),translated_subagent_draft,,lesson_vocab,191,21,appendix_matched_ocr_occurrence_needs_translation_review,词语页 OCR 配对；需用词语总表与原页人工核对。,boya-elementary-i:段:duan
boya-elementary-i,初级起步篇 I,lesson-21,21,每个人要说多长时间,5,说话,说话,shuo hud,shuo hua,,,to speak; to talk,nói chuyện,translated_subagent_draft,,lesson_vocab,191,21,appendix_matched_ocr_occurrence_needs_translation_review,词语页 OCR 配对；需用词语总表与原页人工核对。,boya-elementary-i:说话:shuohua
boya-elementary-i,初级起步篇 I,lesson-21,21,每个人要说多长时间,6,语法*,语法,yufa,yǔfǎ,名,名,grammar,ngữ pháp,translated_subagent_draft,*,lesson_vocab,191,21,appendix_matched_ocr_occurrence_needs_translation_review,拼音 OCR 修为 yǔfǎ,boya-elementary-i:语法:yufa
boya-elementary-i,初级起步篇 I,lesson-21,21,每个人要说多长时间,7,口语*,口语,Kouyu,kouy,名,名,spoken language because,khẩu ngữ; tiếng nói,translated_subagent_draft,*,lesson_vocab,191,21,appendix_matched_ocr_occurrence_needs_translation_review,词语页 OCR 配对；需用词语总表与原页人工核对。,boya-elementary-i:口语:kouy
boya-elementary-i,初级起步篇 I,lesson-21,21,每个人要说多长时间,8,因为太困，所以我,因为,yinwei,yinwei,,,,bởi vì; vì,translated_subagent_draft,,lesson_vocab,191,21,appendix_matched_ocr_occurrence_needs_translation_review,词语页 OCR 配对；需用词语总表与原页人工核对。,boya-elementary-i:因为:yinwei
boya-elementary-i,初级起步篇 I,lesson-21,21,每个人要说多长时间,9,9.停,停,ting,ting,动,动,to stop,dừng; đỗ,translated_subagent_draft,,lesson_vocab,191,21,appendix_matched_ocr_occurrence_needs_translation_review,词语页 OCR 配对；需用词语总表与原页人工核对。,boya-elementary-i:停:ting
boya-elementary-i,初级起步篇 I,lesson-21,21,每个人要说多长时间,10,坏*,坏,hudi,huai,形,形,be broken or ruined,hỏng; xấu,translated_subagent_draft,*,lesson_vocab,191,21,appendix_matched_ocr_occurrence_needs_translation_review,词语页 OCR 配对；需用词语总表与原页人工核对。,boya-elementary-i:坏:huai
boya-elementary-i,初级起步篇 I,lesson-21,21,每个人要说多长时间,11,11. 抱歉,抱歉,baoqian,bdoqian,形,形,sorry,xin lỗi; lấy làm tiếc,translated_subagent_draft,,lesson_vocab,191,21,appendix_matched_ocr_occurrence_needs_translation_review,词语页 OCR 配对；需用词语总表与原页人工核对。,boya-elementary-i:抱歉:bdoqian
boya-elementary-i,初级起步篇 I,lesson-21,21,每个人要说多长时间,12,帮*,帮,bang,bang,动,动,to help,giúp,translated_subagent_draft,*,lesson_vocab,191,21,appendix_matched_ocr_occurrence_needs_translation_review,词语页 OCR 配对；需用词语总表与原页人工核对。,boya-elementary-i:帮:bang
boya-elementary-i,初级起步篇 I,lesson-21,21,每个人要说多长时间,13,部分*,部分,buten,bufen,名,名,part; section,phần; bộ phận,translated_subagent_draft,*,lesson_vocab,191,21,appendix_matched_ocr_occurrence_needs_translation_review,词语页 OCR 配对；需用词语总表与原页人工核对。,boya-elementary-i:部分:bufen
boya-elementary-i,初级起步篇 I,lesson-21,21,每个人要说多长时间,14,还是,还是,naishi,haishi,代,代,this （as in “to this zheme degree”）； so,vẫn; hay là,translated_subagent_draft,,lesson_vocab,191,17,appendix_matched_ocr_occurrence_needs_translation_review,词语页 OCR 配对；需用词语总表与原页人工核对。,boya-elementary-i:还是:haishi
boya-elementary-i,初级起步篇 I,lesson-21,21,每个人要说多长时间,15,提前,提前,tiqian,tiqian,,,,sớm hơn; trước thời hạn,translated_subagent_draft,,lesson_vocab,191,21,appendix_matched_ocr_occurrence_needs_translation_review,词语页 OCR 配对；需用词语总表与原页人工核对。,boya-elementary-i:提前:tiqian
boya-elementary-i,初级起步篇 I,lesson-21,21,每个人要说多长时间,16,到,到,in advance,ddo,,,,đến; tới,translated_subagent_draft,,lesson_vocab,191,12,appendix_matched_ocr_occurrence_needs_translation_review,词语页 OCR 配对；需用词语总表与原页人工核对。,boya-elementary-i:到:ddo
boya-elementary-i,初级起步篇 I,lesson-21,21,每个人要说多长时间,17,17. 出门,出门,chu men,chi men,,,to gq0 out,ra khỏi nhà,translated_subagent_draft,,lesson_vocab,191,21,appendix_matched_ocr_occurrence_needs_translation_review,词语页 OCR 配对；需用词语总表与原页人工核对。,boya-elementary-i:出门:chimen
boya-elementary-i,初级起步篇 I,lesson-21,21,每个人要说多长时间,18,翻译*,翻译,fanyi,fanyi,动,动,to translate,dịch; phiên dịch,translated_subagent_draft,*,lesson_vocab,191,21,appendix_matched_ocr_occurrence_needs_translation_review,词语页 OCR 配对；需用词语总表与原页人工核对。,boya-elementary-i:翻译:fanyi
boya-elementary-i,初级起步篇 I,lesson-21,21,每个人要说多长时间,19,辆*,辆,liang,liang,量,量,measure word （ for vehicles）,chiếc (lượng từ cho xe),translated_subagent_draft,*,lesson_vocab,192,21,appendix_matched_ocr_occurrence_needs_translation_review,词语页 OCR 配对；需用词语总表与原页人工核对。,boya-elementary-i:辆:liang
boya-elementary-i,初级起步篇 I,lesson-21,21,每个人要说多长时间,20,着急*,着急,zhaoji,zhaoji,形,形,anxious,lo lắng; sốt ruột,translated_subagent_draft,*,lesson_vocab,192,21,appendix_matched_ocr_occurrence_needs_translation_review,词语页 OCR 配对；需用词语总表与原页人工核对。,boya-elementary-i:着急:zhaoji
boya-elementary-i,初级起步篇 I,lesson-21,21,每个人要说多长时间,21,打车*,打车,dd che,dd che,,,to hire or take a taxi,bắt taxi; đi taxi,translated_subagent_draft,*,lesson_vocab,192,21,appendix_matched_ocr_occurrence_needs_translation_review,词语页 OCR 配对；需用词语总表与原页人工核对。,boya-elementary-i:打车:ddche
boya-elementary-i,初级起步篇 I,lesson-21,21,每个人要说多长时间,22,用功*,用功,yonggong,yonggong,形,形,"dilgent, hard-working in one's studies",chăm học; chịu khó học,translated_subagent_draft,*,lesson_vocab,192,21,appendix_matched_ocr_occurrence_needs_translation_review,词语页 OCR 配对；需用词语总表与原页人工核对。,boya-elementary-i:用功:yonggong
boya-elementary-i,初级起步篇 I,lesson-21,21,每个人要说多长时间,23,倒霉*,倒霉,ddomei,ddomei,形,形,unlucky,xui xẻo,translated_subagent_draft,*,lesson_vocab,192,21,appendix_matched_ocr_occurrence_needs_translation_review,词语页 OCR 配对；需用词语总表与原页人工核对。,boya-elementary-i:倒霉:ddomei
boya-elementary-i,初级起步篇 I,lesson-21,21,每个人要说多长时间,24,担心*,担心,dan xin,dan xin,,,to Worry dui： • Iai shuo for （Sb.）,lo lắng,translated_subagent_draft,*,lesson_vocab,192,21,appendix_matched_ocr_occurrence_needs_translation_review,词语页 OCR 配对；需用词语总表与原页人工核对。,boya-elementary-i:担心:danxin
boya-elementary-i,初级起步篇 I,lesson-22,22,明天你下了课去哪儿,1,约,约,yue,yue,动,动,to ask or invite in advance,hẹn (với ai đó),translated_subagent_draft,,lesson_vocab,200,22,appendix_matched_ocr_occurrence_needs_translation_review,词语页 OCR 配对；需用词语总表与原页人工核对。,boya-elementary-i:约:yue
boya-elementary-i,初级起步篇 I,lesson-22,22,明天你下了课去哪儿,2,篮球,篮球,Ianqiu,lanqid,名,名,basketball,bóng rổ,translated_subagent_draft,,lesson_vocab,200,22,appendix_matched_ocr_occurrence_needs_translation_review,词语页 OCR 配对；需用词语总表与原页人工核对。,boya-elementary-i:篮球:lanqid
boya-elementary-i,初级起步篇 I,lesson-22,22,明天你下了课去哪儿,3,选,选,xudn,xuan,动,动,to select; to choose,chọn; lựa chọn,translated_subagent_draft,,lesson_vocab,200,22,appendix_matched_ocr_occurrence_needs_translation_review,词语页 OCR 配对；需用词语总表与原页人工核对。,boya-elementary-i:选:xuan
boya-elementary-i,初级起步篇 I,lesson-22,22,明天你下了课去哪儿,4,4.安排*,安排,anpai,ainpai,动,动,to plan,sắp xếp; bố trí,translated_subagent_draft,*,lesson_vocab,200,22,appendix_matched_ocr_occurrence_needs_translation_review,词语页 OCR 配对；需用词语总表与原页人工核对。,boya-elementary-i:安排:ainpai
boya-elementary-i,初级起步篇 I,lesson-22,22,明天你下了课去哪儿,5,开学,开学,Kai xue,kai xue,,,term begins,bắt đầu học kỳ,translated_subagent_draft,,lesson_vocab,200,22,appendix_matched_ocr_occurrence_needs_translation_review,词语页 OCR 配对；需用词语总表与原页人工核对。,boya-elementary-i:开学:kaixue
boya-elementary-i,初级起步篇 I,lesson-22,22,明天你下了课去哪儿,6,忘*,忘,wang,wang,动,动,to forget,quên,translated_subagent_draft,*,lesson_vocab,200,22,appendix_matched_ocr_occurrence_needs_translation_review,词语页 OCR 配对；需用词语总表与原页人工核对。,boya-elementary-i:忘:wang
boya-elementary-i,初级起步篇 I,lesson-22,22,明天你下了课去哪儿,7,游戏,游戏,youxi,youxi,名,名,game,trò chơi,translated_subagent_draft,,lesson_vocab,200,22,appendix_matched_ocr_occurrence_needs_translation_review,词语页 OCR 配对；需用词语总表与原页人工核对。,boya-elementary-i:游戏:youxi
boya-elementary-i,初级起步篇 I,lesson-22,22,明天你下了课去哪儿,8,开玩笑,开玩笑,kai wanxido,kai wanxido,,,"to crack a joke, to make fun of",nói đùa; trêu,translated_subagent_draft,,lesson_vocab,200,22,appendix_matched_ocr_occurrence_needs_translation_review,词语页 OCR 配对；需用词语总表与原页人工核对。,boya-elementary-i:开玩笑:kaiwanxido
boya-elementary-i,初级起步篇 I,lesson-22,22,明天你下了课去哪儿,9,别*,别,bie,bie,,,do not,đừng,translated_subagent_draft,*,lesson_vocab,200,22,appendix_matched_ocr_occurrence_needs_translation_review,词语页 OCR 配对；需用词语总表与原页人工核对。,boya-elementary-i:别:bie
boya-elementary-i,初级起步篇 I,lesson-22,22,明天你下了课去哪儿,10,意见*,意见,yjjian,yijian,名,名,suggestion;opinion,ý kiến; đề xuất,translated_subagent_draft,*,lesson_vocab,200,22,appendix_matched_ocr_occurrence_needs_translation_review,词语页 OCR 配对；需用词语总表与原页人工核对。,boya-elementary-i:意见:yijian
boya-elementary-i,初级起步篇 I,lesson-22,22,明天你下了课去哪儿,11,11. 聚会＊,聚会,juhui,juhui,名,名,to have a get-together or party,buổi tụ họp; tiệc,translated_subagent_draft,,lesson_vocab,200,22,appendix_matched_ocr_occurrence_needs_translation_review,词语页 OCR 配对；需用词语总表与原页人工核对。,boya-elementary-i:聚会:juhui
boya-elementary-i,初级起步篇 I,lesson-22,22,明天你下了课去哪儿,12,快……了,快……了,kudi⋯・・・・le,kuài……le,,,be about to do,sắp; gần đến lúc,translated_subagent_draft,,lesson_vocab,200,22,appendix_matched_ocr_occurrence_needs_translation_review,拼音 OCR 修为 kuài……le,boya-elementary-i:快……了:kuaile
boya-elementary-i,初级起步篇 I,lesson-22,22,明天你下了课去哪儿,13,13. 活动,活动,huodong,huodong,名,名,activity,hoạt động,translated_subagent_draft,,lesson_vocab,200,22,appendix_matched_ocr_occurrence_needs_translation_review,词语页 OCR 配对；需用词语总表与原页人工核对。,boya-elementary-i:活动:huodong
boya-elementary-i,初级起步篇 I,lesson-22,22,明天你下了课去哪儿,14,14. 下载,下载,xiazai,xiazai,动,动,to download,tải xuống,translated_subagent_draft,,lesson_vocab,200,22,appendix_matched_ocr_occurrence_needs_translation_review,词语页 OCR 配对；需用词语总表与原页人工核对。,boya-elementary-i:下载:xiazai
boya-elementary-i,初级起步篇 I,lesson-22,22,明天你下了课去哪儿,15,15. 建议,建议,jianyi,jianyi,动、名,动、名,to suggest; to advise； suggestion,đề nghị; góp ý,translated_subagent_draft,,lesson_vocab,200,22,appendix_matched_ocr_occurrence_needs_translation_review,词语页 OCR 配对；需用词语总表与原页人工核对。,boya-elementary-i:建议:jianyi
boya-elementary-i,初级起步篇 I,lesson-22,22,明天你下了课去哪儿,16,展览*,展览,zhanlan,zhanlan,名,名,exhibition,triển lãm,translated_subagent_draft,*,lesson_vocab,200,22,appendix_matched_ocr_occurrence_needs_translation_review,词语页 OCR 配对；需用词语总表与原页人工核对。,boya-elementary-i:展览:zhanlan
boya-elementary-i,初级起步篇 I,lesson-22,22,明天你下了课去哪儿,17,17.门口*,门口,menkou,menkou,名,名,"entrance, gate",cửa ra vào; trước cửa,translated_subagent_draft,*,lesson_vocab,200,22,appendix_matched_ocr_occurrence_needs_translation_review,词语页 OCR 配对；需用词语总表与原页人工核对。,boya-elementary-i:门口:menkou
boya-elementary-i,初级起步篇 I,lesson-22,22,明天你下了课去哪儿,18,生气*,生气,sheng qi,sheng qi,,,to be angry,tức giận,translated_subagent_draft,*,lesson_vocab,200,22,appendix_matched_ocr_occurrence_needs_translation_review,词语页 OCR 配对；需用词语总表与原页人工核对。,boya-elementary-i:生气:shengqi
boya-elementary-i,初级起步篇 I,lesson-22,22,明天你下了课去哪儿,19,19.刚*,刚,gang,gang,,,Just,vừa mới,translated_subagent_draft,*,lesson_vocab,201,22,appendix_matched_ocr_occurrence_needs_translation_review,词语页 OCR 配对；需用词语总表与原页人工核对。,boya-elementary-i:刚:gang
boya-elementary-i,初级起步篇 I,lesson-22,22,明天你下了课去哪儿,20,特别*,特别,tepie,tebie,,,especially; particularly,đặc biệt,translated_subagent_draft,*,lesson_vocab,201,22,appendix_matched_ocr_occurrence_needs_translation_review,词语页 OCR 配对；需用词语总表与原页人工核对。,boya-elementary-i:特别:tebie
boya-elementary-i,初级起步篇 I,lesson-22,22,明天你下了课去哪儿,21,这样*,这样,zheyang,zheyang,代,代,like this; this way,như thế này; cách này,translated_subagent_draft,*,lesson_vocab,201,22,appendix_matched_ocr_occurrence_needs_translation_review,词语页 OCR 配对；需用词语总表与原页人工核对。,boya-elementary-i:这样:zheyang
boya-elementary-i,初级起步篇 I,lesson-22,22,明天你下了课去哪儿,22,有意思*,有意思,you yisi,you yisi,,,interesting,thú vị,translated_subagent_draft,*,lesson_vocab,201,22,appendix_matched_ocr_occurrence_needs_translation_review,词语页 OCR 配对；需用词语总表与原页人工核对。,boya-elementary-i:有意思:youyisi
boya-elementary-i,初级起步篇 I,lesson-22,22,明天你下了课去哪儿,23,放心*,放心,fang xin,fang xin,,,to be at ease,yên tâm,translated_subagent_draft,*,lesson_vocab,201,22,appendix_matched_ocr_occurrence_needs_translation_review,词语页 OCR 配对；需用词语总表与原页人工核对。,boya-elementary-i:放心:fangxin
boya-elementary-i,初级起步篇 I,lesson-22,22,明天你下了课去哪儿,24,聊天儿*,聊天儿,lido tianr,lido tianr,,,to chat,trò chuyện,translated_subagent_draft,*,lesson_vocab,201,22,appendix_matched_ocr_occurrence_needs_translation_review,词语页 OCR 配对；需用词语总表与原页人工核对。,boya-elementary-i:聊天儿:lidotianr
boya-elementary-i,初级起步篇 I,lesson-22,22,明天你下了课去哪儿,25,…死了,……死了,…….sile,……sǐ le,,,a high degree,… chết đi được (mức độ rất cao),translated_subagent_draft,,lesson_vocab,201,22,appendix_matched_ocr_occurrence_needs_translation_review,词语页 OCR 配对；需用词语总表与原页人工核对。,boya-elementary-i:……死了:sile
boya-elementary-i,初级起步篇 I,lesson-22,22,明天你下了课去哪儿,26,对了*,对了,duile,dui le,,,oh yeah; by the way,à đúng rồi; tiện thể,translated_subagent_draft,*,lesson_vocab,201,22,appendix_matched_ocr_occurrence_needs_translation_review,词语页 OCR 配对；需用词语总表与原页人工核对。,boya-elementary-i:对了:duile
boya-elementary-i,初级起步篇 I,lesson-23,23,假期有什么打算,1,假期*,假期,jiaqi,jiaai,名,名,holiday; vacation period,kỳ nghỉ,translated_subagent_draft,*,lesson_vocab,209,23,appendix_matched_ocr_occurrence_needs_translation_review,词语页 OCR 配对；需用词语总表与原页人工核对。,boya-elementary-i:假期:jiaai
boya-elementary-i,初级起步篇 I,lesson-23,23,假期有什么打算,2,一直*,一直,yizhi,vizhi,,,always; all along,luôn luôn; suốt,translated_subagent_draft,*,lesson_vocab,209,23,appendix_matched_ocr_occurrence_needs_translation_review,词语页 OCR 配对；需用词语总表与原页人工核对。,boya-elementary-i:一直:vizhi
boya-elementary-i,初级起步篇 I,lesson-23,23,假期有什么打算,3,旅行*,旅行,luxing,luxing,动,动,to travel,du lịch,translated_subagent_draft,*,lesson_vocab,209,23,appendix_matched_ocr_occurrence_needs_translation_review,词语页 OCR 配对；需用词语总表与原页人工核对。,boya-elementary-i:旅行:luxing
boya-elementary-i,初级起步篇 I,lesson-23,23,假期有什么打算,4,暑假,暑假,shujia,shujia,名,名,summer vacation to one's heart content；,kỳ nghỉ hè,translated_subagent_draft,,lesson_vocab,209,23,appendix_matched_ocr_occurrence_needs_translation_review,词语页 OCR 配对；需用词语总表与原页人工核对。,boya-elementary-i:暑假:shujia
boya-elementary-i,初级起步篇 I,lesson-23,23,假期有什么打算,5,好好儿*,好好儿,haondor,hdohdor,,,all out,cho tốt; thật kỹ,translated_subagent_draft,*,lesson_vocab,209,23,appendix_matched_ocr_occurrence_needs_translation_review,词语页 OCR 配对；需用词语总表与原页人工核对。,boya-elementary-i:好好儿:hdohdor
boya-elementary-i,初级起步篇 I,lesson-23,23,假期有什么打算,6,票*,票,pido,pido,名,名,ticket extremely （used after adjective indicating to a high degree）,vé,translated_subagent_draft,*,lesson_vocab,209,23,appendix_matched_ocr_occurrence_needs_translation_review,词语页 OCR 配对；需用词语总表与原页人工核对。,boya-elementary-i:票:pido
boya-elementary-i,初级起步篇 I,lesson-23,23,假期有什么打算,7,趟＊,趟,tang,tang,量,量,measure word （for trips）,chuyến (lượng từ lượt đi),translated_subagent_draft,,lesson_vocab,209,23,appendix_matched_ocr_occurrence_needs_translation_review,词语页 OCR 配对；需用词语总表与原页人工核对。,boya-elementary-i:趟:tang
boya-elementary-i,初级起步篇 I,lesson-23,23,假期有什么打算,8,9.待*,待,dai,dai,动,动,to stay,ở lại; lưu lại,translated_subagent_draft,*,lesson_vocab,209,23,appendix_matched_ocr_occurrence_needs_translation_review,词语页 OCR 配对；需用词语总表与原页人工核对。,boya-elementary-i:待:dai
boya-elementary-i,初级起步篇 I,lesson-23,23,假期有什么打算,9,10. 班*,班,ban,ban,名,名,Class,lớp,translated_subagent_draft,*,lesson_vocab,209,23,appendix_matched_ocr_occurrence_needs_translation_review,词语页 OCR 配对；需用词语总表与原页人工核对。,boya-elementary-i:班:ban
boya-elementary-i,初级起步篇 I,lesson-23,23,假期有什么打算,10,11.节*,节,jie,jie,量,量,measure word （for class）,tiết (lượng từ cho buổi học),translated_subagent_draft,*,lesson_vocab,209,23,appendix_matched_ocr_occurrence_needs_translation_review,词语页 OCR 配对；需用词语总表与原页人工核对。,boya-elementary-i:节:jie
boya-elementary-i,初级起步篇 I,lesson-23,23,假期有什么打算,11,历史*,历史,lishi,lishr,名,名,history,lịch sử,translated_subagent_draft,*,lesson_vocab,209,23,appendix_matched_ocr_occurrence_needs_translation_review,词语页 OCR 配对；需用词语总表与原页人工核对。,boya-elementary-i:历史:lishr
boya-elementary-i,初级起步篇 I,lesson-23,23,假期有什么打算,12,13.风景*,风景,fengjing,fengiing,名,名,scenery to go on break; to start fang the vacation period,phong cảnh,translated_subagent_draft,*,lesson_vocab,209,23,appendix_matched_ocr_occurrence_needs_translation_review,词语页 OCR 配对；需用词语总表与原页人工核对。,boya-elementary-i:风景:fengiing
boya-elementary-i,初级起步篇 I,lesson-23,23,假期有什么打算,13,15. 听说*,听说,tingshuo,tingshuo,动,动,to hear of,nghe nói,translated_subagent_draft,*,lesson_vocab,209,23,appendix_matched_ocr_occurrence_needs_translation_review,词语页 OCR 配对；需用词语总表与原页人工核对。,boya-elementary-i:听说:tingshuo
boya-elementary-i,初级起步篇 I,lesson-23,23,假期有什么打算,14,16. 想家,想家,xiang jia,xiang jia,,,to be homesick,nhớ nhà,translated_subagent_draft,,lesson_vocab,209,23,appendix_matched_ocr_occurrence_needs_translation_review,词语页 OCR 配对；需用词语总表与原页人工核对。,boya-elementary-i:想家:xiangjia
boya-elementary-i,初级起步篇 I,lesson-23,23,假期有什么打算,15,17. 报名*,报名,bdo ming,bdo ming,,,to enroll; to sign up,đăng ký,translated_subagent_draft,*,lesson_vocab,209,23,appendix_matched_ocr_occurrence_needs_translation_review,词语页 OCR 配对；需用词语总表与原页人工核对。,boya-elementary-i:报名:bdoming
boya-elementary-i,初级起步篇 I,lesson-23,23,假期有什么打算,16,大概*,大概,dagai,ddgai,,,approximately; roughly,khoảng; đại khái,translated_subagent_draft,*,lesson_vocab,210,23,appendix_matched_ocr_occurrence_needs_translation_review,词语页 OCR 配对；需用词语总表与原页人工核对。,boya-elementary-i:大概:ddgai
boya-elementary-i,初级起步篇 I,lesson-23,23,假期有什么打算,17,应该*,应该,yinggai,yinggai,助动,助动,Should; ought to,nên; cần phải,translated_subagent_draft,*,lesson_vocab,210,23,appendix_matched_ocr_occurrence_needs_translation_review,词语页 OCR 配对；需用词语总表与原页人工核对。,boya-elementary-i:应该:yinggai
boya-elementary-i,初级起步篇 I,lesson-23,23,假期有什么打算,18,决定*,决定,jueding,jueding,动、名,动、名,to decide; decision,quyết định,translated_subagent_draft,*,lesson_vocab,210,23,appendix_matched_ocr_occurrence_needs_translation_review,词语页 OCR 配对；需用词语总表与原页人工核对。,boya-elementary-i:决定:jueding
boya-elementary-i,初级起步篇 I,lesson-23,23,假期有什么打算,19,可能*,可能,keneng,keneng,助动,助动,maybe,có thể; có lẽ,translated_subagent_draft,*,lesson_vocab,210,23,appendix_matched_ocr_occurrence_needs_translation_review,词语页 OCR 配对；需用词语总表与原页人工核对。,boya-elementary-i:可能:keneng
boya-elementary-i,初级起步篇 I,lesson-23,23,假期有什么打算,20,22. 考虑*,考虑,kdolii,kdolii,动,动,to consider,cân nhắc; xem xét,translated_subagent_draft,*,lesson_vocab,210,23,appendix_matched_ocr_occurrence_needs_translation_review,词语页 OCR 配对；需用词语总表与原页人工核对。,boya-elementary-i:考虑:kdolii
boya-elementary-i,初级起步篇 I,lesson-23,23,假期有什么打算,21,参加*,参加,canjia,canjia,动,动,to join; to attend; take part in,tham gia,translated_subagent_draft,*,lesson_vocab,210,23,appendix_matched_ocr_occurrence_needs_translation_review,词语页 OCR 配对；需用词语总表与原页人工核对。,boya-elementary-i:参加:canjia
boya-elementary-i,初级起步篇 I,lesson-23,23,假期有什么打算,22,或者,或者,nuozhe,huozhe,连,连,Or,hoặc,translated_subagent_draft,,lesson_vocab,210,23,appendix_matched_ocr_occurrence_needs_translation_review,词语页 OCR 配对；需用词语总表与原页人工核对。,boya-elementary-i:或者:huozhe
boya-elementary-i,初级起步篇 I,lesson-23,23,假期有什么打算,23,25. 老家,老家,laojia,Idojia,名,名,hometown,quê nhà,translated_subagent_draft,,lesson_vocab,210,23,appendix_matched_ocr_occurrence_needs_translation_review,词语页 OCR 配对；需用词语总表与原页人工核对。,boya-elementary-i:老家:idojia
boya-elementary-i,初级起步篇 I,lesson-23,23,假期有什么打算,24,感兴趣*,感兴趣,gan xingqu,gan xingqu,,,to be interested in,hứng thú với,translated_subagent_draft,*,lesson_vocab,210,23,appendix_matched_ocr_occurrence_needs_translation_review,词语页 OCR 配对；需用词语总表与原页人工核对。,boya-elementary-i:感兴趣:ganxingqu
boya-elementary-i,初级起步篇 I,lesson-23,23,假期有什么打算,25,西安,西安,Xian,Xian,,,Xi'an （capital of Shaanxi Province）,Tây An,translated_subagent_draft,,proper_noun,210,23,appendix_matched_ocr_occurrence_needs_translation_review,词语页 OCR 配对；需用词语总表与原页人工核对。,boya-elementary-i:西安:xian
boya-elementary-i,初级起步篇 I,lesson-23,23,假期有什么打算,26,云南,云南,Yunnan,Yunnan,,,Yunnan Province,Vân Nam,translated_subagent_draft,,lesson_vocab,210,23,appendix_matched_ocr_occurrence_needs_translation_review,词语页 OCR 配对；需用词语总表与原页人工核对。,boya-elementary-i:云南:yunnan
boya-elementary-i,初级起步篇 I,lesson-23,23,假期有什么打算,27,华山,华山,Hud Shan,Hua Shan,,,Hua Mountain,núi Hoa Sơn,translated_subagent_draft,,lesson_vocab,210,23,appendix_matched_ocr_occurrence_needs_translation_review,词语页 OCR 配对；需用词语总表与原页人工核对。,boya-elementary-i:华山:huashan
boya-elementary-i,初级起步篇 I,lesson-23,23,假期有什么打算,28,国庆节,国庆节,Guoqing Jie,Guoqing Jie,,,National Day,Quốc khánh,translated_subagent_draft,,lesson_vocab,210,23,appendix_matched_ocr_occurrence_needs_translation_review,词语页 OCR 配对；需用词语总表与原页人工核对。,boya-elementary-i:国庆节:guoqingjie
boya-elementary-i,初级起步篇 I,lesson-24,24,学得怎么样,1,短,短,duan,dudn,,,short,ngắn,translated_subagent_draft,,lesson_vocab,220,24,appendix_matched_ocr_occurrence_needs_translation_review,词语页 OCR 配对；需用词语总表与原页人工核对。,boya-elementary-i:短:dudn
boya-elementary-i,初级起步篇 I,lesson-24,24,学得怎么样,2,书法,书法,shufa,shufd,,,calligraphy,thư pháp,translated_subagent_draft,,lesson_vocab,220,24,appendix_matched_ocr_occurrence_needs_translation_review,词语页 OCR 配对；需用词语总表与原页人工核对。,boya-elementary-i:书法:shufd
boya-elementary-i,初级起步篇 I,lesson-24,24,学得怎么样,3,拍,拍,pai,pai,动,动,to take （a picture）； to pat,chụp; vỗ,translated_subagent_draft,,lesson_vocab,220,24,appendix_matched_ocr_occurrence_needs_translation_review,词语页 OCR 配对；需用词语总表与原页人工核对。,boya-elementary-i:拍:pai
boya-elementary-i,初级起步篇 I,lesson-24,24,学得怎么样,4,4. 帅,帅,shuai,shudi,形,形,handsome,đẹp trai,translated_subagent_draft,,lesson_vocab,220,24,appendix_matched_ocr_occurrence_needs_translation_review,词语页 OCR 配对；需用词语总表与原页人工核对。,boya-elementary-i:帅:shudi
boya-elementary-i,初级起步篇 I,lesson-24,24,学得怎么样,5,开心,开心,Kaixin,kaixin,形,形,happy,vui vẻ,translated_subagent_draft,,lesson_vocab,220,24,appendix_matched_ocr_occurrence_needs_translation_review,词语页 OCR 配对；需用词语总表与原页人工核对。,boya-elementary-i:开心:kaixin
boya-elementary-i,初级起步篇 I,lesson-24,24,学得怎么样,6,删,删,shan,shan,动,动,to delete,xóa,translated_subagent_draft,,lesson_vocab,220,24,appendix_matched_ocr_occurrence_needs_translation_review,词语页 OCR 配对；需用词语总表与原页人工核对。,boya-elementary-i:删:shan
boya-elementary-i,初级起步篇 I,lesson-24,24,学得怎么样,7,7.结束,结束,jieshu,jieshu,动,动,to finish; to end,kết thúc,translated_subagent_draft,,lesson_vocab,220,24,appendix_matched_ocr_occurrence_needs_translation_review,词语页 OCR 配对；需用词语总表与原页人工核对。,boya-elementary-i:结束:jieshu
boya-elementary-i,初级起步篇 I,lesson-24,24,学得怎么样,8,8.长,长,zhang,zhang,动,动,to grow,lớn lên; mọc dài,translated_subagent_draft,,lesson_vocab,220,24,appendix_matched_ocr_occurrence_needs_translation_review,词语页 OCR 配对；需用词语总表与原页人工核对。,boya-elementary-i:长:zhang
boya-elementary-i,初级起步篇 I,lesson-24,24,学得怎么样,9,9. 清楚,清楚,qingchu,qingchu,形,形,clear,rõ; rõ ràng,translated_subagent_draft,,lesson_vocab,220,24,appendix_matched_ocr_occurrence_needs_translation_review,词语页 OCR 配对；需用词语总表与原页人工核对。,boya-elementary-i:清楚:qingchu
boya-elementary-i,初级起步篇 I,lesson-24,24,学得怎么样,10,10. 去年,去年,qunian,qunian,名,名,last year,năm ngoái,translated_subagent_draft,,lesson_vocab,220,24,appendix_matched_ocr_occurrence_needs_translation_review,词语页 OCR 配对；需用词语总表与原页人工核对。,boya-elementary-i:去年:qunian
boya-elementary-i,初级起步篇 I,lesson-24,24,学得怎么样,11,练习,练习,lianxi,lianxi,动、名,动、名,"to practice, exercise",luyện tập; bài tập,translated_subagent_draft,,lesson_vocab,220,24,appendix_matched_ocr_occurrence_needs_translation_review,词语页 OCR 配对；需用词语总表与原页人工核对。,boya-elementary-i:练习:lianxi
boya-elementary-i,初级起步篇 I,lesson-24,24,学得怎么样,12,字,字,Zi,Zi,名,名,character,chữ,translated_subagent_draft,,lesson_vocab,220,24,appendix_matched_ocr_occurrence_needs_translation_review,词语页 OCR 配对；需用词语总表与原页人工核对。,boya-elementary-i:字:zi
boya-elementary-i,初级起步篇 I,lesson-24,24,学得怎么样,13,回来*,回来,hui lai,hui lai,,,to ggo back,quay lại; trở về,translated_subagent_draft,*,lesson_vocab,220,24,appendix_matched_ocr_occurrence_needs_translation_review,词语页 OCR 配对；需用词语总表与原页人工核对。,boya-elementary-i:回来:huilai
boya-elementary-i,初级起步篇 I,lesson-24,24,学得怎么样,14,报告*,报告,baogdo,baogdo,名,名,report,báo cáo,translated_subagent_draft,*,lesson_vocab,220,24,appendix_matched_ocr_occurrence_needs_translation_review,词语页 OCR 配对；需用词语总表与原页人工核对。,boya-elementary-i:报告:baogdo
boya-elementary-i,初级起步篇 I,lesson-24,24,学得怎么样,15,15.毛笔,毛笔,maobi,maobi,名,名,Chinese writing brush,bút lông,translated_subagent_draft,,lesson_vocab,220,24,appendix_matched_ocr_occurrence_needs_translation_review,词语页 OCR 配对；需用词语总表与原页人工核对。,boya-elementary-i:毛笔:maobi
boya-elementary-i,初级起步篇 I,lesson-24,24,学得怎么样,16,确实*,确实,queshi,queshi,,,really; indeed,quả thật; đúng là,translated_subagent_draft,*,lesson_vocab,220,24,appendix_matched_ocr_occurrence_needs_translation_review,词语页 OCR 配对；需用词语总表与原页人工核对。,boya-elementary-i:确实:queshi
boya-elementary-i,初级起步篇 I,lesson-24,24,学得怎么样,17,照片*,照片,zhaopian,zhdopian,名,名,photo,ảnh; bức ảnh,translated_subagent_draft,*,lesson_vocab,220,24,appendix_matched_ocr_occurrence_needs_translation_review,词语页 OCR 配对；需用词语总表与原页人工核对。,boya-elementary-i:照片:zhdopian
boya-elementary-i,初级起步篇 I,lesson-24,24,学得怎么样,18,放松*,放松,fangsong,fangsong,动,动,"to relax to remember, to bear in mind",thư giãn,translated_subagent_draft,*,lesson_vocab,220,24,appendix_matched_ocr_occurrence_needs_translation_review,词语页 OCR 配对；需用词语总表与原页人工核对。,boya-elementary-i:放松:fangsong
boya-elementary-i,初级起步篇 I,lesson-24,24,学得怎么样,19,岁*,岁,SUi,sui,,,years old,tuổi,translated_subagent_draft,*,lesson_vocab,221,24,appendix_matched_ocr_occurrence_needs_translation_review,词语页 OCR 配对；需用词语总表与原页人工核对。,boya-elementary-i:岁:sui
boya-elementary-i,初级起步篇 I,lesson-24,24,学得怎么样,20,够多*,狗,gOu,gou,动,动,to suffice; to be enough,chó,translated_subagent_draft,*,lesson_vocab,221,13,appendix_matched_ocr_occurrence_needs_translation_review,词语页 OCR 配对；需用词语总表与原页人工核对。,boya-elementary-i:狗:gou
boya-elementary-i,初级起步篇 I,lesson-24,24,学得怎么样,21,22.手,手,shou,shou,名,名,hand,tay,translated_subagent_draft,,lesson_vocab,221,24,appendix_matched_ocr_occurrence_needs_translation_review,词语页 OCR 配对；需用词语总表与原页人工核对。,boya-elementary-i:手:shou
boya-elementary-i,初级起步篇 I,lesson-24,24,学得怎么样,22,解决*,解决,jiejue,jiejue,动,动,to solve; to resolve,giải quyết,translated_subagent_draft,*,lesson_vocab,221,24,appendix_matched_ocr_occurrence_needs_translation_review,词语页 OCR 配对；需用词语总表与原页人工核对。,boya-elementary-i:解决:jiejue
boya-elementary-i,初级起步篇 I,lesson-24,24,学得怎么样,23,累*,累,lei,lei,形,形,tired,mệt,translated_subagent_draft,*,lesson_vocab,221,24,appendix_matched_ocr_occurrence_needs_translation_review,词语页 OCR 配对；需用词语总表与原页人工核对。,boya-elementary-i:累:lei
boya-elementary-i,初级起步篇 I,lesson-24,24,学得怎么样,24,难看,难看,nankan,nankan,形,形,ugly; unsightly,xấu; khó coi,translated_subagent_draft,,lesson_vocab,221,24,appendix_matched_ocr_occurrence_needs_translation_review,词语页 OCR 配对；需用词语总表与原页人工核对。,boya-elementary-i:难看:nankan
boya-elementary-i,初级起步篇 I,lesson-24,24,学得怎么样,25,得*,得,de,de,助,助,structural particle,trợ từ đặt sau động từ để bổ sung mức độ hoặc cách thức,translated_subagent_draft,*,lesson_vocab,221,24,appendix_matched_ocr_occurrence_needs_translation_review,词语页 OCR 配对；需用词语总表与原页人工核对。,boya-elementary-i:得:de
boya-elementary-i,初级起步篇 I,lesson-25,25,准备好了吗,1,聚餐,聚餐,ju can,ju can,,,to dine together,ăn chung; liên hoan,translated_subagent_draft,,lesson_vocab,229,25,appendix_matched_ocr_occurrence_needs_translation_review,词语页 OCR 配对；需用词语总表与原页人工核对。,boya-elementary-i:聚餐:jucan
boya-elementary-i,初级起步篇 I,lesson-25,25,准备好了吗,2,输,输,shu,shu,动,动,to lose,thua,translated_subagent_draft,,lesson_vocab,229,25,appendix_matched_ocr_occurrence_needs_translation_review,词语页 OCR 配对；需用词语总表与原页人工核对。,boya-elementary-i:输:shu
boya-elementary-i,初级起步篇 I,lesson-25,25,准备好了吗,3,外卖,外卖,wdimai,waimai,名,名,takeout,đồ ăn giao tận nơi,translated_subagent_draft,,lesson_vocab,229,25,appendix_matched_ocr_occurrence_needs_translation_review,词语页 OCR 配对；需用词语总表与原页人工核对。,boya-elementary-i:外卖:waimai
boya-elementary-i,初级起步篇 I,lesson-25,25,准备好了吗,4,4.订,订,ding,ding,动,动,to book,đặt trước,translated_subagent_draft,,lesson_vocab,229,25,appendix_matched_ocr_occurrence_needs_translation_review,词语页 OCR 配对；需用词语总表与原页人工核对。,boya-elementary-i:订:ding
boya-elementary-i,初级起步篇 I,lesson-25,25,准备好了吗,5,5.懂*,懂,dong,dong,动,动,to understand,hiểu,translated_subagent_draft,*,lesson_vocab,229,25,appendix_matched_ocr_occurrence_needs_translation_review,词语页 OCR 配对；需用词语总表与原页人工核对。,boya-elementary-i:懂:dong
boya-elementary-i,初级起步篇 I,lesson-25,25,准备好了吗,6,对方,对方,duifang,duifang,名,名,the opposite side,đối phương; phía bên kia,translated_subagent_draft,,lesson_vocab,229,25,appendix_matched_ocr_occurrence_needs_translation_review,词语页 OCR 配对；需用词语总表与原页人工核对。,boya-elementary-i:对方:duifang
boya-elementary-i,初级起步篇 I,lesson-25,25,准备好了吗,7,对方和我方谁输了,赢,ying,ying,动,动,to win,thắng,translated_subagent_draft,,lesson_vocab,229,25,appendix_matched_ocr_occurrence_needs_translation_review,词语页 OCR 配对；需用词语总表与原页人工核对。,boya-elementary-i:赢:ying
boya-elementary-i,初级起步篇 I,lesson-25,25,准备好了吗,8,烤鸭,烤鸭,kdoya,kdoya,名,名,roast duck,vịt quay,translated_subagent_draft,,lesson_vocab,229,25,appendix_matched_ocr_occurrence_needs_translation_review,词语页 OCR 配对；需用词语总表与原页人工核对。,boya-elementary-i:烤鸭:kdoya
boya-elementary-i,初级起步篇 I,lesson-25,25,准备好了吗,9,充值,充值,chong zhi,chong zhi,,,top up; recharge,nạp tiền; nạp lại,translated_subagent_draft,,lesson_vocab,229,25,appendix_matched_ocr_occurrence_needs_translation_review,词语页 OCR 配对；需用词语总表与原页人工核对。,boya-elementary-i:充值:chongzhi
boya-elementary-i,初级起步篇 I,lesson-25,25,准备好了吗,10,结果,结果,jieguo,jieguo,名,名,result,kết quả,translated_subagent_draft,,lesson_vocab,229,25,appendix_matched_ocr_occurrence_needs_translation_review,词语页 OCR 配对；需用词语总表与原页人工核对。,boya-elementary-i:结果:jieguo
boya-elementary-i,初级起步篇 I,lesson-25,25,准备好了吗,11,纠正,纠正,jiuzheng,jiuzheng,动,动,to correct,sửa; chỉnh sửa,translated_subagent_draft,,lesson_vocab,229,25,appendix_matched_ocr_occurrence_needs_translation_review,词语页 OCR 配对；需用词语总表与原页人工核对。,boya-elementary-i:纠正:jiuzheng
boya-elementary-i,初级起步篇 I,lesson-25,25,准备好了吗,12,杯子,杯子,beizi,beizi,名,名,cup,cái cốc; ly,translated_subagent_draft,,lesson_vocab,229,25,appendix_matched_ocr_occurrence_needs_translation_review,词语页 OCR 配对；需用词语总表与原页人工核对。,boya-elementary-i:杯子:beizi
boya-elementary-i,初级起步篇 I,lesson-25,25,准备好了吗,13,矽*,碗,wan,wan,名,名,bowl,bát,translated_subagent_draft,*,lesson_vocab,229,25,appendix_matched_ocr_occurrence_needs_translation_review,词语页 OCR 配对；需用词语总表与原页人工核对。,boya-elementary-i:碗:wan
boya-elementary-i,初级起步篇 I,lesson-25,25,准备好了吗,14,14. 洗*,洗,xi,xi,动,动,to wash,rửa; giặt,translated_subagent_draft,*,lesson_vocab,229,25,appendix_matched_ocr_occurrence_needs_translation_review,词语页 OCR 配对；需用词语总表与原页人工核对。,boya-elementary-i:洗:xi
boya-elementary-i,初级起步篇 I,lesson-25,25,准备好了吗,15,比赛*,比赛,bisai,bisai,名,名,match; competition,cuộc thi; trận đấu,translated_subagent_draft,*,lesson_vocab,229,25,appendix_matched_ocr_occurrence_needs_translation_review,词语页 OCR 配对；需用词语总表与原页人工核对。,boya-elementary-i:比赛:bisai
boya-elementary-i,初级起步篇 I,lesson-25,25,准备好了吗,16,干净*,干净,ganjing,ganjing,形,形,clean,sạch sẽ,translated_subagent_draft,*,lesson_vocab,229,25,appendix_matched_ocr_occurrence_needs_translation_review,词语页 OCR 配对；需用词语总表与原页人工核对。,boya-elementary-i:干净:ganjing
boya-elementary-i,初级起步篇 I,lesson-25,25,准备好了吗,17,17. 帯*,带,dai,dài,动,动,to bring,mang; đem theo,translated_subagent_draft,*,lesson_vocab,229,25,appendix_matched_ocr_occurrence_needs_translation_review,拼音 OCR 修为 dài,boya-elementary-i:带:dai
boya-elementary-i,初级起步篇 I,lesson-25,25,准备好了吗,18,辛苦,辛苦,xinku,xinku,形,形,hard; toilsome; laborious,vất vả; cực nhọc,translated_subagent_draft,,lesson_vocab,229,25,appendix_matched_ocr_occurrence_needs_translation_review,词语页 OCR 配对；需用词语总表与原页人工核对。,boya-elementary-i:辛苦:xinku
boya-elementary-i,初级起步篇 I,lesson-25,25,准备好了吗,19,收到,收到,shouddo,shoudao,动,动,to receive,nhận được,translated_subagent_draft,,lesson_vocab,230,25,appendix_matched_ocr_occurrence_needs_translation_review,词语页 OCR 配对；需用词语总表与原页人工核对。,boya-elementary-i:收到:shoudao
boya-elementary-i,初级起步篇 I,lesson-25,25,准备好了吗,20,办法*,办法,banfa,banfd,名,名,method; means,cách; biện pháp,translated_subagent_draft,*,lesson_vocab,230,25,appendix_matched_ocr_occurrence_needs_translation_review,词语页 OCR 配对；需用词语总表与原页人工核对。,boya-elementary-i:办法:banfd
boya-elementary-i,初级起步篇 I,lesson-25,25,准备好了吗,21,声调*,声调,shengaido,shengdido,名,名,tone,thanh điệu,translated_subagent_draft,*,lesson_vocab,230,25,appendix_matched_ocr_occurrence_needs_translation_review,词语页 OCR 配对；需用词语总表与原页人工核对。,boya-elementary-i:声调:shengdido
boya-elementary-i,初级起步篇 I,lesson-25,25,准备好了吗,22,更,更,geng,geng,,,,càng; hơn,translated_subagent_draft,,lesson_vocab,230,25,appendix_matched_ocr_occurrence_needs_translation_review,词语页 OCR 配对；需用词语总表与原页人工核对。,boya-elementary-i:更:geng
boya-elementary-i,初级起步篇 I,lesson-25,25,准备好了吗,23,到,到,more,ddo,,,,đến; tới,translated_subagent_draft,,lesson_vocab,230,12,appendix_matched_ocr_occurrence_needs_translation_review,词语页 OCR 配对；需用词语总表与原页人工核对。,boya-elementary-i:到:ddo
boya-elementary-i,初级起步篇 I,lesson-25,25,准备好了吗,24,交,交,JiaO,jiao,动,动,to hand over,nộp; giao,translated_subagent_draft,,lesson_vocab,230,25,appendix_matched_ocr_occurrence_needs_translation_review,词语页 OCR 配对；需用词语总表与原页人工核对。,boya-elementary-i:交:jiao
boya-elementary-i,初级起步篇 I,lesson-25,25,准备好了吗,25,24. 努力＊,努力,nuli,nuli,形,形,hard; arduous,chăm chỉ; cố gắng,translated_subagent_draft,,lesson_vocab,230,25,appendix_matched_ocr_occurrence_needs_translation_review,词语页 OCR 配对；需用词语总表与原页人工核对。,boya-elementary-i:努力:nuli
boya-elementary-i,初级起步篇 I,lesson-25,25,准备好了吗,26,简单*,简单,jiandan,jidndan,形,形,simple,đơn giản,translated_subagent_draft,*,lesson_vocab,230,25,appendix_matched_ocr_occurrence_needs_translation_review,词语页 OCR 配对；需用词语总表与原页人工核对。,boya-elementary-i:简单:jidndan
boya-elementary-i,初级起步篇 I,lesson-25,25,准备好了吗,27,节目*,节目,jiemu,jiemi,名,名,program,chương trình; tiết mục,translated_subagent_draft,*,lesson_vocab,230,25,appendix_matched_ocr_occurrence_needs_translation_review,词语页 OCR 配对；需用词语总表与原页人工核对。,boya-elementary-i:节目:jiemi
boya-elementary-i,初级起步篇 I,lesson-25,25,准备好了吗,28,学期*,学期,xueqi,Xueqi,名,名,semester,học kỳ,translated_subagent_draft,*,lesson_vocab,230,25,appendix_matched_ocr_occurrence_needs_translation_review,词语页 OCR 配对；需用词语总表与原页人工核对。,boya-elementary-i:学期:xueqi
boya-elementary-i,初级起步篇 I,lesson-25,25,准备好了吗,29,商店*,商店,shangaian,shangaian,名,名,shop; store,cửa hàng,translated_subagent_draft,*,lesson_vocab,230,25,appendix_matched_ocr_occurrence_needs_translation_review,词语页 OCR 配对；需用词语总表与原页人工核对。,boya-elementary-i:商店:shangaian
boya-elementary-i,初级起步篇 I,lesson-25,25,准备好了吗,30,表演*,表演,bidoyan,biaoyan,动,动,to perform,biểu diễn,translated_subagent_draft,*,lesson_vocab,230,25,appendix_matched_ocr_occurrence_needs_translation_review,词语页 OCR 配对；需用词语总表与原页人工核对。,boya-elementary-i:表演:biaoyan
boya-elementary-i,初级起步篇 I,lesson-25,25,准备好了吗,31,晚会*,晚会,wdnhui,wanhui,名,名,evening party,buổi liên hoan tối,translated_subagent_draft,*,lesson_vocab,230,25,appendix_matched_ocr_occurrence_needs_translation_review,词语页 OCR 配对；需用词语总表与原页人工核对。,boya-elementary-i:晚会:wanhui
boya-elementary-ii,初级起步篇 II,lesson-01,1,订一张机票,1,1. 巧,巧,ding,qiǎo,动,动,to book,tình cờ; khéo đúng lúc,translated_subagent_draft,,lesson_vocab,12,7,appendix_matched_ocr_occurrence_needs_translation_review,拼音 OCR 修为 qiǎo,boya-elementary-ii:巧:qiao
boya-elementary-ii,初级起步篇 II,lesson-01,1,订一张机票,2,机票,机票,jipido,jipido,名,名,airline ticket,vé máy bay,translated_subagent_draft,,lesson_vocab,12,1,appendix_matched_ocr_occurrence_needs_translation_review,词语页 OCR 配对；需用词语总表与原页人工核对。,boya-elementary-ii:机票:jipido
boya-elementary-ii,初级起步篇 II,lesson-01,1,订一张机票,3,查*,查,cha,cha,动,动,to check; to look up,tra; kiểm tra,translated_subagent_draft,*,lesson_vocab,12,1,appendix_matched_ocr_occurrence_needs_translation_review,词语页 OCR 配对；需用词语总表与原页人工核对。,boya-elementary-ii:查:cha
boya-elementary-ii,初级起步篇 II,lesson-01,1,订一张机票,4,次*,次,CI,ci,量,量,measure word （for train or airplane）,lần; chuyến,translated_subagent_draft,*,lesson_vocab,12,1,appendix_matched_ocr_occurrence_needs_translation_review,词语页 OCR 配对；需用词语总表与原页人工核对。,boya-elementary-ii:次:ci
boya-elementary-ii,初级起步篇 II,lesson-01,1,订一张机票,5,接*,接,Jie,jie,动,动,to meet; to welcome,đón; nhận,translated_subagent_draft,*,lesson_vocab,12,1,appendix_matched_ocr_occurrence_needs_translation_review,词语页 OCR 配对；需用词语总表与原页人工核对。,boya-elementary-ii:接:jie
boya-elementary-ii,初级起步篇 II,lesson-01,1,订一张机票,6,送*,送,song,song,动,动,to see sb.off,tiễn; tặng,translated_subagent_draft,*,lesson_vocab,12,1,appendix_matched_ocr_occurrence_needs_translation_review,词语页 OCR 配对；需用词语总表与原页人工核对。,boya-elementary-ii:送:song
boya-elementary-ii,初级起步篇 II,lesson-01,1,订一张机票,7,7. 晴*,晴,qing,qing,形,形,sunny,nắng; trời quang,translated_subagent_draft,*,lesson_vocab,12,1,appendix_matched_ocr_occurrence_needs_translation_review,词语页 OCR 配对；需用词语总表与原页人工核对。,boya-elementary-ii:晴:qing
boya-elementary-ii,初级起步篇 II,lesson-01,1,订一张机票,8,阴*,阴,yin,yin,形,形,cloudy; overcast,âm u; nhiều mây,translated_subagent_draft,*,lesson_vocab,12,1,appendix_matched_ocr_occurrence_needs_translation_review,词语页 OCR 配对；需用词语总表与原页人工核对。,boya-elementary-ii:阴:yin
boya-elementary-ii,初级起步篇 II,lesson-01,1,订一张机票,9,打折,打折,dd zhe,dd zhe,,,to discount,giảm giá,translated_subagent_draft,,lesson_vocab,12,1,appendix_matched_ocr_occurrence_needs_translation_review,词语页 OCR 配对；需用词语总表与原页人工核对。,boya-elementary-ii:打折:ddzhe
boya-elementary-ii,初级起步篇 II,lesson-01,1,订一张机票,10,飞机*,飞机,feiji,feiji,名,名,airplane,máy bay,translated_subagent_draft,*,lesson_vocab,12,1,appendix_matched_ocr_occurrence_needs_translation_review,词语页 OCR 配对；需用词语总表与原页人工核对。,boya-elementary-ii:飞机:feiji
boya-elementary-ii,初级起步篇 II,lesson-01,1,订一张机票,11,护照,护照,huznao,huzhdo,名,名,passport,hộ chiếu,translated_subagent_draft,,lesson_vocab,12,1,appendix_matched_ocr_occurrence_needs_translation_review,词语页 OCR 配对；需用词语总表与原页人工核对。,boya-elementary-ii:护照:huzhdo
boya-elementary-ii,初级起步篇 II,lesson-01,1,订一张机票,12,晚点*,晚点,wan dian,wandidn,,,"to be late, to be behind schedule",trễ giờ; chậm chuyến,translated_subagent_draft,*,lesson_vocab,12,1,appendix_matched_ocr_occurrence_needs_translation_review,词语页 OCR 配对；需用词语总表与原页人工核对。,boya-elementary-ii:晚点:wandidn
boya-elementary-ii,初级起步篇 II,lesson-01,1,订一张机票,13,机场*,机场,jichang,jichaing,名,名,airport,sân bay,translated_subagent_draft,*,lesson_vocab,12,1,appendix_matched_ocr_occurrence_needs_translation_review,词语页 OCR 配对；需用词语总表与原页人工核对。,boya-elementary-ii:机场:jichaing
boya-elementary-ii,初级起步篇 II,lesson-01,1,订一张机票,14,正点*,正点,zhengdian,zhengdian,动,动,on time; punctually,đúng giờ,translated_subagent_draft,*,lesson_vocab,12,1,appendix_matched_ocr_occurrence_needs_translation_review,词语页 OCR 配对；需用词语总表与原页人工核对。,boya-elementary-ii:正点:zhengdian
boya-elementary-ii,初级起步篇 II,lesson-01,1,订一张机票,15,15.起飞*,起飞,qifei,aifei,动,动,to take off,cất cánh,translated_subagent_draft,*,lesson_vocab,12,1,appendix_matched_ocr_occurrence_needs_translation_review,词语页 OCR 配对；需用词语总表与原页人工核对。,boya-elementary-ii:起飞:aifei
boya-elementary-ii,初级起步篇 II,lesson-01,1,订一张机票,16,需要,需要,xuyao,xuydo,动,动,to need,cần,translated_subagent_draft,,lesson_vocab,12,1,appendix_matched_ocr_occurrence_needs_translation_review,词语页 OCR 配对；需用词语总表与原页人工核对。,boya-elementary-ii:需要:xuydo
boya-elementary-ii,初级起步篇 II,lesson-01,1,订一张机票,17,17. 航班*,航班,nangban,hangban,名,名,flight,chuyến bay,translated_subagent_draft,*,lesson_vocab,12,1,appendix_matched_ocr_occurrence_needs_translation_review,词语页 OCR 配对；需用词语总表与原页人工核对。,boya-elementary-ii:航班:hangban
boya-elementary-ii,初级起步篇 II,lesson-01,1,订一张机票,18,经济舱,经济舱,Jingjicang,jingjicang,名,名,economy class toudengcang first class,hạng phổ thông,translated_subagent_draft,,lesson_vocab,13,1,appendix_matched_ocr_occurrence_needs_translation_review,词语页 OCR 配对；需用词语总表与原页人工核对。,boya-elementary-ii:经济舱:jingjicang
boya-elementary-ii,初级起步篇 II,lesson-01,1,订一张机票,19,父母*,父母,fimi,fumu,,,parents,cha mẹ,translated_subagent_draft,*,lesson_vocab,13,1,appendix_matched_ocr_occurrence_needs_translation_review,词语页 OCR 配对；需用词语总表与原页人工核对。,boya-elementary-ii:父母:fumu
boya-elementary-ii,初级起步篇 II,lesson-01,1,订一张机票,20,到达,到达,adoda,dàodá,,,to arrive,đến nơi,translated_subagent_draft,,lesson_vocab,13,1,appendix_matched_ocr_occurrence_needs_translation_review,拼音 OCR 修为 dàodá,boya-elementary-ii:到达:daoda
boya-elementary-ii,初级起步篇 II,lesson-01,1,订一张机票,21,座位*,座位,zuOwei,ZuOWei,名,名,seat,chỗ ngồi,translated_subagent_draft,*,lesson_vocab,13,1,appendix_matched_ocr_occurrence_needs_translation_review,词语页 OCR 配对；需用词语总表与原页人工核对。,boya-elementary-ii:座位:zuowei
boya-elementary-ii,初级起步篇 II,lesson-01,1,订一张机票,22,原价,原价,yuanjia,yuanjia,名,名,original price,giá gốc,translated_subagent_draft,,lesson_vocab,13,1,appendix_matched_ocr_occurrence_needs_translation_review,词语页 OCR 配对；需用词语总表与原页人工核对。,boya-elementary-ii:原价:yuanjia
boya-elementary-ii,初级起步篇 II,lesson-02,2,您有房子出租，是吗,1,1. 房子*,房子,fangzi,fangzi,名,名,house,nhà; căn nhà,translated_subagent_draft,*,lesson_vocab,23,2,appendix_matched_ocr_occurrence_needs_translation_review,词语页 OCR 配对；需用词语总表与原页人工核对。,boya-elementary-ii:房子:fangzi
boya-elementary-ii,初级起步篇 II,lesson-02,2,您有房子出租，是吗,2,出租,出租,chuzu,chuzi,动,动,to rent out,cho thuê,translated_subagent_draft,,lesson_vocab,23,2,appendix_matched_ocr_occurrence_needs_translation_review,词语页 OCR 配对；需用词语总表与原页人工核对。,boya-elementary-ii:出租:chuzi
boya-elementary-ii,初级起步篇 II,lesson-02,2,您有房子出租，是吗,3,3.离*,离,Ii,lí,动,动,to be away from,cách; rời khỏi,translated_subagent_draft,*,lesson_vocab,23,2,appendix_matched_ocr_occurrence_needs_translation_review,拼音 OCR 修为 lí,boya-elementary-ii:离:li
boya-elementary-ii,初级起步篇 II,lesson-02,2,您有房子出租，是吗,4,4.近＊,近,jin,jin,形,形,near; Close,gần,translated_subagent_draft,,lesson_vocab,23,2,appendix_matched_ocr_occurrence_needs_translation_review,词语页 OCR 配对；需用词语总表与原页人工核对。,boya-elementary-ii:近:jin
boya-elementary-ii,初级起步篇 II,lesson-02,2,您有房子出租，是吗,5,5.套*,套,tao,tao,量,量,a set of,bộ; căn (lượng từ nhà hoặc căn hộ),translated_subagent_draft,*,lesson_vocab,23,2,appendix_matched_ocr_occurrence_needs_translation_review,词语页 OCR 配对；需用词语总表与原页人工核对。,boya-elementary-ii:套:tao
boya-elementary-ii,初级起步篇 II,lesson-02,2,您有房子出租，是吗,6,远*,远,yuan,yuan,形,形,far,xa,translated_subagent_draft,*,lesson_vocab,23,2,appendix_matched_ocr_occurrence_needs_translation_review,词语页 OCR 配对；需用词语总表与原页人工核对。,boya-elementary-ii:远:yuan
boya-elementary-ii,初级起步篇 II,lesson-02,2,您有房子出租，是吗,7,7.商店,商店,shangdian,shangdlian,名,名,shop,cửa hàng,translated_subagent_draft,,lesson_vocab,23,2,appendix_matched_ocr_occurrence_needs_translation_review,词语页 OCR 配对；需用词语总表与原页人工核对。,boya-elementary-ii:商店:shangdlian
boya-elementary-ii,初级起步篇 II,lesson-02,2,您有房子出租，是吗,8,先生*,先生,xiansheng,xiansheng,名,名,Mr.,ông; ngài,translated_subagent_draft,*,lesson_vocab,23,2,appendix_matched_ocr_occurrence_needs_translation_review,词语页 OCR 配对；需用词语总表与原页人工核对。,boya-elementary-ii:先生:xiansheng
boya-elementary-ii,初级起步篇 II,lesson-02,2,您有房子出租，是吗,9,网上,网上,wangshang,wdingshang,名,名,on the internet,trên mạng,translated_subagent_draft,,lesson_vocab,23,2,appendix_matched_ocr_occurrence_needs_translation_review,词语页 OCR 配对；需用词语总表与原页人工核对。,boya-elementary-ii:网上:wdingshang
boya-elementary-ii,初级起步篇 II,lesson-02,2,您有房子出租，是吗,10,房东,房东,faingaong,fangdong,名,名,landlord,chủ nhà; chủ cho thuê,translated_subagent_draft,,lesson_vocab,23,2,appendix_matched_ocr_occurrence_needs_translation_review,词语页 OCR 配对；需用词语总表与原页人工核对。,boya-elementary-ii:房东:fangdong
boya-elementary-ii,初级起步篇 II,lesson-02,2,您有房子出租，是吗,11,满意*,满意,mdnyi,manyi,形,形,satisfied,hài lòng,translated_subagent_draft,*,lesson_vocab,23,2,appendix_matched_ocr_occurrence_needs_translation_review,词语页 OCR 配对；需用词语总表与原页人工核对。,boya-elementary-ii:满意:manyi
boya-elementary-ii,初级起步篇 II,lesson-02,2,您有房子出租，是吗,12,方便*,方便,fangbian,fangbian,形,形,convenient,tiện; thuận tiện,translated_subagent_draft,*,lesson_vocab,23,2,appendix_matched_ocr_occurrence_needs_translation_review,词语页 OCR 配对；需用词语总表与原页人工核对。,boya-elementary-ii:方便:fangbian
boya-elementary-ii,初级起步篇 II,lesson-02,2,您有房子出租，是吗,13,房租*,房租,fangzu,fangzi,名,名,rent,tiền thuê nhà,translated_subagent_draft,*,lesson_vocab,23,2,appendix_matched_ocr_occurrence_needs_translation_review,词语页 OCR 配对；需用词语总表与原页人工核对。,boya-elementary-ii:房租:fangzi
boya-elementary-ii,初级起步篇 II,lesson-02,2,您有房子出租，是吗,14,厨房*,厨房,chufang,chutang,名,名,kitchen,nhà bếp,translated_subagent_draft,*,lesson_vocab,23,2,appendix_matched_ocr_occurrence_needs_translation_review,词语页 OCR 配对；需用词语总表与原页人工核对。,boya-elementary-ii:厨房:chutang
boya-elementary-ii,初级起步篇 II,lesson-02,2,您有房子出租，是吗,15,15. 周围*,周围,zhouwei,zhōuwéi,名,名,around,xung quanh,translated_subagent_draft,*,lesson_vocab,23,2,appendix_matched_ocr_occurrence_needs_translation_review,拼音 OCR 修为 zhōuwéi,boya-elementary-ii:周围:zhouwei
boya-elementary-ii,初级起步篇 II,lesson-02,2,您有房子出租，是吗,16,公寓*,公寓,gongyi,gongyu,名,名,apartment,căn hộ,translated_subagent_draft,*,lesson_vocab,23,2,appendix_matched_ocr_occurrence_needs_translation_review,词语页 OCR 配对；需用词语总表与原页人工核对。,boya-elementary-ii:公寓:gongyu
boya-elementary-ii,初级起步篇 II,lesson-02,2,您有房子出租，是吗,17,17. 饭馆儿*,饭馆儿,fanguanr,fanguanr,名,名,restaurant,quán ăn; nhà hàng,translated_subagent_draft,*,lesson_vocab,23,2,appendix_matched_ocr_occurrence_needs_translation_review,词语页 OCR 配对；需用词语总表与原页人工核对。,boya-elementary-ii:饭馆儿:fanguanr
boya-elementary-ii,初级起步篇 II,lesson-02,2,您有房子出租，是吗,18,地铁站,地铁站,ditieznan,ditiezhan,名,名,subway station,ga tàu điện ngầm,translated_subagent_draft,,lesson_vocab,23,2,appendix_matched_ocr_occurrence_needs_translation_review,词语页 OCR 配对；需用词语总表与原页人工核对。,boya-elementary-ii:地铁站:ditiezhan
boya-elementary-ii,初级起步篇 II,lesson-02,2,您有房子出租，是吗,19,洗衣机,洗衣机,xiyiji,xiyij,名,名,washing machine,máy giặt,translated_subagent_draft,,lesson_vocab,24,2,appendix_matched_ocr_occurrence_needs_translation_review,词语页 OCR 配对；需用词语总表与原页人工核对。,boya-elementary-ii:洗衣机:xiyij
boya-elementary-ii,初级起步篇 II,lesson-02,2,您有房子出租，是吗,20,卫生间,卫生间,weishengjian,weishengjian,名,名,toilet,nhà vệ sinh,translated_subagent_draft,,lesson_vocab,24,2,appendix_matched_ocr_occurrence_needs_translation_review,词语页 OCR 配对；需用词语总表与原页人工核对。,boya-elementary-ii:卫生间:weishengjian
boya-elementary-ii,初级起步篇 II,lesson-02,2,您有房子出租，是吗,21,搬*,搬,ban,ban,动,动,to move,chuyển; di chuyển đồ đạc,translated_subagent_draft,*,lesson_vocab,24,2,appendix_matched_ocr_occurrence_needs_translation_review,词语页 OCR 配对；需用词语总表与原页人工核对。,boya-elementary-ii:搬:ban
boya-elementary-ii,初级起步篇 II,lesson-02,2,您有房子出租，是吗,22,比*,比,bi,bǐ,介,介,compare; than,so với; hơn,translated_subagent_draft,*,lesson_vocab,24,8,appendix_matched_ocr_occurrence_needs_translation_review,拼音 OCR 修为 bǐ,boya-elementary-ii:比:bi
boya-elementary-ii,初级起步篇 II,lesson-02,2,您有房子出租，是吗,23,23. 对*,对,dui,dui,介,介,towaras; for,đối với; với,translated_subagent_draft,*,lesson_vocab,24,2,appendix_matched_ocr_occurrence_needs_translation_review,词语页 OCR 配对；需用词语总表与原页人工核对。,boya-elementary-ii:对:dui
boya-elementary-ii,初级起步篇 II,lesson-02,2,您有房子出租，是吗,24,外面*,外面,waimian,waimian,名,名,outside Zu to rent,bên ngoài,translated_subagent_draft,*,lesson_vocab,24,2,appendix_matched_ocr_occurrence_needs_translation_review,词语页 OCR 配对；需用词语总表与原页人工核对。,boya-elementary-ii:外面:waimian
boya-elementary-ii,初级起步篇 II,lesson-02,2,您有房子出租，是吗,25,地铁,地铁,ditie,ditie,名,名,subway,tàu điện ngầm,translated_subagent_draft,,lesson_vocab,24,2,appendix_matched_ocr_occurrence_needs_translation_review,词语页 OCR 配对；需用词语总表与原页人工核对。,boya-elementary-ii:地铁:ditie
boya-elementary-ii,初级起步篇 II,lesson-03,3,我丢了一个钱包,1,1.丢,丢,diu,diu,动,动,to lose,làm mất; đánh rơi,translated_subagent_draft,,lesson_vocab,34,3,appendix_matched_ocr_occurrence_needs_translation_review,词语页 OCR 配对；需用词语总表与原页人工核对。,boya-elementary-ii:丢:diu
boya-elementary-ii,初级起步篇 II,lesson-03,3,我丢了一个钱包,2,钱包,钱包,qianbao,qidnbao,名,名,wallet,ví tiền,translated_subagent_draft,,lesson_vocab,34,3,appendix_matched_ocr_occurrence_needs_translation_review,词语页 OCR 配对；需用词语总表与原页人工核对。,boya-elementary-ii:钱包:qidnbao
boya-elementary-ii,初级起步篇 II,lesson-03,3,我丢了一个钱包,3,穿*,穿,chuan,chuan,动,动,to wear,mặc,translated_subagent_draft,*,lesson_vocab,34,3,appendix_matched_ocr_occurrence_needs_translation_review,词语页 OCR 配对；需用词语总表与原页人工核对。,boya-elementary-ii:穿:chuan
boya-elementary-ii,初级起步篇 II,lesson-03,3,我丢了一个钱包,4,4.先,先,xian,xian,,,first,trước; trước hết,translated_subagent_draft,,lesson_vocab,34,3,appendix_matched_ocr_occurrence_needs_translation_review,词语页 OCR 配对；需用词语总表与原页人工核对。,boya-elementary-ii:先:xian
boya-elementary-ii,初级起步篇 II,lesson-03,3,我丢了一个钱包,5,5. 好像,好像,hdoxiang,hdoxiang,,,as if,hình như; dường như,translated_subagent_draft,,lesson_vocab,34,3,appendix_matched_ocr_occurrence_needs_translation_review,词语页 OCR 配对；需用词语总表与原页人工核对。,boya-elementary-ii:好像:hdoxiang
boya-elementary-ii,初级起步篇 II,lesson-03,3,我丢了一个钱包,6,跑步,跑步,pdo bu,pao bu,,,to run,chạy bộ,translated_subagent_draft,,lesson_vocab,34,3,appendix_matched_ocr_occurrence_needs_translation_review,词语页 OCR 配对；需用词语总表与原页人工核对。,boya-elementary-ii:跑步:paobu
boya-elementary-ii,初级起步篇 II,lesson-03,3,我丢了一个钱包,7,刚才,刚才,gangcai,gangcai,名,名,Just now,vừa nãy,translated_subagent_draft,,lesson_vocab,34,3,appendix_matched_ocr_occurrence_needs_translation_review,词语页 OCR 配对；需用词语总表与原页人工核对。,boya-elementary-ii:刚才:gangcai
boya-elementary-ii,初级起步篇 II,lesson-03,3,我丢了一个钱包,8,样子*,样子,yangzi,yangzi,名,名,appearance,dáng vẻ; kiểu dáng,translated_subagent_draft,*,lesson_vocab,34,3,appendix_matched_ocr_occurrence_needs_translation_review,词语页 OCR 配对；需用词语总表与原页人工核对。,boya-elementary-ii:样子:yangzi
boya-elementary-ii,初级起步篇 II,lesson-03,3,我丢了一个钱包,9,头发*,头发,toufa,toufa,名,名,hair,tóc,translated_subagent_draft,*,lesson_vocab,34,3,appendix_matched_ocr_occurrence_needs_translation_review,词语页 OCR 配对；需用词语总表与原页人工核对。,boya-elementary-ii:头发:toufa
boya-elementary-ii,初级起步篇 II,lesson-03,3,我丢了一个钱包,10,10. 眼睛*,眼睛,yanjing,yanjing,名,名,eye,mắt,translated_subagent_draft,*,lesson_vocab,34,3,appendix_matched_ocr_occurrence_needs_translation_review,词语页 OCR 配对；需用词语总表与原页人工核对。,boya-elementary-ii:眼睛:yanjing
boya-elementary-ii,初级起步篇 II,lesson-03,3,我丢了一个钱包,11,11.个子*,个子,gezi,gezi,名,名,height,chiều cao; vóc dáng,translated_subagent_draft,*,lesson_vocab,34,3,appendix_matched_ocr_occurrence_needs_translation_review,词语页 OCR 配对；需用词语总表与原页人工核对。,boya-elementary-ii:个子:gezi
boya-elementary-ii,初级起步篇 II,lesson-03,3,我丢了一个钱包,12,衬杉*,衬衫,chenshan,chenshan,名,名,shirt,áo sơ mi,translated_subagent_draft,*,lesson_vocab,34,3,appendix_matched_ocr_occurrence_needs_translation_review,词语页 OCR 配对；需用词语总表与原页人工核对。,boya-elementary-ii:衬衫:chenshan
boya-elementary-ii,初级起步篇 II,lesson-03,3,我丢了一个钱包,13,13.左右*,左右,zudyou,zuoyou,名,名,about,khoảng; chừng,translated_subagent_draft,*,lesson_vocab,34,3,appendix_matched_ocr_occurrence_needs_translation_review,词语页 OCR 配对；需用词语总表与原页人工核对。,boya-elementary-ii:左右:zuoyou
boya-elementary-ii,初级起步篇 II,lesson-03,3,我丢了一个钱包,14,操场*,操场,caochang,caochang,名,名,playground,sân thể thao; sân trường,translated_subagent_draft,*,lesson_vocab,34,3,appendix_matched_ocr_occurrence_needs_translation_review,词语页 OCR 配对；需用词语总表与原页人工核对。,boya-elementary-ii:操场:caochang
boya-elementary-ii,初级起步篇 II,lesson-03,3,我丢了一个钱包,15,联系*,联系,lianxi,lianxi,动,动,to contact,liên hệ,translated_subagent_draft,*,lesson_vocab,34,3,appendix_matched_ocr_occurrence_needs_translation_review,词语页 OCR 配对；需用词语总表与原页人工核对。,boya-elementary-ii:联系:lianxi
boya-elementary-ii,初级起步篇 II,lesson-03,3,我丢了一个钱包,16,牛仔裤*,牛仔裤,niuzdiki,niuzdiku,名,名,jeans,quần bò,translated_subagent_draft,*,lesson_vocab,34,3,appendix_matched_ocr_occurrence_needs_translation_review,词语页 OCR 配对；需用词语总表与原页人工核对。,boya-elementary-ii:牛仔裤:niuzdiku
boya-elementary-ii,初级起步篇 II,lesson-03,3,我丢了一个钱包,17,17. 拾到者,拾到者,shiddozhe,shidaozhe,名,名,finder,người nhặt được,translated_subagent_draft,,lesson_vocab,34,3,appendix_matched_ocr_occurrence_needs_translation_review,词语页 OCR 配对；需用词语总表与原页人工核对。,boya-elementary-ii:拾到者:shidaozhe
boya-elementary-ii,初级起步篇 II,lesson-03,3,我丢了一个钱包,18,寻物启事,寻物启事,xunwu qishi,xunwu qishi,,,Lost and Found,thông báo tìm đồ thất lạc,translated_subagent_draft,,lesson_vocab,35,3,appendix_matched_ocr_occurrence_needs_translation_review,词语页 OCR 配对；需用词语总表与原页人工核对。,boya-elementary-ii:寻物启事:xunwuqishi
boya-elementary-ii,初级起步篇 II,lesson-03,3,我丢了一个钱包,19,书包,书包,shubao,shubao,名,名,schoolbag,cặp sách,translated_subagent_draft,,lesson_vocab,35,3,appendix_matched_ocr_occurrence_needs_translation_review,词语页 OCR 配对；需用词语总表与原页人工核对。,boya-elementary-ii:书包:shubao
boya-elementary-ii,初级起步篇 II,lesson-03,3,我丢了一个钱包,20,20. 着*,着,zhe,zhe,助,助,indicating the continuation of a state,(trợ từ) chỉ trạng thái đang tiếp diễn,translated_subagent_draft,*,lesson_vocab,35,3,appendix_matched_ocr_occurrence_needs_translation_review,词语页 OCR 配对；需用词语总表与原页人工核对。,boya-elementary-ii:着:zhe
boya-elementary-ii,初级起步篇 II,lesson-03,3,我丢了一个钱包,21,里面*,里面,limian,imian,名,名,inside; Interior,bên trong,translated_subagent_draft,*,lesson_vocab,35,3,appendix_matched_ocr_occurrence_needs_translation_review,词语页 OCR 配对；需用词语总表与原页人工核对。,boya-elementary-ii:里面:imian
boya-elementary-ii,初级起步篇 II,lesson-03,3,我丢了一个钱包,22,22.长*,长,zhdng,zhang,动,动,to grow,lớn lên; mọc dài,translated_subagent_draft,*,lesson_vocab,35,3,appendix_matched_ocr_occurrence_needs_translation_review,词语页 OCR 配对；需用词语总表与原页人工核对。,boya-elementary-ii:长:zhang
boya-elementary-ii,初级起步篇 II,lesson-03,3,我丢了一个钱包,23,23.背＊,背,bei,bei,动,动,to carry on the back,cõng; đeo trên lưng,translated_subagent_draft,,lesson_vocab,35,3,appendix_matched_ocr_occurrence_needs_translation_review,词语页 OCR 配对；需用词语总表与原页人工核对。,boya-elementary-ii:背:bei
boya-elementary-ii,初级起步篇 II,lesson-03,3,我丢了一个钱包,24,照片*,照片,zhaopian,zhaopian,名,名,photo,ảnh,translated_subagent_draft,*,lesson_vocab,35,3,appendix_matched_ocr_occurrence_needs_translation_review,词语页 OCR 配对；需用词语总表与原页人工核对。,boya-elementary-ii:照片:zhaopian
boya-elementary-ii,初级起步篇 II,lesson-04,4,我在中国生活,1,生活,生活,shenghuo,shenghuo,动,动,to live,cuộc sống; sinh sống,translated_subagent_draft,,lesson_vocab,44,4,appendix_matched_ocr_occurrence_needs_translation_review,词语页 OCR 配对；需用词语总表与原页人工核对。,boya-elementary-ii:生活:shenghuo
boya-elementary-ii,初级起步篇 II,lesson-04,4,我在中国生活,2,像,像,xiang,xiang,动,动,to resemble; to be like,giống như,translated_subagent_draft,,lesson_vocab,44,4,appendix_matched_ocr_occurrence_needs_translation_review,词语页 OCR 配对；需用词语总表与原页人工核对。,boya-elementary-ii:像:xiang
boya-elementary-ii,初级起步篇 II,lesson-04,4,我在中国生活,3,粥,粥,Zhou,zhou,名,名,porridge,cháo,translated_subagent_draft,,lesson_vocab,44,4,appendix_matched_ocr_occurrence_needs_translation_review,词语页 OCR 配对；需用词语总表与原页人工核对。,boya-elementary-ii:粥:zhou
boya-elementary-ii,初级起步篇 II,lesson-04,4,我在中国生活,4,河流*,河流,helii,heliu,名,名,river,sông ngòi,translated_subagent_draft,*,lesson_vocab,44,4,appendix_matched_ocr_occurrence_needs_translation_review,词语页 OCR 配对；需用词语总表与原页人工核对。,boya-elementary-ii:河流:heliu
boya-elementary-ii,初级起步篇 II,lesson-04,4,我在中国生活,5,一样*,一样,yiyang,yiyang,形,形,"same, as...as",giống nhau; như nhau,translated_subagent_draft,*,lesson_vocab,44,4,appendix_matched_ocr_occurrence_needs_translation_review,词语页 OCR 配对；需用词语总表与原页人工核对。,boya-elementary-ii:一样:yiyang
boya-elementary-ii,初级起步篇 II,lesson-04,4,我在中国生活,6,师傅,师傅,shifu,shifu,名,名,"sir, worker",bác/chú (cách gọi lịch sự người thợ hoặc tài xế),translated_subagent_draft,,lesson_vocab,44,4,appendix_matched_ocr_occurrence_needs_translation_review,词语页 OCR 配对；需用词语总表与原页人工核对。,boya-elementary-ii:师傅:shifu
boya-elementary-ii,初级起步篇 II,lesson-04,4,我在中国生活,7,地道*,地道,didao,didao,形,形,authentic,chính gốc; chuẩn vị,translated_subagent_draft,*,lesson_vocab,44,4,appendix_matched_ocr_occurrence_needs_translation_review,词语页 OCR 配对；需用词语总表与原页人工核对。,boya-elementary-ii:地道:didao
boya-elementary-ii,初级起步篇 II,lesson-04,4,我在中国生活,8,早餐,早餐,zdocan,zdocan,名,名,breakfast,bữa sáng,translated_subagent_draft,,lesson_vocab,44,4,appendix_matched_ocr_occurrence_needs_translation_review,词语页 OCR 配对；需用词语总表与原页人工核对。,boya-elementary-ii:早餐:zdocan
boya-elementary-ii,初级起步篇 II,lesson-04,4,我在中国生活,9,包子,包子,bdOzi,baozi,名,名,steamed stuffed bun,bánh bao nhân,translated_subagent_draft,,lesson_vocab,44,4,appendix_matched_ocr_occurrence_needs_translation_review,词语页 OCR 配对；需用词语总表与原页人工核对。,boya-elementary-ii:包子:baozi
boya-elementary-ii,初级起步篇 II,lesson-04,4,我在中国生活,10,10. 堵车,堵车,di che,di che,,,to be stuck in a trafic jam,tắc đường,translated_subagent_draft,,lesson_vocab,44,4,appendix_matched_ocr_occurrence_needs_translation_review,词语页 OCR 配对；需用词语总表与原页人工核对。,boya-elementary-ii:堵车:diche
boya-elementary-ii,初级起步篇 II,lesson-04,4,我在中国生活,11,11. 发达*,发达,fada,fada,形,形,developed,phát triển,translated_subagent_draft,*,lesson_vocab,44,4,appendix_matched_ocr_occurrence_needs_translation_review,词语页 OCR 配对；需用词语总表与原页人工核对。,boya-elementary-ii:发达:fada
boya-elementary-ii,初级起步篇 II,lesson-04,4,我在中国生活,12,12. 汽车*,汽车,qiche,qiche,名,名,car,ô tô,translated_subagent_draft,*,lesson_vocab,44,4,appendix_matched_ocr_occurrence_needs_translation_review,词语页 OCR 配对；需用词语总表与原页人工核对。,boya-elementary-ii:汽车:qiche
boya-elementary-ii,初级起步篇 II,lesson-04,4,我在中国生活,13,13. 以前*,以前,yiqian,yiqian,名,名,before,trước đây; trước khi,translated_subagent_draft,*,lesson_vocab,44,4,appendix_matched_ocr_occurrence_needs_translation_review,词语页 OCR 配对；需用词语总表与原页人工核对。,boya-elementary-ii:以前:yiqian
boya-elementary-ii,初级起步篇 II,lesson-04,4,我在中国生活,14,14.上班*,上班,shang ban,shang ban,,,to ggo to work,đi làm,translated_subagent_draft,*,lesson_vocab,44,4,appendix_matched_ocr_occurrence_needs_translation_review,词语页 OCR 配对；需用词语总表与原页人工核对。,boya-elementary-ii:上班:shangban
boya-elementary-ii,初级起步篇 II,lesson-04,4,我在中国生活,15,15.上学*,上学,shang xue,shang xue,,,to ggo to school,đi học,translated_subagent_draft,*,lesson_vocab,44,4,appendix_matched_ocr_occurrence_needs_translation_review,词语页 OCR 配对；需用词语总表与原页人工核对。,boya-elementary-ii:上学:shangxue
boya-elementary-ii,初级起步篇 II,lesson-04,4,我在中国生活,16,哪里,哪里,nali,nali,代,代,a way to show modesty,đâu; nào,translated_subagent_draft,,lesson_vocab,44,4,appendix_matched_ocr_occurrence_needs_translation_review,词语页 OCR 配对；需用词语总表与原页人工核对。,boya-elementary-ii:哪里:nali
boya-elementary-ii,初级起步篇 II,lesson-04,4,我在中国生活,17,17. 麻婆豆腐,麻婆豆腐,mapo doufu,mapo doufu,,,stir-fried beancurd in hot sauce,đậu phụ Ma Bà,translated_subagent_draft,,lesson_vocab,44,4,appendix_matched_ocr_occurrence_needs_translation_review,词语页 OCR 配对；需用词语总表与原页人工核对。,boya-elementary-ii:麻婆豆腐:mapodoufu
boya-elementary-ii,初级起步篇 II,lesson-04,4,我在中国生活,18,汉堡包,汉堡包,hanbaobao,hanbaobdo,名,名,hamburger,bánh hamburger,translated_subagent_draft,,lesson_vocab,45,4,appendix_matched_ocr_occurrence_needs_translation_review,词语页 OCR 配对；需用词语总表与原页人工核对。,boya-elementary-ii:汉堡包:hanbaobdo
boya-elementary-ii,初级起步篇 II,lesson-04,4,我在中国生活,19,19. 哎呀,哎呀,aiya,diya,叹,叹,"oh, my God",ôi chao; trời ơi,translated_subagent_draft,,lesson_vocab,45,4,appendix_matched_ocr_occurrence_needs_translation_review,词语页 OCR 配对；需用词语总表与原页人工核对。,boya-elementary-ii:哎呀:diya
boya-elementary-ii,初级起步篇 II,lesson-04,4,我在中国生活,20,严重,严重,yanzhong,yanzhong,形,形,serious,nghiêm trọng,translated_subagent_draft,,lesson_vocab,45,4,appendix_matched_ocr_occurrence_needs_translation_review,词语页 OCR 配对；需用词语总表与原页人工核对。,boya-elementary-ii:严重:yanzhong
boya-elementary-ii,初级起步篇 II,lesson-04,4,我在中国生活,21,最近*,最近,zuijin,zuijin,名,名,recently,gần đây,translated_subagent_draft,*,lesson_vocab,45,4,appendix_matched_ocr_occurrence_needs_translation_review,词语页 OCR 配对；需用词语总表与原页人工核对。,boya-elementary-ii:最近:zuijin
boya-elementary-ii,初级起步篇 II,lesson-04,4,我在中国生活,22,比如说*,比如说,birushuo,birushuo,动,动,for example,ví dụ như; chẳng hạn,translated_subagent_draft,*,lesson_vocab,45,4,appendix_matched_ocr_occurrence_needs_translation_review,词语页 OCR 配对；需用词语总表与原页人工核对。,boya-elementary-ii:比如说:birushuo
boya-elementary-ii,初级起步篇 II,lesson-04,4,我在中国生活,23,到处*,到处,ddochu,ddochi,,,everywhere,khắp nơi,translated_subagent_draft,*,lesson_vocab,45,4,appendix_matched_ocr_occurrence_needs_translation_review,词语页 OCR 配对；需用词语总表与原页人工核对。,boya-elementary-ii:到处:ddochi
boya-elementary-ii,初级起步篇 II,lesson-04,4,我在中国生活,24,1. 唐人街,唐人街,Tangren Jie,Tangren Jie,,,China Town,phố người Hoa,translated_subagent_draft,,proper_noun,45,4,appendix_matched_ocr_occurrence_needs_translation_review,词语页 OCR 配对；需用词语总表与原页人工核对。,boya-elementary-ii:唐人街:tangrenjie
boya-elementary-ii,初级起步篇 II,lesson-04,4,我在中国生活,25,四川,四川,Sichuan,Sichuan,,,Sichuan （a province of China）,Tứ Xuyên,translated_subagent_draft,,lesson_vocab,45,4,appendix_matched_ocr_occurrence_needs_translation_review,词语页 OCR 配对；需用词语总表与原页人工核对。,boya-elementary-ii:四川:sichuan
boya-elementary-ii,初级起步篇 II,lesson-04,4,我在中国生活,26,3.加拿大,加拿大,Jianada,Jiānádà,,,Canada,Canada,translated_subagent_draft,,lesson_vocab,45,4,appendix_matched_ocr_occurrence_needs_translation_review,拼音 OCR 修为 Jiānádà,boya-elementary-ii:加拿大:jianada
boya-elementary-ii,初级起步篇 II,lesson-05,5,在饭馆儿点菜,1,点*,点,didn,didn,动,动,to order,gọi món; chọn,translated_subagent_draft,*,lesson_vocab,54,5,appendix_matched_ocr_occurrence_needs_translation_review,词语页 OCR 配对；需用词语总表与原页人工核对。,boya-elementary-ii:点:didn
boya-elementary-ii,初级起步篇 II,lesson-05,5,在饭馆儿点菜,2,饿,饿,e,e,形,形,hungry,đói,translated_subagent_draft,,lesson_vocab,54,5,appendix_matched_ocr_occurrence_needs_translation_review,词语页 OCR 配对；需用词语总表与原页人工核对。,boya-elementary-ii:饿:e
boya-elementary-ii,初级起步篇 II,lesson-05,5,在饭馆儿点菜,3,3.碗,碗,wan,wan,名,名,bowl,bát,translated_subagent_draft,,lesson_vocab,54,5,appendix_matched_ocr_occurrence_needs_translation_review,词语页 OCR 配对；需用词语总表与原页人工核对。,boya-elementary-ii:碗:wan
boya-elementary-ii,初级起步篇 II,lesson-05,5,在饭馆儿点菜,4,瓶,瓶,ping,ping,名,名,bottle,chai (lượng từ),translated_subagent_draft,,lesson_vocab,54,5,appendix_matched_ocr_occurrence_needs_translation_review,词语页 OCR 配对；需用词语总表与原页人工核对。,boya-elementary-ii:瓶:ping
boya-elementary-ii,初级起步篇 II,lesson-05,5,在饭馆儿点菜,5,饱*,饱,bdo,bdo,形,形,full,no,translated_subagent_draft,*,lesson_vocab,54,5,appendix_matched_ocr_occurrence_needs_translation_review,词语页 OCR 配对；需用词语总表与原页人工核对。,boya-elementary-ii:饱:bdo
boya-elementary-ii,初级起步篇 II,lesson-05,5,在饭馆儿点菜,6,盒,盒,he,he,名,名,box,hộp,translated_subagent_draft,,lesson_vocab,54,5,appendix_matched_ocr_occurrence_needs_translation_review,词语页 OCR 配对；需用词语总表与原页人工核对。,boya-elementary-ii:盒:he
boya-elementary-ii,初级起步篇 II,lesson-05,5,在饭馆儿点菜,7,宾馆,宾馆,bingudn,binguan,名,名,hotel,khách sạn,translated_subagent_draft,,lesson_vocab,54,5,appendix_matched_ocr_occurrence_needs_translation_review,词语页 OCR 配对；需用词语总表与原页人工核对。,boya-elementary-ii:宾馆:binguan
boya-elementary-ii,初级起步篇 II,lesson-05,5,在饭馆儿点菜,8,附近*,附近,fujin,fujin,名,名,nearby region,gần đây; vùng lân cận,translated_subagent_draft,*,lesson_vocab,54,5,appendix_matched_ocr_occurrence_needs_translation_review,词语页 OCR 配对；需用词语总表与原页人工核对。,boya-elementary-ii:附近:fujin
boya-elementary-ii,初级起步篇 II,lesson-05,5,在饭馆儿点菜,9,干净,干净,ganjing,ganjing,形,形,clean,sạch,translated_subagent_draft,,lesson_vocab,54,5,appendix_matched_ocr_occurrence_needs_translation_review,词语页 OCR 配对；需用词语总表与原页人工核对。,boya-elementary-ii:干净:ganjing
boya-elementary-ii,初级起步篇 II,lesson-05,5,在饭馆儿点菜,10,价钱*,价钱,jidqian,jidqian,名,名,price,giá tiền,translated_subagent_draft,*,lesson_vocab,54,5,appendix_matched_ocr_occurrence_needs_translation_review,词语页 OCR 配对；需用词语总表与原页人工核对。,boya-elementary-ii:价钱:jidqian
boya-elementary-ii,初级起步篇 II,lesson-05,5,在饭馆儿点菜,11,环境*,环境,huanjing,huanjing,名,名,environment,môi trường,translated_subagent_draft,*,lesson_vocab,54,5,appendix_matched_ocr_occurrence_needs_translation_review,词语页 OCR 配对；需用词语总表与原页人工核对。,boya-elementary-ii:环境:huanjing
boya-elementary-ii,初级起步篇 II,lesson-05,5,在饭馆儿点菜,12,热情,热情,reqing,reqing,形,形,enthusiastic,nhiệt tình,translated_subagent_draft,,lesson_vocab,54,5,appendix_matched_ocr_occurrence_needs_translation_review,词语页 OCR 配对；需用词语总表与原页人工核对。,boya-elementary-ii:热情:reqing
boya-elementary-ii,初级起步篇 II,lesson-05,5,在饭馆儿点菜,13,打包,打包,dd bao,dd bao,,,to pack,gói mang về,translated_subagent_draft,,lesson_vocab,54,5,appendix_matched_ocr_occurrence_needs_translation_review,词语页 OCR 配对；需用词语总表与原页人工核对。,boya-elementary-ii:打包:ddbao
boya-elementary-ii,初级起步篇 II,lesson-05,5,在饭馆儿点菜,14,14. 主意,主意,zhuyi,zhuyi,名,名,idea,ý kiến; ý tưởng,translated_subagent_draft,,lesson_vocab,54,5,appendix_matched_ocr_occurrence_needs_translation_review,词语页 OCR 配对；需用词语总表与原页人工核对。,boya-elementary-ii:主意:zhuyi
boya-elementary-ii,初级起步篇 II,lesson-05,5,在饭馆儿点菜,15,厤烦,麻烦,mafan,mafan,动,动,to bother,làm phiền; phiền,translated_subagent_draft,,lesson_vocab,54,5,appendix_matched_ocr_occurrence_needs_translation_review,词语页 OCR 配对；需用词语总表与原页人工核对。,boya-elementary-ii:麻烦:mafan
boya-elementary-ii,初级起步篇 II,lesson-05,5,在饭馆儿点菜,16,矿泉水,矿泉水,kuangquanshui,kudngquanshui,名,名,mineral water,nước khoáng,translated_subagent_draft,,lesson_vocab,54,5,appendix_matched_ocr_occurrence_needs_translation_review,词语页 OCR 配对；需用词语总表与原页人工核对。,boya-elementary-ii:矿泉水:kudngquanshui
boya-elementary-ii,初级起步篇 II,lesson-05,5,在饭馆儿点菜,17,菜单*,菜单,caidan,caidain,名,名,menu,thực đơn,translated_subagent_draft,*,lesson_vocab,54,5,appendix_matched_ocr_occurrence_needs_translation_review,词语页 OCR 配对；需用词语总表与原页人工核对。,boya-elementary-ii:菜单:caidain
boya-elementary-ii,初级起步篇 II,lesson-05,5,在饭馆儿点菜,18,18.份,份,fen,fen,量,量,share; portion （a measure wora）,phần; suất; lượng từ cho phần ăn hay tài liệu,translated_subagent_draft,,lesson_vocab,55,5,appendix_matched_ocr_occurrence_needs_translation_review,词语页 OCR 配对；需用词语总表与原页人工核对。,boya-elementary-ii:份:fen
boya-elementary-ii,初级起步篇 II,lesson-05,5,在饭馆儿点菜,19,西红柿*,西红柿,xihongshi,xihongshi,名,名,tomato,cà chua,translated_subagent_draft,*,lesson_vocab,55,5,appendix_matched_ocr_occurrence_needs_translation_review,词语页 OCR 配对；需用词语总表与原页人工核对。,boya-elementary-ii:西红柿:xihongshi
boya-elementary-ii,初级起步篇 II,lesson-05,5,在饭馆儿点菜,20,买单,买单,mdi dan,mai dan,,,to pay the bill,thanh toán hóa đơn,translated_subagent_draft,,lesson_vocab,55,5,appendix_matched_ocr_occurrence_needs_translation_review,词语页 OCR 配对；需用词语总表与原页人工核对。,boya-elementary-ii:买单:maidan
boya-elementary-ii,初级起步篇 II,lesson-05,5,在饭馆儿点菜,21,服务员*,服务员,fuwiyuan,fuwuyuan,名,名,"waiter, waitress",nhân viên phục vụ,translated_subagent_draft,*,lesson_vocab,55,5,appendix_matched_ocr_occurrence_needs_translation_review,词语页 OCR 配对；需用词语总表与原页人工核对。,boya-elementary-ii:服务员:fuwuyuan
boya-elementary-ii,初级起步篇 II,lesson-05,5,在饭馆儿点菜,22,米饭,米饭,mifan,mifan,,,rice,cơm,translated_subagent_draft,,lesson_vocab,55,5,appendix_matched_ocr_occurrence_needs_translation_review,词语页 OCR 配对；需用词语总表与原页人工核对。,boya-elementary-ii:米饭:mifan
boya-elementary-ii,初级起步篇 II,lesson-05,5,在饭馆儿点菜,23,23.炒,炒,chao,chdo,,,to try,xào,translated_subagent_draft,,lesson_vocab,55,5,appendix_matched_ocr_occurrence_needs_translation_review,词语页 OCR 配对；需用词语总表与原页人工核对。,boya-elementary-ii:炒:chdo
boya-elementary-ii,初级起步篇 II,lesson-05,5,在饭馆儿点菜,24,食堂,食堂,shitang,shitang,名,名,canteen,nhà ăn; căng tin,translated_subagent_draft,,lesson_vocab,55,5,appendix_matched_ocr_occurrence_needs_translation_review,词语页 OCR 配对；需用词语总表与原页人工核对。,boya-elementary-ii:食堂:shitang
boya-elementary-ii,初级起步篇 II,lesson-05,5,在饭馆儿点菜,25,25.主要*,主要,zhuyao,zhǔyào,形,形,mamn; major,chủ yếu; chính,translated_subagent_draft,*,lesson_vocab,55,5,appendix_matched_ocr_occurrence_needs_translation_review,拼音 OCR 修为 zhǔyào,boya-elementary-ii:主要:zhuyao
boya-elementary-ii,初级起步篇 II,lesson-05,5,在饭馆儿点菜,26,26.家*,家,jia,jia,量,量,"measure word （for enterprises， such as restaurant, bookstore, etc.）",lượng từ cho cơ sở kinh doanh như nhà hàng hoặc cửa hàng,translated_subagent_draft,*,lesson_vocab,55,5,appendix_matched_ocr_occurrence_needs_translation_review,词语页 OCR 配对；需用词语总表与原页人工核对。,boya-elementary-ii:家:jia
boya-elementary-ii,初级起步篇 II,lesson-06,6,参加学校社团,1,1. 参加,参加,canjia,canjia,动,动,to join in; to take part in,tham gia,translated_subagent_draft,,lesson_vocab,64,6,appendix_matched_ocr_occurrence_needs_translation_review,词语页 OCR 配对；需用词语总表与原页人工核对。,boya-elementary-ii:参加:canjia
boya-elementary-ii,初级起步篇 II,lesson-06,6,参加学校社团,2,社团,社团,shetuan,shetuan,名,名,community,câu lạc bộ,translated_subagent_draft,,lesson_vocab,64,6,appendix_matched_ocr_occurrence_needs_translation_review,词语页 OCR 配对；需用词语总表与原页人工核对。,boya-elementary-ii:社团:shetuan
boya-elementary-ii,初级起步篇 II,lesson-06,6,参加学校社团,3,报名,报名,bdo ming,bdo ming,,,to sign up; to enroll,đăng ký,translated_subagent_draft,,lesson_vocab,64,6,appendix_matched_ocr_occurrence_needs_translation_review,词语页 OCR 配对；需用词语总表与原页人工核对。,boya-elementary-ii:报名:bdoming
boya-elementary-ii,初级起步篇 II,lesson-06,6,参加学校社团,4,通知*,通知,tongzhi,tongzhi,名,名,notice,thông báo,translated_subagent_draft,*,lesson_vocab,64,6,appendix_matched_ocr_occurrence_needs_translation_review,词语页 OCR 配对；需用词语总表与原页人工核对。,boya-elementary-ii:通知:tongzhi
boya-elementary-ii,初级起步篇 II,lesson-06,6,参加学校社团,5,学期,学期,xueqi,xueqi,名,名,term; semester,học kỳ,translated_subagent_draft,,lesson_vocab,64,6,appendix_matched_ocr_occurrence_needs_translation_review,词语页 OCR 配对；需用词语总表与原页人工核对。,boya-elementary-ii:学期:xueqi
boya-elementary-ii,初级起步篇 II,lesson-06,6,参加学校社团,6,地点*,地点,dididn,dididn,名,名,place; site,địa điểm,translated_subagent_draft,*,lesson_vocab,64,6,appendix_matched_ocr_occurrence_needs_translation_review,词语页 OCR 配对；需用词语总表与原页人工核对。,boya-elementary-ii:地点:dididn
boya-elementary-ii,初级起步篇 II,lesson-06,6,参加学校社团,7,话剧,话剧,huaju,huaju,名,名,play,kịch nói,translated_subagent_draft,,lesson_vocab,64,6,appendix_matched_ocr_occurrence_needs_translation_review,词语页 OCR 配对；需用词语总表与原页人工核对。,boya-elementary-ii:话剧:huaju
boya-elementary-ii,初级起步篇 II,lesson-06,6,参加学校社团,8,欢迎,欢迎,huanying,huanying,动,动,to welcome,chào mừng; hoan nghênh,translated_subagent_draft,,lesson_vocab,64,6,appendix_matched_ocr_occurrence_needs_translation_review,词语页 OCR 配对；需用词语总表与原页人工核对。,boya-elementary-ii:欢迎:huanying
boya-elementary-ii,初级起步篇 II,lesson-06,6,参加学校社团,9,学生会,学生会,xueshenghui,xueshenghui,名,名,student union,hội sinh viên,translated_subagent_draft,,lesson_vocab,64,6,appendix_matched_ocr_occurrence_needs_translation_review,词语页 OCR 配对；需用词语总表与原页人工核对。,boya-elementary-ii:学生会:xueshenghui
boya-elementary-ii,初级起步篇 II,lesson-06,6,参加学校社团,10,10. 办公室*,办公室,bangongshi,bangongshi,名,名,office,văn phòng,translated_subagent_draft,*,lesson_vocab,64,6,appendix_matched_ocr_occurrence_needs_translation_review,词语页 OCR 配对；需用词语总表与原页人工核对。,boya-elementary-ii:办公室:bangongshi
boya-elementary-ii,初级起步篇 II,lesson-06,6,参加学校社团,11,11.茶,茶,cha,cha,名,名,tea,trà,translated_subagent_draft,,lesson_vocab,64,6,appendix_matched_ocr_occurrence_needs_translation_review,词语页 OCR 配对；需用词语总表与原页人工核对。,boya-elementary-ii:茶:cha
boya-elementary-ii,初级起步篇 II,lesson-06,6,参加学校社团,12,学生证*,学生证,xueshengzheng,xueshengzheng,名,名,students' ID card,thẻ sinh viên,translated_subagent_draft,*,lesson_vocab,64,6,appendix_matched_ocr_occurrence_needs_translation_review,词语页 OCR 配对；需用词语总表与原页人工核对。,boya-elementary-ii:学生证:xueshengzheng
boya-elementary-ii,初级起步篇 II,lesson-06,6,参加学校社团,13,报名表,报名表,baomingbido,baomingbido,名,名,application form,phiếu đăng ký,translated_subagent_draft,,lesson_vocab,64,6,appendix_matched_ocr_occurrence_needs_translation_review,词语页 OCR 配对；需用词语总表与原页人工核对。,boya-elementary-ii:报名表:baomingbido
boya-elementary-ii,初级起步篇 II,lesson-06,6,参加学校社团,14,贴*,贴,tie,tie,动,动,to paste,dán,translated_subagent_draft,*,lesson_vocab,64,6,appendix_matched_ocr_occurrence_needs_translation_review,词语页 OCR 配对；需用词语总表与原页人工核对。,boya-elementary-ii:贴:tie
boya-elementary-ii,初级起步篇 II,lesson-06,6,参加学校社团,15,专业,专业,zhuanye,zhuanye,名,名,major,chuyên ngành,translated_subagent_draft,,lesson_vocab,64,6,appendix_matched_ocr_occurrence_needs_translation_review,词语页 OCR 配对；需用词语总表与原页人工核对。,boya-elementary-ii:专业:zhuanye
boya-elementary-ii,初级起步篇 II,lesson-06,6,参加学校社团,16,不但*,不但,budan,budan,连,连,not only,không những,translated_subagent_draft,*,lesson_vocab,64,6,appendix_matched_ocr_occurrence_needs_translation_review,词语页 OCR 配对；需用词语总表与原页人工核对。,boya-elementary-ii:不但:budan
boya-elementary-ii,初级起步篇 II,lesson-06,6,参加学校社团,17,而且*,而且,erqie,erqie,连,连,but also,hơn nữa; mà còn,translated_subagent_draft,*,lesson_vocab,64,6,appendix_matched_ocr_occurrence_needs_translation_review,词语页 OCR 配对；需用词语总表与原页人工核对。,boya-elementary-ii:而且:erqie
boya-elementary-ii,初级起步篇 II,lesson-06,6,参加学校社团,18,18.门口,门口,menkou,menkou,名,名,doorway,cửa ra vào,translated_subagent_draft,,lesson_vocab,64,6,appendix_matched_ocr_occurrence_needs_translation_review,词语页 OCR 配对；需用词语总表与原页人工核对。,boya-elementary-ii:门口:menkou
boya-elementary-ii,初级起步篇 II,lesson-06,6,参加学校社团,19,19. 听说,听说,tingshuo,tingshua,动,动,to hear of,nghe nói,translated_subagent_draft,,lesson_vocab,65,6,appendix_matched_ocr_occurrence_needs_translation_review,词语页 OCR 配对；需用词语总表与原页人工核对。,boya-elementary-ii:听说:tingshua
boya-elementary-ii,初级起步篇 II,lesson-06,6,参加学校社团,20,20. 不见不散,不见不散,bu jian bu san,bu jian bu san,,,to not leave without seeing each other,không gặp không về; hẹn gặp nhất định,translated_subagent_draft,,lesson_vocab,65,6,appendix_matched_ocr_occurrence_needs_translation_review,词语页 OCR 配对；需用词语总表与原页人工核对。,boya-elementary-ii:不见不散:bujianbusan
boya-elementary-ii,初级起步篇 II,lesson-06,6,参加学校社团,21,21.为了*,为了,weile,weile,介,介,In order to,để; vì mục đích,translated_subagent_draft,*,lesson_vocab,65,6,appendix_matched_ocr_occurrence_needs_translation_review,词语页 OCR 配对；需用词语总表与原页人工核对。,boya-elementary-ii:为了:weile
boya-elementary-ii,初级起步篇 II,lesson-07,7,去动物园,1,动物园,动物园,dongwuyuan,dingwiyuan,名,名,Z0O,vườn thú,translated_subagent_draft,,lesson_vocab,74,7,appendix_matched_ocr_occurrence_needs_translation_review,词语页 OCR 配对；需用词语总表与原页人工核对。,boya-elementary-ii:动物园:dingwiyuan
boya-elementary-ii,初级起步篇 II,lesson-07,7,去动物园,2,挤,挤,j,jǐ,动,动,to cram; to squceze,chen chúc; chật chội,translated_subagent_draft,,lesson_vocab,74,7,appendix_matched_ocr_occurrence_needs_translation_review,拼音 OCR 修为 jǐ,boya-elementary-ii:挤:ji
boya-elementary-ii,初级起步篇 II,lesson-07,7,去动物园,3,3.趟,趟,tang,tang,,,measure word （for one round trip）,chuyến (lượng từ lượt đi-về),translated_subagent_draft,,lesson_vocab,74,7,appendix_matched_ocr_occurrence_needs_translation_review,词语页 OCR 配对；需用词语总表与原页人工核对。,boya-elementary-ii:趟:tang
boya-elementary-ii,初级起步篇 II,lesson-07,7,去动物园,4,4.巧,巧,qido,qiǎo,形,形,coincidental,tình cờ; khéo đúng lúc,translated_subagent_draft,,lesson_vocab,74,7,appendix_matched_ocr_occurrence_needs_translation_review,拼音 OCR 修为 qiǎo,boya-elementary-ii:巧:qiao
boya-elementary-ii,初级起步篇 II,lesson-07,7,去动物园,5,5.云*,云,yun,yun,名,名,cloud,mây,translated_subagent_draft,*,lesson_vocab,74,7,appendix_matched_ocr_occurrence_needs_translation_review,词语页 OCR 配对；需用词语总表与原页人工核对。,boya-elementary-ii:云:yun
boya-elementary-ii,初级起步篇 II,lesson-07,7,去动物园,6,6.往*,往,wang,wding,介,介,towards,hướng về; về phía,translated_subagent_draft,*,lesson_vocab,74,7,appendix_matched_ocr_occurrence_needs_translation_review,词语页 OCR 配对；需用词语总表与原页人工核对。,boya-elementary-ii:往:wding
boya-elementary-ii,初级起步篇 II,lesson-07,7,去动物园,7,甜,甜,tian,tian,,,sweet,ngọt,translated_subagent_draft,,lesson_vocab,74,7,appendix_matched_ocr_occurrence_needs_translation_review,词语页 OCR 配对；需用词语总表与原页人工核对。,boya-elementary-ii:甜:tian
boya-elementary-ii,初级起步篇 II,lesson-07,7,去动物园,8,辣*,辣,la,la,形,形,hot; spicy,cay,translated_subagent_draft,*,lesson_vocab,74,7,appendix_matched_ocr_occurrence_needs_translation_review,词语页 OCR 配对；需用词语总表与原页人工核对。,boya-elementary-ii:辣:la
boya-elementary-ii,初级起步篇 II,lesson-07,7,去动物园,9,报*,报,bao,bao,名,名,newspaper,báo; tờ báo,translated_subagent_draft,*,lesson_vocab,74,7,appendix_matched_ocr_occurrence_needs_translation_review,词语页 OCR 配对；需用词语总表与原页人工核对。,boya-elementary-ii:报:bao
boya-elementary-ii,初级起步篇 II,lesson-07,7,去动物园,10,打算,打算,ddsuan,ddsuan,动,动,to plan,dự định; kế hoạch,translated_subagent_draft,,lesson_vocab,74,7,appendix_matched_ocr_occurrence_needs_translation_review,词语页 OCR 配对；需用词语总表与原页人工核对。,boya-elementary-ii:打算:ddsuan
boya-elementary-ii,初级起步篇 II,lesson-07,7,去动物园,11,蛋糕,蛋糕,aangao,dangao,名,名,cake,bánh ngọt,translated_subagent_draft,,lesson_vocab,74,7,appendix_matched_ocr_occurrence_needs_translation_review,词语页 OCR 配对；需用词语总表与原页人工核对。,boya-elementary-ii:蛋糕:dangao
boya-elementary-ii,初级起步篇 II,lesson-07,7,去动物园,12,熊猫*,熊猫,xiongmdo,xiongmao,名,名,panda,gấu trúc,translated_subagent_draft,*,lesson_vocab,74,7,appendix_matched_ocr_occurrence_needs_translation_review,词语页 OCR 配对；需用词语总表与原页人工核对。,boya-elementary-ii:熊猫:xiongmao
boya-elementary-ii,初级起步篇 II,lesson-07,7,去动物园,13,可爱*,可爱,ke'di,ke'ai,形,形,lovely; cute,đáng yêu,translated_subagent_draft,*,lesson_vocab,74,7,appendix_matched_ocr_occurrence_needs_translation_review,词语页 OCR 配对；需用词语总表与原页人工核对。,boya-elementary-ii:可爱:keai
boya-elementary-ii,初级起步篇 II,lesson-07,7,去动物园,14,大象,大象,daxiang,ddxiang,名,名,elephant,con voi,translated_subagent_draft,,lesson_vocab,74,7,appendix_matched_ocr_occurrence_needs_translation_review,词语页 OCR 配对；需用词语总表与原页人工核对。,boya-elementary-ii:大象:ddxiang
boya-elementary-ii,初级起步篇 II,lesson-07,7,去动物园,15,耳朵*,耳朵,erduo,erduo,名,名,ear,tai,translated_subagent_draft,*,lesson_vocab,74,7,appendix_matched_ocr_occurrence_needs_translation_review,词语页 OCR 配对；需用词语总表与原页人工核对。,boya-elementary-ii:耳朵:erduo
boya-elementary-ii,初级起步篇 II,lesson-07,7,去动物园,16,鼻子,鼻子,bizi,bizi,名,名,nose,mũi,translated_subagent_draft,,lesson_vocab,74,7,appendix_matched_ocr_occurrence_needs_translation_review,词语页 OCR 配对；需用词语总表与原页人工核对。,boya-elementary-ii:鼻子:bizi
boya-elementary-ii,初级起步篇 II,lesson-07,7,去动物园,17,17. 胖*,胖,pang,pang,形,形,fat,béo; mập,translated_subagent_draft,*,lesson_vocab,74,7,appendix_matched_ocr_occurrence_needs_translation_review,词语页 OCR 配对；需用词语总表与原页人工核对。,boya-elementary-ii:胖:pang
boya-elementary-ii,初级起步篇 II,lesson-07,7,去动物园,18,睡懒觉,睡懒觉,shui lanjido,shui laniiao,,,to lie in,ngủ nướng,translated_subagent_draft,,lesson_vocab,75,7,appendix_matched_ocr_occurrence_needs_translation_review,词语页 OCR 配对；需用词语总表与原页人工核对。,boya-elementary-ii:睡懒觉:shuilaniiao
boya-elementary-ii,初级起步篇 II,lesson-07,7,去动物园,19,中餐馆,中餐馆,zhongcanguan,zhongcanguan,名,名,Chinese restaurant,nhà hàng Trung Quốc,translated_subagent_draft,,lesson_vocab,75,7,appendix_matched_ocr_occurrence_needs_translation_review,词语页 OCR 配对；需用词语总表与原页人工核对。,boya-elementary-ii:中餐馆:zhongcanguan
boya-elementary-ii,初级起步篇 II,lesson-07,7,去动物园,20,20.起来*,起来,qi lai,qi lai,,,used after verbs to indicate upward movement,đứng dậy; lên (bổ ngữ xu hướng),translated_subagent_draft,*,lesson_vocab,75,7,appendix_matched_ocr_occurrence_needs_translation_review,词语页 OCR 配对；需用词语总表与原页人工核对。,boya-elementary-ii:起来:qilai
boya-elementary-ii,初级起步篇 II,lesson-07,7,去动物园,21,21.准备,准备,zhunbei,zhunbei,,,to prepare,chuẩn bị,translated_subagent_draft,,lesson_vocab,75,7,appendix_matched_ocr_occurrence_needs_translation_review,词语页 OCR 配对；需用词语总表与原页人工核对。,boya-elementary-ii:准备:zhunbei
boya-elementary-ii,初级起步篇 II,lesson-07,7,去动物园,22,动物*,动物,dongwu,dongwi,,,animal,động vật,translated_subagent_draft,*,lesson_vocab,75,7,appendix_matched_ocr_occurrence_needs_translation_review,词语页 OCR 配对；需用词语总表与原页人工核对。,boya-elementary-ii:动物:dongwi
boya-elementary-ii,初级起步篇 II,lesson-07,7,去动物园,23,再说*,再说,zdishuo,zdishud,,,moreover,hơn nữa; vả lại,translated_subagent_draft,*,lesson_vocab,75,7,appendix_matched_ocr_occurrence_needs_translation_review,词语页 OCR 配对；需用词语总表与原页人工核对。,boya-elementary-ii:再说:zdishud
boya-elementary-ii,初级起步篇 II,lesson-07,7,去动物园,24,24.该＊,该,gai,gai,,,should,nên; đến lượt; đến lúc,translated_subagent_draft,,lesson_vocab,75,7,appendix_matched_ocr_occurrence_needs_translation_review,词语页 OCR 配对；需用词语总表与原页人工核对。,boya-elementary-ii:该:gai
boya-elementary-ii,初级起步篇 II,lesson-07,7,去动物园,25,25.慢,慢,man,man,形,形,slow,chậm,translated_subagent_draft,,lesson_vocab,75,7,appendix_matched_ocr_occurrence_needs_translation_review,词语页 OCR 配对；需用词语总表与原页人工核对。,boya-elementary-ii:慢:man
boya-elementary-ii,初级起步篇 II,lesson-07,7,去动物园,26,26.满*,满,man,man,形,形,full,đầy; kín,translated_subagent_draft,*,lesson_vocab,75,7,appendix_matched_ocr_occurrence_needs_translation_review,词语页 OCR 配对；需用词语总表与原页人工核对。,boya-elementary-ii:满:man
boya-elementary-ii,初级起步篇 II,lesson-08,8,一场篮球比赛,1,1.场,场,chang,chdng,量,量,measure word （ for the process of something）,lượng từ cho một buổi hay một sự kiện,translated_subagent_draft,,lesson_vocab,83,8,appendix_matched_ocr_occurrence_needs_translation_review,词语页 OCR 配对；需用词语总表与原页人工核对。,boya-elementary-ii:场:chdng
boya-elementary-ii,初级起步篇 II,lesson-08,8,一场篮球比赛,2,篮球*,篮球,lanqiu,lanqiu,名,名,basketball,bóng rổ,translated_subagent_draft,*,lesson_vocab,83,8,appendix_matched_ocr_occurrence_needs_translation_review,词语页 OCR 配对；需用词语总表与原页人工核对。,boya-elementary-ii:篮球:lanqiu
boya-elementary-ii,初级起步篇 II,lesson-08,8,一场篮球比赛,3,比赛,比赛,bisai,bisai,名,名,competition; match,cuộc thi; trận đấu,translated_subagent_draft,,lesson_vocab,83,8,appendix_matched_ocr_occurrence_needs_translation_review,词语页 OCR 配对；需用词语总表与原页人工核对。,boya-elementary-ii:比赛:bisai
boya-elementary-ii,初级起步篇 II,lesson-08,8,一场篮球比赛,4,醒*,醒,xing,xing,动,动,"to wake, to be awake",tỉnh; thức,translated_subagent_draft,*,lesson_vocab,83,8,appendix_matched_ocr_occurrence_needs_translation_review,词语页 OCR 配对；需用词语总表与原页人工核对。,boya-elementary-ii:醒:xing
boya-elementary-ii,初级起步篇 II,lesson-08,8,一场篮球比赛,5,5.系,系,xi,xi,名,名,department; faculty,khoa; bộ môn,translated_subagent_draft,,lesson_vocab,83,8,appendix_matched_ocr_occurrence_needs_translation_review,词语页 OCR 配对；需用词语总表与原页人工核对。,boya-elementary-ii:系:xi
boya-elementary-ii,初级起步篇 II,lesson-08,8,一场篮球比赛,6,输*,输,shi,shu,动,动,to lose; to be beaten,thua,translated_subagent_draft,*,lesson_vocab,83,8,appendix_matched_ocr_occurrence_needs_translation_review,词语页 OCR 配对；需用词语总表与原页人工核对。,boya-elementary-ii:输:shu
boya-elementary-ii,初级起步篇 II,lesson-08,8,一场篮球比赛,7,赢*,赢,ying,ying,动,动,to win,thắng,translated_subagent_draft,*,lesson_vocab,83,8,appendix_matched_ocr_occurrence_needs_translation_review,词语页 OCR 配对；需用词语总表与原页人工核对。,boya-elementary-ii:赢:ying
boya-elementary-ii,初级起步篇 II,lesson-08,8,一场篮球比赛,8,提,提,ti,tí,动,动,to mention; to bring up,nhắc đến; xách,translated_subagent_draft,,lesson_vocab,83,8,appendix_matched_ocr_occurrence_needs_translation_review,拼音 OCR 修为 tí,boya-elementary-ii:提:ti
boya-elementary-ii,初级起步篇 II,lesson-08,8,一场篮球比赛,9,平*,平,ping,ping,形,形,even,phẳng; ngang bằng,translated_subagent_draft,*,lesson_vocab,83,8,appendix_matched_ocr_occurrence_needs_translation_review,词语页 OCR 配对；需用词语总表与原页人工核对。,boya-elementary-ii:平:ping
boya-elementary-ii,初级起步篇 II,lesson-08,8,一场篮球比赛,10,响*,响,xiding,xidng,动,动,to ring; to make a sound,reo; vang,translated_subagent_draft,*,lesson_vocab,83,8,appendix_matched_ocr_occurrence_needs_translation_review,词语页 OCR 配对；需用词语总表与原页人工核对。,boya-elementary-ii:响:xidng
boya-elementary-ii,初级起步篇 II,lesson-08,8,一场篮球比赛,11,拿*,拿,na,na,动,动,to take,cầm; lấy,translated_subagent_draft,*,lesson_vocab,83,8,appendix_matched_ocr_occurrence_needs_translation_review,词语页 OCR 配对；需用词语总表与原页人工核对。,boya-elementary-ii:拿:na
boya-elementary-ii,初级起步篇 II,lesson-08,8,一场篮球比赛,12,迟到,迟到,chiddo,chiddo,动,动,to be late,đi muộn,translated_subagent_draft,,lesson_vocab,83,8,appendix_matched_ocr_occurrence_needs_translation_review,词语页 OCR 配对；需用词语总表与原页人工核对。,boya-elementary-ii:迟到:chiddo
boya-elementary-ii,初级起步篇 II,lesson-08,8,一场篮球比赛,13,闹钟,闹钟,ndozhong,ndozhong,名,名,alarm clock used before some two-character adjectives to,đồng hồ báo thức,translated_subagent_draft,,lesson_vocab,83,8,appendix_matched_ocr_occurrence_needs_translation_review,词语页 OCR 配对；需用词语总表与原页人工核对。,boya-elementary-ii:闹钟:ndozhong
boya-elementary-ii,初级起步篇 II,lesson-08,8,一场篮球比赛,14,14. 好不*,好不,hdobu,h obi,,,show high degree,rất; dùng để nhấn mạnh mức độ cao,translated_subagent_draft,*,lesson_vocab,83,8,appendix_matched_ocr_occurrence_needs_translation_review,词语页 OCR 配对；需用词语总表与原页人工核对。,boya-elementary-ii:好不:hobi
boya-elementary-ii,初级起步篇 II,lesson-08,8,一场篮球比赛,15,急忙*,急忙,jimang,jimang,,,in a hurry,vội vàng,translated_subagent_draft,*,lesson_vocab,83,8,appendix_matched_ocr_occurrence_needs_translation_review,词语页 OCR 配对；需用词语总表与原页人工核对。,boya-elementary-ii:急忙:jimang
boya-elementary-ii,初级起步篇 II,lesson-08,8,一场篮球比赛,16,顺利,顺利,shunli,shunli,形,形,smooth; successful,thuận lợi,translated_subagent_draft,,lesson_vocab,83,8,appendix_matched_ocr_occurrence_needs_translation_review,词语页 OCR 配对；需用词语总表与原页人工核对。,boya-elementary-ii:顺利:shunli
boya-elementary-ii,初级起步篇 II,lesson-08,8,一场篮球比赛,17,17.厉害*,厉害,lihai,lihai,形,形,powerful; excellent,lợi hại; ghê,translated_subagent_draft,*,lesson_vocab,83,8,appendix_matched_ocr_occurrence_needs_translation_review,词语页 OCR 配对；需用词语总表与原页人工核对。,boya-elementary-ii:厉害:lihai
boya-elementary-ii,初级起步篇 II,lesson-08,8,一场篮球比赛,18,数学*,数学,Shuxue,shuxue,名,名,mathematics,toán học,translated_subagent_draft,*,lesson_vocab,84,8,appendix_matched_ocr_occurrence_needs_translation_review,词语页 OCR 配对；需用词语总表与原页人工核对。,boya-elementary-ii:数学:shuxue
boya-elementary-ii,初级起步篇 II,lesson-08,8,一场篮球比赛,19,19. 精彩*,精彩,jingcai,Jingcai,形,形,wonderful,tuyệt vời; đặc sắc,translated_subagent_draft,*,lesson_vocab,84,8,appendix_matched_ocr_occurrence_needs_translation_review,词语页 OCR 配对；需用词语总表与原页人工核对。,boya-elementary-ii:精彩:jingcai
boya-elementary-ii,初级起步篇 II,lesson-08,8,一场篮球比赛,20,20. 可惜,可惜,kexi,kexi,形,形,It is a pity that...,đáng tiếc,translated_subagent_draft,,lesson_vocab,84,8,appendix_matched_ocr_occurrence_needs_translation_review,词语页 OCR 配对；需用词语总表与原页人工核对。,boya-elementary-ii:可惜:kexi
boya-elementary-ii,初级起步篇 II,lesson-08,8,一场篮球比赛,21,21. 决赛,决赛,juesai,juesai,名,名,finals,trận chung kết,translated_subagent_draft,,lesson_vocab,84,8,appendix_matched_ocr_occurrence_needs_translation_review,词语页 OCR 配对；需用词语总表与原页人工核对。,boya-elementary-ii:决赛:juesai
boya-elementary-ii,初级起步篇 II,lesson-08,8,一场篮球比赛,22,22. 对手*,对手,duishou,duishou,名,名,rival; opponent,đối thủ,translated_subagent_draft,*,lesson_vocab,84,8,appendix_matched_ocr_occurrence_needs_translation_review,词语页 OCR 配对；需用词语总表与原页人工核对。,boya-elementary-ii:对手:duishou
boya-elementary-ii,初级起步篇 II,lesson-08,8,一场篮球比赛,23,23.重要,重要,zhongydo,zhongyio,形,形,important to cheer； （to encourage sb.） to make an extra,quan trọng,translated_subagent_draft,,lesson_vocab,84,8,appendix_matched_ocr_occurrence_needs_translation_review,词语页 OCR 配对；需用词语总表与原页人工核对。,boya-elementary-ii:重要:zhongyio
boya-elementary-ii,初级起步篇 II,lesson-08,8,一场篮球比赛,24,24.加油*,加油,jia you,jia you,,,effort,cố lên; cổ vũ,translated_subagent_draft,*,lesson_vocab,84,8,appendix_matched_ocr_occurrence_needs_translation_review,词语页 OCR 配对；需用词语总表与原页人工核对。,boya-elementary-ii:加油:jiayou
boya-elementary-ii,初级起步篇 II,lesson-08,8,一场篮球比赛,25,结果*,结果,jieguo,jieguo,连,连,as a result,kết quả; vì vậy,translated_subagent_draft,*,lesson_vocab,84,8,appendix_matched_ocr_occurrence_needs_translation_review,词语页 OCR 配对；需用词语总表与原页人工核对。,boya-elementary-ii:结果:jieguo
boya-elementary-ii,初级起步篇 II,lesson-08,8,一场篮球比赛,26,惊喜,惊喜,Jingxi,jīngxǐ,名,名,surprise,bất ngờ; niềm vui bất ngờ,translated_subagent_draft,,lesson_vocab,84,8,appendix_matched_ocr_occurrence_needs_translation_review,拼音 OCR 修为 jīngxǐ,boya-elementary-ii:惊喜:jingxi
boya-elementary-ii,初级起步篇 II,lesson-08,8,一场篮球比赛,27,出租车*,出租车,chuzuche,chuziche,名,名,taxi,xe taxi,translated_subagent_draft,*,lesson_vocab,84,8,appendix_matched_ocr_occurrence_needs_translation_review,词语页 OCR 配对；需用词语总表与原页人工核对。,boya-elementary-ii:出租车:chuziche
boya-elementary-ii,初级起步篇 II,lesson-08,8,一场篮球比赛,28,听见*,听见,ting jian,ting jian,,,to hear,nghe thấy,translated_subagent_draft,*,lesson_vocab,84,8,appendix_matched_ocr_occurrence_needs_translation_review,词语页 OCR 配对；需用词语总表与原页人工核对。,boya-elementary-ii:听见:tingjian
boya-elementary-ii,初级起步篇 II,lesson-08,8,一场篮球比赛,29,上去*,上去,shang qu,shang qu,,,to go upward,đi lên,translated_subagent_draft,*,lesson_vocab,84,8,appendix_matched_ocr_occurrence_needs_translation_review,词语页 OCR 配对；需用词语总表与原页人工核对。,boya-elementary-ii:上去:shangqu
boya-elementary-ii,初级起步篇 II,lesson-08,8,一场篮球比赛,30,一块儿*,一块儿,yikudir,yikudir,,,together,cùng nhau,translated_subagent_draft,*,lesson_vocab,84,8,appendix_matched_ocr_occurrence_needs_translation_review,词语页 OCR 配对；需用词语总表与原页人工核对。,boya-elementary-ii:一块儿:yikudir
boya-elementary-ii,初级起步篇 II,lesson-08,8,一场篮球比赛,31,31.比*,比,bi,bǐ,动,动,（ofa score） to,so với; hơn,translated_subagent_draft,*,lesson_vocab,84,8,appendix_matched_ocr_occurrence_needs_translation_review,拼音 OCR 修为 bǐ,boya-elementary-ii:比:bi
boya-elementary-ii,初级起步篇 II,lesson-09,9,糟糕的一天,1,糟糕,糟糕,zaogao,zaogao,形,形,"terible; too bad to answer, to pay attention to",tệ; tồi tệ,translated_subagent_draft,,lesson_vocab,93,9,appendix_matched_ocr_occurrence_needs_translation_review,词语页 OCR 配对；需用词语总表与原页人工核对。,boya-elementary-ii:糟糕:zaogao
boya-elementary-ii,初级起步篇 II,lesson-09,9,糟糕的一天,2,3. 戴*,戴,dai,dài,动,动,to wear,đeo; đội,translated_subagent_draft,*,lesson_vocab,93,9,appendix_matched_ocr_occurrence_needs_translation_review,拼音 OCR 修为 dài,boya-elementary-ii:戴:dai
boya-elementary-ii,初级起步篇 II,lesson-09,9,糟糕的一天,3,4. 清楚*,清楚,qingchu,qingchu,形,形,clear,rõ; rõ ràng,translated_subagent_draft,*,lesson_vocab,93,9,appendix_matched_ocr_occurrence_needs_translation_review,词语页 OCR 配对；需用词语总表与原页人工核对。,boya-elementary-ii:清楚:qingchu
boya-elementary-ii,初级起步篇 II,lesson-09,9,糟糕的一天,4,5. 摔*,摔,Shuai,shuai,动,动,to fall; to tumble,ngã; làm rơi,translated_subagent_draft,*,lesson_vocab,93,9,appendix_matched_ocr_occurrence_needs_translation_review,词语页 OCR 配对；需用词语总表与原页人工核对。,boya-elementary-ii:摔:shuai
boya-elementary-ii,初级起步篇 II,lesson-09,9,糟糕的一天,5,6.坏,坏,huai,huai,形,形,bad; awful,xấu; hỏng,translated_subagent_draft,,lesson_vocab,93,9,appendix_matched_ocr_occurrence_needs_translation_review,词语页 OCR 配对；需用词语总表与原页人工核对。,boya-elementary-ii:坏:huai
boya-elementary-ii,初级起步篇 II,lesson-09,9,糟糕的一天,6,7.倒,倒,ado,dao,动,动,to fall,ngã; đổ,translated_subagent_draft,,lesson_vocab,93,9,appendix_matched_ocr_occurrence_needs_translation_review,词语页 OCR 配对；需用词语总表与原页人工核对。,boya-elementary-ii:倒:dao
boya-elementary-ii,初级起步篇 II,lesson-09,9,糟糕的一天,7,8.本子*,本子,benzi,benzi,名,名,exercise book,vở,translated_subagent_draft,*,lesson_vocab,93,9,appendix_matched_ocr_occurrence_needs_translation_review,词语页 OCR 配对；需用词语总表与原页人工核对。,boya-elementary-ii:本子:benzi
boya-elementary-ii,初级起步篇 II,lesson-09,9,糟糕的一天,8,听写,听写,tingxie,tingxie,动,动,to dictate,nghe viết,translated_subagent_draft,,lesson_vocab,93,9,appendix_matched_ocr_occurrence_needs_translation_review,词语页 OCR 配对；需用词语总表与原页人工核对。,boya-elementary-ii:听写:tingxie
boya-elementary-ii,初级起步篇 II,lesson-09,9,糟糕的一天,9,10. 夜里,夜里,yeli,yeli,名,名,nighttime,ban đêm,translated_subagent_draft,,lesson_vocab,93,9,appendix_matched_ocr_occurrence_needs_translation_review,词语页 OCR 配对；需用词语总表与原页人工核对。,boya-elementary-ii:夜里:yeli
boya-elementary-ii,初级起步篇 II,lesson-09,9,糟糕的一天,10,11. 饭卡,饭卡,fankd,fankd,名,名,meal card,thẻ ăn; thẻ căng tin,translated_subagent_draft,,lesson_vocab,93,9,appendix_matched_ocr_occurrence_needs_translation_review,词语页 OCR 配对；需用词语总表与原页人工核对。,boya-elementary-ii:饭卡:fankd
boya-elementary-ii,初级起步篇 II,lesson-09,9,糟糕的一天,11,刷卡,刷卡,shua ka,shua ka,,,to swipe the card,quẹt thẻ,translated_subagent_draft,,lesson_vocab,93,9,appendix_matched_ocr_occurrence_needs_translation_review,词语页 OCR 配对；需用词语总表与原页人工核对。,boya-elementary-ii:刷卡:shuaka
boya-elementary-ii,初级起步篇 II,lesson-09,9,糟糕的一天,12,零钱,零钱,lingqian,Iingqian,名,名,small change; pocket money,tiền lẻ,translated_subagent_draft,,lesson_vocab,93,9,appendix_matched_ocr_occurrence_needs_translation_review,词语页 OCR 配对；需用词语总表与原页人工核对。,boya-elementary-ii:零钱:iingqian
boya-elementary-ii,初级起步篇 II,lesson-09,9,糟糕的一天,13,牛肉,牛肉,niurou,niurou,名,名,beef writing utensils,thịt bò,translated_subagent_draft,,lesson_vocab,93,9,appendix_matched_ocr_occurrence_needs_translation_review,词语页 OCR 配对；需用词语总表与原页人工核对。,boya-elementary-ii:牛肉:niurou
boya-elementary-ii,初级起步篇 II,lesson-09,9,糟糕的一天,14,眼镜,眼镜,yanjing,yanjing,名,名,glasses,kính mắt,translated_subagent_draft,,lesson_vocab,93,9,appendix_matched_ocr_occurrence_needs_translation_review,词语页 OCR 配对；需用词语总表与原页人工核对。,boya-elementary-ii:眼镜:yanjing
boya-elementary-ii,初级起步篇 II,lesson-09,9,糟糕的一天,15,打招呼,打招呼,dd zhaohu,da zhaohu,,,to greet sb.； to say hello,chào hỏi,translated_subagent_draft,,lesson_vocab,93,9,appendix_matched_ocr_occurrence_needs_translation_review,词语页 OCR 配对；需用词语总表与原页人工核对。,boya-elementary-ii:打招呼:dazhaohu
boya-elementary-ii,初级起步篇 II,lesson-09,9,糟糕的一天,16,公交卡,公交卡,gongjiaoka,gongjiaoka,名,名,bus card; transportation card,thẻ xe buýt; thẻ giao thông công cộng,translated_subagent_draft,,lesson_vocab,93,9,appendix_matched_ocr_occurrence_needs_translation_review,词语页 OCR 配对；需用词语总表与原页人工核对。,boya-elementary-ii:公交卡:gongjiaoka
boya-elementary-ii,初级起步篇 II,lesson-09,9,糟糕的一天,17,近视*,近视,jnshi,jinshi,形,形,"myopia, short-sighted used after a verb to indicate the result of",cận thị,translated_subagent_draft,*,lesson_vocab,94,9,appendix_matched_ocr_occurrence_needs_translation_review,词语页 OCR 配对；需用词语总表与原页人工核对。,boya-elementary-ii:近视:jinshi
boya-elementary-ii,初级起步篇 II,lesson-09,9,糟糕的一天,18,着＊,着,zhao,zháo,动,动,reaching the goal or the action,được; trúng (bổ ngữ kết quả),translated_subagent_draft,,lesson_vocab,94,9,appendix_matched_ocr_occurrence_needs_translation_review,词语页 OCR 配对；需用词语总表与原页人工核对。,boya-elementary-ii:着:zhao
boya-elementary-ii,初级起步篇 II,lesson-09,9,糟糕的一天,19,21.一下子*,一下子,yixiazi,yixidzi,副,副,"all at once, all of a sudden",đột nhiên; trong chốc lát,translated_subagent_draft,*,lesson_vocab,94,9,appendix_matched_ocr_occurrence_needs_translation_review,词语页 OCR 配对；需用词语总表与原页人工核对。,boya-elementary-ii:一下子:yixidzi
boya-elementary-ii,初级起步篇 II,lesson-09,9,糟糕的一天,20,乘客,乘客,chengke,chengke,名,名,passenger,hành khách,translated_subagent_draft,,lesson_vocab,94,9,appendix_matched_ocr_occurrence_needs_translation_review,词语页 OCR 配对；需用词语总表与原页人工核对。,boya-elementary-ii:乘客:chengke
boya-elementary-ii,初级起步篇 II,lesson-09,9,糟糕的一天,21,快,快,Kudi,kuai,形,形,quick,nhanh,translated_subagent_draft,,lesson_vocab,94,9,appendix_matched_ocr_occurrence_needs_translation_review,词语页 OCR 配对；需用词语总表与原页人工核对。,boya-elementary-ii:快:kuai
boya-elementary-ii,初级起步篇 II,lesson-09,9,糟糕的一天,22,下来,下来,xid lai,xid lai,,,to come down,đi xuống; xuống,translated_subagent_draft,,lesson_vocab,94,9,appendix_matched_ocr_occurrence_needs_translation_review,词语页 OCR 配对；需用词语总表与原页人工核对。,boya-elementary-ii:下来:xidlai
boya-elementary-ii,初级起步篇 II,lesson-09,9,糟糕的一天,23,黑板,黑板,heiban,heiban,名,名,blackboard,bảng đen,translated_subagent_draft,,lesson_vocab,94,9,appendix_matched_ocr_occurrence_needs_translation_review,词语页 OCR 配对；需用词语总表与原页人工核对。,boya-elementary-ii:黑板:heiban
boya-elementary-ii,初级起步篇 II,lesson-09,9,糟糕的一天,24,忘,忘,wang,wang,动,动,to forget,quên,translated_subagent_draft,,lesson_vocab,94,9,appendix_matched_ocr_occurrence_needs_translation_review,词语页 OCR 配对；需用词语总表与原页人工核对。,boya-elementary-ii:忘:wang
boya-elementary-ii,初级起步篇 II,lesson-10,10,你的旅行怎么样,1,照*,照,zhao,zhao,动,动,to photograph; to take （a picture）,chụp; chụp ảnh,translated_subagent_draft,*,lesson_vocab,102,10,appendix_matched_ocr_occurrence_needs_translation_review,词语页 OCR 配对；需用词语总表与原页人工核对。,boya-elementary-ii:照:zhao
boya-elementary-ii,初级起步篇 II,lesson-10,10,你的旅行怎么样,2,2.拐*,拐,guai,gudi,动,动,to limp,rẽ; quẹo,translated_subagent_draft,*,lesson_vocab,102,10,appendix_matched_ocr_occurrence_needs_translation_review,词语页 OCR 配对；需用词语总表与原页人工核对。,boya-elementary-ii:拐:gudi
boya-elementary-ii,初级起步篇 II,lesson-10,10,你的旅行怎么样,3,交*,交,jiao,JiGO,动,动,to make （friends with）,kết; giao; nộp,translated_subagent_draft,*,lesson_vocab,102,10,appendix_matched_ocr_occurrence_needs_translation_review,词语页 OCR 配对；需用词语总表与原页人工核对。,boya-elementary-ii:交:jigo
boya-elementary-ii,初级起步篇 II,lesson-10,10,你的旅行怎么样,4,4.摆*,摆,bai,bai,动,动,to lay; to set,bày; đặt; xếp,translated_subagent_draft,*,lesson_vocab,102,10,appendix_matched_ocr_occurrence_needs_translation_review,词语页 OCR 配对；需用词语总表与原页人工核对。,boya-elementary-ii:摆:bai
boya-elementary-ii,初级起步篇 II,lesson-10,10,你的旅行怎么样,5,墙*,墙,qiang,qiang,名,名,wall,tường,translated_subagent_draft,*,lesson_vocab,102,10,appendix_matched_ocr_occurrence_needs_translation_review,词语页 OCR 配对；需用词语总表与原页人工核对。,boya-elementary-ii:墙:qiang
boya-elementary-ii,初级起步篇 II,lesson-10,10,你的旅行怎么样,6,相片*,相片,xiangpian,xiangpian,名,名,photograph,ảnh; bức ảnh,translated_subagent_draft,*,lesson_vocab,102,10,appendix_matched_ocr_occurrence_needs_translation_review,词语页 OCR 配对；需用词语总表与原页人工核对。,boya-elementary-ii:相片:xiangpian
boya-elementary-ii,初级起步篇 II,lesson-10,10,你的旅行怎么样,7,阳光*,阳光,yangguang,yangguang,名,名,sunlight,ánh nắng,translated_subagent_draft,*,lesson_vocab,102,10,appendix_matched_ocr_occurrence_needs_translation_review,词语页 OCR 配对；需用词语总表与原页人工核对。,boya-elementary-ii:阳光:yangguang
boya-elementary-ii,初级起步篇 II,lesson-10,10,你的旅行怎么样,8,灿烂*,灿烂,canlan,canlan,形,形,brilliant; glorious,rực rỡ; tươi sáng,translated_subagent_draft,*,lesson_vocab,102,10,appendix_matched_ocr_occurrence_needs_translation_review,词语页 OCR 配对；需用词语总表与原页人工核对。,boya-elementary-ii:灿烂:canlan
boya-elementary-ii,初级起步篇 II,lesson-10,10,你的旅行怎么样,9,水饺,水饺,shurjido,shurjidio,名,名,dumpling （with meat and vegetable stuffing）,sủi cảo,translated_subagent_draft,,lesson_vocab,102,10,appendix_matched_ocr_occurrence_needs_translation_review,词语页 OCR 配对；需用词语总表与原页人工核对。,boya-elementary-ii:水饺:shurjidio
boya-elementary-ii,初级起步篇 II,lesson-10,10,你的旅行怎么样,10,回,回,hui,hui,量,量,measure word （used in times of action）,lần; lượng từ cho số lần làm một việc,translated_subagent_draft,,lesson_vocab,102,10,appendix_matched_ocr_occurrence_needs_translation_review,词语页 OCR 配对；需用词语总表与原页人工核对。,boya-elementary-ii:回:hui
boya-elementary-ii,初级起步篇 II,lesson-10,10,你的旅行怎么样,11,感到*,感到,ganddo,gandao,动,动,to feel,cảm thấy,translated_subagent_draft,*,lesson_vocab,102,10,appendix_matched_ocr_occurrence_needs_translation_review,词语页 OCR 配对；需用词语总表与原页人工核对。,boya-elementary-ii:感到:gandao
boya-elementary-ii,初级起步篇 II,lesson-10,10,你的旅行怎么样,12,奇怪*,奇怪,qigudi,qigudi,形,形,strange;odd,lạ; kỳ lạ,translated_subagent_draft,*,lesson_vocab,102,10,appendix_matched_ocr_occurrence_needs_translation_review,词语页 OCR 配对；需用词语总表与原页人工核对。,boya-elementary-ii:奇怪:qigudi
boya-elementary-ii,初级起步篇 II,lesson-10,10,你的旅行怎么样,13,13.右*,右,you,you,名,名,right,bên phải,translated_subagent_draft,*,lesson_vocab,102,10,appendix_matched_ocr_occurrence_needs_translation_review,词语页 OCR 配对；需用词语总表与原页人工核对。,boya-elementary-ii:右:you
boya-elementary-ii,初级起步篇 II,lesson-10,10,你的旅行怎么样,14,食指*,食指,shizhi,shizhi,名,名,index finger,ngón trỏ,translated_subagent_draft,*,lesson_vocab,102,10,appendix_matched_ocr_occurrence_needs_translation_review,词语页 OCR 配对；需用词语总表与原页人工核对。,boya-elementary-ii:食指:shizhi
boya-elementary-ii,初级起步篇 II,lesson-10,10,你的旅行怎么样,15,一边*,一边,yibian,yibian,,,at the same time; simultaneously,vừa... vừa...; đồng thời,translated_subagent_draft,*,lesson_vocab,102,10,appendix_matched_ocr_occurrence_needs_translation_review,词语页 OCR 配对；需用词语总表与原页人工核对。,boya-elementary-ii:一边:yibian
boya-elementary-ii,初级起步篇 II,lesson-10,10,你的旅行怎么样,16,中指*,中指,zhongzhi,zhōngzhǐ,名,名,middle finger,ngón giữa,translated_subagent_draft,*,lesson_vocab,102,10,appendix_matched_ocr_occurrence_needs_translation_review,拼音 OCR 修为 zhōngzhǐ,boya-elementary-ii:中指:zhongzhi
boya-elementary-ii,初级起步篇 II,lesson-10,10,你的旅行怎么样,17,17.动作,动作,dongzuo,dongzuo,名,名,action; movement,động tác,translated_subagent_draft,,lesson_vocab,103,10,appendix_matched_ocr_occurrence_needs_translation_review,词语页 OCR 配对；需用词语总表与原页人工核对。,boya-elementary-ii:动作:dongzuo
boya-elementary-ii,初级起步篇 II,lesson-10,10,你的旅行怎么样,18,18. 幸运,幸运,xingyun,xingyin,形,形,lucky; fortunate,may mắn,translated_subagent_draft,,lesson_vocab,103,10,appendix_matched_ocr_occurrence_needs_translation_review,词语页 OCR 配对；需用词语总表与原页人工核对。,boya-elementary-ii:幸运:xingyin
boya-elementary-ii,初级起步篇 II,lesson-10,10,你的旅行怎么样,19,19. 外卖,外卖,waimai,waimai,名,名,take-out food,đồ ăn giao tận nơi,translated_subagent_draft,,lesson_vocab,103,10,appendix_matched_ocr_occurrence_needs_translation_review,词语页 OCR 配对；需用词语总表与原页人工核对。,boya-elementary-ii:外卖:waimai
boya-elementary-ii,初级起步篇 II,lesson-10,10,你的旅行怎么样,20,帮助,帮助,bangzhu,bangzhu,动,动,to help,giúp đỡ; sự giúp đỡ,translated_subagent_draft,,lesson_vocab,103,10,appendix_matched_ocr_occurrence_needs_translation_review,词语页 OCR 配对；需用词语总表与原页人工核对。,boya-elementary-ii:帮助:bangzhu
boya-elementary-ii,初级起步篇 II,lesson-10,10,你的旅行怎么样,21,21.开心*,开心,Kaixin,kaixin,形,形,happy; glad,vui; vui vẻ,translated_subagent_draft,*,lesson_vocab,103,10,appendix_matched_ocr_occurrence_needs_translation_review,词语页 OCR 配对；需用词语总表与原页人工核对。,boya-elementary-ii:开心:kaixin
boya-elementary-ii,初级起步篇 II,lesson-10,10,你的旅行怎么样,22,22. 笑*,笑,xido,xido,动,动,to smile; to laugh,cười,translated_subagent_draft,*,lesson_vocab,103,10,appendix_matched_ocr_occurrence_needs_translation_review,词语页 OCR 配对；需用词语总表与原页人工核对。,boya-elementary-ii:笑:xido
boya-elementary-ii,初级起步篇 II,lesson-11,11,做一个家常菜,1,家常菜*,家常菜,Jiachangcai,jiachangcai,名,名,home-made dish（food）,món ăn gia đình,translated_subagent_draft,*,lesson_vocab,112,11,appendix_matched_ocr_occurrence_needs_translation_review,词语页 OCR 配对；需用词语总表与原页人工核对。,boya-elementary-ii:家常菜:jiachangcai
boya-elementary-ii,初级起步篇 II,lesson-11,11,做一个家常菜,2,教*,教,Jido,jiao,动,动,to teach,dạy,translated_subagent_draft,*,lesson_vocab,112,11,appendix_matched_ocr_occurrence_needs_translation_review,词语页 OCR 配对；需用词语总表与原页人工核对。,boya-elementary-ii:教:jiao
boya-elementary-ii,初级起步篇 II,lesson-11,11,做一个家常菜,3,切*,切,qle,qie,动,动,to cut,cắt; thái,translated_subagent_draft,*,lesson_vocab,112,11,appendix_matched_ocr_occurrence_needs_translation_review,词语页 OCR 配对；需用词语总表与原页人工核对。,boya-elementary-ii:切:qie
boya-elementary-ii,初级起步篇 II,lesson-11,11,做一个家常菜,4,丝*,丝,Si,Si,名,名,narrow pleces,sợi; sợi nhỏ (lượng từ),translated_subagent_draft,*,lesson_vocab,112,11,appendix_matched_ocr_occurrence_needs_translation_review,词语页 OCR 配对；需用词语总表与原页人工核对。,boya-elementary-ii:丝:si
boya-elementary-ii,初级起步篇 II,lesson-11,11,做一个家常菜,5,盐*,盐,yan,yan,名,名,salt,muối,translated_subagent_draft,*,lesson_vocab,112,11,appendix_matched_ocr_occurrence_needs_translation_review,词语页 OCR 配对；需用词语总表与原页人工核对。,boya-elementary-ii:盐:yan
boya-elementary-ii,初级起步篇 II,lesson-11,11,做一个家常菜,6,6.蒜,蒜,suan,suan,名,名,garlic,tỏi,translated_subagent_draft,,lesson_vocab,112,11,appendix_matched_ocr_occurrence_needs_translation_review,词语页 OCR 配对；需用词语总表与原页人工核对。,boya-elementary-ii:蒜:suan
boya-elementary-ii,初级起步篇 II,lesson-11,11,做一个家常菜,7,洗,洗,Xi,xY,动,动,to wash,rửa; giặt,translated_subagent_draft,,lesson_vocab,112,11,appendix_matched_ocr_occurrence_needs_translation_review,词语页 OCR 配对；需用词语总表与原页人工核对。,boya-elementary-ii:洗:xy
boya-elementary-ii,初级起步篇 II,lesson-11,11,做一个家常菜,8,片,片,pian,pian,名,名,slice,miếng; lát (lượng từ),translated_subagent_draft,,lesson_vocab,112,11,appendix_matched_ocr_occurrence_needs_translation_review,词语页 OCR 配对；需用词语总表与原页人工核对。,boya-elementary-ii:片:pian
boya-elementary-ii,初级起步篇 II,lesson-11,11,做一个家常菜,9,锅*,锅,guO,guō,名,名,pan,chảo; nồi,translated_subagent_draft,*,lesson_vocab,112,11,appendix_matched_ocr_occurrence_needs_translation_review,拼音 OCR 修为 guō,boya-elementary-ii:锅:guo
boya-elementary-ii,初级起步篇 II,lesson-11,11,做一个家常菜,10,10.火*,火,huo,huo,名,名,fire,lửa,translated_subagent_draft,*,lesson_vocab,112,11,appendix_matched_ocr_occurrence_needs_translation_review,词语页 OCR 配对；需用词语总表与原页人工核对。,boya-elementary-ii:火:huo
boya-elementary-ii,初级起步篇 II,lesson-11,11,做一个家常菜,11,11.油*,油,you,yOu,名,名,T!O,dầu ăn,translated_subagent_draft,*,lesson_vocab,112,11,appendix_matched_ocr_occurrence_needs_translation_review,词语页 OCR 配对；需用词语总表与原页人工核对。,boya-elementary-ii:油:you
boya-elementary-ii,初级起步篇 II,lesson-11,11,做一个家常菜,12,12. 倒,倒,ddo,dao,动,动,mod o1,ngã; đổ,translated_subagent_draft,,lesson_vocab,112,9,appendix_matched_ocr_occurrence_needs_translation_review,词语页 OCR 配对；需用词语总表与原页人工核对。,boya-elementary-ii:倒:dao
boya-elementary-ii,初级起步篇 II,lesson-11,11,做一个家常菜,13,熟,熟,Shou,shou,形,形,pay000,chín,translated_subagent_draft,,lesson_vocab,112,11,appendix_matched_ocr_occurrence_needs_translation_review,词语页 OCR 配对；需用词语总表与原页人工核对。,boya-elementary-ii:熟:shou
boya-elementary-ii,初级起步篇 II,lesson-11,11,做一个家常菜,14,醋,醋,CU,cù,名,名,TESOUIA,giấm,translated_subagent_draft,,lesson_vocab,112,11,appendix_matched_ocr_occurrence_needs_translation_review,拼音 OCR 修为 cù,boya-elementary-ii:醋:cu
boya-elementary-ii,初级起步篇 II,lesson-11,11,做一个家常菜,15,酸*,酸,suan,suan,形,形,InOs,chua,translated_subagent_draft,*,lesson_vocab,112,11,appendix_matched_ocr_occurrence_needs_translation_review,词语页 OCR 配对；需用词语总表与原页人工核对。,boya-elementary-ii:酸:suan
boya-elementary-ii,初级起步篇 II,lesson-11,11,做一个家常菜,16,最后*,最后,zuihou,zuihou,名,名,Aireuy,cuối cùng; sau cùng,translated_subagent_draft,*,lesson_vocab,112,11,appendix_matched_ocr_occurrence_needs_translation_review,词语页 OCR 配对；需用词语总表与原页人工核对。,boya-elementary-ii:最后:zuihou
boya-elementary-ii,初级起步篇 II,lesson-11,11,做一个家常菜,17,17. 加*,加,Jia,jia,动,动,to add,thêm; cộng,translated_subagent_draft,*,lesson_vocab,113,11,appendix_matched_ocr_occurrence_needs_translation_review,词语页 OCR 配对；需用词语总表与原页人工核对。,boya-elementary-ii:加:jia
boya-elementary-ii,初级起步篇 II,lesson-11,11,做一个家常菜,18,18. 热,热,re,re,形,形,hot,nóng,translated_subagent_draft,,lesson_vocab,113,11,appendix_matched_ocr_occurrence_needs_translation_review,词语页 OCR 配对；需用词语总表与原页人工核对。,boya-elementary-ii:热:re
boya-elementary-ii,初级起步篇 II,lesson-11,11,做一个家常菜,19,19.土豆,土豆,tudou,tǔdòu,名,名,potato,khoai tây,translated_subagent_draft,,lesson_vocab,113,11,appendix_matched_ocr_occurrence_needs_translation_review,拼音 OCR 修为 tǔdòu,boya-elementary-ii:土豆:tudou
boya-elementary-ii,初级起步篇 II,lesson-11,11,做一个家常菜,20,辣椒,辣椒,Iajiao,lajiao,名,名,pepper,ớt,translated_subagent_draft,,lesson_vocab,113,11,appendix_matched_ocr_occurrence_needs_translation_review,词语页 OCR 配对；需用词语总表与原页人工核对。,boya-elementary-ii:辣椒:lajiao
boya-elementary-ii,初级起步篇 II,lesson-11,11,做一个家常菜,21,21. 超市,超市,chaoshi,chaoshi,名,名,supermarket,siêu thị,translated_subagent_draft,,lesson_vocab,113,11,appendix_matched_ocr_occurrence_needs_translation_review,词语页 OCR 配对；需用词语总表与原页人工核对。,boya-elementary-ii:超市:chaoshi
boya-elementary-ii,初级起步篇 II,lesson-11,11,做一个家常菜,22,新鲜,新鲜,xinxian,xinxian,形,形,fresh peel,tươi; mới,translated_subagent_draft,,lesson_vocab,113,11,appendix_matched_ocr_occurrence_needs_translation_review,词语页 OCR 配对；需用词语总表与原页人工核对。,boya-elementary-ii:新鲜:xinxian
boya-elementary-ii,初级起步篇 II,lesson-11,11,做一个家常菜,23,24.去掉,去掉,qu dido,qu dico,,,to remove,bỏ đi; loại bỏ,translated_subagent_draft,,lesson_vocab,113,11,appendix_matched_ocr_occurrence_needs_translation_review,词语页 OCR 配对；需用词语总表与原页人工核对。,boya-elementary-ii:去掉:qudico
boya-elementary-ii,初级起步篇 II,lesson-11,11,做一个家常菜,24,25. 原料*,原料,yuanlido,yuanlido,名,名,raw material,nguyên liệu,translated_subagent_draft,*,lesson_vocab,113,11,appendix_matched_ocr_occurrence_needs_translation_review,词语页 OCR 配对；需用词语总表与原页人工核对。,boya-elementary-ii:原料:yuanlido
boya-elementary-ii,初级起步篇 II,lesson-11,11,做一个家常菜,25,把*,把,ba,ba,介,介,showing the influence on sb. or sth.， or how sth. is dealt with,đưa tân ngữ lên trước để nói cách xử lý hoặc tác động lên sự vật,translated_subagent_draft,*,lesson_vocab,113,11,appendix_matched_ocr_occurrence_needs_translation_review,词语页 OCR 配对；需用词语总表与原页人工核对。,boya-elementary-ii:把:ba
boya-elementary-ii,初级起步篇 II,lesson-11,11,做一个家常菜,26,尝*,尝,chang,chang,动,动,to taste,nếm; thử vị,translated_subagent_draft,*,lesson_vocab,113,11,appendix_matched_ocr_occurrence_needs_translation_review,词语页 OCR 配对；需用词语总表与原页人工核对。,boya-elementary-ii:尝:chang
boya-elementary-ii,初级起步篇 II,lesson-11,11,做一个家常菜,27,点着*,点着,dian zhao,didn zhao,,,to light a fire,châm; đốt lên,translated_subagent_draft,*,lesson_vocab,113,11,appendix_matched_ocr_occurrence_needs_translation_review,词语页 OCR 配对；需用词语总表与原页人工核对。,boya-elementary-ii:点着:didnzhao
boya-elementary-ii,初级起步篇 II,lesson-11,11,做一个家常菜,28,可口*,可口,KekOu,kekou,形,形,tasty,ngon miệng,translated_subagent_draft,*,lesson_vocab,113,11,appendix_matched_ocr_occurrence_needs_translation_review,词语页 OCR 配对；需用词语总表与原页人工核对。,boya-elementary-ii:可口:kekou
boya-elementary-ii,初级起步篇 II,lesson-12,12,搬进学校的宿舍,1,1.重*,重,zhong,zhong,形,形,heavy,nặng,translated_subagent_draft,*,lesson_vocab,123,12,appendix_matched_ocr_occurrence_needs_translation_review,词语页 OCR 配对；需用词语总表与原页人工核对。,boya-elementary-ii:重:zhong
boya-elementary-ii,初级起步篇 II,lesson-12,12,搬进学校的宿舍,2,湖,湖,hu,hu,名,名,lake,hồ,translated_subagent_draft,,lesson_vocab,123,12,appendix_matched_ocr_occurrence_needs_translation_review,词语页 OCR 配对；需用词语总表与原页人工核对。,boya-elementary-ii:湖:hu
boya-elementary-ii,初级起步篇 II,lesson-12,12,搬进学校的宿舍,3,搬家*,搬家,ban jia,ban jia,,,to move house,chuyển nhà,translated_subagent_draft,*,lesson_vocab,123,12,appendix_matched_ocr_occurrence_needs_translation_review,词语页 OCR 配对；需用词语总表与原页人工核对。,boya-elementary-ii:搬家:banjia
boya-elementary-ii,初级起步篇 II,lesson-12,12,搬进学校的宿舍,4,收拾,收拾,shoushi,shoushi,动,动,to pack; to clear away,dọn dẹp; thu xếp,translated_subagent_draft,,lesson_vocab,123,12,appendix_matched_ocr_occurrence_needs_translation_review,词语页 OCR 配对；需用词语总表与原页人工核对。,boya-elementary-ii:收拾:shoushi
boya-elementary-ii,初级起步篇 II,lesson-12,12,搬进学校的宿舍,5,房间,房间,fangjian,fangjian,名,名,room,phòng,translated_subagent_draft,,lesson_vocab,123,12,appendix_matched_ocr_occurrence_needs_translation_review,词语页 OCR 配对；需用词语总表与原页人工核对。,boya-elementary-ii:房间:fangjian
boya-elementary-ii,初级起步篇 II,lesson-12,12,搬进学校的宿舍,6,号码,亏码,haoma,haoma,名,名,number,số; số điện thoại,translated_subagent_draft,,lesson_vocab,123,12,appendix_matched_ocr_occurrence_needs_translation_review,词语页 OCR 配对；需用词语总表与原页人工核对。,boya-elementary-ii:亏码:haoma
boya-elementary-ii,初级起步篇 II,lesson-12,12,搬进学校的宿舍,7,聪明,聪明,congming,congming,形,形,smart; clever,thông minh,translated_subagent_draft,,lesson_vocab,123,12,appendix_matched_ocr_occurrence_needs_translation_review,词语页 OCR 配对；需用词语总表与原页人工核对。,boya-elementary-ii:聪明:congming
boya-elementary-ii,初级起步篇 II,lesson-12,12,搬进学校的宿舍,8,箱子*,箱子,xiangzi,xiangzi,名,名,box,thùng; hộp lớn,translated_subagent_draft,*,lesson_vocab,123,12,appendix_matched_ocr_occurrence_needs_translation_review,词语页 OCR 配对；需用词语总表与原页人工核对。,boya-elementary-ii:箱子:xiangzi
boya-elementary-ii,初级起步篇 II,lesson-12,12,搬进学校的宿舍,9,家具,家具,Jiaju,jiaju,名,名,furniture,đồ nội thất,translated_subagent_draft,,lesson_vocab,123,12,appendix_matched_ocr_occurrence_needs_translation_review,词语页 OCR 配对；需用词语总表与原页人工核对。,boya-elementary-ii:家具:jiaju
boya-elementary-ii,初级起步篇 II,lesson-12,12,搬进学校的宿舍,10,条件*,条件,tiaojian,tidolian,名,名,condition,điều kiện,translated_subagent_draft,*,lesson_vocab,123,12,appendix_matched_ocr_occurrence_needs_translation_review,词语页 OCR 配对；需用词语总表与原页人工核对。,boya-elementary-ii:条件:tidolian
boya-elementary-ii,初级起步篇 II,lesson-12,12,搬进学校的宿舍,11,11. 风景,风景,fengjing,fengjing,名,名,scenery,phong cảnh,translated_subagent_draft,,lesson_vocab,123,12,appendix_matched_ocr_occurrence_needs_translation_review,词语页 OCR 配对；需用词语总表与原页人工核对。,boya-elementary-ii:风景:fengjing
boya-elementary-ii,初级起步篇 II,lesson-12,12,搬进学校的宿舍,12,12. 散步,散步,san bu,san bu,,,to go for a walk,đi dạo,translated_subagent_draft,,lesson_vocab,123,12,appendix_matched_ocr_occurrence_needs_translation_review,词语页 OCR 配对；需用词语总表与原页人工核对。,boya-elementary-ii:散步:sanbu
boya-elementary-ii,初级起步篇 II,lesson-12,12,搬进学校的宿舍,13,西边,西边,xibian,xibian,名,名,west,phía tây,translated_subagent_draft,,lesson_vocab,123,12,appendix_matched_ocr_occurrence_needs_translation_review,词语页 OCR 配对；需用词语总表与原页人工核对。,boya-elementary-ii:西边:xibian
boya-elementary-ii,初级起步篇 II,lesson-12,12,搬进学校的宿舍,14,南边*,南边,nanbian,nanbian,名,名,south,phía nam,translated_subagent_draft,*,lesson_vocab,123,12,appendix_matched_ocr_occurrence_needs_translation_review,词语页 OCR 配对；需用词语总表与原页人工核对。,boya-elementary-ii:南边:nanbian
boya-elementary-ii,初级起步篇 II,lesson-12,12,搬进学校的宿舍,15,担心,担心,danxin,danxin,动,动,to worry,lo lắng,translated_subagent_draft,,lesson_vocab,123,12,appendix_matched_ocr_occurrence_needs_translation_review,词语页 OCR 配对；需用词语总表与原页人工核对。,boya-elementary-ii:担心:danxin
boya-elementary-ii,初级起步篇 II,lesson-12,12,搬进学校的宿舍,16,公司*,公司,gongsi,gongsi,名,名,company,công ty,translated_subagent_draft,*,lesson_vocab,123,12,appendix_matched_ocr_occurrence_needs_translation_review,词语页 OCR 配对；需用词语总表与原页人工核对。,boya-elementary-ii:公司:gongsi
boya-elementary-ii,初级起步篇 II,lesson-12,12,搬进学校的宿舍,17,17.纸*,纸,zhi,zhi,名,名,paper,giấy,translated_subagent_draft,*,lesson_vocab,123,12,appendix_matched_ocr_occurrence_needs_translation_review,词语页 OCR 配对；需用词语总表与原页人工核对。,boya-elementary-ii:纸:zhi
boya-elementary-ii,初级起步篇 II,lesson-12,12,搬进学校的宿舍,18,咦*,咦,yi,yi,叹,叹,well; why （expressing surprise）,ủa; ơ,translated_subagent_draft,*,lesson_vocab,123,12,appendix_matched_ocr_occurrence_needs_translation_review,词语页 OCR 配对；需用词语总表与原页人工核对。,boya-elementary-ii:咦:yi
boya-elementary-ii,初级起步篇 II,lesson-12,12,搬进学校的宿舍,19,按*,按,an,an,介,介,according to,theo; căn cứ theo,translated_subagent_draft,*,lesson_vocab,124,12,appendix_matched_ocr_occurrence_needs_translation_review,词语页 OCR 配对；需用词语总表与原页人工核对。,boya-elementary-ii:按:an
boya-elementary-ii,初级起步篇 II,lesson-12,12,搬进学校的宿舍,20,北边,北边,beibian,beibian,名,名,north,phía bắc,translated_subagent_draft,,lesson_vocab,124,12,appendix_matched_ocr_occurrence_needs_translation_review,词语页 OCR 配对；需用词语总表与原页人工核对。,boya-elementary-ii:北边:beibian
boya-elementary-ii,初级起步篇 II,lesson-12,12,搬进学校的宿舍,21,东边,东边,aongbian,dongbian,名,名,east,phía đông,translated_subagent_draft,,lesson_vocab,124,12,appendix_matched_ocr_occurrence_needs_translation_review,词语页 OCR 配对；需用词语总表与原页人工核对。,boya-elementary-ii:东边:dongbian
boya-elementary-ii,初级起步篇 II,lesson-12,12,搬进学校的宿舍,22,安静*,安静,anjing,dinjing,形,形,quiet,yên tĩnh,translated_subagent_draft,*,lesson_vocab,124,12,appendix_matched_ocr_occurrence_needs_translation_review,词语页 OCR 配对；需用词语总表与原页人工核对。,boya-elementary-ii:安静:dinjing
boya-elementary-ii,初级起步篇 II,lesson-12,12,搬进学校的宿舍,23,东！,东门,dongmen,dongmen,名,名,east gate,cổng phía đông,translated_subagent_draft,,lesson_vocab,124,12,appendix_matched_ocr_occurrence_needs_translation_review,词语页 OCR 配对；需用词语总表与原页人工核对。,boya-elementary-ii:东门:dongmen
boya-elementary-ii,初级起步篇 II,lesson-12,12,搬进学校的宿舍,24,公园*,公园,gongyuan,gongyuan,名,名,park,công viên,translated_subagent_draft,*,lesson_vocab,124,12,appendix_matched_ocr_occurrence_needs_translation_review,词语页 OCR 配对；需用词语总表与原页人工核对。,boya-elementary-ii:公园:gongyuan
boya-elementary-ii,初级起步篇 II,lesson-12,12,搬进学校的宿舍,25,树,树,shu,shu,名,名,tree,cây,translated_subagent_draft,,lesson_vocab,124,12,appendix_matched_ocr_occurrence_needs_translation_review,词语页 OCR 配对；需用词语总表与原页人工核对。,boya-elementary-ii:树:shu
boya-elementary-ii,初级起步篇 II,lesson-12,12,搬进学校的宿舍,26,26. 桌子*,桌子,zhuozi,zhuozi,名,名,table,bàn,translated_subagent_draft,*,lesson_vocab,124,12,appendix_matched_ocr_occurrence_needs_translation_review,词语页 OCR 配对；需用词语总表与原页人工核对。,boya-elementary-ii:桌子:zhuozi
boya-elementary-ii,初级起步篇 II,lesson-13,13,我叫“不紧张”,1,1. 紧张,紧张,jinzhang,jinzhang,形,形,nervous,căng thẳng; hồi hộp,translated_subagent_draft,,lesson_vocab,133,13,appendix_matched_ocr_occurrence_needs_translation_review,词语页 OCR 配对；需用词语总表与原页人工核对。,boya-elementary-ii:紧张:jinzhang
boya-elementary-ii,初级起步篇 II,lesson-13,13,我叫“不紧张”,2,遍*,遍,bian,bian,量,量,measure word （for time in repetition）,lần; lượng từ cho số lượt làm trọn một việc,translated_subagent_draft,*,lesson_vocab,133,13,appendix_matched_ocr_occurrence_needs_translation_review,词语页 OCR 配对；需用词语总表与原页人工核对。,boya-elementary-ii:遍:bian
boya-elementary-ii,初级起步篇 II,lesson-13,13,我叫“不紧张”,3,成绩*,成绩,chengji,chengji,名,名,gerade; score,điểm số; thành tích,translated_subagent_draft,*,lesson_vocab,133,13,appendix_matched_ocr_occurrence_needs_translation_review,词语页 OCR 配对；需用词语总表与原页人工核对。,boya-elementary-ii:成绩:chengji
boya-elementary-ii,初级起步篇 II,lesson-13,13,我叫“不紧张”,4,得＊,得,de,de,动,动,to get,phải; cần phải,translated_subagent_draft,,lesson_vocab,133,13,appendix_matched_ocr_occurrence_needs_translation_review,词语页 OCR 配对；需用词语总表与原页人工核对。,boya-elementary-ii:得:de
boya-elementary-ii,初级起步篇 II,lesson-13,13,我叫“不紧张”,5,难过*,难过,nanguo,nanguo,形,形,sad,buồn; khó chịu,translated_subagent_draft,*,lesson_vocab,133,13,appendix_matched_ocr_occurrence_needs_translation_review,词语页 OCR 配对；需用词语总表与原页人工核对。,boya-elementary-ii:难过:nanguo
boya-elementary-ii,初级起步篇 II,lesson-13,13,我叫“不紧张”,6,其实*,其实,qishi,qishi,,,actually,thật ra; thực ra,translated_subagent_draft,*,lesson_vocab,133,13,appendix_matched_ocr_occurrence_needs_translation_review,词语页 OCR 配对；需用词语总表与原页人工核对。,boya-elementary-ii:其实:qishi
boya-elementary-ii,初级起步篇 II,lesson-13,13,我叫“不紧张”,7,7. 记住,记住,jizhu,jìzhù,,,to bear in mind,ghi nhớ,translated_subagent_draft,,lesson_vocab,133,13,appendix_matched_ocr_occurrence_needs_translation_review,拼音 OCR 修为 jìzhù,boya-elementary-ii:记住:jizhu
boya-elementary-ii,初级起步篇 II,lesson-13,13,我叫“不紧张”,8,害怕,害怕,haipa,haipa,动,动,to fear,sợ,translated_subagent_draft,,lesson_vocab,133,13,appendix_matched_ocr_occurrence_needs_translation_review,词语页 OCR 配对；需用词语总表与原页人工核对。,boya-elementary-ii:害怕:haipa
boya-elementary-ii,初级起步篇 II,lesson-13,13,我叫“不紧张”,9,9. 也许,也许,yexu,YExU,,,maybe,có lẽ,translated_subagent_draft,,lesson_vocab,133,13,appendix_matched_ocr_occurrence_needs_translation_review,词语页 OCR 配对；需用词语总表与原页人工核对。,boya-elementary-ii:也许:yexu
boya-elementary-ii,初级起步篇 II,lesson-13,13,我叫“不紧张”,10,认真*,认真,renzhen,renzhen,形,形,serious; earnest,nghiêm túc; chăm chỉ,translated_subagent_draft,*,lesson_vocab,133,13,appendix_matched_ocr_occurrence_needs_translation_review,词语页 OCR 配对；需用词语总表与原页人工核对。,boya-elementary-ii:认真:renzhen
boya-elementary-ii,初级起步篇 II,lesson-13,13,我叫“不紧张”,11,答案,答案,da'an,da'an,名,名,answer,đáp án,translated_subagent_draft,,lesson_vocab,133,13,appendix_matched_ocr_occurrence_needs_translation_review,词语页 OCR 配对；需用词语总表与原页人工核对。,boya-elementary-ii:答案:daan
boya-elementary-ii,初级起步篇 II,lesson-13,13,我叫“不紧张”,12,终于,终于,zhongyi,zhongyu,,,finally,cuối cùng,translated_subagent_draft,,lesson_vocab,133,13,appendix_matched_ocr_occurrence_needs_translation_review,词语页 OCR 配对；需用词语总表与原页人工核对。,boya-elementary-ii:终于:zhongyu
boya-elementary-ii,初级起步篇 II,lesson-13,13,我叫“不紧张”,13,13. 不管*,不管,buguan,bugudn,连,连,no matter,bất kể; dù thế nào,translated_subagent_draft,*,lesson_vocab,133,13,appendix_matched_ocr_occurrence_needs_translation_review,词语页 OCR 配对；需用词语总表与原页人工核对。,boya-elementary-ii:不管:bugudn
boya-elementary-ii,初级起步篇 II,lesson-13,13,我叫“不紧张”,14,14.闭,闭,bi,bi,动,动,to close,đóng; nhắm lại,translated_subagent_draft,,lesson_vocab,133,13,appendix_matched_ocr_occurrence_needs_translation_review,词语页 OCR 配对；需用词语总表与原页人工核对。,boya-elementary-ii:闭:bi
boya-elementary-ii,初级起步篇 II,lesson-13,13,我叫“不紧张”,15,15. 呼吸,呼吸,huxi,huxi,动,动,to breathe,hô hấp; thở,translated_subagent_draft,,lesson_vocab,133,13,appendix_matched_ocr_occurrence_needs_translation_review,词语页 OCR 配对；需用词语总表与原页人工核对。,boya-elementary-ii:呼吸:huxi
boya-elementary-ii,初级起步篇 II,lesson-13,13,我叫“不紧张”,16,16.道,道,dao,dao,量,量,measure word （for examination questions）,lượng từ cho câu hỏi; món ăn,translated_subagent_draft,,lesson_vocab,133,13,appendix_matched_ocr_occurrence_needs_translation_review,词语页 OCR 配对；需用词语总表与原页人工核对。,boya-elementary-ii:道:dao
boya-elementary-ii,初级起步篇 II,lesson-13,13,我叫“不紧张”,17,……分之.・.*,……分之……,.・・・fenzhi.•,……fēnzhī……,,,percent,phần; dùng để đọc phân số hoặc phần trăm,translated_subagent_draft,*,lesson_vocab,133,13,appendix_matched_ocr_occurrence_needs_translation_review,词语页 OCR 配对；需用词语总表与原页人工核对。,boya-elementary-ii:……分之……:fenzhi
boya-elementary-ii,初级起步篇 II,lesson-13,13,我叫“不紧张”,18,越。,越……越……,yue・yue……・,yuè……yuè……,,,the more... the more...,càng… càng…,translated_subagent_draft,,lesson_vocab,134,13,appendix_matched_ocr_occurrence_needs_translation_review,词语页 OCR 配对；需用词语总表与原页人工核对。,boya-elementary-ii:越……越……:yueyue
boya-elementary-ii,初级起步篇 II,lesson-13,13,我叫“不紧张”,19,努力,努力,nuli,nuli,形,形,to make great efforts lian・・・・・・dou・• even,nỗ lực; cố gắng,translated_subagent_draft,,lesson_vocab,134,13,appendix_matched_ocr_occurrence_needs_translation_review,词语页 OCR 配对；需用词语总表与原页人工核对。,boya-elementary-ii:努力:nuli
boya-elementary-ii,初级起步篇 II,lesson-13,13,我叫“不紧张”,20,记得*,记得,jide,jìde,动,动,to remember,nhớ,translated_subagent_draft,*,lesson_vocab,134,13,appendix_matched_ocr_occurrence_needs_translation_review,拼音 OCR 修为 jìde,boya-elementary-ii:记得:jide
boya-elementary-ii,初级起步篇 II,lesson-13,13,我叫“不紧张”,21,考试,考试,Kdo shi,kdo shi,,,to examine,thi; kiểm tra,translated_subagent_draft,,lesson_vocab,134,13,appendix_matched_ocr_occurrence_needs_translation_review,词语页 OCR 配对；需用词语总表与原页人工核对。,boya-elementary-ii:考试:kdoshi
boya-elementary-ii,初级起步篇 II,lesson-13,13,我叫“不紧张”,22,遇到*,遇到,yu ddo,yu ddo,,,to run into; to encounter,gặp phải,translated_subagent_draft,*,lesson_vocab,134,13,appendix_matched_ocr_occurrence_needs_translation_review,词语页 OCR 配对；需用词语总表与原页人工核对。,boya-elementary-ii:遇到:yuddo
boya-elementary-ii,初级起步篇 II,lesson-13,13,我叫“不紧张”,23,希望,希望,xiwang,xiwang,动,动,to hope,hy vọng; mong,translated_subagent_draft,,lesson_vocab,134,13,appendix_matched_ocr_occurrence_needs_translation_review,词语页 OCR 配对；需用词语总表与原页人工核对。,boya-elementary-ii:希望:xiwang
boya-elementary-ii,初级起步篇 II,lesson-13,13,我叫“不紧张”,24,25.深,深,shen,shen,形,形,deep,sâu,translated_subagent_draft,,lesson_vocab,134,13,appendix_matched_ocr_occurrence_needs_translation_review,词语页 OCR 配对；需用词语总表与原页人工核对。,boya-elementary-ii:深:shen
boya-elementary-ii,初级起步篇 II,lesson-14,14,实现理想,1,实现*,实现,shixian,shixian,动,动,to accomplish; to realize,thực hiện; biến thành hiện thực,translated_subagent_draft,*,lesson_vocab,143,14,appendix_matched_ocr_occurrence_needs_translation_review,词语页 OCR 配对；需用词语总表与原页人工核对。,boya-elementary-ii:实现:shixian
boya-elementary-ii,初级起步篇 II,lesson-14,14,实现理想,2,理想*,理想,lixidng,iixidng,名,名,ideal: hope for the future,lý tưởng; ước mơ,translated_subagent_draft,*,lesson_vocab,143,14,appendix_matched_ocr_occurrence_needs_translation_review,词语页 OCR 配对；需用词语总表与原页人工核对。,boya-elementary-ii:理想:iixidng
boya-elementary-ii,初级起步篇 II,lesson-14,14,实现理想,3,当*,当,dang,dang,动,动,to work as,làm; đảm nhiệm vai trò,translated_subagent_draft,*,lesson_vocab,143,14,appendix_matched_ocr_occurrence_needs_translation_review,词语页 OCR 配对；需用词语总表与原页人工核对。,boya-elementary-ii:当:dang
boya-elementary-ii,初级起步篇 II,lesson-14,14,实现理想,4,歌手,歌手,geshou,geshou,名,名,singer,ca sĩ,translated_subagent_draft,,lesson_vocab,143,14,appendix_matched_ocr_occurrence_needs_translation_review,词语页 OCR 配对；需用词语总表与原页人工核对。,boya-elementary-ii:歌手:geshou
boya-elementary-ii,初级起步篇 II,lesson-14,14,实现理想,5,专门*,专门,zhuanmen,zhuanmen,,,especially,chuyên; đặc biệt,translated_subagent_draft,*,lesson_vocab,143,14,appendix_matched_ocr_occurrence_needs_translation_review,词语页 OCR 配对；需用词语总表与原页人工核对。,boya-elementary-ii:专门:zhuanmen
boya-elementary-ii,初级起步篇 II,lesson-14,14,实现理想,6,唱歌,唱歌,chang ge,chang ge,,,to sing a song,hát,translated_subagent_draft,,lesson_vocab,143,14,appendix_matched_ocr_occurrence_needs_translation_review,词语页 OCR 配对；需用词语总表与原页人工核对。,boya-elementary-ii:唱歌:changge
boya-elementary-ii,初级起步篇 II,lesson-14,14,实现理想,7,坚持*,坚持,jianchi,jianchi,动,动,to insist on,kiên trì; kiên quyết giữ vững,translated_subagent_draft,*,lesson_vocab,143,14,appendix_matched_ocr_occurrence_needs_translation_review,词语页 OCR 配对；需用词语总表与原页人工核对。,boya-elementary-ii:坚持:jianchi
boya-elementary-ii,初级起步篇 II,lesson-14,14,实现理想,8,成为*,成为,chengwei,chengwei,动,动,to become,trở thành,translated_subagent_draft,*,lesson_vocab,143,14,appendix_matched_ocr_occurrence_needs_translation_review,词语页 OCR 配对；需用词语总表与原页人工核对。,boya-elementary-ii:成为:chengwei
boya-elementary-ii,初级起步篇 II,lesson-14,14,实现理想,9,辅导*,辅导,fuddo,fuddo,动,动,to coach; to tutor,hướng dẫn; kèm học,translated_subagent_draft,*,lesson_vocab,143,14,appendix_matched_ocr_occurrence_needs_translation_review,词语页 OCR 配对；需用词语总表与原页人工核对。,boya-elementary-ii:辅导:fuddo
boya-elementary-ii,初级起步篇 II,lesson-14,14,实现理想,10,机会*,机会,jihui,Jihui,名,名,chance; opportunity,cơ hội,translated_subagent_draft,*,lesson_vocab,143,14,appendix_matched_ocr_occurrence_needs_translation_review,词语页 OCR 配对；需用词语总表与原页人工核对。,boya-elementary-ii:机会:jihui
boya-elementary-ii,初级起步篇 II,lesson-14,14,实现理想,11,11. 相关,相关,xiangguan,xiangguan,动,动,to be in related,liên quan,translated_subagent_draft,,lesson_vocab,143,14,appendix_matched_ocr_occurrence_needs_translation_review,词语页 OCR 配对；需用词语总表与原页人工核对。,boya-elementary-ii:相关:xiangguan
boya-elementary-ii,初级起步篇 II,lesson-14,14,实现理想,12,消息,消息,xidoxi,xidoxi,名,名,message,tin nhắn; tin tức,translated_subagent_draft,,lesson_vocab,143,14,appendix_matched_ocr_occurrence_needs_translation_review,词语页 OCR 配对；需用词语总表与原页人工核对。,boya-elementary-ii:消息:xidoxi
boya-elementary-ii,初级起步篇 II,lesson-14,14,实现理想,13,祝贺*,祝贺,zhuhe,zhuhe,动,动,to congratulate,chúc mừng,translated_subagent_draft,*,lesson_vocab,143,14,appendix_matched_ocr_occurrence_needs_translation_review,词语页 OCR 配对；需用词语总表与原页人工核对。,boya-elementary-ii:祝贺:zhuhe
boya-elementary-ii,初级起步篇 II,lesson-14,14,实现理想,14,失败*,失败,shibai,shibai,动,动,to fail,thất bại,translated_subagent_draft,*,lesson_vocab,143,14,appendix_matched_ocr_occurrence_needs_translation_review,词语页 OCR 配对；需用词语总表与原页人工核对。,boya-elementary-ii:失败:shibai
boya-elementary-ii,初级起步篇 II,lesson-14,14,实现理想,15,信息,信息,xinxi,xinxi,名,名,information; news,thông tin,translated_subagent_draft,,lesson_vocab,143,14,appendix_matched_ocr_occurrence_needs_translation_review,词语页 OCR 配对；需用词语总表与原页人工核对。,boya-elementary-ii:信息:xinxi
boya-elementary-ii,初级起步篇 II,lesson-14,14,实现理想,16,幼儿园*,幼儿园,you'eryuan,you'eryuan,名,名,kindergarten; nursery school,trường mẫu giáo,translated_subagent_draft,*,lesson_vocab,143,14,appendix_matched_ocr_occurrence_needs_translation_review,词语页 OCR 配对；需用词语总表与原页人工核对。,boya-elementary-ii:幼儿园:youeryuan
boya-elementary-ii,初级起步篇 II,lesson-14,14,实现理想,17,17. 启发*,启发,qifa,aifa,动,动,to enlighten,gợi mở; khơi gợi,translated_subagent_draft,*,lesson_vocab,143,14,appendix_matched_ocr_occurrence_needs_translation_review,词语页 OCR 配对；需用词语总表与原页人工核对。,boya-elementary-ii:启发:aifa
boya-elementary-ii,初级起步篇 II,lesson-14,14,实现理想,18,轻松,轻松,qingsong,qingsong,形,形,easy; relaxed,nhẹ nhàng; thoải mái,translated_subagent_draft,,lesson_vocab,144,14,appendix_matched_ocr_occurrence_needs_translation_review,词语页 OCR 配对；需用词语总表与原页人工核对。,boya-elementary-ii:轻松:qingsong
boya-elementary-ii,初级起步篇 II,lesson-14,14,实现理想,19,语言,语言,yuyan,yiyan,名,名,Language,ngôn ngữ,translated_subagent_draft,,lesson_vocab,144,14,appendix_matched_ocr_occurrence_needs_translation_review,词语页 OCR 配对；需用词语总表与原页人工核对。,boya-elementary-ii:语言:yiyan
boya-elementary-ii,初级起步篇 II,lesson-14,14,实现理想,20,沟通＊,沟通,goutong,goutong,动,动,to communicate,giao tiếp; trao đổi,translated_subagent_draft,,lesson_vocab,144,14,appendix_matched_ocr_occurrence_needs_translation_review,词语页 OCR 配对；需用词语总表与原页人工核对。,boya-elementary-ii:沟通:goutong
boya-elementary-ii,初级起步篇 II,lesson-14,14,实现理想,21,更加,更加,gengjia,gengjia,,,to a higher degree,càng; hơn nữa,translated_subagent_draft,,lesson_vocab,144,14,appendix_matched_ocr_occurrence_needs_translation_review,词语页 OCR 配对；需用词语总表与原页人工核对。,boya-elementary-ii:更加:gengjia
boya-elementary-ii,初级起步篇 II,lesson-14,14,实现理想,22,22.名,名,ming,ming,量,量,measure word （for human）,lượng từ lịch sự cho người,translated_subagent_draft,,lesson_vocab,144,14,appendix_matched_ocr_occurrence_needs_translation_review,词语页 OCR 配对；需用词语总表与原页人工核对。,boya-elementary-ii:名:ming
boya-elementary-ii,初级起步篇 II,lesson-14,14,实现理想,23,23.祝,祝,zhu,zhu,动,动,to express good wishes; to make a toast,chúc,translated_subagent_draft,,lesson_vocab,144,14,appendix_matched_ocr_occurrence_needs_translation_review,词语页 OCR 配对；需用词语总表与原页人工核对。,boya-elementary-ii:祝:zhu
boya-elementary-ii,初级起步篇 II,lesson-14,14,实现理想,24,成功*,成功,chenggong,chenggong,动,动,to succeed,thành công,translated_subagent_draft,*,lesson_vocab,144,14,appendix_matched_ocr_occurrence_needs_translation_review,词语页 OCR 配对；需用词语总表与原页人工核对。,boya-elementary-ii:成功:chenggong
boya-elementary-ii,初级起步篇 II,lesson-14,14,实现理想,25,25.只要*,只要,zhiydo,zhiydo,连,连,if only; so long as,chỉ cần,translated_subagent_draft,*,lesson_vocab,144,14,appendix_matched_ocr_occurrence_needs_translation_review,词语页 OCR 配对；需用词语总表与原页人工核对。,boya-elementary-ii:只要:zhiydo
boya-elementary-ii,初级起步篇 II,lesson-14,14,实现理想,26,26. 小时候*,小时候,xidoshihou,xidoshihou,名,名,in one's childhood,lúc nhỏ; hồi bé,translated_subagent_draft,*,lesson_vocab,144,14,appendix_matched_ocr_occurrence_needs_translation_review,词语页 OCR 配对；需用词语总表与原页人工核对。,boya-elementary-ii:小时候:xidoshihou
boya-elementary-ii,初级起步篇 II,lesson-14,14,实现理想,27,以为*,以为,yiwei,yiwei,动,动,to think; to believe; to consider,tưởng; cứ nghĩ là,translated_subagent_draft,*,lesson_vocab,144,14,appendix_matched_ocr_occurrence_needs_translation_review,词语页 OCR 配对；需用词语总表与原页人工核对。,boya-elementary-ii:以为:yiwei
boya-elementary-ii,初级起步篇 II,lesson-15,15,我喜欢的咖啡厅,1,咖啡厅,咖啡厅,kafeiting,kafeiting,名,名,cafe; coffee house,quán cà phê,translated_subagent_draft,,lesson_vocab,152,15,appendix_matched_ocr_occurrence_needs_translation_review,词语页 OCR 配对；需用词语总表与原页人工核对。,boya-elementary-ii:咖啡厅:kafeiting
boya-elementary-ii,初级起步篇 II,lesson-15,15,我喜欢的咖啡厅,2,扫,扫,sdo,sdo,动,动,to scan,quét; quét mã,translated_subagent_draft,,lesson_vocab,152,15,appendix_matched_ocr_occurrence_needs_translation_review,词语页 OCR 配对；需用词语总表与原页人工核对。,boya-elementary-ii:扫:sdo
boya-elementary-ii,初级起步篇 II,lesson-15,15,我喜欢的咖啡厅,3,3.取,取,qu,qu,动,动,to take; to fetch,lấy; nhận,translated_subagent_draft,,lesson_vocab,152,15,appendix_matched_ocr_occurrence_needs_translation_review,词语页 OCR 配对；需用词语总表与原页人工核对。,boya-elementary-ii:取:qu
boya-elementary-ii,初级起步篇 II,lesson-15,15,我喜欢的咖啡厅,4,4.糖,糖,tang,tang,名,名,sugar,đường,translated_subagent_draft,,lesson_vocab,152,15,appendix_matched_ocr_occurrence_needs_translation_review,词语页 OCR 配对；需用词语总表与原页人工核对。,boya-elementary-ii:糖:tang
boya-elementary-ii,初级起步篇 II,lesson-15,15,我喜欢的咖啡厅,5,5.试,试,shi,shi,动,动,to have a try,thử,translated_subagent_draft,,lesson_vocab,152,15,appendix_matched_ocr_occurrence_needs_translation_review,词语页 OCR 配对；需用词语总表与原页人工核对。,boya-elementary-ii:试:shi
boya-elementary-ii,初级起步篇 II,lesson-15,15,我喜欢的咖啡厅,6,复习,复习,fuxi,fuxi,动,动,to review,ôn tập,translated_subagent_draft,,lesson_vocab,152,15,appendix_matched_ocr_occurrence_needs_translation_review,词语页 OCR 配对；需用词语总表与原页人工核对。,boya-elementary-ii:复习:fuxi
boya-elementary-ii,初级起步篇 II,lesson-15,15,我喜欢的咖啡厅,7,7. 图书馆,图书馆,tushuguan,túshūguǎn,名,名,hbrary,thư viện,translated_subagent_draft,,lesson_vocab,152,15,appendix_matched_ocr_occurrence_needs_translation_review,拼音 OCR 修为 túshūguǎn,boya-elementary-ii:图书馆:tushuguan
boya-elementary-ii,初级起步篇 II,lesson-15,15,我喜欢的咖啡厅,8,教室,教室,jidoshi,jidoshi,名,名,classroom,lớp học; phòng học,translated_subagent_draft,,lesson_vocab,152,15,appendix_matched_ocr_occurrence_needs_translation_review,词语页 OCR 配对；需用词语总表与原页人工核对。,boya-elementary-ii:教室:jidoshi
boya-elementary-ii,初级起步篇 II,lesson-15,15,我喜欢的咖啡厅,9,立*,立,hi,Ii,动,动,to erect,dựng; đặt đứng,translated_subagent_draft,*,lesson_vocab,152,15,appendix_matched_ocr_occurrence_needs_translation_review,词语页 OCR 配对；需用词语总表与原页人工核对。,boya-elementary-ii:立:ii
boya-elementary-ii,初级起步篇 II,lesson-15,15,我喜欢的咖啡厅,10,牌子*,牌子,paizi,paizi,名,名,brand,nhãn hiệu; biển hiệu,translated_subagent_draft,*,lesson_vocab,152,15,appendix_matched_ocr_occurrence_needs_translation_review,词语页 OCR 配对；需用词语总表与原页人工核对。,boya-elementary-ii:牌子:paizi
boya-elementary-ii,初级起步篇 II,lesson-15,15,我喜欢的咖啡厅,11,11.无,无,Wu,Wi,动,动,to not have,không có; vô,translated_subagent_draft,,lesson_vocab,152,15,appendix_matched_ocr_occurrence_needs_translation_review,词语页 OCR 配对；需用词语总表与原页人工核对。,boya-elementary-ii:无:wi
boya-elementary-ii,初级起步篇 II,lesson-15,15,我喜欢的咖啡厅,12,12. 块*,块,Kuai,kudi,量,量,piece,miếng; đồng tệ,translated_subagent_draft,*,lesson_vocab,152,15,appendix_matched_ocr_occurrence_needs_translation_review,词语页 OCR 配对；需用词语总表与原页人工核对。,boya-elementary-ii:块:kudi
boya-elementary-ii,初级起步篇 II,lesson-15,15,我喜欢的咖啡厅,13,13.灯,灯,deng,deng,名,名,lamp; lantern,đèn,translated_subagent_draft,,lesson_vocab,152,15,appendix_matched_ocr_occurrence_needs_translation_review,词语页 OCR 配对；需用词语总表与原页人工核对。,boya-elementary-ii:灯:deng
boya-elementary-ii,初级起步篇 II,lesson-15,15,我喜欢的咖啡厅,14,14. 舒服,舒服,shufu,shufu,形,形,to feel well; comfortable,dễ chịu; thoải mái,translated_subagent_draft,,lesson_vocab,152,15,appendix_matched_ocr_occurrence_needs_translation_review,词语页 OCR 配对；需用词语总表与原页人工核对。,boya-elementary-ii:舒服:shufu
boya-elementary-ii,初级起步篇 II,lesson-15,15,我喜欢的咖啡厅,15,15. 适合,适合,shihe,shihe,动,动,to fit; to suit,phù hợp; hợp,translated_subagent_draft,,lesson_vocab,152,15,appendix_matched_ocr_occurrence_needs_translation_review,词语页 OCR 配对；需用词语总表与原页人工核对。,boya-elementary-ii:适合:shihe
boya-elementary-ii,初级起步篇 II,lesson-15,15,我喜欢的咖啡厅,16,16. 放松,放松,fangsong,fangsong,动,动,to relax,thư giãn,translated_subagent_draft,,lesson_vocab,152,15,appendix_matched_ocr_occurrence_needs_translation_review,词语页 OCR 配对；需用词语总表与原页人工核对。,boya-elementary-ii:放松:fangsong
boya-elementary-ii,初级起步篇 II,lesson-15,15,我喜欢的咖啡厅,17,17. 习惯,习惯,xiguan,xiguan,动,动,to be accustomed to; to be used to,quen; thói quen,translated_subagent_draft,,lesson_vocab,152,15,appendix_matched_ocr_occurrence_needs_translation_review,词语页 OCR 配对；需用词语总表与原页人工核对。,boya-elementary-ii:习惯:xiguan
boya-elementary-ii,初级起步篇 II,lesson-15,15,我喜欢的咖啡厅,18,沙发,沙发,shafa,shafa,名,名,sofa,ghế sofa,translated_subagent_draft,,lesson_vocab,152,15,appendix_matched_ocr_occurrence_needs_translation_review,词语页 OCR 配对；需用词语总表与原页人工核对。,boya-elementary-ii:沙发:shafa
boya-elementary-ii,初级起步篇 II,lesson-15,15,我喜欢的咖啡厅,19,19. 种类*,种类,zhonglei,zhonglei,名,名,kind,chủng loại; loại,translated_subagent_draft,*,lesson_vocab,153,15,appendix_matched_ocr_occurrence_needs_translation_review,词语页 OCR 配对；需用词语总表与原页人工核对。,boya-elementary-ii:种类:zhonglei
boya-elementary-ii,初级起步篇 II,lesson-15,15,我喜欢的咖啡厅,20,20. 嗨,嗨,hai,hai,叹,叹,hey,chào; này,translated_subagent_draft,,lesson_vocab,153,15,appendix_matched_ocr_occurrence_needs_translation_review,词语页 OCR 配对；需用词语总表与原页人工核对。,boya-elementary-ii:嗨:hai
boya-elementary-ii,初级起步篇 II,lesson-15,15,我喜欢的咖啡厅,21,21. 经常*,经常,Jingchang,jingchang,,,often,thường xuyên,translated_subagent_draft,*,lesson_vocab,153,15,appendix_matched_ocr_occurrence_needs_translation_review,词语页 OCR 配对；需用词语总表与原页人工核对。,boya-elementary-ii:经常:jingchang
boya-elementary-ii,初级起步篇 II,lesson-15,15,我喜欢的咖啡厅,22,22. 味道,味道,weidao,weidao,名,名,flavor; taste,mùi vị; hương vị,translated_subagent_draft,,lesson_vocab,153,15,appendix_matched_ocr_occurrence_needs_translation_review,词语页 OCR 配对；需用词语总表与原页人工核对。,boya-elementary-ii:味道:weidao
boya-elementary-ii,初级起步篇 II,lesson-15,15,我喜欢的咖啡厅,23,23.如果,如果,ruguo,riguo,连,连,if,nếu,translated_subagent_draft,,lesson_vocab,153,15,appendix_matched_ocr_occurrence_needs_translation_review,词语页 OCR 配对；需用词语总表与原页人工核对。,boya-elementary-ii:如果:riguo
boya-elementary-ii,初级起步篇 II,lesson-15,15,我喜欢的咖啡厅,24,24. 盘子,盘子,panzi,panzi,名,名,plate,đĩa,translated_subagent_draft,,lesson_vocab,153,15,appendix_matched_ocr_occurrence_needs_translation_review,词语页 OCR 配对；需用词语总表与原页人工核对。,boya-elementary-ii:盘子:panzi
boya-elementary-ii,初级起步篇 II,lesson-15,15,我喜欢的咖啡厅,25,25.或者*,或者,huozhe,huozhe,连,连,OT,hoặc,translated_subagent_draft,*,lesson_vocab,153,15,appendix_matched_ocr_occurrence_needs_translation_review,词语页 OCR 配对；需用词语总表与原页人工核对。,boya-elementary-ii:或者:huozhe
boya-elementary-ii,初级起步篇 II,lesson-15,15,我喜欢的咖啡厅,26,26. 越来越⋯•*,越来越……,yue lai yue⋯⋯,yuèláiyuè……,,,more and more,ngày càng…,translated_subagent_draft,*,lesson_vocab,153,15,appendix_matched_ocr_occurrence_needs_translation_review,词语页 OCR 配对；需用词语总表与原页人工核对。,boya-elementary-ii:越来越……:yuelaiyue
boya-elementary-ii,初级起步篇 II,lesson-15,15,我喜欢的咖啡厅,27,27.过来*,过来,gua lai,guo lai,,,to come over,qua đây; đến đây,translated_subagent_draft,*,lesson_vocab,153,15,appendix_matched_ocr_occurrence_needs_translation_review,词语页 OCR 配对；需用词语总表与原页人工核对。,boya-elementary-ii:过来:guolai
boya-elementary-ii,初级起步篇 II,lesson-15,15,我喜欢的咖啡厅,28,28. 花儿,花儿,huar,huar,名,名,flower,hoa,translated_subagent_draft,,lesson_vocab,153,15,appendix_matched_ocr_occurrence_needs_translation_review,词语页 OCR 配对；需用词语总表与原页人工核对。,boya-elementary-ii:花儿:huar
boya-elementary-ii,初级起步篇 II,lesson-16,16,母校聚会,1,母校*,母校,muxido,muxido,名,名,one's mother school; Alma Mater,trường cũ; trường mẹ,translated_subagent_draft,*,lesson_vocab,161,16,appendix_matched_ocr_occurrence_needs_translation_review,词语页 OCR 配对；需用词语总表与原页人工核对。,boya-elementary-ii:母校:muxido
boya-elementary-ii,初级起步篇 II,lesson-16,16,母校聚会,2,聚会,聚会,juhui,juhui,动,动,to get together,tụ họp; buổi gặp mặt,translated_subagent_draft,,lesson_vocab,161,16,appendix_matched_ocr_occurrence_needs_translation_review,词语页 OCR 配对；需用词语总表与原页人工核对。,boya-elementary-ii:聚会:juhui
boya-elementary-ii,初级起步篇 II,lesson-16,16,母校聚会,3,变化*,变化,bianhua,bianhud,名,名,Change,sự thay đổi; thay đổi,translated_subagent_draft,*,lesson_vocab,161,16,appendix_matched_ocr_occurrence_needs_translation_review,词语页 OCR 配对；需用词语总表与原页人工核对。,boya-elementary-ii:变化:bianhud
boya-elementary-ii,初级起步篇 II,lesson-16,16,母校聚会,4,感觉,感觉,ganjue,ganjue,动,动,to feel,cảm giác; cảm thấy,translated_subagent_draft,,lesson_vocab,161,16,appendix_matched_ocr_occurrence_needs_translation_review,词语页 OCR 配对；需用词语总表与原页人工核对。,boya-elementary-ii:感觉:ganjue
boya-elementary-ii,初级起步篇 II,lesson-16,16,母校聚会,5,毕业,毕业,Diye,biye,,,to graduate,tốt nghiệp,translated_subagent_draft,,lesson_vocab,161,16,appendix_matched_ocr_occurrence_needs_translation_review,词语页 OCR 配对；需用词语总表与原页人工核对。,boya-elementary-ii:毕业:biye
boya-elementary-ii,初级起步篇 II,lesson-16,16,母校聚会,6,离开*,离开,li kai,Ii kai,,,to leave,rời khỏi,translated_subagent_draft,*,lesson_vocab,161,16,appendix_matched_ocr_occurrence_needs_translation_review,词语页 OCR 配对；需用词语总表与原页人工核对。,boya-elementary-ii:离开:iikai
boya-elementary-ii,初级起步篇 II,lesson-16,16,母校聚会,7,原来*,原来,yuanlai,yuanlai,形,形,original; former,vốn dĩ; hóa ra; cũ,translated_subagent_draft,*,lesson_vocab,161,16,appendix_matched_ocr_occurrence_needs_translation_review,词语页 OCR 配对；需用词语总表与原页人工核对。,boya-elementary-ii:原来:yuanlai
boya-elementary-ii,初级起步篇 II,lesson-16,16,母校聚会,8,快乐,快乐,kudile,kudile,形,形,happy; joyful,vui vẻ; hạnh phúc,translated_subagent_draft,,lesson_vocab,161,16,appendix_matched_ocr_occurrence_needs_translation_review,词语页 OCR 配对；需用词语总表与原页人工核对。,boya-elementary-ii:快乐:kudile
boya-elementary-ii,初级起步篇 II,lesson-16,16,母校聚会,9,陌生*,陌生,mosheng,mosheng,形,形,strange,xa lạ,translated_subagent_draft,*,lesson_vocab,161,16,appendix_matched_ocr_occurrence_needs_translation_review,词语页 OCR 配对；需用词语总表与原页人工核对。,boya-elementary-ii:陌生:mosheng
boya-elementary-ii,初级起步篇 II,lesson-16,16,母校聚会,10,10. 熟悉,熟悉,Shuxi,shuxi,形,形,familiar,quen thuộc,translated_subagent_draft,,lesson_vocab,161,16,appendix_matched_ocr_occurrence_needs_translation_review,词语页 OCR 配对；需用词语总表与原页人工核对。,boya-elementary-ii:熟悉:shuxi
boya-elementary-ii,初级起步篇 II,lesson-16,16,母校聚会,11,回忆*,回忆,nuiyi,huiyi,动,动,to recall,hồi tưởng; ký ức,translated_subagent_draft,*,lesson_vocab,161,16,appendix_matched_ocr_occurrence_needs_translation_review,词语页 OCR 配对；需用词语总表与原页人工核对。,boya-elementary-ii:回忆:huiyi
boya-elementary-ii,初级起步篇 II,lesson-16,16,母校聚会,12,日子*,日子,rizi,rizi,名,名,day,ngày tháng; cuộc sống,translated_subagent_draft,*,lesson_vocab,161,16,appendix_matched_ocr_occurrence_needs_translation_review,词语页 OCR 配对；需用词语总表与原页人工核对。,boya-elementary-ii:日子:rizi
boya-elementary-ii,初级起步篇 II,lesson-16,16,母校聚会,13,有空儿,有空儿,you kongr,you kongr,,,to be free of time,rảnh,translated_subagent_draft,,lesson_vocab,161,16,appendix_matched_ocr_occurrence_needs_translation_review,词语页 OCR 配对；需用词语总表与原页人工核对。,boya-elementary-ii:有空儿:youkongr
boya-elementary-ii,初级起步篇 II,lesson-16,16,母校聚会,14,完全*,完全,wanquan,wanquan,,,completely; fully,hoàn toàn,translated_subagent_draft,*,lesson_vocab,161,16,appendix_matched_ocr_occurrence_needs_translation_review,词语页 OCR 配对；需用词语总表与原页人工核对。,boya-elementary-ii:完全:wanquan
boya-elementary-ii,初级起步篇 II,lesson-16,16,母校聚会,15,讨论*,讨论,tdolin,tdolin,动,动,to discuss,thảo luận,translated_subagent_draft,*,lesson_vocab,161,16,appendix_matched_ocr_occurrence_needs_translation_review,词语页 OCR 配对；需用词语总表与原页人工核对。,boya-elementary-ii:讨论:tdolin
boya-elementary-ii,初级起步篇 II,lesson-16,16,母校聚会,16,共同*,共同,gongtong,gongtong,形,形,common,chung; cùng nhau,translated_subagent_draft,*,lesson_vocab,161,16,appendix_matched_ocr_occurrence_needs_translation_review,词语页 OCR 配对；需用词语总表与原页人工核对。,boya-elementary-ii:共同:gongtong
boya-elementary-ii,初级起步篇 II,lesson-16,16,母校聚会,17,话题*,话题,huati,huati,名,名,topic,chủ đề,translated_subagent_draft,*,lesson_vocab,161,16,appendix_matched_ocr_occurrence_needs_translation_review,词语页 OCR 配对；需用词语总表与原页人工核对。,boya-elementary-ii:话题:huati
boya-elementary-ii,初级起步篇 II,lesson-16,16,母校聚会,18,健身房,健身房,jianshenfang,jidnshentang,名,名,geym,phòng tập thể dục,translated_subagent_draft,,lesson_vocab,161,16,appendix_matched_ocr_occurrence_needs_translation_review,词语页 OCR 配对；需用词语总表与原页人工核对。,boya-elementary-ii:健身房:jidnshentang
boya-elementary-ii,初级起步篇 II,lesson-16,16,母校聚会,19,19. 逛,逛,guang,guang,动,动,to stroll; to roam,đi dạo; đi tham quan,translated_subagent_draft,,lesson_vocab,162,16,appendix_matched_ocr_occurrence_needs_translation_review,词语页 OCR 配对；需用词语总表与原页人工核对。,boya-elementary-ii:逛:guang
boya-elementary-ii,初级起步篇 II,lesson-16,16,母校聚会,20,校园,校园,xidoyuan,xidoyuan,名,名,campus,khuôn viên trường,translated_subagent_draft,,lesson_vocab,162,16,appendix_matched_ocr_occurrence_needs_translation_review,词语页 OCR 配对；需用词语总表与原页人工核对。,boya-elementary-ii:校园:xidoyuan
boya-elementary-ii,初级起步篇 II,lesson-16,16,母校聚会,21,锻炼,锻炼,duanlian,dudnlian,动,动,to do exercise; to work out,tập luyện; rèn luyện,translated_subagent_draft,,lesson_vocab,162,16,appendix_matched_ocr_occurrence_needs_translation_review,词语页 OCR 配对；需用词语总表与原页人工核对。,boya-elementary-ii:锻炼:dudnlian
boya-elementary-ii,初级起步篇 II,lesson-16,16,母校聚会,22,生日,生日,shengri,shengri,名,名,birthday,sinh nhật,translated_subagent_draft,,lesson_vocab,162,16,appendix_matched_ocr_occurrence_needs_translation_review,词语页 OCR 配对；需用词语总表与原页人工核对。,boya-elementary-ii:生日:shengri
boya-elementary-ii,初级起步篇 II,lesson-16,16,母校聚会,23,23.层*,层,ceng,ceng,量,量,"measure word （for storey, floor）",tầng; lượng từ cho tầng nhà,translated_subagent_draft,*,lesson_vocab,162,16,appendix_matched_ocr_occurrence_needs_translation_review,词语页 OCR 配对；需用词语总表与原页人工核对。,boya-elementary-ii:层:ceng
boya-elementary-ii,初级起步篇 II,lesson-16,16,母校聚会,24,负责*,负责,fuze,fuze,动,动,to be in charge of,phụ trách; chịu trách nhiệm,translated_subagent_draft,*,lesson_vocab,162,16,appendix_matched_ocr_occurrence_needs_translation_review,词语页 OCR 配对；需用词语总表与原页人工核对。,boya-elementary-ii:负责:fuze
boya-elementary-ii,初级起步篇 II,lesson-16,16,母校聚会,25,安排,安排,anpai,anpai,动,动,to arrange,sắp xếp; bố trí,translated_subagent_draft,,lesson_vocab,162,16,appendix_matched_ocr_occurrence_needs_translation_review,词语页 OCR 配对；需用词语总表与原页人工核对。,boya-elementary-ii:安排:anpai
boya-elementary-ii,初级起步篇 II,lesson-16,16,母校聚会,26,26. 计划,计划,jihua,jihua,名,名,plan,kế hoạch,translated_subagent_draft,,lesson_vocab,162,16,appendix_matched_ocr_occurrence_needs_translation_review,词语页 OCR 配对；需用词语总表与原页人工核对。,boya-elementary-ii:计划:jihua
boya-elementary-ii,初级起步篇 II,lesson-16,16,母校聚会,27,聊天儿,聊天儿,lido tianr,lido tianr,,,to chat,trò chuyện,translated_subagent_draft,,lesson_vocab,162,16,appendix_matched_ocr_occurrence_needs_translation_review,词语页 OCR 配对；需用词语总表与原页人工核对。,boya-elementary-ii:聊天儿:lidotianr
boya-elementary-ii,初级起步篇 II,lesson-16,16,母校聚会,28,除了*,除了,chule,chule,介,介,except; besides,ngoài; trừ,translated_subagent_draft,*,lesson_vocab,162,16,appendix_matched_ocr_occurrence_needs_translation_review,词语页 OCR 配对；需用词语总表与原页人工核对。,boya-elementary-ii:除了:chule
boya-elementary-ii,初级起步篇 II,lesson-17,17,我的假期,1,假期,假期,jiaqi,jidqi,名,名,vacation,kỳ nghỉ,translated_subagent_draft,,lesson_vocab,168,17,appendix_matched_ocr_occurrence_needs_translation_review,词语页 OCR 配对；需用词语总表与原页人工核对。,boya-elementary-ii:假期:jidqi
boya-elementary-ii,初级起步篇 II,lesson-17,17,我的假期,2,待,待,dai,dai,动,动,to stay,ở lại,translated_subagent_draft,,lesson_vocab,168,17,appendix_matched_ocr_occurrence_needs_translation_review,词语页 OCR 配对；需用词语总表与原页人工核对。,boya-elementary-ii:待:dai
boya-elementary-ii,初级起步篇 II,lesson-17,17,我的假期,3,省*,省,sheng,sheng,名,名,province,tỉnh (Trung Quốc),translated_subagent_draft,*,lesson_vocab,168,17,appendix_matched_ocr_occurrence_needs_translation_review,词语页 OCR 配对；需用词语总表与原页人工核对。,boya-elementary-ii:省:sheng
boya-elementary-ii,初级起步篇 II,lesson-17,17,我的假期,4,连着*,连着,lianzhe,lianzhe,,,continuously,liên tục; liền,translated_subagent_draft,*,lesson_vocab,168,17,appendix_matched_ocr_occurrence_needs_translation_review,词语页 OCR 配对；需用词语总表与原页人工核对。,boya-elementary-ii:连着:lianzhe
boya-elementary-ii,初级起步篇 II,lesson-17,17,我的假期,5,难得*,难得,nande,nande,形,形,hard to come Dy,hiếm khi; khó có được,translated_subagent_draft,*,lesson_vocab,168,17,appendix_matched_ocr_occurrence_needs_translation_review,词语页 OCR 配对；需用词语总表与原页人工核对。,boya-elementary-ii:难得:nande
boya-elementary-ii,初级起步篇 II,lesson-17,17,我的假期,6,痛快*,痛快,tongkuai,tòngkuài,形,形,to one's heart content; to one's great satisfaction,sảng khoái; thỏa thích,translated_subagent_draft,*,lesson_vocab,168,17,appendix_matched_ocr_occurrence_needs_translation_review,拼音 OCR 修为 tòngkuài,boya-elementary-ii:痛快:tongkuai
boya-elementary-ii,初级起步篇 II,lesson-17,17,我的假期,7,旅行,旅行,lxing,luxing,动,动,to travel,du lịch,translated_subagent_draft,,lesson_vocab,168,17,appendix_matched_ocr_occurrence_needs_translation_review,词语页 OCR 配对；需用词语总表与原页人工核对。,boya-elementary-ii:旅行:luxing
boya-elementary-ii,初级起步篇 II,lesson-17,17,我的假期,8,恐怕,恐怕,Kongpa,kongpo,副,副,perhaps,e rằng; có lẽ,translated_subagent_draft,,lesson_vocab,168,17,appendix_matched_ocr_occurrence_needs_translation_review,词语页 OCR 配对；需用词语总表与原页人工核对。,boya-elementary-ii:恐怕:kongpo
boya-elementary-ii,初级起步篇 II,lesson-17,17,我的假期,9,肯定,肯定,kending,kending,,,certainly,chắc chắn; khẳng định,translated_subagent_draft,,lesson_vocab,168,17,appendix_matched_ocr_occurrence_needs_translation_review,词语页 OCR 配对；需用词语总表与原页人工核对。,boya-elementary-ii:肯定:kending
boya-elementary-ii,初级起步篇 II,lesson-17,17,我的假期,10,10. 羨慕*,羡慕,xianmi,xianmu,动,动,to envy; to admire,ngưỡng mộ; ghen tị,translated_subagent_draft,*,lesson_vocab,168,17,appendix_matched_ocr_occurrence_needs_translation_review,词语页 OCR 配对；需用词语总表与原页人工核对。,boya-elementary-ii:羡慕:xianmu
boya-elementary-ii,初级起步篇 II,lesson-17,17,我的假期,11,11. 制订*,制订,zhiding,zhiding,动,动,to lay down; to work out,xây dựng; lập (kế hoạch),translated_subagent_draft,*,lesson_vocab,168,17,appendix_matched_ocr_occurrence_needs_translation_review,词语页 OCR 配对；需用词语总表与原页人工核对。,boya-elementary-ii:制订:zhiding
boya-elementary-ii,初级起步篇 II,lesson-17,17,我的假期,12,靠近,靠近,kdojin,kdojin,动,动,to be close to,gần; đến gần,translated_subagent_draft,,lesson_vocab,168,17,appendix_matched_ocr_occurrence_needs_translation_review,词语页 OCR 配对；需用词语总表与原页人工核对。,boya-elementary-ii:靠近:kdojin
boya-elementary-ii,初级起步篇 II,lesson-17,17,我的假期,13,13.家乡,家乡,jiaxiang,jiaxiaing,名,名,hometown,quê hương,translated_subagent_draft,,lesson_vocab,168,17,appendix_matched_ocr_occurrence_needs_translation_review,词语页 OCR 配对；需用词语总表与原页人工核对。,boya-elementary-ii:家乡:jiaxiaing
boya-elementary-ii,初级起步篇 II,lesson-17,17,我的假期,14,日出,日出,richu,richi,名,名,sunrise,bình minh; mặt trời mọc,translated_subagent_draft,,lesson_vocab,168,17,appendix_matched_ocr_occurrence_needs_translation_review,词语页 OCR 配对；需用词语总表与原页人工核对。,boya-elementary-ii:日出:richi
boya-elementary-ii,初级起步篇 II,lesson-17,17,我的假期,15,15.完美,完美,wanmei,wanmei,形,形,perfect; wonderful,hoàn hảo,translated_subagent_draft,,lesson_vocab,168,17,appendix_matched_ocr_occurrence_needs_translation_review,词语页 OCR 配对；需用词语总表与原页人工核对。,boya-elementary-ii:完美:wanmei
boya-elementary-ii,初级起步篇 II,lesson-17,17,我的假期,16,黄金周*,黄金周,huangjinzhou,huangjinzhou,名,名,the Golden week,Tuần lễ Vàng,translated_subagent_draft,*,lesson_vocab,168,17,appendix_matched_ocr_occurrence_needs_translation_review,词语页 OCR 配对；需用词语总表与原页人工核对。,boya-elementary-ii:黄金周:huangjinzhou
boya-elementary-ii,初级起步篇 II,lesson-17,17,我的假期,17,17. 开玩笑*,开玩笑,kai wanxido,kai wanxido,,,to make fun of,đùa; nói đùa,translated_subagent_draft,*,lesson_vocab,168,17,appendix_matched_ocr_occurrence_needs_translation_review,词语页 OCR 配对；需用词语总表与原页人工核对。,boya-elementary-ii:开玩笑:kaiwanxido
boya-elementary-ii,初级起步篇 II,lesson-17,17,我的假期,18,18. 南方,南方,nanfang,nanfang,名,名,south,miền nam,translated_subagent_draft,,lesson_vocab,169,17,appendix_matched_ocr_occurrence_needs_translation_review,词语页 OCR 配对；需用词语总表与原页人工核对。,boya-elementary-ii:南方:nanfang
boya-elementary-ii,初级起步篇 II,lesson-17,17,我的假期,19,19. 了解*,了解,lidojie,lidojie,动,动,to understand; to comprehend,hiểu; tìm hiểu,translated_subagent_draft,*,lesson_vocab,169,17,appendix_matched_ocr_occurrence_needs_translation_review,词语页 OCR 配对；需用词语总表与原页人工核对。,boya-elementary-ii:了解:lidojie
boya-elementary-ii,初级起步篇 II,lesson-17,17,我的假期,20,20. 换,换,huan,huan,动,动,to change,đổi; thay,translated_subagent_draft,,lesson_vocab,169,17,appendix_matched_ocr_occurrence_needs_translation_review,词语页 OCR 配对；需用词语总表与原页人工核对。,boya-elementary-ii:换:huan
boya-elementary-ii,初级起步篇 II,lesson-17,17,我的假期,21,21. 海边*,海边,hdibian,hdibian,名,名,seaside; beach,bờ biển,translated_subagent_draft,*,lesson_vocab,169,17,appendix_matched_ocr_occurrence_needs_translation_review,词语页 OCR 配对；需用词语总表与原页人工核对。,boya-elementary-ii:海边:hdibian
boya-elementary-ii,初级起步篇 II,lesson-17,17,我的假期,22,22.多么,多么,duome,duome,,,how,biết bao; biết mấy,translated_subagent_draft,,lesson_vocab,169,17,appendix_matched_ocr_occurrence_needs_translation_review,词语页 OCR 配对；需用词语总表与原页人工核对。,boya-elementary-ii:多么:duome
boya-elementary-ii,初级起步篇 II,lesson-17,17,我的假期,23,好玩儿,好玩儿,hdowanr,hdowanr,形,形,interesting,vui; thú vị,translated_subagent_draft,,lesson_vocab,169,17,appendix_matched_ocr_occurrence_needs_translation_review,词语页 OCR 配对；需用词语总表与原页人工核对。,boya-elementary-ii:好玩儿:hdowanr
boya-elementary-ii,初级起步篇 II,lesson-17,17,我的假期,24,1.十一,十一,Shi-Yi,Shi-Yi,,,the National Day of China,ngày 1 tháng 10 (Quốc khánh Trung Quốc),translated_subagent_draft,,proper_noun,169,17,appendix_matched_ocr_occurrence_needs_translation_review,词语页 OCR 配对；需用词语总表与原页人工核对。,boya-elementary-ii:十一:shiyi
boya-elementary-ii,初级起步篇 II,lesson-17,17,我的假期,25,2. 山东,山东,Shandong,Shanding,,,Shandong,Sơn Đông,translated_subagent_draft,,proper_noun,169,17,appendix_matched_ocr_occurrence_needs_translation_review,词语页 OCR 配对；需用词语总表与原页人工核对。,boya-elementary-ii:山东:shanding
boya-elementary-ii,初级起步篇 II,lesson-17,17,我的假期,26,3.上海,上海,Shanghai,Shanghai,,,Shanghai,Thượng Hải,translated_subagent_draft,,lesson_vocab,169,17,appendix_matched_ocr_occurrence_needs_translation_review,词语页 OCR 配对；需用词语总表与原页人工核对。,boya-elementary-ii:上海:shanghai
boya-elementary-ii,初级起步篇 II,lesson-17,17,我的假期,27,4. 海南,海南,Hdinan,Hdinan,,,Hainan,Hải Nam,translated_subagent_draft,,lesson_vocab,169,17,appendix_matched_ocr_occurrence_needs_translation_review,词语页 OCR 配对；需用词语总表与原页人工核对。,boya-elementary-ii:海南:hdinan
boya-elementary-ii,初级起步篇 II,lesson-17,17,我的假期,28,5. 西安,西安,Xi'an,Xi'an,,,Xian,Tây An,translated_subagent_draft,,lesson_vocab,169,17,appendix_matched_ocr_occurrence_needs_translation_review,词语页 OCR 配对；需用词语总表与原页人工核对。,boya-elementary-ii:西安:xian
boya-elementary-ii,初级起步篇 II,lesson-17,17,我的假期,29,6. 孔子,孔子,Kongzi,Kongzi,,,Confucius,Khổng Tử,translated_subagent_draft,,lesson_vocab,169,17,appendix_matched_ocr_occurrence_needs_translation_review,词语页 OCR 配对；需用词语总表与原页人工核对。,boya-elementary-ii:孔子:kongzi
boya-elementary-ii,初级起步篇 II,lesson-17,17,我的假期,30,7. 青岛,青岛,Qingddo,Qingddo,,,Tsingtao,Thanh Đảo,translated_subagent_draft,,lesson_vocab,169,17,appendix_matched_ocr_occurrence_needs_translation_review,词语页 OCR 配对；需用词语总表与原页人工核对。,boya-elementary-ii:青岛:qingddo
boya-elementary-ii,初级起步篇 II,lesson-17,17,我的假期,31,8.广州,广州,Gudngzhou,Gudngzhou,,,Guangzhou,Quảng Châu,translated_subagent_draft,,lesson_vocab,169,17,appendix_matched_ocr_occurrence_needs_translation_review,词语页 OCR 配对；需用词语总表与原页人工核对。,boya-elementary-ii:广州:gudngzhou
boya-elementary-ii,初级起步篇 II,lesson-17,17,我的假期,32,9. 泰山,泰山,Tai Shan,Tai Shan,,,Mount Tai,núi Thái Sơn,translated_subagent_draft,,lesson_vocab,169,17,appendix_matched_ocr_occurrence_needs_translation_review,词语页 OCR 配对；需用词语总表与原页人工核对。,boya-elementary-ii:泰山:taishan
boya-elementary-ii,初级起步篇 II,lesson-18,18,去打工,1,打工*,打工,dd gong,da gong,,,to do extra work,làm thêm; đi làm thuê,translated_subagent_draft,*,lesson_vocab,178,18,appendix_matched_ocr_occurrence_needs_translation_review,词语页 OCR 配对；需用词语总表与原页人工核对。,boya-elementary-ii:打工:dagong
boya-elementary-ii,初级起步篇 II,lesson-18,18,去打工,2,非⋯⋯不可*,非……不可,fei•・・•buke,fēi……bùkě,,,must,nhất định phải; không thể không,translated_subagent_draft,*,lesson_vocab,178,18,appendix_matched_ocr_occurrence_needs_translation_review,词语页 OCR 配对；需用词语总表与原页人工核对。,boya-elementary-ii:非……不可:feibuke
boya-elementary-ii,初级起步篇 II,lesson-18,18,去打工,3,招聘,招聘,zhaopin,zhaopin,动,动,to recruit,tuyển dụng,translated_subagent_draft,,lesson_vocab,178,18,appendix_matched_ocr_occurrence_needs_translation_review,词语页 OCR 配对；需用词语总表与原页人工核对。,boya-elementary-ii:招聘:zhaopin
boya-elementary-ii,初级起步篇 II,lesson-18,18,去打工,4,点心*,点心,didnxin,didnxin,名,名,light refreshments; dessert,điểm tâm; món tráng miệng nhẹ,translated_subagent_draft,*,lesson_vocab,178,18,appendix_matched_ocr_occurrence_needs_translation_review,词语页 OCR 配对；需用词语总表与原页人工核对。,boya-elementary-ii:点心:didnxin
boya-elementary-ii,初级起步篇 II,lesson-18,18,去打工,5,信心,信心,xinxin,xinxin,名,名,confidence,niềm tin; sự tự tin,translated_subagent_draft,,lesson_vocab,178,18,appendix_matched_ocr_occurrence_needs_translation_review,词语页 OCR 配对；需用词语总表与原页人工核对。,boya-elementary-ii:信心:xinxin
boya-elementary-ii,初级起步篇 II,lesson-18,18,去打工,6,经验*,经验,jingyan,jingyan,名,名,experience,kinh nghiệm,translated_subagent_draft,*,lesson_vocab,178,18,appendix_matched_ocr_occurrence_needs_translation_review,词语页 OCR 配对；需用词语总表与原页人工核对。,boya-elementary-ii:经验:jingyan
boya-elementary-ii,初级起步篇 II,lesson-18,18,去打工,7,优点,优点,youdidn,youdian,名,名,advantage,ưu điểm,translated_subagent_draft,,lesson_vocab,178,18,appendix_matched_ocr_occurrence_needs_translation_review,词语页 OCR 配对；需用词语总表与原页人工核对。,boya-elementary-ii:优点:youdian
boya-elementary-ii,初级起步篇 II,lesson-18,18,去打工,8,曾经*,曾经,cengjing,cengjing,,,once; ever,từng; đã từng,translated_subagent_draft,*,lesson_vocab,178,18,appendix_matched_ocr_occurrence_needs_translation_review,词语页 OCR 配对；需用词语总表与原页人工核对。,boya-elementary-ii:曾经:cengjing
boya-elementary-ii,初级起步篇 II,lesson-18,18,去打工,9,面试,面试,mianshi,mianshi,动,动,to interview,phỏng vấn,translated_subagent_draft,,lesson_vocab,178,18,appendix_matched_ocr_occurrence_needs_translation_review,词语页 OCR 配对；需用词语总表与原页人工核对。,boya-elementary-ii:面试:mianshi
boya-elementary-ii,初级起步篇 II,lesson-18,18,去打工,10,10. 同时,同时,tongshi,tongshi,名,名,at the same time,đồng thời,translated_subagent_draft,,lesson_vocab,178,18,appendix_matched_ocr_occurrence_needs_translation_review,词语页 OCR 配对；需用词语总表与原页人工核对。,boya-elementary-ii:同时:tongshi
boya-elementary-ii,初级起步篇 II,lesson-18,18,去打工,11,11.师,摔,shuai,shuai,形,形,handsome,ngã; làm rơi,translated_subagent_draft,,lesson_vocab,178,9,appendix_matched_ocr_occurrence_needs_translation_review,词语页 OCR 配对；需用词语总表与原页人工核对。,boya-elementary-ii:摔:shuai
boya-elementary-ii,初级起步篇 II,lesson-18,18,去打工,12,12. 真正*,真正,zhenzheng,zhenzheng,形,形,real;genuine,thực sự; đích thực,translated_subagent_draft,*,lesson_vocab,178,18,appendix_matched_ocr_occurrence_needs_translation_review,词语页 OCR 配对；需用词语总表与原页人工核对。,boya-elementary-ii:真正:zhenzheng
boya-elementary-ii,初级起步篇 II,lesson-18,18,去打工,13,抽空儿*,抽空儿,chou kongr,chou kongr,,,to manage to find time,tranh thủ thời gian rảnh,translated_subagent_draft,*,lesson_vocab,178,18,appendix_matched_ocr_occurrence_needs_translation_review,词语页 OCR 配对；需用词语总表与原页人工核对。,boya-elementary-ii:抽空儿:choukongr
boya-elementary-ii,初级起步篇 II,lesson-18,18,去打工,14,14. 愿意*,愿意,yuanyi,yudnyi,动,动,to be willing,sẵn lòng; bằng lòng,translated_subagent_draft,*,lesson_vocab,178,18,appendix_matched_ocr_occurrence_needs_translation_review,词语页 OCR 配对；需用词语总表与原页人工核对。,boya-elementary-ii:愿意:yudnyi
boya-elementary-ii,初级起步篇 II,lesson-18,18,去打工,15,15. 影响,影响,yingxidng,yingxiang,动,动,to influence,ảnh hưởng,translated_subagent_draft,,lesson_vocab,178,18,appendix_matched_ocr_occurrence_needs_translation_review,词语页 OCR 配对；需用词语总表与原页人工核对。,boya-elementary-ii:影响:yingxiang
boya-elementary-ii,初级起步篇 II,lesson-18,18,去打工,16,16. 表现,表现,bidoxian,bidoxian,动,动,to perform,thể hiện; biểu hiện,translated_subagent_draft,,lesson_vocab,178,18,appendix_matched_ocr_occurrence_needs_translation_review,词语页 OCR 配对；需用词语总表与原页人工核对。,boya-elementary-ii:表现:bidoxian
boya-elementary-ii,初级起步篇 II,lesson-18,18,去打工,17,17.简历,简历,jidnli,jiani,名,名,resume,sơ yếu lý lịch; CV,translated_subagent_draft,,lesson_vocab,178,18,appendix_matched_ocr_occurrence_needs_translation_review,词语页 OCR 配对；需用词语总表与原页人工核对。,boya-elementary-ii:简历:jiani
boya-elementary-ii,初级起步篇 II,lesson-18,18,去打工,18,口,口,KOU,kou,量,量,measure word for person etc.,lượng từ cho người trong gia đình hoặc miệng,translated_subagent_draft,,lesson_vocab,179,18,appendix_matched_ocr_occurrence_needs_translation_review,词语页 OCR 配对；需用词语总表与原页人工核对。,boya-elementary-ii:口:kou
boya-elementary-ii,初级起步篇 II,lesson-18,18,去打工,19,19.从来*,从来,conglai,conglai,,,always; at all times,từ trước đến nay; xưa nay,translated_subagent_draft,*,lesson_vocab,179,18,appendix_matched_ocr_occurrence_needs_translation_review,词语页 OCR 配对；需用词语总表与原页人工核对。,boya-elementary-ii:从来:conglai
boya-elementary-ii,初级起步篇 II,lesson-18,18,去打工,20,被*,被,bei,bei,介,介,used in a passive sentence indicidating that the subject is the receiver of the action,dùng trong câu bị động để chỉ chủ ngữ chịu tác động,translated_subagent_draft,*,lesson_vocab,179,18,appendix_matched_ocr_occurrence_needs_translation_review,词语页 OCR 配对；需用词语总表与原页人工核对。,boya-elementary-ii:被:bei
