record_type,record_id,meaning_vi,meaning_vi_status
vocabulary,boya-elementary-i:杯子:beizi,cái cốc; ly,translated_subagent_draft
vocabulary,boya-elementary-i:北方:beifang,miền Bắc,translated_subagent_draft
vocabulary,boya-elementary-i:安静:anjing,yên tĩnh,translated_subagent_draft
vocabulary,boya-elementary-i:本子:benzi,quyển vở,translated_subagent_draft
vocabulary,boya-elementary-i:安排:ainpai,sắp xếp; bố trí,translated_subagent_draft
vocabulary,boya-elementary-i:比较:bijido,khá; tương đối; so sánh,translated_subagent_draft
vocabulary,boya-elementary-i:熬夜:doye,thức khuya,translated_subagent_draft
vocabulary,boya-elementary-i:比如:biru,ví dụ như,translated_subagent_draft
vocabulary,boya-elementary-i:比赛:bisai,cuộc thi; trận đấu,translated_subagent_draft
vocabulary,boya-elementary-i:吧:ba,"trợ từ cuối câu dùng để đề nghị, yêu cầu hoặc phỏng đoán",translated_subagent_draft
vocabulary,boya-elementary-i:笔:bi,bút,translated_subagent_draft
vocabulary,boya-elementary-i:爸爸:baba,bố; ba,translated_subagent_draft
vocabulary,boya-elementary-i:笔试:bishi,thi viết,translated_subagent_draft
vocabulary,boya-elementary-i:白:bai,trợ từ chỉ quan hệ sở hữu,translated_subagent_draft
vocabulary,boya-elementary-i:表演:biaoyan,biểu diễn,translated_subagent_draft
vocabulary,boya-elementary-i:白菜:baicai,cải thảo,translated_subagent_draft
vocabulary,boya-elementary-i:别:bie,đừng,translated_subagent_draft
vocabulary,boya-elementary-i:白天:baitian,ban ngày,translated_subagent_draft
vocabulary,boya-elementary-i:别的:biede,khác; cái khác,translated_subagent_draft
vocabulary,boya-elementary-i:班:ban,lớp,translated_subagent_draft
vocabulary,boya-elementary-i:冰:bing,đá; băng,translated_subagent_draft
vocabulary,boya-elementary-i:搬:ban,chuyển; dọn,translated_subagent_draft
vocabulary,boya-elementary-i:病假条:bingjiatido,giấy xin nghỉ ốm,translated_subagent_draft
vocabulary,boya-elementary-i:办:ban,làm; giải quyết,translated_subagent_draft
vocabulary,boya-elementary-i:补考:bukdo,thi lại,translated_subagent_draft
vocabulary,boya-elementary-i:办法:banfd,cách; biện pháp,translated_subagent_draft
vocabulary,boya-elementary-i:不:bu,không,translated_subagent_draft
vocabulary,boya-elementary-i:办公室:bangongshi,văn phòng,translated_subagent_draft
vocabulary,boya-elementary-i:不错:bucuo,không tệ; khá tốt,translated_subagent_draft
vocabulary,boya-elementary-i:半:ban,một nửa,translated_subagent_draft
vocabulary,boya-elementary-i:不过:buguo,nhưng; tuy nhiên,translated_subagent_draft
vocabulary,boya-elementary-i:帮:bang,giúp,translated_subagent_draft
vocabulary,boya-elementary-i:不好意思:buhdoyisi,xin lỗi; ngại quá,translated_subagent_draft
vocabulary,boya-elementary-i:帮忙:bangmang,giúp đỡ,translated_subagent_draft
vocabulary,boya-elementary-i:不用:buyong,không cần,translated_subagent_draft
vocabulary,boya-elementary-i:包子:bdozi,bánh bao,translated_subagent_draft
vocabulary,boya-elementary-i:部分:bufen,phần; bộ phận,translated_subagent_draft
vocabulary,boya-elementary-i:报告:baogdo,báo cáo,translated_subagent_draft
vocabulary,boya-elementary-i:报名:bdoming,đăng ký,translated_subagent_draft
vocabulary,boya-elementary-i:抱歉:bdoqian,xin lỗi; lấy làm tiếc,translated_subagent_draft
vocabulary,boya-elementary-i:菜:cai,món ăn; rau,translated_subagent_draft
vocabulary,boya-elementary-i:杯:bei,cốc; ly (lượng từ),translated_subagent_draft
vocabulary,boya-elementary-i:菜单:caidan,thực đơn,translated_subagent_draft
vocabulary,boya-elementary-i:待:dai,ở lại; lưu lại,translated_subagent_draft
vocabulary,boya-elementary-i:参加:canjia,tham gia,translated_subagent_draft
vocabulary,boya-elementary-i:茶:cha,trà,translated_subagent_draft
vocabulary,boya-elementary-i:担心:danxin,lo lắng,translated_subagent_draft
vocabulary,boya-elementary-i:查:cha,kiểm tra; tra cứu,translated_subagent_draft
vocabulary,boya-elementary-i:蛋糕:dangao,bánh ngọt,translated_subagent_draft
vocabulary,boya-elementary-i:差:cha,thiếu; kém,translated_subagent_draft
vocabulary,boya-elementary-i:当然:dangran,đương nhiên; tất nhiên,translated_subagent_draft
vocabulary,boya-elementary-i:差不多:chabudui,gần như; xấp xỉ,translated_subagent_draft
vocabulary,boya-elementary-i:倒霉:ddomei,xui xẻo,translated_subagent_draft
vocabulary,boya-elementary-i:尝:chang,nếm,translated_subagent_draft
vocabulary,boya-elementary-i:到:ddo,đến; tới,translated_subagent_draft
vocabulary,boya-elementary-i:常（常）:changchang,thường; thường xuyên,translated_subagent_draft
vocabulary,boya-elementary-i:唱:chang,hát,translated_subagent_draft
vocabulary,boya-elementary-i:得:de,trợ từ đặt sau động từ để bổ sung mức độ hoặc cách thức,translated_subagent_draft
vocabulary,boya-elementary-i:车站:chezhan,nhà ga; trạm xe,translated_subagent_draft
vocabulary,boya-elementary-i:得:dei,phải; cần phải,translated_subagent_draft
vocabulary,boya-elementary-i:吃饭:chifan,ăn cơm; dùng bữa,translated_subagent_draft
vocabulary,boya-elementary-i:等:deng,đợi; chờ,translated_subagent_draft
vocabulary,boya-elementary-i:迟到:chiddo,đến muộn,translated_subagent_draft
vocabulary,boya-elementary-i:地方:difang,nơi; địa điểm,translated_subagent_draft
vocabulary,boya-elementary-i:充值:chongzhi,nạp tiền; nạp lại,translated_subagent_draft
vocabulary,boya-elementary-i:地铁:ditie,tàu điện ngầm,translated_subagent_draft
vocabulary,boya-elementary-i:出门:chimen,ra khỏi nhà,translated_subagent_draft
vocabulary,boya-elementary-i:第一:diyi,thứ nhất; đầu tiên,translated_subagent_draft
vocabulary,boya-elementary-i:出租车:chuzuche,taxi,translated_subagent_draft
vocabulary,boya-elementary-i:点:dian,giờ (trên đồng hồ),translated_subagent_draft
vocabulary,boya-elementary-i:穿:chuan,mặc; đi (quần áo),translated_subagent_draft
vocabulary,boya-elementary-i:春天:chuntian,mùa xuân,translated_subagent_draft
vocabulary,boya-elementary-i:电话:didnhua,điện thoại,translated_subagent_draft
vocabulary,boya-elementary-i:次:ci,lần (lượng từ cho hành động),translated_subagent_draft
vocabulary,boya-elementary-i:电脑:dianndo,máy tính,translated_subagent_draft
vocabulary,boya-elementary-i:电影:dianying,phim,translated_subagent_draft
vocabulary,boya-elementary-i:订:ding,đặt trước,translated_subagent_draft
vocabulary,boya-elementary-i:东边:dongbian,phía đông,translated_subagent_draft
vocabulary,boya-elementary-i:打（电话）:dadianhua,gọi điện,translated_subagent_draft
vocabulary,boya-elementary-i:东门:dongmen,cổng phía đông,translated_subagent_draft
vocabulary,boya-elementary-i:打车:ddche,bắt taxi; đi taxi,translated_subagent_draft
vocabulary,boya-elementary-i:冬天:dongtian,mùa đông,translated_subagent_draft
vocabulary,boya-elementary-i:打算:ddsuan,dự định,translated_subagent_draft
vocabulary,boya-elementary-i:懂:dong,hiểu,translated_subagent_draft
vocabulary,boya-elementary-i:打针:ddzhen,tiêm; chích,translated_subagent_draft
vocabulary,boya-elementary-i:动物园:dongwuyuan,sở thú,translated_subagent_draft
vocabulary,boya-elementary-i:大:da,to; lớn,translated_subagent_draft
vocabulary,boya-elementary-i:都:dou,đều; tất cả,translated_subagent_draft
vocabulary,boya-elementary-i:大概:ddgai,khoảng; đại khái,translated_subagent_draft
vocabulary,boya-elementary-i:堵车:duche,tắc đường,translated_subagent_draft
vocabulary,boya-elementary-i:大号:dahdo,cỡ lớn,translated_subagent_draft
vocabulary,boya-elementary-i:度:du,độ (đơn vị),translated_subagent_draft
vocabulary,boya-elementary-i:大学:daxue,trường đại học,translated_subagent_draft
vocabulary,boya-elementary-i:短:dudn,ngắn,translated_subagent_draft
vocabulary,boya-elementary-i:大夫:daifu,bác sĩ,translated_subagent_draft
vocabulary,boya-elementary-i:段:duan,đoạn (lượng từ),translated_subagent_draft
vocabulary,boya-elementary-i:对:dui,đối với,translated_subagent_draft
vocabulary,boya-elementary-i:付:fu,trả tiền,translated_subagent_draft
vocabulary,boya-elementary-i:对方:duifang,đối phương; phía bên kia,translated_subagent_draft
vocabulary,boya-elementary-i:改:gdi,sửa; thay đổi,translated_subagent_draft
vocabulary,boya-elementary-i:对了:duile,à đúng rồi; tiện thể,translated_subagent_draft
vocabulary,boya-elementary-i:干净:ganjing,sạch sẽ,translated_subagent_draft
vocabulary,boya-elementary-i:对面:duimian,đối diện,translated_subagent_draft
vocabulary,boya-elementary-i:感冒:gdnmdo,cảm lạnh; bị cảm,translated_subagent_draft
vocabulary,boya-elementary-i:多:duo,bao nhiêu (hỏi số lượng hoặc mức độ),translated_subagent_draft
vocabulary,boya-elementary-i:感兴趣:ganxingqu,hứng thú với,translated_subagent_draft
vocabulary,boya-elementary-i:干:gan,làm,translated_subagent_draft
vocabulary,boya-elementary-i:多少:duishao,bao nhiêu,translated_subagent_draft
vocabulary,boya-elementary-i:刚:gang,vừa mới,translated_subagent_draft
vocabulary,boya-elementary-i:高:gao,cao,translated_subagent_draft
vocabulary,boya-elementary-i:饿:e,đói,translated_subagent_draft
vocabulary,boya-elementary-i:高兴:gaoxing,vui; vui mừng,translated_subagent_draft
vocabulary,boya-elementary-i:耳机:erj,tai nghe,translated_subagent_draft
vocabulary,boya-elementary-i:告诉:gaosu,nói cho; báo cho,translated_subagent_draft
vocabulary,boya-elementary-i:歌:ge,bài hát,translated_subagent_draft
vocabulary,boya-elementary-i:个:ge,cái; người (lượng từ phổ biến),translated_subagent_draft
vocabulary,boya-elementary-i:发:fa,gửi; phát,translated_subagent_draft
vocabulary,boya-elementary-i:给:gei,cho; đưa,translated_subagent_draft
vocabulary,boya-elementary-i:发烧:fashao,sốt,translated_subagent_draft
vocabulary,boya-elementary-i:跟:gen,với; theo,translated_subagent_draft
vocabulary,boya-elementary-i:翻译:fanyi,dịch; phiên dịch,translated_subagent_draft
vocabulary,boya-elementary-i:更:geng,càng; hơn,translated_subagent_draft
vocabulary,boya-elementary-i:饭店:fandian,nhà hàng,translated_subagent_draft
vocabulary,boya-elementary-i:公共汽车:gonggongqiche,xe buýt,translated_subagent_draft
vocabulary,boya-elementary-i:房间:fangjian,phòng,translated_subagent_draft
vocabulary,boya-elementary-i:狗:gou,chó,translated_subagent_draft
vocabulary,boya-elementary-i:放:fang,đặt; để,translated_subagent_draft
vocabulary,boya-elementary-i:够:gou,đủ,translated_subagent_draft
vocabulary,boya-elementary-i:放松:fangsong,thư giãn,translated_subagent_draft
vocabulary,boya-elementary-i:刮风:guafeng,có gió; gió thổi,translated_subagent_draft
vocabulary,boya-elementary-i:放心:fangxin,yên tâm,translated_subagent_draft
vocabulary,boya-elementary-i:光临:guanglin,ghé thăm (cách nói lịch sự),translated_subagent_draft
vocabulary,boya-elementary-i:飞机:feiji,máy bay,translated_subagent_draft
vocabulary,boya-elementary-i:逛街:gudngjie,đi dạo phố; mua sắm,translated_subagent_draft
vocabulary,boya-elementary-i:分:fen,phút (lượng từ),translated_subagent_draft
vocabulary,boya-elementary-i:贵:gui,đắt,translated_subagent_draft
vocabulary,boya-elementary-i:国:guo,nước; quốc gia,translated_subagent_draft
vocabulary,boya-elementary-i:分钟:fenzhong,phút,translated_subagent_draft
vocabulary,boya-elementary-i:国际关系:guojiguanxi,quan hệ quốc tế,translated_subagent_draft
vocabulary,boya-elementary-i:份:fen,phần; suất (lượng từ),translated_subagent_draft
vocabulary,boya-elementary-i:国家:guojia,quốc gia,translated_subagent_draft
vocabulary,boya-elementary-i:风:feng,gió,translated_subagent_draft
vocabulary,boya-elementary-i:过:guo,trải qua; ăn mừng,translated_subagent_draft
vocabulary,boya-elementary-i:风景:fengiing,phong cảnh,translated_subagent_draft
vocabulary,boya-elementary-i:服务员:fuwiyuan,nhân viên phục vụ,translated_subagent_draft
vocabulary,boya-elementary-i:辅导:tuddo,phụ đạo; hướng dẫn,translated_subagent_draft
vocabulary,boya-elementary-i:还:hai,còn; cũng,translated_subagent_draft
vocabulary,boya-elementary-i:还可以:haikeyi,cũng được; tạm ổn,translated_subagent_draft
vocabulary,boya-elementary-i:………极了:jile,cực kỳ; vô cùng,translated_subagent_draft
vocabulary,boya-elementary-i:还是:haishi,vẫn; hay là,translated_subagent_draft
vocabulary,boya-elementary-i:急事:jishi,việc gấp,translated_subagent_draft
vocabulary,boya-elementary-i:好:hdo,tốt; khỏe; được,translated_subagent_draft
vocabulary,boya-elementary-i:几:ji,mấy; bao nhiêu (số nhỏ),translated_subagent_draft
vocabulary,boya-elementary-i:好吃:hdochi,ngon,translated_subagent_draft
vocabulary,boya-elementary-i:记:ji,nhớ; ghi nhớ,translated_subagent_draft
vocabulary,boya-elementary-i:好好儿:hdohdor,cho tốt; thật kỹ,translated_subagent_draft
vocabulary,boya-elementary-i:季节:ijie,mùa,translated_subagent_draft
vocabulary,boya-elementary-i:好听:haoting,hay; dễ nghe,translated_subagent_draft
vocabulary,boya-elementary-i:继续:jixu,tiếp tục,translated_subagent_draft
vocabulary,boya-elementary-i:好像:hdoxiang,hình như; có vẻ,translated_subagent_draft
vocabulary,boya-elementary-i:加:jia,thêm; cộng,translated_subagent_draft
vocabulary,boya-elementary-i:号:hao,số; ngày,translated_subagent_draft
vocabulary,boya-elementary-i:家:jia,nhà; gia đình,translated_subagent_draft
vocabulary,boya-elementary-i:号码:hdoma,số; số điện thoại,translated_subagent_draft
vocabulary,boya-elementary-i:假期:jiaai,kỳ nghỉ,translated_subagent_draft
vocabulary,boya-elementary-i:喝:he,uống,translated_subagent_draft
vocabulary,boya-elementary-i:简单:jidndan,đơn giản,translated_subagent_draft
vocabulary,boya-elementary-i:合适:heshi,phù hợp; vừa,translated_subagent_draft
vocabulary,boya-elementary-i:见:jian,gặp; thấy,translated_subagent_draft
vocabulary,boya-elementary-i:和:he,và; với,translated_subagent_draft
vocabulary,boya-elementary-i:件:jian,chiếc; bộ (lượng từ quần áo),translated_subagent_draft
vocabulary,boya-elementary-i:黑:hei,đen,translated_subagent_draft
vocabulary,boya-elementary-i:建议:jianyi,đề nghị; góp ý,translated_subagent_draft
vocabulary,boya-elementary-i:很:hen,rất,translated_subagent_draft
vocabulary,boya-elementary-i:交:jiao,nộp; giao,translated_subagent_draft
vocabulary,boya-elementary-i:红:hong,đỏ,translated_subagent_draft
vocabulary,boya-elementary-i:饺子:jiaozi,bánh chẻo,translated_subagent_draft
vocabulary,boya-elementary-i:红酒:hongjiu,rượu vang,translated_subagent_draft
vocabulary,boya-elementary-i:叫:jiao,gọi; tên là,translated_subagent_draft
vocabulary,boya-elementary-i:后天:houtian,ngày kia,translated_subagent_draft
vocabulary,boya-elementary-i:教室:jidoshi,phòng học,translated_subagent_draft
vocabulary,boya-elementary-i:花儿:huar,hoa,translated_subagent_draft
vocabulary,boya-elementary-i:接:jie,đón; nhận,translated_subagent_draft
vocabulary,boya-elementary-i:坏:huai,hỏng; xấu,translated_subagent_draft
vocabulary,boya-elementary-i:节:jie,tiết (lượng từ cho buổi học),translated_subagent_draft
vocabulary,boya-elementary-i:欢迎:huanying,hoan nghênh; chào mừng,translated_subagent_draft
vocabulary,boya-elementary-i:节目:jiemi,chương trình; tiết mục,translated_subagent_draft
vocabulary,boya-elementary-i:回:hui,trả lời; hồi đáp,translated_subagent_draft
vocabulary,boya-elementary-i:结果:jieguo,kết quả,translated_subagent_draft
vocabulary,boya-elementary-i:回来:huilai,quay lại; trở về,translated_subagent_draft
vocabulary,boya-elementary-i:结束:jieshu,kết thúc,translated_subagent_draft
vocabulary,boya-elementary-i:会:hui,biết; có thể (kỹ năng),translated_subagent_draft
vocabulary,boya-elementary-i:解决:jiejue,giải quyết,translated_subagent_draft
vocabulary,boya-elementary-i:活动:huodong,hoạt động,translated_subagent_draft
vocabulary,boya-elementary-i:介绍:jieshao,giới thiệu,translated_subagent_draft
vocabulary,boya-elementary-i:火车:huoche,tàu hỏa,translated_subagent_draft
vocabulary,boya-elementary-i:斤:jin,cân (nửa kilogram),translated_subagent_draft
vocabulary,boya-elementary-i:或者:huozhe,hoặc,translated_subagent_draft
vocabulary,boya-elementary-i:今天:jintian,hôm nay,translated_subagent_draft
vocabulary,boya-elementary-i:进:jin,vào,translated_subagent_draft
vocabulary,boya-elementary-i:近:jin,gần,translated_subagent_draft
vocabulary,boya-elementary-i:机场:jichang,sân bay,translated_subagent_draft
vocabulary,boya-elementary-i:纠正:jiuzheng,sửa; chỉnh sửa,translated_subagent_draft
vocabulary,boya-elementary-i:鸡肉:jirou,thịt gà,translated_subagent_draft
vocabulary,boya-elementary-i:久:jiu,lâu,translated_subagent_draft
vocabulary,boya-elementary-i:就:jiu,liền; ngay; thì,translated_subagent_draft
vocabulary,boya-elementary-i:快递:kudidi,chuyển phát nhanh,translated_subagent_draft
vocabulary,boya-elementary-i:聚餐:jucan,ăn chung; liên hoan,translated_subagent_draft
vocabulary,boya-elementary-i:快乐:kudile,vui vẻ,translated_subagent_draft
vocabulary,boya-elementary-i:聚会:juhui,buổi tụ họp; tiệc,translated_subagent_draft
vocabulary,boya-elementary-i:困:kun,buồn ngủ,translated_subagent_draft
vocabulary,boya-elementary-i:决定:jueding,quyết định,translated_subagent_draft
vocabulary,boya-elementary-i:觉得:juede,cảm thấy; nghĩ rằng,translated_subagent_draft
vocabulary,boya-elementary-i:来:lai,đến; dùng để chỉ việc sắp làm,translated_subagent_draft
vocabulary,boya-elementary-i:蓝:lan,xanh lam,translated_subagent_draft
vocabulary,boya-elementary-i:咖啡:kafei,cà phê,translated_subagent_draft
vocabulary,boya-elementary-i:篮球:lanqid,bóng rổ,translated_subagent_draft
vocabulary,boya-elementary-i:卡拉OK:kalaok,karaoke,translated_subagent_draft
vocabulary,boya-elementary-i:老家:idojia,quê nhà,translated_subagent_draft
vocabulary,boya-elementary-i:开:kai,mở; rời đi,translated_subagent_draft
vocabulary,boya-elementary-i:老师:laoshi,giáo viên,translated_subagent_draft
vocabulary,boya-elementary-i:开始:kaishi,bắt đầu,translated_subagent_draft
vocabulary,boya-elementary-i:了:le,trợ từ chỉ sự hoàn tất hoặc sự thay đổi,translated_subagent_draft
vocabulary,boya-elementary-i:开玩笑:kaiwanxido,nói đùa; trêu,translated_subagent_draft
vocabulary,boya-elementary-i:累:lei,mệt,translated_subagent_draft
vocabulary,boya-elementary-i:开心:kaixin,vui vẻ,translated_subagent_draft
vocabulary,boya-elementary-i:冷:leng,lạnh,translated_subagent_draft
vocabulary,boya-elementary-i:开学:kaixue,bắt đầu học kỳ,translated_subagent_draft
vocabulary,boya-elementary-i:离:ii,cách; rời khỏi,translated_subagent_draft
vocabulary,boya-elementary-i:看:kan,nhìn; xem,translated_subagent_draft
vocabulary,boya-elementary-i:礼物:iiwu,quà,translated_subagent_draft
vocabulary,boya-elementary-i:看起来:kanqilai,trông có vẻ,translated_subagent_draft
vocabulary,boya-elementary-i:里（边）:libian,bên trong,translated_subagent_draft
vocabulary,boya-elementary-i:考虑:kdolii,cân nhắc; xem xét,translated_subagent_draft
vocabulary,boya-elementary-i:历史:lishr,lịch sử,translated_subagent_draft
vocabulary,boya-elementary-i:考试:kaoshi,thi; kỳ thi,translated_subagent_draft
vocabulary,boya-elementary-i:厉害:lihai,lợi hại; nghiêm trọng; giỏi,translated_subagent_draft
vocabulary,boya-elementary-i:烤鸭:kdoya,vịt quay,translated_subagent_draft
vocabulary,boya-elementary-i:练习:lianxi,luyện tập; bài tập,translated_subagent_draft
vocabulary,boya-elementary-i:咳嗽:kesou,ho,translated_subagent_draft
vocabulary,boya-elementary-i:可乐:kele,nước cola,translated_subagent_draft
vocabulary,boya-elementary-i:两:lidng,hai (đứng trước lượng từ),translated_subagent_draft
vocabulary,boya-elementary-i:可能:keneng,có thể; có lẽ,translated_subagent_draft
vocabulary,boya-elementary-i:可是:keshi,nhưng; tuy nhiên,translated_subagent_draft
vocabulary,boya-elementary-i:辆:liang,chiếc (lượng từ cho xe),translated_subagent_draft
vocabulary,boya-elementary-i:可以:keyi,có thể; được phép,translated_subagent_draft
vocabulary,boya-elementary-i:聊天儿:lidotianr,trò chuyện,translated_subagent_draft
vocabulary,boya-elementary-i:刻:ke,một phần tư giờ,translated_subagent_draft
vocabulary,boya-elementary-i:零下:iingxid,dưới 0 độ,translated_subagent_draft
vocabulary,boya-elementary-i:课:ke,bài học; tiết học,translated_subagent_draft
vocabulary,boya-elementary-i:留学生:liuxuesheng,du học sinh,translated_subagent_draft
vocabulary,boya-elementary-i:课间:kejian,giờ ra chơi,translated_subagent_draft
vocabulary,boya-elementary-i:六:iiu,sáu,translated_subagent_draft
vocabulary,boya-elementary-i:口语:kouy,khẩu ngữ; tiếng nói,translated_subagent_draft
vocabulary,boya-elementary-i:楼:iou,tầng; tòa nhà,translated_subagent_draft
vocabulary,boya-elementary-i:块（元）:kuaiyuan,đồng (đơn vị tiền Trung Quốc),translated_subagent_draft
vocabulary,boya-elementary-i:路口:lkou,ngã tư; giao lộ,translated_subagent_draft
vocabulary,boya-elementary-i:快……了:kuaile,sắp; gần đến lúc,translated_subagent_draft
vocabulary,boya-elementary-i:路上:lushang,trên đường,translated_subagent_draft
vocabulary,boya-elementary-i:旅行:luxing,du lịch,translated_subagent_draft
vocabulary,boya-elementary-i:能:neng,có thể,translated_subagent_draft
vocabulary,boya-elementary-i:你:ni,bạn; anh/chị,translated_subagent_draft
vocabulary,boya-elementary-i:你们:nimen,các bạn; mọi người,translated_subagent_draft
vocabulary,boya-elementary-i:妈妈:mama,mẹ,translated_subagent_draft
vocabulary,boya-elementary-i:牛奶:niundi,sữa,translated_subagent_draft
vocabulary,boya-elementary-i:吗:ma,trợ từ đặt cuối câu hỏi,translated_subagent_draft
vocabulary,boya-elementary-i:努力:nuli,chăm chỉ; cố gắng,translated_subagent_draft
vocabulary,boya-elementary-i:头:mai,mua,translated_subagent_draft
vocabulary,boya-elementary-i:女:ni,nữ; phụ nữ,translated_subagent_draft
vocabulary,boya-elementary-i:卖:mai,bán,translated_subagent_draft
vocabulary,boya-elementary-i:女朋友:nupengyou,bạn gái,translated_subagent_draft
vocabulary,boya-elementary-i:忙:mang,bận,translated_subagent_draft
vocabulary,boya-elementary-i:毛（角）:maojiao,hào (một phần mười đồng),translated_subagent_draft
vocabulary,boya-elementary-i:毛笔:maobi,bút lông,translated_subagent_draft
vocabulary,boya-elementary-i:爬山:pashan,leo núi,translated_subagent_draft
vocabulary,boya-elementary-i:没（有）:meiyou,không có,translated_subagent_draft
vocabulary,boya-elementary-i:拍:pai,chụp; vỗ,translated_subagent_draft
vocabulary,boya-elementary-i:每:mei,mỗi,translated_subagent_draft
vocabulary,boya-elementary-i:旁边:pangbian,bên cạnh,translated_subagent_draft
vocabulary,boya-elementary-i:门口:menkou,cửa ra vào; trước cửa,translated_subagent_draft
vocabulary,boya-elementary-i:胖:pang,béo; mập,translated_subagent_draft
vocabulary,boya-elementary-i:米饭:mifan,cơm,translated_subagent_draft
vocabulary,boya-elementary-i:朋友:pengyou,bạn bè,translated_subagent_draft
vocabulary,boya-elementary-i:面包:mianbao,bánh mì,translated_subagent_draft
vocabulary,boya-elementary-i:啤酒:piji,bia,translated_subagent_draft
vocabulary,boya-elementary-i:面食:midnshi,món làm từ bột mì,translated_subagent_draft
vocabulary,boya-elementary-i:便宜:pianyi,rẻ,translated_subagent_draft
vocabulary,boya-elementary-i:面条儿:miantidor,mì sợi,translated_subagent_draft
vocabulary,boya-elementary-i:票:pido,vé,translated_subagent_draft
vocabulary,boya-elementary-i:名字:mingzi,tên,translated_subagent_draft
vocabulary,boya-elementary-i:漂亮:pidoliang,đẹp,translated_subagent_draft
vocabulary,boya-elementary-i:明白:mingbai,hiểu; rõ,translated_subagent_draft
vocabulary,boya-elementary-i:苹果:pinggui,táo,translated_subagent_draft
vocabulary,boya-elementary-i:明天:mingtian,ngày mai,translated_subagent_draft
vocabulary,boya-elementary-i:屏幕:pingmi,màn hình,translated_subagent_draft
vocabulary,boya-elementary-i:蘑菇:mogu,nấm,translated_subagent_draft
vocabulary,boya-elementary-i:瓶:ping,chai (lượng từ),translated_subagent_draft
vocabulary,boya-elementary-i:哪:nd,nào; cái nào,translated_subagent_draft
vocabulary,boya-elementary-i:骑:qi,cưỡi; đi (xe),translated_subagent_draft
vocabulary,boya-elementary-i:哪儿:nar,ở đâu,translated_subagent_draft
vocabulary,boya-elementary-i:起床:qichuang,thức dậy,translated_subagent_draft
vocabulary,boya-elementary-i:那:na,kia; đó,translated_subagent_draft
vocabulary,boya-elementary-i:钱:qian,tiền,translated_subagent_draft
vocabulary,boya-elementary-i:男:nan,nam; con trai,translated_subagent_draft
vocabulary,boya-elementary-i:清楚:qingchu,rõ; rõ ràng,translated_subagent_draft
vocabulary,boya-elementary-i:南方:nanfang,miền nam,translated_subagent_draft
vocabulary,boya-elementary-i:晴天:qingtian,ngày nắng; trời quang,translated_subagent_draft
vocabulary,boya-elementary-i:难:nan,khó,translated_subagent_draft
vocabulary,boya-elementary-i:请假:qingjia,xin nghỉ,translated_subagent_draft
vocabulary,boya-elementary-i:难看:nankan,xấu; khó coi,translated_subagent_draft
vocabulary,boya-elementary-i:请客:qingke,mời ăn; đãi khách,translated_subagent_draft
vocabulary,boya-elementary-i:呢:ne,nhỉ; vậy (trợ từ cuối câu),translated_subagent_draft
vocabulary,boya-elementary-i:秋天:qiutian,mùa thu,translated_subagent_draft
vocabulary,boya-elementary-i:去:qu,đi,translated_subagent_draft
vocabulary,boya-elementary-i:事:shi,việc; chuyện,translated_subagent_draft
vocabulary,boya-elementary-i:去年:qunian,năm ngoái,translated_subagent_draft
vocabulary,boya-elementary-i:试:shi,thử,translated_subagent_draft
vocabulary,boya-elementary-i:确实:queshi,quả thật; đúng là,translated_subagent_draft
vocabulary,boya-elementary-i:试衣间:shiyijian,phòng thử đồ,translated_subagent_draft
vocabulary,boya-elementary-i:是:shi,là; phải,translated_subagent_draft
vocabulary,boya-elementary-i:收到:shoudao,nhận được,translated_subagent_draft
vocabulary,boya-elementary-i:然后:ranhou,sau đó; rồi,translated_subagent_draft
vocabulary,boya-elementary-i:手:shou,tay,translated_subagent_draft
vocabulary,boya-elementary-i:让:rang,khiến; bảo,translated_subagent_draft
vocabulary,boya-elementary-i:手机:shouji,điện thoại di động,translated_subagent_draft
vocabulary,boya-elementary-i:热:re,nóng,translated_subagent_draft
vocabulary,boya-elementary-i:书:shu,sách,translated_subagent_draft
vocabulary,boya-elementary-i:热闹:renao,nhộn nhịp; đông vui,translated_subagent_draft
vocabulary,boya-elementary-i:书包:shubao,cặp sách,translated_subagent_draft
vocabulary,boya-elementary-i:人:ren,người,translated_subagent_draft
vocabulary,boya-elementary-i:书法:shufd,thư pháp,translated_subagent_draft
vocabulary,boya-elementary-i:认识:renshi,biết; quen,translated_subagent_draft
vocabulary,boya-elementary-i:舒服:shufu,dễ chịu; thoải mái,translated_subagent_draft
vocabulary,boya-elementary-i:如果:ruguo,nếu,translated_subagent_draft
vocabulary,boya-elementary-i:输:shu,thua,translated_subagent_draft
vocabulary,boya-elementary-i:暑假:shujia,kỳ nghỉ hè,translated_subagent_draft
vocabulary,boya-elementary-i:扫:sdo,quét; quét mã,translated_subagent_draft
vocabulary,boya-elementary-i:束:shu,bó (lượng từ hoa),translated_subagent_draft
vocabulary,boya-elementary-i:删:shan,xóa,translated_subagent_draft
vocabulary,boya-elementary-i:刷卡:shuaka,quẹt thẻ,translated_subagent_draft
vocabulary,boya-elementary-i:商店:shangaian,cửa hàng,translated_subagent_draft
vocabulary,boya-elementary-i:帅:shudi,đẹp trai,translated_subagent_draft
vocabulary,boya-elementary-i:上网:shangwdng,lên mạng; lướt mạng,translated_subagent_draft
vocabulary,boya-elementary-i:谁:shuishei,ai,translated_subagent_draft
vocabulary,boya-elementary-i:上午:shangwi,buổi sáng,translated_subagent_draft
vocabulary,boya-elementary-i:水:shui,nước,translated_subagent_draft
vocabulary,boya-elementary-i:身体:shenti,cơ thể; sức khỏe,translated_subagent_draft
vocabulary,boya-elementary-i:睡觉:shuijido,ngủ,translated_subagent_draft
vocabulary,boya-elementary-i:生活:shenghuo,cuộc sống; sinh sống,translated_subagent_draft
vocabulary,boya-elementary-i:顺利:shunli,thuận lợi,translated_subagent_draft
vocabulary,boya-elementary-i:生气:shengqi,tức giận,translated_subagent_draft
vocabulary,boya-elementary-i:说:shuo,nói,translated_subagent_draft
vocabulary,boya-elementary-i:生日:shengri,sinh nhật,translated_subagent_draft
vocabulary,boya-elementary-i:说话:shuohua,nói chuyện,translated_subagent_draft
vocabulary,boya-elementary-i:声调:shengdido,thanh điệu,translated_subagent_draft
vocabulary,boya-elementary-i:……死了:sile,… chết đi được (mức độ rất cao),translated_subagent_draft
vocabulary,boya-elementary-i:师傅:shifu,bác/chú (cách gọi lịch sự người thợ hoặc tài xế),translated_subagent_draft
vocabulary,boya-elementary-i:送:song,tặng; tiễn,translated_subagent_draft
vocabulary,boya-elementary-i:宿舍:sushe,ký túc xá,translated_subagent_draft
vocabulary,boya-elementary-i:十二:shier,mười hai,translated_subagent_draft
vocabulary,boya-elementary-i:算了:suanle,thôi bỏ đi,translated_subagent_draft
vocabulary,boya-elementary-i:什么:shenme,cái gì; gì,translated_subagent_draft
vocabulary,boya-elementary-i:随便:suibian,tùy; gì cũng được,translated_subagent_draft
vocabulary,boya-elementary-i:时候:shihou,lúc; khi,translated_subagent_draft
vocabulary,boya-elementary-i:岁:sui,tuổi,translated_subagent_draft
vocabulary,boya-elementary-i:时间:shijian,thời gian,translated_subagent_draft
vocabulary,boya-elementary-i:所以:suoyi,vì vậy; cho nên,translated_subagent_draft
vocabulary,boya-elementary-i:食堂:shitang,nhà ăn; căng tin,translated_subagent_draft
vocabulary,boya-elementary-i:微信:weixin,WeChat,translated_subagent_draft
vocabulary,boya-elementary-i:为什么:weishenme,tại sao,translated_subagent_draft
vocabulary,boya-elementary-i:他:ta,anh ấy; ông ấy,translated_subagent_draft
vocabulary,boya-elementary-i:位:wei,vị; người (lượng từ lịch sự),translated_subagent_draft
vocabulary,boya-elementary-i:他们:tamen,họ,translated_subagent_draft
vocabulary,boya-elementary-i:味道:weidao,mùi vị; hương vị,translated_subagent_draft
vocabulary,boya-elementary-i:她:ta,cô ấy; chị ấy,translated_subagent_draft
vocabulary,boya-elementary-i:喂:wei,a-lô (khi nghe điện thoại),translated_subagent_draft
vocabulary,boya-elementary-i:太:tai,quá; rất,translated_subagent_draft
vocabulary,boya-elementary-i:问:wen,hỏi,translated_subagent_draft
vocabulary,boya-elementary-i:趟:tang,chuyến (lượng từ lượt đi),translated_subagent_draft
vocabulary,boya-elementary-i:问题:wenti,câu hỏi; vấn đề,translated_subagent_draft
vocabulary,boya-elementary-i:特别:tebie,đặc biệt,translated_subagent_draft
vocabulary,boya-elementary-i:我:wo,tôi; mình,translated_subagent_draft
vocabulary,boya-elementary-i:提前:tiqian,sớm hơn; trước thời hạn,translated_subagent_draft
vocabulary,boya-elementary-i:我们:women,chúng tôi; chúng ta,translated_subagent_draft
vocabulary,boya-elementary-i:体温:tiwen,thân nhiệt,translated_subagent_draft
vocabulary,boya-elementary-i:天气:tianqi,thời tiết,translated_subagent_draft
vocabulary,boya-elementary-i:天气预报:tianqiyubao,dự báo thời tiết,translated_subagent_draft
vocabulary,boya-elementary-i:西瓜:xigua,dưa hấu,translated_subagent_draft
vocabulary,boya-elementary-i:听:ting,nghe,translated_subagent_draft
vocabulary,boya-elementary-i:习惯:xiguan,quen; thói quen,translated_subagent_draft
vocabulary,boya-elementary-i:听说:tingshuo,nghe nói,translated_subagent_draft
vocabulary,boya-elementary-i:洗:xi,rửa; giặt,translated_subagent_draft
vocabulary,boya-elementary-i:听写:tingxie,nghe viết; chính tả,translated_subagent_draft
vocabulary,boya-elementary-i:喜欢:xihuan,thích,translated_subagent_draft
vocabulary,boya-elementary-i:停:ting,dừng; đỗ,translated_subagent_draft
vocabulary,boya-elementary-i:下:xid,tiếp theo; dưới,translated_subagent_draft
vocabulary,boya-elementary-i:挺:ting,khá; rất,translated_subagent_draft
vocabulary,boya-elementary-i:下（雨）:xiayu,mưa; rơi (mưa),translated_subagent_draft
vocabulary,boya-elementary-i:同屋:tongwu,bạn cùng phòng,translated_subagent_draft
vocabulary,boya-elementary-i:下课:xidke,tan học,translated_subagent_draft
vocabulary,boya-elementary-i:同学:tongxue,bạn học,translated_subagent_draft
vocabulary,boya-elementary-i:下午:xidwu,buổi chiều,translated_subagent_draft
vocabulary,boya-elementary-i:头疼:touteng,đau đầu,translated_subagent_draft
vocabulary,boya-elementary-i:下载:xiazai,tải xuống,translated_subagent_draft
vocabulary,boya-elementary-i:夏天:xiatian,mùa hè,translated_subagent_draft
vocabulary,boya-elementary-i:先:xian,trước; trước hết,translated_subagent_draft
vocabulary,boya-elementary-i:外边:waibian,bên ngoài,translated_subagent_draft
vocabulary,boya-elementary-i:先生:xiansheng,ông; ngài,translated_subagent_draft
vocabulary,boya-elementary-i:外卖:waimai,đồ ăn giao tận nơi,translated_subagent_draft
vocabulary,boya-elementary-i:现金:xidnjin,tiền mặt,translated_subagent_draft
vocabulary,boya-elementary-i:玩儿:wanr,chơi,translated_subagent_draft
vocabulary,boya-elementary-i:现在:xianzai,bây giờ; hiện tại,translated_subagent_draft
vocabulary,boya-elementary-i:晚:wan,muộn; tối,translated_subagent_draft
vocabulary,boya-elementary-i:线:xian,dòng; tuyến,translated_subagent_draft
vocabulary,boya-elementary-i:晚会:wanhui,buổi liên hoan tối,translated_subagent_draft
vocabulary,boya-elementary-i:馅儿:xianr,nhân (bánh),translated_subagent_draft
vocabulary,boya-elementary-i:晚上:wanshang,buổi tối,translated_subagent_draft
vocabulary,boya-elementary-i:香蕉:xiangjido,chuối,translated_subagent_draft
vocabulary,boya-elementary-i:碗:wan,bát,translated_subagent_draft
vocabulary,boya-elementary-i:想:xidng,muốn; nghĩ,translated_subagent_draft
vocabulary,boya-elementary-i:往:wding,hướng về; về phía,translated_subagent_draft
vocabulary,boya-elementary-i:想家:xiangjia,nhớ nhà,translated_subagent_draft
vocabulary,boya-elementary-i:忘:wang,quên,translated_subagent_draft
vocabulary,boya-elementary-i:小时:xiaoshi,giờ; tiếng,translated_subagent_draft
vocabulary,boya-elementary-i:一起:yiai,cùng nhau,translated_subagent_draft
vocabulary,boya-elementary-i:辛苦:xinku,vất vả; cực nhọc,translated_subagent_draft
vocabulary,boya-elementary-i:一下儿:yixiar,một chút; một lát (sau động từ),translated_subagent_draft
vocabulary,boya-elementary-i:新:xin,mới,translated_subagent_draft
vocabulary,boya-elementary-i:一些:yixie,một vài; một ít,translated_subagent_draft
vocabulary,boya-elementary-i:星期六:xingqiliu,thứ bảy,translated_subagent_draft
vocabulary,boya-elementary-i:一直:vizhi,luôn luôn; suốt,translated_subagent_draft
vocabulary,boya-elementary-i:行:xing,được; ổn,translated_subagent_draft
vocabulary,boya-elementary-i:衣服:yifu,quần áo,translated_subagent_draft
vocabulary,boya-elementary-i:姓:xing,mang họ; họ,translated_subagent_draft
vocabulary,boya-elementary-i:医院:viyuan,bệnh viện,translated_subagent_draft
vocabulary,boya-elementary-i:休息:xiuxi,nghỉ ngơi,translated_subagent_draft
vocabulary,boya-elementary-i:已经:yijing,đã; rồi,translated_subagent_draft
vocabulary,boya-elementary-i:修:xiu,sửa chữa,translated_subagent_draft
vocabulary,boya-elementary-i:以后:yihou,sau này; về sau,translated_subagent_draft
vocabulary,boya-elementary-i:选:xuan,chọn; lựa chọn,translated_subagent_draft
vocabulary,boya-elementary-i:以前:yiqian,trước đây; trước khi,translated_subagent_draft
vocabulary,boya-elementary-i:学:xue,học,translated_subagent_draft
vocabulary,boya-elementary-i:意见:yijian,ý kiến; đề xuất,translated_subagent_draft
vocabulary,boya-elementary-i:学期:xueqi,học kỳ,translated_subagent_draft
vocabulary,boya-elementary-i:因为:yinwei,bởi vì; vì,translated_subagent_draft
vocabulary,boya-elementary-i:学生:xuesheng,học sinh; sinh viên,translated_subagent_draft
vocabulary,boya-elementary-i:阴:yin,âm u; nhiều mây,translated_subagent_draft
vocabulary,boya-elementary-i:学校:xuexido,trường học,translated_subagent_draft
vocabulary,boya-elementary-i:阴天:yintian,ngày nhiều mây,translated_subagent_draft
vocabulary,boya-elementary-i:雪:xue,tuyết,translated_subagent_draft
vocabulary,boya-elementary-i:应该:yinggai,nên; cần phải,translated_subagent_draft
vocabulary,boya-elementary-i:赢:ying,thắng,translated_subagent_draft
vocabulary,boya-elementary-i:研究生:yanjiusheng,học viên cao học,translated_subagent_draft
vocabulary,boya-elementary-i:用功:yonggong,chăm học; chịu khó học,translated_subagent_draft
vocabulary,boya-elementary-i:颜色:yanse,màu sắc,translated_subagent_draft
vocabulary,boya-elementary-i:游戏:youxi,trò chơi,translated_subagent_draft
vocabulary,boya-elementary-i:样子:yangzi,dáng vẻ; kiểu dáng,translated_subagent_draft
vocabulary,boya-elementary-i:有:you,có,translated_subagent_draft
vocabulary,boya-elementary-i:药:yao,thuốc,translated_subagent_draft
vocabulary,boya-elementary-i:有的:youde,một số; có người/cái,translated_subagent_draft
vocabulary,boya-elementary-i:要:yao,muốn; cần,translated_subagent_draft
vocabulary,boya-elementary-i:有点儿:youdianr,hơi; có một chút,translated_subagent_draft
vocabulary,boya-elementary-i:有意思:youyisi,thú vị,translated_subagent_draft
vocabulary,boya-elementary-i:要是:yaoshi,nếu mà,translated_subagent_draft
vocabulary,boya-elementary-i:也:ye,cũng,translated_subagent_draft
vocabulary,boya-elementary-i:又:you,lại; vừa… vừa…,translated_subagent_draft
vocabulary,boya-elementary-i:右边:youbian,bên phải,translated_subagent_draft
vocabulary,boya-elementary-i:夜里:yeli,ban đêm,translated_subagent_draft
vocabulary,boya-elementary-i:雨:yi,mưa,translated_subagent_draft
vocabulary,boya-elementary-i:一般:yiban,thường; nói chung,translated_subagent_draft
vocabulary,boya-elementary-i:雨季:ygj,mùa mưa,translated_subagent_draft
vocabulary,boya-elementary-i:一点儿:yididnr,một chút,translated_subagent_draft
vocabulary,boya-elementary-i:一定:yiding,nhất định; chắc chắn,translated_subagent_draft
vocabulary,boya-elementary-i:语法:yufa,ngữ pháp,translated_subagent_draft
vocabulary,boya-elementary-i:一共:yigong,tổng cộng,translated_subagent_draft
vocabulary,boya-elementary-i:远:yudn,xa,translated_subagent_draft
vocabulary,boya-elementary-i:一会儿:yihuir,một lát nữa; một lúc,translated_subagent_draft
vocabulary,boya-elementary-i:约:yue,hẹn (với ai đó),translated_subagent_draft
vocabulary,boya-elementary-i:月:yue,tháng,translated_subagent_draft
vocabulary,boya-elementary-i:猪肉:zhurou,thịt lợn,translated_subagent_draft
vocabulary,boya-elementary-i:主意:zhuyi,ý kiến; ý tưởng,translated_subagent_draft
vocabulary,boya-elementary-i:再:zai,lại; thêm; nữa,translated_subagent_draft
vocabulary,boya-elementary-i:住:zhu,sống; ở,translated_subagent_draft
vocabulary,boya-elementary-i:在:zai,ở; tại; đang,translated_subagent_draft
vocabulary,boya-elementary-i:祝:zhu,chúc,translated_subagent_draft
vocabulary,boya-elementary-i:咱们:zanmen,chúng ta,translated_subagent_draft
vocabulary,boya-elementary-i:专业:zhuanye,chuyên ngành,translated_subagent_draft
vocabulary,boya-elementary-i:怎么:zenme,thế nào; làm sao,translated_subagent_draft
vocabulary,boya-elementary-i:准备:zhunbei,chuẩn bị,translated_subagent_draft
vocabulary,boya-elementary-i:怎么样:zenmeyang,thế nào,translated_subagent_draft
vocabulary,boya-elementary-i:字:zi,chữ,translated_subagent_draft
vocabulary,boya-elementary-i:展览:zhanlan,triển lãm,translated_subagent_draft
vocabulary,boya-elementary-i:自己:zijy,bản thân; tự mình,translated_subagent_draft
vocabulary,boya-elementary-i:张开:zhangkai,mở ra; dang ra,translated_subagent_draft
vocabulary,boya-elementary-i:自行车:zixingche,xe đạp,translated_subagent_draft
vocabulary,boya-elementary-i:长:zhang,lớn lên; mọc dài,translated_subagent_draft
vocabulary,boya-elementary-i:走:zou,đi; rời đi,translated_subagent_draft
vocabulary,boya-elementary-i:着急:zhaoji,lo lắng; sốt ruột,translated_subagent_draft
vocabulary,boya-elementary-i:走路:zoul,đi bộ,translated_subagent_draft
vocabulary,boya-elementary-i:找:zhdo,tìm,translated_subagent_draft
vocabulary,boya-elementary-i:嘴:zui,miệng,translated_subagent_draft
vocabulary,boya-elementary-i:照片:zhdopian,ảnh; bức ảnh,translated_subagent_draft
vocabulary,boya-elementary-i:最:zui,nhất,translated_subagent_draft
vocabulary,boya-elementary-i:这:zhe,này; đây,translated_subagent_draft
vocabulary,boya-elementary-i:最好:zuihdo,tốt nhất; nên,translated_subagent_draft
vocabulary,boya-elementary-i:这么:zheme,như thế này; đến mức này,translated_subagent_draft
vocabulary,boya-elementary-i:最近:zuijin,gần đây,translated_subagent_draft
vocabulary,boya-elementary-i:这儿:zher,ở đây,translated_subagent_draft
vocabulary,boya-elementary-i:醉:zui,say rượu,translated_subagent_draft
vocabulary,boya-elementary-i:这样:zheyang,như thế này; cách này,translated_subagent_draft
vocabulary,boya-elementary-i:昨天:zuotian,hôm qua,translated_subagent_draft
vocabulary,boya-elementary-i:真:zhen,thật; rất,translated_subagent_draft
vocabulary,boya-elementary-i:左边:zuobian,bên trái,translated_subagent_draft
vocabulary,boya-elementary-i:正在:zhengzai,đang,translated_subagent_draft
vocabulary,boya-elementary-i:作业:zuoye,bài tập,translated_subagent_draft
vocabulary,boya-elementary-i:只:zhi,con; chiếc (lượng từ),translated_subagent_draft
vocabulary,boya-elementary-i:坐:zuo,ngồi; đi (xe/máy bay),translated_subagent_draft
vocabulary,boya-elementary-i:知道:zhidao,biết,translated_subagent_draft
vocabulary,boya-elementary-i:座位:zuowei,chỗ ngồi,translated_subagent_draft
vocabulary,boya-elementary-i:做:zuo,làm,translated_subagent_draft
vocabulary,boya-elementary-i:质量:zhiliang,chất lượng,translated_subagent_draft
vocabulary,boya-elementary-i:做菜:zuocai,nấu ăn,translated_subagent_draft
vocabulary,boya-elementary-i:中午:zhongwu,buổi trưa,translated_subagent_draft
vocabulary,boya-elementary-i:种:zhong,loại; giống,translated_subagent_draft
vocabulary,boya-elementary-i:澳大利亚:aodaliya,Úc,translated_subagent_draft
vocabulary,boya-elementary-i:日语:riyi,tiếng Nhật,translated_subagent_draft
vocabulary,boya-elementary-i:北京大学:beijingdaxue,Đại học Bắc Kinh,translated_subagent_draft
vocabulary,boya-elementary-i:圣诞节:shengdanjie,Giáng sinh,translated_subagent_draft
vocabulary,boya-elementary-i:长城:changcheng,Vạn Lý Trường Thành,translated_subagent_draft
vocabulary,boya-elementary-i:泰国:taiguo,Thái Lan,translated_subagent_draft
vocabulary,boya-elementary-i:国庆节:guoqingjie,Quốc khánh,translated_subagent_draft
vocabulary,boya-elementary-i:王:wang,Vương (họ Trung Quốc),translated_subagent_draft
vocabulary,boya-elementary-i:韩国:hanguo,Hàn Quốc,translated_subagent_draft
vocabulary,boya-elementary-i:西安:xian,Tây An,translated_subagent_draft
vocabulary,boya-elementary-i:韩语:hanyi,tiếng Hàn,translated_subagent_draft
vocabulary,boya-elementary-i:汉语:hanyu,tiếng Hán; tiếng Trung,translated_subagent_draft
vocabulary,boya-elementary-i:华山:huashan,núi Hoa Sơn,translated_subagent_draft
vocabulary,boya-elementary-i:英国:yingguo,Vương quốc Anh,translated_subagent_draft
vocabulary,boya-elementary-i:英语:yingyu,tiếng Anh,translated_subagent_draft
vocabulary,boya-elementary-i:云南:yunnan,Vân Nam,translated_subagent_draft
vocabulary,boya-elementary-i:李:ly,Lý (họ Trung Quốc),translated_subagent_draft
vocabulary,boya-elementary-i:中国:zhongguo,Trung Quốc,translated_subagent_draft
vocabulary,boya-elementary-i:美国:meiguo,Hoa Kỳ; Mỹ,translated_subagent_draft
vocabulary,boya-elementary-i:中文:zhongwen,tiếng Trung; chữ Hán,translated_subagent_draft
vocabulary,boya-elementary-i:才:cai,mới; chỉ,translated_subagent_draft
vocabulary,boya-elementary-i:从……到……:congdao,từ… đến…,translated_subagent_draft
vocabulary,boya-elementary-i:的:de,của; (trợ từ định ngữ),translated_subagent_draft
vocabulary,boya-elementary-i:带:dai,mang; đem theo,translated_subagent_draft
vocabulary,boya-elementary-i:对……来说:duilaishuo,đối với… mà nói,translated_subagent_draft
vocabulary,boya-elementary-i:量:liang,đo; số lượng,translated_subagent_draft
vocabulary,boya-elementary-ii:比:bi,so với; hơn,translated_subagent_draft
vocabulary,boya-elementary-ii:比如说:birushuo,ví dụ như; chẳng hạn,translated_subagent_draft
vocabulary,boya-elementary-ii:哎呀:diya,ôi chao; trời ơi,translated_subagent_draft
vocabulary,boya-elementary-ii:比赛:bisai,cuộc thi; trận đấu,translated_subagent_draft
vocabulary,boya-elementary-ii:安静:dinjing,yên tĩnh,translated_subagent_draft
vocabulary,boya-elementary-ii:笔:by,bút,translated_subagent_draft
vocabulary,boya-elementary-ii:安排:anpai,sắp xếp; bố trí,translated_subagent_draft
vocabulary,boya-elementary-ii:毕业:biye,tốt nghiệp,translated_subagent_draft
vocabulary,boya-elementary-ii:按:an,theo; căn cứ theo,translated_subagent_draft
vocabulary,boya-elementary-ii:闭:bi,đóng; nhắm lại,translated_subagent_draft
vocabulary,boya-elementary-ii:变化:bianhud,sự thay đổi; thay đổi,translated_subagent_draft
vocabulary,boya-elementary-ii:把:ba,đưa tân ngữ lên trước để nói cách xử lý hoặc tác động lên sự vật,translated_subagent_draft
vocabulary,boya-elementary-ii:遍:bian,lần; lượng từ cho số lượt làm trọn một việc,translated_subagent_draft
vocabulary,boya-elementary-ii:摆:bai,bày; đặt; xếp,translated_subagent_draft
vocabulary,boya-elementary-ii:表现:bidoxian,thể hiện; biểu hiện,translated_subagent_draft
vocabulary,boya-elementary-ii:搬:ban,chuyển; di chuyển đồ đạc,translated_subagent_draft
vocabulary,boya-elementary-ii:宾馆:binguan,khách sạn,translated_subagent_draft
vocabulary,boya-elementary-ii:搬家:banjia,chuyển nhà,translated_subagent_draft
vocabulary,boya-elementary-ii:不但:budan,không những,translated_subagent_draft
vocabulary,boya-elementary-ii:办公室:bangongshi,văn phòng,translated_subagent_draft
vocabulary,boya-elementary-ii:不见不散:bujianbusan,không gặp không về; hẹn gặp nhất định,translated_subagent_draft
vocabulary,boya-elementary-ii:帮助:bangzhu,giúp đỡ; sự giúp đỡ,translated_subagent_draft
vocabulary,boya-elementary-ii:不管:bugudn,bất kể; dù thế nào,translated_subagent_draft
vocabulary,boya-elementary-ii:包子:baozi,bánh bao nhân,translated_subagent_draft
vocabulary,boya-elementary-ii:饱:bdo,no,translated_subagent_draft
vocabulary,boya-elementary-ii:菜单:caidain,thực đơn,translated_subagent_draft
vocabulary,boya-elementary-ii:报:bao,báo; tờ báo,translated_subagent_draft
vocabulary,boya-elementary-ii:参加:canjia,tham gia,translated_subagent_draft
vocabulary,boya-elementary-ii:报名:bdoming,đăng ký,translated_subagent_draft
vocabulary,boya-elementary-ii:灿烂:canlan,rực rỡ; tươi sáng,translated_subagent_draft
vocabulary,boya-elementary-ii:报名表:baomingbido,phiếu đăng ký,translated_subagent_draft
vocabulary,boya-elementary-ii:操场:caochang,sân thể thao; sân trường,translated_subagent_draft
vocabulary,boya-elementary-ii:背:bei,cõng; đeo trên lưng,translated_subagent_draft
vocabulary,boya-elementary-ii:层:ceng,tầng; lượng từ cho tầng nhà,translated_subagent_draft
vocabulary,boya-elementary-ii:北边:beibian,phía bắc,translated_subagent_draft
vocabulary,boya-elementary-ii:曾经:cengjing,từng; đã từng,translated_subagent_draft
vocabulary,boya-elementary-ii:被:bei,dùng trong câu bị động để chỉ chủ ngữ chịu tác động,translated_subagent_draft
vocabulary,boya-elementary-ii:茶:cha,trà,translated_subagent_draft
vocabulary,boya-elementary-ii:本子:benzi,vở,translated_subagent_draft
vocabulary,boya-elementary-ii:查:cha,tra; kiểm tra,translated_subagent_draft
vocabulary,boya-elementary-ii:鼻子:bizi,mũi,translated_subagent_draft
vocabulary,boya-elementary-ii:尝:chang,nếm; thử vị,translated_subagent_draft
vocabulary,boya-elementary-ii:场:chdng,lượng từ cho một buổi hay một sự kiện,translated_subagent_draft
vocabulary,boya-elementary-ii:戴:dai,đeo; đội,translated_subagent_draft
vocabulary,boya-elementary-ii:唱歌:changge,hát,translated_subagent_draft
vocabulary,boya-elementary-ii:担心:danxin,lo lắng,translated_subagent_draft
vocabulary,boya-elementary-ii:超市:chaoshi,siêu thị,translated_subagent_draft
vocabulary,boya-elementary-ii:蛋糕:dangao,bánh ngọt,translated_subagent_draft
vocabulary,boya-elementary-ii:炒:chdo,xào,translated_subagent_draft
vocabulary,boya-elementary-ii:当:dang,làm; đảm nhiệm vai trò,translated_subagent_draft
vocabulary,boya-elementary-ii:衬衫:chenshan,áo sơ mi,translated_subagent_draft
vocabulary,boya-elementary-ii:倒:dao,ngã; đổ,translated_subagent_draft
vocabulary,boya-elementary-ii:成功:chenggong,thành công,translated_subagent_draft
vocabulary,boya-elementary-ii:到处:ddochi,khắp nơi,translated_subagent_draft
vocabulary,boya-elementary-ii:成绩:chengji,điểm số; thành tích,translated_subagent_draft
vocabulary,boya-elementary-ii:到达:daoda,đến nơi,translated_subagent_draft
vocabulary,boya-elementary-ii:成为:chengwei,trở thành,translated_subagent_draft
vocabulary,boya-elementary-ii:乘客:chengke,hành khách,translated_subagent_draft
vocabulary,boya-elementary-ii:道:dao,lượng từ cho câu hỏi; món ăn,translated_subagent_draft
vocabulary,boya-elementary-ii:迟到:chiddo,đi muộn,translated_subagent_draft
vocabulary,boya-elementary-ii:得:de,phải; cần phải,translated_subagent_draft
vocabulary,boya-elementary-ii:抽空儿:choukongr,tranh thủ thời gian rảnh,translated_subagent_draft
vocabulary,boya-elementary-ii:灯:deng,đèn,translated_subagent_draft
vocabulary,boya-elementary-ii:出租:chuzi,cho thuê,translated_subagent_draft
vocabulary,boya-elementary-ii:地道:didao,chính gốc; chuẩn vị,translated_subagent_draft
vocabulary,boya-elementary-ii:出租车:chuziche,xe taxi,translated_subagent_draft
vocabulary,boya-elementary-ii:地点:dididn,địa điểm,translated_subagent_draft
vocabulary,boya-elementary-ii:除了:chule,ngoài; trừ,translated_subagent_draft
vocabulary,boya-elementary-ii:地铁:ditie,tàu điện ngầm,translated_subagent_draft
vocabulary,boya-elementary-ii:厨房:chutang,nhà bếp,translated_subagent_draft
vocabulary,boya-elementary-ii:地铁站:ditiezhan,ga tàu điện ngầm,translated_subagent_draft
vocabulary,boya-elementary-ii:穿:chuan,mặc,translated_subagent_draft
vocabulary,boya-elementary-ii:点:didn,gọi món; chọn,translated_subagent_draft
vocabulary,boya-elementary-ii:次:ci,lần; chuyến,translated_subagent_draft
vocabulary,boya-elementary-ii:点心:didnxin,điểm tâm; món tráng miệng nhẹ,translated_subagent_draft
vocabulary,boya-elementary-ii:从来:conglai,từ trước đến nay; xưa nay,translated_subagent_draft
vocabulary,boya-elementary-ii:点着:didnzhao,châm; đốt lên,translated_subagent_draft
vocabulary,boya-elementary-ii:聪明:congming,thông minh,translated_subagent_draft
vocabulary,boya-elementary-ii:订:ding,đặt trước; đặt mua,translated_subagent_draft
vocabulary,boya-elementary-ii:醋:cu,giấm,translated_subagent_draft
vocabulary,boya-elementary-ii:丢:diu,làm mất; đánh rơi,translated_subagent_draft
vocabulary,boya-elementary-ii:东边:dongbian,phía đông,translated_subagent_draft
vocabulary,boya-elementary-ii:东门:dongmen,cổng phía đông,translated_subagent_draft
vocabulary,boya-elementary-ii:答案:daan,đáp án,translated_subagent_draft
vocabulary,boya-elementary-ii:动物:dongwi,động vật,translated_subagent_draft
vocabulary,boya-elementary-ii:打包:ddbao,gói mang về,translated_subagent_draft
vocabulary,boya-elementary-ii:动物园:dingwiyuan,vườn thú,translated_subagent_draft
vocabulary,boya-elementary-ii:打工:dagong,làm thêm; đi làm thuê,translated_subagent_draft
vocabulary,boya-elementary-ii:动作:dongzuo,động tác,translated_subagent_draft
vocabulary,boya-elementary-ii:打算:ddsuan,dự định; kế hoạch,translated_subagent_draft
vocabulary,boya-elementary-ii:堵车:diche,tắc đường,translated_subagent_draft
vocabulary,boya-elementary-ii:打招呼:dazhaohu,chào hỏi,translated_subagent_draft
vocabulary,boya-elementary-ii:锻炼:dudnlian,tập luyện; rèn luyện,translated_subagent_draft
vocabulary,boya-elementary-ii:打折:ddzhe,giảm giá,translated_subagent_draft
vocabulary,boya-elementary-ii:对:dui,đối với; với,translated_subagent_draft
vocabulary,boya-elementary-ii:大象:ddxiang,con voi,translated_subagent_draft
vocabulary,boya-elementary-ii:对手:duishou,đối thủ,translated_subagent_draft
vocabulary,boya-elementary-ii:待:dai,ở lại,translated_subagent_draft
vocabulary,boya-elementary-ii:多么:duome,biết bao; biết mấy,translated_subagent_draft
vocabulary,boya-elementary-ii:感到:gandao,cảm thấy,translated_subagent_draft
vocabulary,boya-elementary-ii:感觉:ganjue,cảm giác; cảm thấy,translated_subagent_draft
vocabulary,boya-elementary-ii:饿:e,đói,translated_subagent_draft
vocabulary,boya-elementary-ii:刚才:gangcai,vừa nãy,translated_subagent_draft
vocabulary,boya-elementary-ii:而且:erqie,hơn nữa; mà còn,translated_subagent_draft
vocabulary,boya-elementary-ii:歌手:geshou,ca sĩ,translated_subagent_draft
vocabulary,boya-elementary-ii:耳朵:erduo,tai,translated_subagent_draft
vocabulary,boya-elementary-ii:个子:gezi,chiều cao; vóc dáng,translated_subagent_draft
vocabulary,boya-elementary-ii:更加:gengjia,càng; hơn nữa,translated_subagent_draft
vocabulary,boya-elementary-ii:发达:fada,phát triển,translated_subagent_draft
vocabulary,boya-elementary-ii:公交卡:gongjiaoka,thẻ xe buýt; thẻ giao thông công cộng,translated_subagent_draft
vocabulary,boya-elementary-ii:饭馆儿:fanguanr,quán ăn; nhà hàng,translated_subagent_draft
vocabulary,boya-elementary-ii:公司:gongsi,công ty,translated_subagent_draft
vocabulary,boya-elementary-ii:饭卡:fankd,thẻ ăn; thẻ căng tin,translated_subagent_draft
vocabulary,boya-elementary-ii:公寓:gongyu,căn hộ,translated_subagent_draft
vocabulary,boya-elementary-ii:方便:fangbian,tiện; thuận tiện,translated_subagent_draft
vocabulary,boya-elementary-ii:公园:gongyuan,công viên,translated_subagent_draft
vocabulary,boya-elementary-ii:房东:fangdong,chủ nhà; chủ cho thuê,translated_subagent_draft
vocabulary,boya-elementary-ii:共同:gongtong,chung; cùng nhau,translated_subagent_draft
vocabulary,boya-elementary-ii:房间:fangjian,phòng,translated_subagent_draft
vocabulary,boya-elementary-ii:沟通:goutong,giao tiếp; trao đổi,translated_subagent_draft
vocabulary,boya-elementary-ii:房子:fangzi,nhà; căn nhà,translated_subagent_draft
vocabulary,boya-elementary-ii:拐:gudi,rẽ; quẹo,translated_subagent_draft
vocabulary,boya-elementary-ii:房租:fangzi,tiền thuê nhà,translated_subagent_draft
vocabulary,boya-elementary-ii:逛:guang,đi dạo; đi tham quan,translated_subagent_draft
vocabulary,boya-elementary-ii:放松:fangsong,thư giãn,translated_subagent_draft
vocabulary,boya-elementary-ii:锅:guo,chảo; nồi,translated_subagent_draft
vocabulary,boya-elementary-ii:飞机:feiji,máy bay,translated_subagent_draft
vocabulary,boya-elementary-ii:过来:guolai,qua đây; đến đây,translated_subagent_draft
vocabulary,boya-elementary-ii:非……不可:feibuke,nhất định phải; không thể không,translated_subagent_draft
vocabulary,boya-elementary-ii:……分之……:fenzhi,phần; dùng để đọc phân số hoặc phần trăm,translated_subagent_draft
vocabulary,boya-elementary-ii:嗨:hai,chào; này,translated_subagent_draft
vocabulary,boya-elementary-ii:份:fen,phần; suất; lượng từ cho phần ăn hay tài liệu,translated_subagent_draft
vocabulary,boya-elementary-ii:海边:hdibian,bờ biển,translated_subagent_draft
vocabulary,boya-elementary-ii:风景:fengjing,phong cảnh,translated_subagent_draft
vocabulary,boya-elementary-ii:害怕:haipa,sợ,translated_subagent_draft
vocabulary,boya-elementary-ii:服务员:fuwuyuan,nhân viên phục vụ,translated_subagent_draft
vocabulary,boya-elementary-ii:汉堡包:hanbaobdo,bánh hamburger,translated_subagent_draft
vocabulary,boya-elementary-ii:辅导:fuddo,hướng dẫn; kèm học,translated_subagent_draft
vocabulary,boya-elementary-ii:航班:hangban,chuyến bay,translated_subagent_draft
vocabulary,boya-elementary-ii:父母:fumu,cha mẹ,translated_subagent_draft
vocabulary,boya-elementary-ii:好不:hobi,rất; dùng để nhấn mạnh mức độ cao,translated_subagent_draft
vocabulary,boya-elementary-ii:负责:fuze,phụ trách; chịu trách nhiệm,translated_subagent_draft
vocabulary,boya-elementary-ii:好玩儿:hdowanr,vui; thú vị,translated_subagent_draft
vocabulary,boya-elementary-ii:附近:fujin,gần đây; vùng lân cận,translated_subagent_draft
vocabulary,boya-elementary-ii:好像:hdoxiang,hình như; dường như,translated_subagent_draft
vocabulary,boya-elementary-ii:复习:fuxi,ôn tập,translated_subagent_draft
vocabulary,boya-elementary-ii:亏码:haoma,số; số điện thoại,translated_subagent_draft
vocabulary,boya-elementary-ii:盒:he,hộp,translated_subagent_draft
vocabulary,boya-elementary-ii:该:gai,nên; đến lượt; đến lúc,translated_subagent_draft
vocabulary,boya-elementary-ii:河流:heliu,sông ngòi,translated_subagent_draft
vocabulary,boya-elementary-ii:干净:ganjing,sạch,translated_subagent_draft
vocabulary,boya-elementary-ii:黑板:heiban,bảng đen,translated_subagent_draft
vocabulary,boya-elementary-ii:烘干机:hongganji,máy sấy khô,translated_subagent_draft
vocabulary,boya-elementary-ii:家具:jiaju,đồ nội thất,translated_subagent_draft
vocabulary,boya-elementary-ii:呼吸:huxi,hô hấp; thở,translated_subagent_draft
vocabulary,boya-elementary-ii:家乡:jiaxiaing,quê hương,translated_subagent_draft
vocabulary,boya-elementary-ii:湖:hu,hồ,translated_subagent_draft
vocabulary,boya-elementary-ii:价钱:jidqian,giá tiền,translated_subagent_draft
vocabulary,boya-elementary-ii:护照:huzhdo,hộ chiếu,translated_subagent_draft
vocabulary,boya-elementary-ii:假期:jidqi,kỳ nghỉ,translated_subagent_draft
vocabulary,boya-elementary-ii:花儿:huar,hoa,translated_subagent_draft
vocabulary,boya-elementary-ii:坚持:jianchi,kiên trì; kiên quyết giữ vững,translated_subagent_draft
vocabulary,boya-elementary-ii:话剧:huaju,kịch nói,translated_subagent_draft
vocabulary,boya-elementary-ii:简历:jiani,sơ yếu lý lịch; CV,translated_subagent_draft
vocabulary,boya-elementary-ii:话题:huati,chủ đề,translated_subagent_draft
vocabulary,boya-elementary-ii:健身房:jidnshentang,phòng tập thể dục,translated_subagent_draft
vocabulary,boya-elementary-ii:坏:huai,xấu; hỏng,translated_subagent_draft
vocabulary,boya-elementary-ii:交:jigo,kết; giao; nộp,translated_subagent_draft
vocabulary,boya-elementary-ii:欢迎:huanying,chào mừng; hoan nghênh,translated_subagent_draft
vocabulary,boya-elementary-ii:教:jiao,dạy,translated_subagent_draft
vocabulary,boya-elementary-ii:环境:huanjing,môi trường,translated_subagent_draft
vocabulary,boya-elementary-ii:教室:jidoshi,lớp học; phòng học,translated_subagent_draft
vocabulary,boya-elementary-ii:换:huan,đổi; thay,translated_subagent_draft
vocabulary,boya-elementary-ii:接:jie,đón; nhận,translated_subagent_draft
vocabulary,boya-elementary-ii:黄金周:huangjinzhou,Tuần lễ Vàng,translated_subagent_draft
vocabulary,boya-elementary-ii:结果:jieguo,kết quả; vì vậy,translated_subagent_draft
vocabulary,boya-elementary-ii:回:hui,lần; lượng từ cho số lần làm một việc,translated_subagent_draft
vocabulary,boya-elementary-ii:紧张:jinzhang,căng thẳng; hồi hộp,translated_subagent_draft
vocabulary,boya-elementary-ii:回忆:huiyi,hồi tưởng; ký ức,translated_subagent_draft
vocabulary,boya-elementary-ii:近:jin,gần,translated_subagent_draft
vocabulary,boya-elementary-ii:火:huo,lửa,translated_subagent_draft
vocabulary,boya-elementary-ii:近视:jinshi,cận thị,translated_subagent_draft
vocabulary,boya-elementary-ii:或者:huozhe,hoặc,translated_subagent_draft
vocabulary,boya-elementary-ii:经常:jingchang,thường xuyên,translated_subagent_draft
vocabulary,boya-elementary-ii:经济舱:jingjicang,hạng phổ thông,translated_subagent_draft
vocabulary,boya-elementary-ii:经验:jingyan,kinh nghiệm,translated_subagent_draft
vocabulary,boya-elementary-ii:机场:jichaing,sân bay,translated_subagent_draft
vocabulary,boya-elementary-ii:机会:jihui,cơ hội,translated_subagent_draft
vocabulary,boya-elementary-ii:惊喜:jingxi,bất ngờ; niềm vui bất ngờ,translated_subagent_draft
vocabulary,boya-elementary-ii:机票:jipido,vé máy bay,translated_subagent_draft
vocabulary,boya-elementary-ii:精彩:jingcai,tuyệt vời; đặc sắc,translated_subagent_draft
vocabulary,boya-elementary-ii:急忙:jimang,vội vàng,translated_subagent_draft
vocabulary,boya-elementary-ii:聚会:juhui,tụ họp; buổi gặp mặt,translated_subagent_draft
vocabulary,boya-elementary-ii:挤:ji,chen chúc; chật chội,translated_subagent_draft
vocabulary,boya-elementary-ii:决赛:juesai,trận chung kết,translated_subagent_draft
vocabulary,boya-elementary-ii:计划:jihua,kế hoạch,translated_subagent_draft
vocabulary,boya-elementary-ii:记得:jide,nhớ,translated_subagent_draft
vocabulary,boya-elementary-ii:咖啡厅:kafeiting,quán cà phê,translated_subagent_draft
vocabulary,boya-elementary-ii:记住:jizhu,ghi nhớ,translated_subagent_draft
vocabulary,boya-elementary-ii:开玩笑:kaiwanxido,đùa; nói đùa,translated_subagent_draft
vocabulary,boya-elementary-ii:加:jia,thêm; cộng,translated_subagent_draft
vocabulary,boya-elementary-ii:开心:kaixin,vui; vui vẻ,translated_subagent_draft
vocabulary,boya-elementary-ii:加油:jiayou,cố lên; cổ vũ,translated_subagent_draft
vocabulary,boya-elementary-ii:考试:kdoshi,thi; kiểm tra,translated_subagent_draft
vocabulary,boya-elementary-ii:家:jia,lượng từ cho cơ sở kinh doanh như nhà hàng hoặc cửa hàng,translated_subagent_draft
vocabulary,boya-elementary-ii:靠近:kdojin,gần; đến gần,translated_subagent_draft
vocabulary,boya-elementary-ii:家常菜:jiachangcai,món ăn gia đình,translated_subagent_draft
vocabulary,boya-elementary-ii:可爱:keai,đáng yêu,translated_subagent_draft
vocabulary,boya-elementary-ii:可口:kekou,ngon miệng,translated_subagent_draft
vocabulary,boya-elementary-ii:麻婆豆腐:mapodoufu,đậu phụ Ma Bà,translated_subagent_draft
vocabulary,boya-elementary-ii:可惜:kexi,đáng tiếc,translated_subagent_draft
vocabulary,boya-elementary-ii:买单:maidan,thanh toán hóa đơn,translated_subagent_draft
vocabulary,boya-elementary-ii:肯定:kending,chắc chắn; khẳng định,translated_subagent_draft
vocabulary,boya-elementary-ii:满:man,đầy; kín,translated_subagent_draft
vocabulary,boya-elementary-ii:恐怕:kongpo,e rằng; có lẽ,translated_subagent_draft
vocabulary,boya-elementary-ii:满意:manyi,hài lòng,translated_subagent_draft
vocabulary,boya-elementary-ii:口:kou,lượng từ cho người trong gia đình hoặc miệng,translated_subagent_draft
vocabulary,boya-elementary-ii:慢:man,chậm,translated_subagent_draft
vocabulary,boya-elementary-ii:块:kudi,miếng; đồng tệ,translated_subagent_draft
vocabulary,boya-elementary-ii:门口:menkou,cửa ra vào,translated_subagent_draft
vocabulary,boya-elementary-ii:快:kuai,nhanh,translated_subagent_draft
vocabulary,boya-elementary-ii:米饭:mifan,cơm,translated_subagent_draft
vocabulary,boya-elementary-ii:快乐:kudile,vui vẻ; hạnh phúc,translated_subagent_draft
vocabulary,boya-elementary-ii:面试:mianshi,phỏng vấn,translated_subagent_draft
vocabulary,boya-elementary-ii:矿泉水:kudngquanshui,nước khoáng,translated_subagent_draft
vocabulary,boya-elementary-ii:名:ming,lượng từ lịch sự cho người,translated_subagent_draft
vocabulary,boya-elementary-ii:陌生:mosheng,xa lạ,translated_subagent_draft
vocabulary,boya-elementary-ii:母校:muxido,trường cũ; trường mẹ,translated_subagent_draft
vocabulary,boya-elementary-ii:辣:la,cay,translated_subagent_draft
vocabulary,boya-elementary-ii:辣椒:lajiao,ớt,translated_subagent_draft
vocabulary,boya-elementary-ii:篮球:lanqiu,bóng rổ,translated_subagent_draft
vocabulary,boya-elementary-ii:拿:na,cầm; lấy,translated_subagent_draft
vocabulary,boya-elementary-ii:离:li,cách; rời khỏi,translated_subagent_draft
vocabulary,boya-elementary-ii:斤:jin,cân (đơn vị 500 g),translated_subagent_draft
vocabulary,boya-elementary-ii:哪里:nali,đâu; nào,translated_subagent_draft
vocabulary,boya-elementary-ii:离开:iikai,rời khỏi,translated_subagent_draft
vocabulary,boya-elementary-ii:南边:nanbian,phía nam,translated_subagent_draft
vocabulary,boya-elementary-ii:里面:imian,bên trong,translated_subagent_draft
vocabulary,boya-elementary-ii:南方:nanfang,miền nam,translated_subagent_draft
vocabulary,boya-elementary-ii:里:li,bên trong,translated_subagent_draft
vocabulary,boya-elementary-ii:难得:nande,hiếm khi; khó có được,translated_subagent_draft
vocabulary,boya-elementary-ii:理想:iixidng,lý tưởng; ước mơ,translated_subagent_draft
vocabulary,boya-elementary-ii:难过:nanguo,buồn; khó chịu,translated_subagent_draft
vocabulary,boya-elementary-ii:厉害:lihai,lợi hại; ghê,translated_subagent_draft
vocabulary,boya-elementary-ii:闹钟:ndozhong,đồng hồ báo thức,translated_subagent_draft
vocabulary,boya-elementary-ii:立:ii,dựng; đặt đứng,translated_subagent_draft
vocabulary,boya-elementary-ii:牛肉:niurou,thịt bò,translated_subagent_draft
vocabulary,boya-elementary-ii:牛仔裤:niuzdiku,quần bò,translated_subagent_draft
vocabulary,boya-elementary-ii:连着:lianzhe,liên tục; liền,translated_subagent_draft
vocabulary,boya-elementary-ii:努力:nuli,nỗ lực; cố gắng,translated_subagent_draft
vocabulary,boya-elementary-ii:联系:lianxi,liên hệ,translated_subagent_draft
vocabulary,boya-elementary-ii:聊天儿:lidotianr,trò chuyện,translated_subagent_draft
vocabulary,boya-elementary-ii:牌子:paizi,nhãn hiệu; biển hiệu,translated_subagent_draft
vocabulary,boya-elementary-ii:了解:lidojie,hiểu; tìm hiểu,translated_subagent_draft
vocabulary,boya-elementary-ii:盘子:panzi,đĩa,translated_subagent_draft
vocabulary,boya-elementary-ii:零钱:iingqian,tiền lẻ,translated_subagent_draft
vocabulary,boya-elementary-ii:胖:pang,béo; mập,translated_subagent_draft
vocabulary,boya-elementary-ii:旅行:luxing,du lịch,translated_subagent_draft
vocabulary,boya-elementary-ii:跑步:paobu,chạy bộ,translated_subagent_draft
vocabulary,boya-elementary-ii:皮:pi,da; vỏ,translated_subagent_draft
vocabulary,boya-elementary-ii:麻烦:mafan,làm phiền; phiền,translated_subagent_draft
vocabulary,boya-elementary-ii:片:pian,miếng; lát (lượng từ),translated_subagent_draft
vocabulary,boya-elementary-ii:平:ping,phẳng; ngang bằng,translated_subagent_draft
vocabulary,boya-elementary-ii:沙发:shafa,ghế sofa,translated_subagent_draft
vocabulary,boya-elementary-ii:瓶:ping,chai (lượng từ),translated_subagent_draft
vocabulary,boya-elementary-ii:商店:shangdlian,cửa hàng,translated_subagent_draft
vocabulary,boya-elementary-ii:上班:shangban,đi làm,translated_subagent_draft
vocabulary,boya-elementary-ii:上去:shangqu,đi lên,translated_subagent_draft
vocabulary,boya-elementary-ii:其实:qishi,thật ra; thực ra,translated_subagent_draft
vocabulary,boya-elementary-ii:上学:shangxue,đi học,translated_subagent_draft
vocabulary,boya-elementary-ii:奇怪:qigudi,lạ; kỳ lạ,translated_subagent_draft
vocabulary,boya-elementary-ii:社团:shetuan,câu lạc bộ,translated_subagent_draft
vocabulary,boya-elementary-ii:启发:aifa,gợi mở; khơi gợi,translated_subagent_draft
vocabulary,boya-elementary-ii:深:shen,sâu,translated_subagent_draft
vocabulary,boya-elementary-ii:起飞:aifei,cất cánh,translated_subagent_draft
vocabulary,boya-elementary-ii:生活:shenghuo,cuộc sống; sinh sống,translated_subagent_draft
vocabulary,boya-elementary-ii:起来:qilai,đứng dậy; lên (bổ ngữ xu hướng),translated_subagent_draft
vocabulary,boya-elementary-ii:生日:shengri,sinh nhật,translated_subagent_draft
vocabulary,boya-elementary-ii:汽车:qiche,ô tô,translated_subagent_draft
vocabulary,boya-elementary-ii:省:sheng,tỉnh (Trung Quốc),translated_subagent_draft
vocabulary,boya-elementary-ii:钱包:qidnbao,ví tiền,translated_subagent_draft
vocabulary,boya-elementary-ii:失败:shibai,thất bại,translated_subagent_draft
vocabulary,boya-elementary-ii:墙:qiang,tường,translated_subagent_draft
vocabulary,boya-elementary-ii:师傅:shifu,bác/chú (cách gọi lịch sự người thợ hoặc tài xế),translated_subagent_draft
vocabulary,boya-elementary-ii:巧:qiao,tình cờ; khéo đúng lúc,translated_subagent_draft
vocabulary,boya-elementary-ii:实现:shixian,thực hiện; biến thành hiện thực,translated_subagent_draft
vocabulary,boya-elementary-ii:切:qie,cắt; thái,translated_subagent_draft
vocabulary,boya-elementary-ii:拾到者:shidaozhe,người nhặt được,translated_subagent_draft
vocabulary,boya-elementary-ii:轻松:qingsong,nhẹ nhàng; thoải mái,translated_subagent_draft
vocabulary,boya-elementary-ii:食堂:shitang,nhà ăn; căng tin,translated_subagent_draft
vocabulary,boya-elementary-ii:清楚:qingchu,rõ; rõ ràng,translated_subagent_draft
vocabulary,boya-elementary-ii:食指:shizhi,ngón trỏ,translated_subagent_draft
vocabulary,boya-elementary-ii:晴:qing,nắng; trời quang,translated_subagent_draft
vocabulary,boya-elementary-ii:试:shi,thử,translated_subagent_draft
vocabulary,boya-elementary-ii:取:qu,lấy; nhận,translated_subagent_draft
vocabulary,boya-elementary-ii:适合:shihe,phù hợp; hợp,translated_subagent_draft
vocabulary,boya-elementary-ii:去掉:qudico,bỏ đi; loại bỏ,translated_subagent_draft
vocabulary,boya-elementary-ii:收拾:shoushi,dọn dẹp; thu xếp,translated_subagent_draft
vocabulary,boya-elementary-ii:熟:shou,chín,translated_subagent_draft
vocabulary,boya-elementary-ii:热:re,nóng,translated_subagent_draft
vocabulary,boya-elementary-ii:书包:shubao,cặp sách,translated_subagent_draft
vocabulary,boya-elementary-ii:热情:reqing,nhiệt tình,translated_subagent_draft
vocabulary,boya-elementary-ii:舒服:shufu,dễ chịu; thoải mái,translated_subagent_draft
vocabulary,boya-elementary-ii:认真:renzhen,nghiêm túc; chăm chỉ,translated_subagent_draft
vocabulary,boya-elementary-ii:输:shu,thua,translated_subagent_draft
vocabulary,boya-elementary-ii:日出:richi,bình minh; mặt trời mọc,translated_subagent_draft
vocabulary,boya-elementary-ii:熟悉:shuxi,quen thuộc,translated_subagent_draft
vocabulary,boya-elementary-ii:日子:rizi,ngày tháng; cuộc sống,translated_subagent_draft
vocabulary,boya-elementary-ii:树:shu,cây,translated_subagent_draft
vocabulary,boya-elementary-ii:如果:riguo,nếu,translated_subagent_draft
vocabulary,boya-elementary-ii:数学:shuxue,toán học,translated_subagent_draft
vocabulary,boya-elementary-ii:刷卡:shuaka,quẹt thẻ,translated_subagent_draft
vocabulary,boya-elementary-ii:摔:shuai,ngã; làm rơi,translated_subagent_draft
vocabulary,boya-elementary-ii:散步:sanbu,đi dạo,translated_subagent_draft
vocabulary,boya-elementary-ii:帅:shudi,đẹp trai,translated_subagent_draft
vocabulary,boya-elementary-ii:扫:sdo,quét; quét mã,translated_subagent_draft
vocabulary,boya-elementary-ii:水饺:shurjidio,sủi cảo,translated_subagent_draft
vocabulary,boya-elementary-ii:完美:wanmei,hoàn hảo,translated_subagent_draft
vocabulary,boya-elementary-ii:小时候:xidoshihou,lúc nhỏ; hồi bé,translated_subagent_draft
vocabulary,boya-elementary-ii:外面:waimian,bên ngoài,translated_subagent_draft
vocabulary,boya-elementary-ii:消息:xidoxi,tin nhắn; tin tức,translated_subagent_draft
vocabulary,boya-elementary-ii:外卖:waimai,đồ ăn giao tận nơi,translated_subagent_draft
vocabulary,boya-elementary-ii:像:xiang,giống như,translated_subagent_draft
vocabulary,boya-elementary-ii:相片:xiangpian,ảnh; bức ảnh,translated_subagent_draft
vocabulary,boya-elementary-ii:响:xidng,reo; vang,translated_subagent_draft
vocabulary,boya-elementary-ii:土豆:tudou,khoai tây,translated_subagent_draft
vocabulary,boya-elementary-ii:箱子:xiangzi,thùng; hộp lớn,translated_subagent_draft
vocabulary,boya-elementary-ii:图书馆:tushuguan,thư viện,translated_subagent_draft
vocabulary,boya-elementary-ii:相关:xiangguan,liên quan,translated_subagent_draft
vocabulary,boya-elementary-ii:头发:toufa,tóc,translated_subagent_draft
vocabulary,boya-elementary-ii:羡慕:xianmu,ngưỡng mộ; ghen tị,translated_subagent_draft
vocabulary,boya-elementary-ii:头等舱:toudengcang,khoang hạng nhất,translated_subagent_draft
vocabulary,boya-elementary-ii:先生:xiansheng,ông; ngài,translated_subagent_draft
vocabulary,boya-elementary-ii:痛快:tongkuai,sảng khoái; thỏa thích,translated_subagent_draft
vocabulary,boya-elementary-ii:先:xian,trước; trước hết,translated_subagent_draft
vocabulary,boya-elementary-ii:同时:tongshi,đồng thời,translated_subagent_draft
vocabulary,boya-elementary-ii:下来:xidlai,đi xuống; xuống,translated_subagent_draft
vocabulary,boya-elementary-ii:通知:tongzhi,thông báo,translated_subagent_draft
vocabulary,boya-elementary-ii:系:xi,khoa; bộ môn,translated_subagent_draft
vocabulary,boya-elementary-ii:听写:tingxie,nghe viết,translated_subagent_draft
vocabulary,boya-elementary-ii:洗衣机:xiyij,máy giặt,translated_subagent_draft
vocabulary,boya-elementary-ii:听说:tingshua,nghe nói,translated_subagent_draft
vocabulary,boya-elementary-ii:洗:xy,rửa; giặt,translated_subagent_draft
vocabulary,boya-elementary-ii:听见:tingjian,nghe thấy,translated_subagent_draft
vocabulary,boya-elementary-ii:习惯:xiguan,quen; thói quen,translated_subagent_draft
vocabulary,boya-elementary-ii:贴:tie,dán,translated_subagent_draft
vocabulary,boya-elementary-ii:希望:xiwang,hy vọng; mong,translated_subagent_draft
vocabulary,boya-elementary-ii:条件:tidolian,điều kiện,translated_subagent_draft
vocabulary,boya-elementary-ii:西红柿:xihongshi,cà chua,translated_subagent_draft
vocabulary,boya-elementary-ii:甜:tian,ngọt,translated_subagent_draft
vocabulary,boya-elementary-ii:西边:xibian,phía tây,translated_subagent_draft
vocabulary,boya-elementary-ii:提:ti,nhắc đến; xách,translated_subagent_draft
vocabulary,boya-elementary-ii:套:tao,bộ; căn (lượng từ nhà hoặc căn hộ),translated_subagent_draft
vocabulary,boya-elementary-ii:讨论:tdolin,thảo luận,translated_subagent_draft
vocabulary,boya-elementary-ii:无:wi,không có; vô,translated_subagent_draft
vocabulary,boya-elementary-ii:趟:tang,chuyến (lượng từ lượt đi-về),translated_subagent_draft
vocabulary,boya-elementary-ii:味道:weidao,mùi vị; hương vị,translated_subagent_draft
vocabulary,boya-elementary-ii:糖:tang,đường,translated_subagent_draft
vocabulary,boya-elementary-ii:卫生间:weishengjian,nhà vệ sinh,translated_subagent_draft
vocabulary,boya-elementary-ii:为了:weile,để; vì mục đích,translated_subagent_draft
vocabulary,boya-elementary-ii:往:wding,hướng về; về phía,translated_subagent_draft
vocabulary,boya-elementary-ii:蒜:suan,tỏi,translated_subagent_draft
vocabulary,boya-elementary-ii:网上:wdingshang,trên mạng,translated_subagent_draft
vocabulary,boya-elementary-ii:酸:suan,chua,translated_subagent_draft
vocabulary,boya-elementary-ii:忘:wang,quên,translated_subagent_draft
vocabulary,boya-elementary-ii:送:song,tiễn; tặng,translated_subagent_draft
vocabulary,boya-elementary-ii:碗:wan,bát,translated_subagent_draft
vocabulary,boya-elementary-ii:丝:si,sợi; sợi nhỏ (lượng từ),translated_subagent_draft
vocabulary,boya-elementary-ii:晚点:wandidn,trễ giờ; chậm chuyến,translated_subagent_draft
vocabulary,boya-elementary-ii:顺利:shunli,thuận lợi,translated_subagent_draft
vocabulary,boya-elementary-ii:完全:wanquan,hoàn toàn,translated_subagent_draft
vocabulary,boya-elementary-ii:睡懒觉:shuilaniiao,ngủ nướng,translated_subagent_draft
vocabulary,boya-elementary-ii:校园:xidoyuan,khuôn viên trường,translated_subagent_draft
vocabulary,boya-elementary-ii:阴:yin,âm u; nhiều mây,translated_subagent_draft
vocabulary,boya-elementary-ii:笑:xido,cười,translated_subagent_draft
vocabulary,boya-elementary-ii:赢:ying,thắng,translated_subagent_draft
vocabulary,boya-elementary-ii:熊猫:xiongmao,gấu trúc,translated_subagent_draft
vocabulary,boya-elementary-ii:影响:yingxiang,ảnh hưởng,translated_subagent_draft
vocabulary,boya-elementary-ii:新鲜:xinxian,tươi; mới,translated_subagent_draft
vocabulary,boya-elementary-ii:优点:youdian,ưu điểm,translated_subagent_draft
vocabulary,boya-elementary-ii:信息:xinxi,thông tin,translated_subagent_draft
vocabulary,boya-elementary-ii:油:you,dầu ăn,translated_subagent_draft
vocabulary,boya-elementary-ii:信心:xinxin,niềm tin; sự tự tin,translated_subagent_draft
vocabulary,boya-elementary-ii:有空儿:youkongr,rảnh,translated_subagent_draft
vocabulary,boya-elementary-ii:醒:xing,tỉnh; thức,translated_subagent_draft
vocabulary,boya-elementary-ii:右:you,bên phải,translated_subagent_draft
vocabulary,boya-elementary-ii:幸运:xingyin,may mắn,translated_subagent_draft
vocabulary,boya-elementary-ii:幼儿园:youeryuan,trường mẫu giáo,translated_subagent_draft
vocabulary,boya-elementary-ii:需要:xuydo,cần,translated_subagent_draft
vocabulary,boya-elementary-ii:语言:yiyan,ngôn ngữ,translated_subagent_draft
vocabulary,boya-elementary-ii:学期:xueqi,học kỳ,translated_subagent_draft
vocabulary,boya-elementary-ii:遇到:yuddo,gặp phải,translated_subagent_draft
vocabulary,boya-elementary-ii:学生会:xueshenghui,hội sinh viên,translated_subagent_draft
vocabulary,boya-elementary-ii:原价:yuanjia,giá gốc,translated_subagent_draft
vocabulary,boya-elementary-ii:学生证:xueshengzheng,thẻ sinh viên,translated_subagent_draft
vocabulary,boya-elementary-ii:原来:yuanlai,vốn dĩ; hóa ra; cũ,translated_subagent_draft
vocabulary,boya-elementary-ii:寻物启事:xunwuqishi,thông báo tìm đồ thất lạc,translated_subagent_draft
vocabulary,boya-elementary-ii:原料:yuanlido,nguyên liệu,translated_subagent_draft
vocabulary,boya-elementary-ii:远:yuan,xa,translated_subagent_draft
vocabulary,boya-elementary-ii:愿意:yudnyi,sẵn lòng; bằng lòng,translated_subagent_draft
vocabulary,boya-elementary-ii:严重:yanzhong,nghiêm trọng,translated_subagent_draft
vocabulary,boya-elementary-ii:越来越……:yuelaiyue,ngày càng…,translated_subagent_draft
vocabulary,boya-elementary-ii:盐:yan,muối,translated_subagent_draft
vocabulary,boya-elementary-ii:越……越……:yueyue,càng… càng…,translated_subagent_draft
vocabulary,boya-elementary-ii:眼睛:yanjing,mắt,translated_subagent_draft
vocabulary,boya-elementary-ii:云:yun,mây,translated_subagent_draft
vocabulary,boya-elementary-ii:眼镜:yanjing,kính mắt,translated_subagent_draft
vocabulary,boya-elementary-ii:阳光:yangguang,ánh nắng,translated_subagent_draft
vocabulary,boya-elementary-ii:样子:yangzi,dáng vẻ; kiểu dáng,translated_subagent_draft
vocabulary,boya-elementary-ii:再说:zdishud,hơn nữa; vả lại,translated_subagent_draft
vocabulary,boya-elementary-ii:也许:yexu,có lẽ,translated_subagent_draft
vocabulary,boya-elementary-ii:糟糕:zaogao,tệ; tồi tệ,translated_subagent_draft
vocabulary,boya-elementary-ii:夜里:yeli,ban đêm,translated_subagent_draft
vocabulary,boya-elementary-ii:早餐:zdocan,bữa sáng,translated_subagent_draft
vocabulary,boya-elementary-ii:一块儿:yikudir,cùng nhau,translated_subagent_draft
vocabulary,boya-elementary-ii:长:zhang,lớn lên; mọc dài,translated_subagent_draft
vocabulary,boya-elementary-ii:一下子:yixidzi,đột nhiên; trong chốc lát,translated_subagent_draft
vocabulary,boya-elementary-ii:招聘:zhaopin,tuyển dụng,translated_subagent_draft
vocabulary,boya-elementary-ii:一样:yiyang,giống nhau; như nhau,translated_subagent_draft
vocabulary,boya-elementary-ii:着:zhao,được; trúng (bổ ngữ kết quả),translated_subagent_draft
vocabulary,boya-elementary-ii:一边:yibian,vừa... vừa...; đồng thời,translated_subagent_draft
vocabulary,boya-elementary-ii:照:zhao,chụp; chụp ảnh,translated_subagent_draft
vocabulary,boya-elementary-ii:咦:yi,ủa; ơ,translated_subagent_draft
vocabulary,boya-elementary-ii:照片:zhaopian,ảnh,translated_subagent_draft
vocabulary,boya-elementary-ii:以前:yiqian,trước đây; trước khi,translated_subagent_draft
vocabulary,boya-elementary-ii:着:zhe,(trợ từ) chỉ trạng thái đang tiếp diễn,translated_subagent_draft
vocabulary,boya-elementary-ii:以为:yiwei,tưởng; cứ nghĩ là,translated_subagent_draft
vocabulary,boya-elementary-ii:真正:zhenzheng,thực sự; đích thực,translated_subagent_draft
vocabulary,boya-elementary-ii:正点:zhengdian,đúng giờ,translated_subagent_draft
vocabulary,boya-elementary-ii:主要:zhuyao,chủ yếu; chính,translated_subagent_draft
vocabulary,boya-elementary-ii:只要:zhiydo,chỉ cần,translated_subagent_draft
vocabulary,boya-elementary-ii:祝:zhu,chúc,translated_subagent_draft
vocabulary,boya-elementary-ii:纸:zhi,giấy,translated_subagent_draft
vocabulary,boya-elementary-ii:祝贺:zhuhe,chúc mừng,translated_subagent_draft
vocabulary,boya-elementary-ii:制订:zhiding,xây dựng; lập (kế hoạch),translated_subagent_draft
vocabulary,boya-elementary-ii:专门:zhuanmen,chuyên; đặc biệt,translated_subagent_draft
vocabulary,boya-elementary-ii:中餐馆:zhongcanguan,nhà hàng Trung Quốc,translated_subagent_draft
vocabulary,boya-elementary-ii:专业:zhuanye,chuyên ngành,translated_subagent_draft
vocabulary,boya-elementary-ii:中指:zhongzhi,ngón giữa,translated_subagent_draft
vocabulary,boya-elementary-ii:准备:zhunbei,chuẩn bị,translated_subagent_draft
vocabulary,boya-elementary-ii:终于:zhongyu,cuối cùng,translated_subagent_draft
vocabulary,boya-elementary-ii:桌子:zhuozi,bàn,translated_subagent_draft
vocabulary,boya-elementary-ii:种类:zhonglei,chủng loại; loại,translated_subagent_draft
vocabulary,boya-elementary-ii:租:zu,thuê,translated_subagent_draft
vocabulary,boya-elementary-ii:重:zhong,nặng,translated_subagent_draft
vocabulary,boya-elementary-ii:最后:zuihou,cuối cùng; sau cùng,translated_subagent_draft
vocabulary,boya-elementary-ii:重要:zhongyio,quan trọng,translated_subagent_draft
vocabulary,boya-elementary-ii:最近:zuijin,gần đây,translated_subagent_draft
vocabulary,boya-elementary-ii:周围:zhouwei,xung quanh,translated_subagent_draft
vocabulary,boya-elementary-ii:左右:zuoyou,khoảng; chừng,translated_subagent_draft
vocabulary,boya-elementary-ii:粥:zhou,cháo,translated_subagent_draft
vocabulary,boya-elementary-ii:座位:zuowei,chỗ ngồi,translated_subagent_draft
vocabulary,boya-elementary-ii:主意:zhuyi,ý kiến; ý tưởng,translated_subagent_draft
vocabulary,boya-elementary-ii:广州:gudngzhou,Quảng Châu,translated_subagent_draft
vocabulary,boya-elementary-ii:山东:shanding,Sơn Đông,translated_subagent_draft
vocabulary,boya-elementary-ii:上海:shanghai,Thượng Hải,translated_subagent_draft
vocabulary,boya-elementary-ii:海南:hdinan,Hải Nam,translated_subagent_draft
vocabulary,boya-elementary-ii:十一:shiyi,ngày 1 tháng 10 (Quốc khánh Trung Quốc),translated_subagent_draft
vocabulary,boya-elementary-ii:四川:sichuan,Tứ Xuyên,translated_subagent_draft
vocabulary,boya-elementary-ii:加拿大:jianada,Canada,translated_subagent_draft
vocabulary,boya-elementary-ii:泰山:taishan,núi Thái Sơn,translated_subagent_draft
vocabulary,boya-elementary-ii:孔子:kongzi,Khổng Tử,translated_subagent_draft
vocabulary,boya-elementary-ii:唐人街:tangrenjie,phố người Hoa,translated_subagent_draft
vocabulary,boya-elementary-ii:青岛:qingddo,Thanh Đảo,translated_subagent_draft
vocabulary,boya-elementary-ii:西安:xian,Tây An,translated_subagent_draft
grammar,boya-elementary-i:lesson-01:audit-grammar-001,Dấu thanh đặt trên nguyên âm chính của vần; ưu tiên a o e rồi mới đến i u ü.,translated_subagent_draft
grammar,boya-elementary-i:lesson-01:audit-grammar-002,Âm nhẹ đọc ngắn và nhẹ; trong pinyin không ghi dấu thanh.,translated_subagent_draft
grammar,boya-elementary-i:lesson-01:audit-grammar-003,Sau j q x âm ü vẫn đọc là ü nhưng viết thành u và bỏ hai chấm.,translated_subagent_draft
grammar,boya-elementary-i:lesson-01:audit-grammar-004,Khi i mang dấu thanh thì bỏ chấm trên i để tránh hai dấu.,translated_subagent_draft
grammar,boya-elementary-i:lesson-02:audit-grammar-001,Phân biệt âm ghép và âm mũi qua cách phát âm; chú ý phần vần và âm cuối.,translated_subagent_draft
grammar,boya-elementary-i:lesson-02:audit-grammar-002,Khi ghi pinyin hãy đặt dấu thanh theo thứ tự ưu tiên a o e i u ü.,translated_subagent_draft
grammar,boya-elementary-i:lesson-02:audit-grammar-003,Nếu u và i cùng có trong một vần thì dấu thanh đặt trên nguyên âm đứng sau.,translated_subagent_draft
grammar,boya-elementary-i:lesson-03:audit-grammar-001,Âm er gắn sau danh từ và hòa vào vần trước; khi viết thường chỉ thêm r. Cách này có thể gợi sắc thái nhỏ hoặc thân mật.,translated_subagent_draft
grammar,boya-elementary-i:lesson-03:audit-grammar-002,Khi vần bắt đầu bằng i mà không có phụ âm đầu thì dùng y để viết như yi hoặc yao.,translated_subagent_draft
grammar,boya-elementary-i:lesson-03:audit-grammar-003,Khi ü hoặc u đứng đầu vần không có phụ âm đầu thì viết yu hoặc wu cùng các dạng liên quan.,translated_subagent_draft
grammar,boya-elementary-i:lesson-03:audit-grammar-004,Hai thanh ba liền nhau thường đổi thanh ba thứ nhất thành thanh hai khi đọc.,translated_subagent_draft
grammar,boya-elementary-i:lesson-03:audit-grammar-005,Bù đổi thành thanh hai trước âm tiết thanh bốn; các trường hợp khác thường giữ thanh bốn.,translated_subagent_draft
grammar,boya-elementary-i:lesson-03:audit-grammar-006,Yī đổi thanh theo âm tiết sau; trước thanh bốn đọc thanh hai và trước thanh một hai ba thường đọc thanh bốn.,translated_subagent_draft
grammar,boya-elementary-i:lesson-04:audit-grammar-001,Dùng 叫 sau chủ ngữ để nói tên của mình hoặc hỏi tên người khác.,translated_subagent_draft
grammar,boya-elementary-i:lesson-04:audit-grammar-002,Dùng 姓 trước họ để giới thiệu hoặc hỏi họ; chỉ dùng cho họ chứ không dùng cho tên đầy đủ.,translated_subagent_draft
grammar,boya-elementary-i:lesson-04:audit-grammar-003,Dùng 是 nối chủ ngữ với thân phận quốc tịch hoặc nghề nghiệp.,translated_subagent_draft
grammar,boya-elementary-i:lesson-04:audit-grammar-004,Thêm 吗 cuối câu trần thuật để tạo câu hỏi có hoặc không.,translated_subagent_draft
grammar,boya-elementary-i:lesson-04:audit-grammar-005,Dùng 不是 để phủ định; có thể thêm 是 sau đó để sửa hoặc nêu thông tin đúng.,translated_subagent_draft
grammar,boya-elementary-i:lesson-04:audit-grammar-006,Dùng 什么 để hỏi sự vật thông tin hoặc tên chưa biết.,translated_subagent_draft
grammar,boya-elementary-i:lesson-05:audit-grammar-001,也 nghĩa là cũng; dùng để thêm một điểm giống với thông tin vừa nêu.,translated_subagent_draft
grammar,boya-elementary-i:lesson-05:audit-grammar-002,Rất đứng trước tính từ để miêu tả mức độ; trong câu khẳng định thường làm câu tự nhiên hơn.,translated_subagent_draft
grammar,boya-elementary-i:lesson-05:audit-grammar-003,呢 đặt sau chủ đề hoặc câu hỏi để hỏi tiếp hay chuyển câu hỏi sang người khác.,translated_subagent_draft
grammar,boya-elementary-i:lesson-05:audit-grammar-004,的 nối người hoặc sự vật sở hữu với danh từ phía sau; tương đương của hoặc thuộc về.,translated_subagent_draft
grammar,boya-elementary-i:lesson-05:audit-grammar-005,是 dùng để xác định; 也是 nghĩa là cũng là và bổ sung một thân phận hay quan hệ nữa.,translated_subagent_draft
grammar,boya-elementary-i:lesson-05:audit-grammar-006,Dùng 哪 hoặc 哪个 để hỏi lựa chọn trong một nhóm như nước nào hoặc trường nào.,translated_subagent_draft
grammar,boya-elementary-i:lesson-05:audit-grammar-007,们 đặt sau danh từ chỉ người để chỉ số nhiều; không dùng khi đã có số từ hay từ chỉ số nhiều khác.,translated_subagent_draft
grammar,boya-elementary-i:lesson-06:audit-grammar-001,Dùng 这 hoặc 那 kết hợp 是 什么 hay 谁 để hỏi đây kia là vật gì hoặc người nào.,translated_subagent_draft
grammar,boya-elementary-i:lesson-06:audit-grammar-002,Dùng 这或那是谁的… để hỏi đồ vật thuộc về ai.,translated_subagent_draft
grammar,boya-elementary-i:lesson-06:audit-grammar-003,的 đánh dấu quan hệ sở hữu hoặc bổ nghĩa; tính từ chỉ thuộc tính quen thuộc thường có thể không cần 的.,translated_subagent_draft
grammar,boya-elementary-i:lesson-06:audit-grammar-004,Dùng 我来介绍一下… để chủ động mở đầu việc giới thiệu người hoặc sự vật.,translated_subagent_draft
grammar,boya-elementary-i:lesson-06:audit-grammar-005,是字句 dùng để xác định danh từ; tính từ cũng có thể trực tiếp làm vị ngữ để miêu tả.,translated_subagent_draft
grammar,boya-elementary-i:lesson-07:audit-grammar-001,在加 địa điểm diễn tả ở hoặc sống tại một nơi; dùng với động từ như 住 hoặc 有.,translated_subagent_draft
grammar,boya-elementary-i:lesson-07:audit-grammar-002,Dùng 在哪儿 sau chủ ngữ để hỏi người hoặc vật ở đâu.,translated_subagent_draft
grammar,boya-elementary-i:lesson-07:audit-grammar-003,的 kết hợp từ chỉ vị trí tạo cụm như 我的旁边; với nơi chốn quen thuộc đôi khi có thể lược 的.,translated_subagent_draft
grammar,boya-elementary-i:lesson-07:audit-grammar-004,就 đứng trước động từ để nhấn mạnh sự khẳng định hoặc sự việc xảy ra đúng như vậy.,translated_subagent_draft
grammar,boya-elementary-i:lesson-07:audit-grammar-005,Dùng 欢迎加 来或去 và địa điểm để mời ai đến một nơi.,translated_subagent_draft
grammar,boya-elementary-i:lesson-07:audit-grammar-006,吗 ở cuối câu biến câu kể thành câu hỏi đúng sai.,translated_subagent_draft
grammar,boya-elementary-i:lesson-08:audit-grammar-001,Từ chỉ thời gian thường đứng trước động từ để nói hành động diễn ra khi nào.,translated_subagent_draft
grammar,boya-elementary-i:lesson-08:audit-grammar-002,Dùng 有 hoặc 没有 trước thời gian lớp học hay việc để nói có hoặc không có.,translated_subagent_draft
grammar,boya-elementary-i:lesson-08:audit-grammar-003,Dùng 几点 hoặc 多少点 để hỏi giờ; 点半 一刻 và 差 dùng để nói các mốc giờ cụ thể.,translated_subagent_draft
grammar,boya-elementary-i:lesson-08:audit-grammar-004,吧 ở cuối câu làm lời đề nghị hoặc lời mời nhẹ nhàng.,translated_subagent_draft
grammar,boya-elementary-i:lesson-08:audit-grammar-005,一起 đặt trước động từ để nói cùng làm một việc.,translated_subagent_draft
grammar,boya-elementary-i:lesson-08:audit-grammar-006,Dùng 两 thay cho 二 trước lượng từ khi nói hai đơn vị.,translated_subagent_draft
grammar,boya-elementary-i:lesson-09:audit-grammar-001,Dùng 怎么 trước động từ để hỏi cách làm hoặc phương thức.,translated_subagent_draft
grammar,boya-elementary-i:lesson-09:audit-grammar-002,Đặt phương tiện trước động từ phù hợp để nói cách di chuyển như 骑自行车 hoặc 坐车.,translated_subagent_draft
grammar,boya-elementary-i:lesson-09:audit-grammar-003,Từ…到… chỉ điểm bắt đầu và điểm kết thúc của hành trình hay phạm vi.,translated_subagent_draft
grammar,boya-elementary-i:lesson-09:audit-grammar-004,Hai động từ nối tiếp nhau để nói đi đến đâu rồi làm gì; địa điểm đứng sau động từ đi.,translated_subagent_draft
grammar,boya-elementary-i:lesson-09:audit-grammar-005,吧 ở cuối câu dùng để đưa ra đề nghị một cách thân thiện.,translated_subagent_draft
grammar,boya-elementary-i:lesson-09:audit-grammar-006,这样吧 dùng để mở đầu một phương án hay đề xuất sau khi bàn bạc.,translated_subagent_draft
grammar,boya-elementary-i:lesson-09:audit-grammar-007,给 đứng trước người nhận rồi đến vật; dùng để nói đưa gửi hay giao thứ gì cho ai.,translated_subagent_draft
grammar,boya-elementary-i:lesson-09:audit-grammar-008,Động từ lặp với 一下儿 làm hành động ngắn nhẹ và lịch sự hơn.,translated_subagent_draft
grammar,boya-elementary-i:lesson-09:audit-grammar-009,和 nối các danh từ có vai trò ngang hàng như người hoặc sự vật.,translated_subagent_draft
grammar,boya-elementary-i:lesson-10:audit-grammar-001,Dùng 多少钱 hoặc 怎么卖 để hỏi giá và cách bán hàng.,translated_subagent_draft
grammar,boya-elementary-i:lesson-10:audit-grammar-002,要 trước danh từ nghĩa là muốn lấy; trước động từ nghĩa là muốn hoặc cần làm.,translated_subagent_draft
grammar,boya-elementary-i:lesson-10:audit-grammar-003,几 dùng cho số lượng ít và thường đi với lượng từ; 多少 hỏi số lượng không xác định.,translated_subagent_draft
grammar,boya-elementary-i:lesson-10:audit-grammar-004,Số từ đứng trước lượng từ rồi đến danh từ để đếm sự vật.,translated_subagent_draft
grammar,boya-elementary-i:lesson-10:audit-grammar-005,Dùng 两 trước lượng từ để chỉ hai đơn vị.,translated_subagent_draft
grammar,boya-elementary-i:lesson-10:audit-grammar-006,再 đứng trước động từ để yêu cầu hoặc nói làm thêm một lần hay thêm một món.,translated_subagent_draft
grammar,boya-elementary-i:lesson-10:audit-grammar-007,一共 dùng trước tổng số tiền hoặc tổng lượng để hỏi hay nêu tổng cộng.,translated_subagent_draft
grammar,boya-elementary-i:lesson-10:audit-grammar-008,Dùng 怎么付钱 để hỏi cách thanh toán.,translated_subagent_draft
grammar,boya-elementary-i:lesson-10:audit-grammar-009,在加 địa điểm đặt trước 卖 để nói nơi bán một mặt hàng.,translated_subagent_draft
grammar,boya-elementary-i:lesson-11:audit-grammar-001,Dùng …怎么样 để hỏi tình trạng đánh giá hoặc ý kiến về người việc hay sự vật.,translated_subagent_draft
grammar,boya-elementary-i:lesson-11:audit-grammar-002,Tính từ có thể trực tiếp làm vị ngữ để miêu tả như thời tiết đẹp.,translated_subagent_draft
grammar,boya-elementary-i:lesson-11:audit-grammar-003,太加 tính từ加了 diễn tả mức độ rất cao và thường kèm cảm xúc.,translated_subagent_draft
grammar,boya-elementary-i:lesson-11:audit-grammar-004,不太 đặt trước tính từ để nói mức độ không lắm hay không quá.,translated_subagent_draft
grammar,boya-elementary-i:lesson-11:audit-grammar-005,也 常 最 đứng trước tính từ lần lượt diễn tả cũng thường hoặc nhất.,translated_subagent_draft
grammar,boya-elementary-i:lesson-11:audit-grammar-006,Dùng 天气预报说加 mệnh đề để thuật lại nội dung dự báo thời tiết.,translated_subagent_draft
grammar,boya-elementary-i:lesson-12:audit-grammar-001,正在加 động từ加呢 diễn tả hành động đang diễn ra ngay lúc nói.,translated_subagent_draft
grammar,boya-elementary-i:lesson-12:audit-grammar-002,在加 địa điểm加 động từ cho biết hành động đang xảy ra ở đâu.,translated_subagent_draft
grammar,boya-elementary-i:lesson-12:audit-grammar-003,Từ…到… chỉ thời điểm hay khoảng thời gian bắt đầu và kết thúc.,translated_subagent_draft
grammar,boya-elementary-i:lesson-12:audit-grammar-004,每加 đơn vị thời gian và 都 diễn tả mọi thời điểm đều có cùng thói quen hoặc tình trạng.,translated_subagent_draft
grammar,boya-elementary-i:lesson-12:audit-grammar-005,Dùng 什么时候 trước động từ để hỏi khi nào làm việc đó.,translated_subagent_draft
grammar,boya-elementary-i:lesson-12:audit-grammar-006,一会儿 chỉ một khoảng thời gian ngắn hoặc một lát.,translated_subagent_draft
grammar,boya-elementary-i:lesson-12:audit-grammar-007,下个 đứng trước từ thời gian để chỉ kỳ kế tiếp như tuần sau hoặc tháng sau.,translated_subagent_draft
grammar,boya-elementary-i:lesson-13:audit-grammar-001,打算加 động từ diễn tả dự định hoặc kế hoạch sắp làm.,translated_subagent_draft
grammar,boya-elementary-i:lesson-13:audit-grammar-002,什么样的 hoặc 什么颜色的 dùng để hỏi loại hay màu; 的 có thể thay cho danh từ đã rõ.,translated_subagent_draft
grammar,boya-elementary-i:lesson-13:audit-grammar-003,有点儿 đứng trước tính từ thường diễn tả mức độ hơi và hay có sắc thái không vừa ý.,translated_subagent_draft
grammar,boya-elementary-i:lesson-13:audit-grammar-004,Tính từ加一点儿 dùng để yêu cầu hay nói mức độ thêm một chút.,translated_subagent_draft
grammar,boya-elementary-i:lesson-13:audit-grammar-005,有没有加 danh từ hoặc dạng A不A dùng để hỏi có hay không hoặc có tính chất đó không.,translated_subagent_draft
grammar,boya-elementary-i:lesson-13:audit-grammar-006,挺 đứng trước tính từ nghĩa là khá hoặc rất trong khẩu ngữ.,translated_subagent_draft
grammar,boya-elementary-i:lesson-13:audit-grammar-007,要是 mở đầu điều kiện giả định; vế sau nêu kết quả hoặc cách xử lý.,translated_subagent_draft
grammar,boya-elementary-i:lesson-13:audit-grammar-008,每 đứng trước lượng từ để chỉ từng đơn vị trong một nhóm.,translated_subagent_draft
grammar,boya-elementary-i:lesson-14:audit-grammar-001,祝加 người加 lời chúc dùng để gửi lời chúc đến ai.,translated_subagent_draft
grammar,boya-elementary-i:lesson-14:audit-grammar-002,打算怎么加 động từ dùng để hỏi dự định làm việc gì bằng cách nào.,translated_subagent_draft
grammar,boya-elementary-i:lesson-14:audit-grammar-003,先…然后… sắp xếp thứ tự hành động: làm việc đầu tiên rồi đến việc tiếp theo.,translated_subagent_draft
grammar,boya-elementary-i:lesson-14:audit-grammar-004,给加 người加打电话 nghĩa là gọi điện cho ai.,translated_subagent_draft
grammar,boya-elementary-i:lesson-14:audit-grammar-005,在加 địa điểm加对面 diễn tả vị trí đối diện với một nơi.,translated_subagent_draft
grammar,boya-elementary-i:lesson-14:audit-grammar-006,送给加 người dùng để nói tặng một món quà cho ai.,translated_subagent_draft
grammar,boya-elementary-i:lesson-14:audit-grammar-007,为加 người加准备 diễn tả chuẩn bị điều gì vì hoặc cho ai.,translated_subagent_draft
grammar,boya-elementary-i:lesson-14:audit-grammar-008,多加 động từ加一点儿 nghĩa là làm thêm một chút hoặc làm nhiều hơn một chút.,translated_subagent_draft
grammar,boya-elementary-i:lesson-14:audit-grammar-009,听你的 nghĩa là làm theo ý hoặc lời khuyên của bạn.,translated_subagent_draft
grammar,boya-elementary-i:lesson-15:audit-grammar-001,可以 và 能 trước động từ đều nói khả năng hay sự cho phép; 能 thường nhấn vào khả năng thực tế.,translated_subagent_draft
grammar,boya-elementary-i:lesson-15:audit-grammar-002,Lặp động từ như 试试 hoặc 看看 để đề nghị thử làm nhẹ nhàng.,translated_subagent_draft
grammar,boya-elementary-i:lesson-15:audit-grammar-003,只有 dùng để giới hạn: chỉ có người hoặc vật đó.,translated_subagent_draft
grammar,boya-elementary-i:lesson-15:audit-grammar-004,再 đặt trước động từ để nói làm lại hoặc làm thêm sau đó.,translated_subagent_draft
grammar,boya-elementary-i:lesson-15:audit-grammar-005,别的 dùng như danh từ để chỉ cái khác hoặc người khác.,translated_subagent_draft
grammar,boya-elementary-i:lesson-15:audit-grammar-006,Dạng A不A lặp tính từ hay động từ để hỏi đúng sai hoặc có không.,translated_subagent_draft
grammar,boya-elementary-i:lesson-15:audit-grammar-007,一定 đứng trước động từ hoặc tính từ để nhấn mạnh chắc chắn hay nhất định.,translated_subagent_draft
grammar,boya-elementary-i:lesson-15:audit-grammar-008,Dùng 为什么 để hỏi nguyên nhân hoặc lý do.,translated_subagent_draft
grammar,boya-elementary-i:lesson-15:audit-grammar-009,Dùng 去加 địa điểm加 động từ để nói đi đâu nhằm làm gì.,translated_subagent_draft
grammar,boya-elementary-i:lesson-15:audit-grammar-010,就 có thể nhấn mạnh kết quả đã đến hoặc thời điểm sớm.,translated_subagent_draft
grammar,boya-elementary-i:lesson-16:audit-grammar-001,离 đứng trước địa điểm rồi dùng 近 hoặc 远 để nói khoảng cách.,translated_subagent_draft
grammar,boya-elementary-i:lesson-16:audit-grammar-002,啦 ở cuối câu tạo giọng liệt kê thân mật và báo hiệu còn điều tương tự.,translated_subagent_draft
grammar,boya-elementary-i:lesson-16:audit-grammar-003,都 đứng trước vị ngữ để nói tất cả người hay vật trong phạm vi đều như vậy.,translated_subagent_draft
grammar,boya-elementary-i:lesson-16:audit-grammar-004,不是…吗 dùng để xác nhận điều người nói nghĩ là đúng hoặc hỏi với sắc thái nhắc lại.,translated_subagent_draft
grammar,boya-elementary-i:lesson-16:audit-grammar-005,来加 số lượng加 món ăn dùng khi gọi thêm món tại quán.,translated_subagent_draft
grammar,boya-elementary-i:lesson-16:audit-grammar-006,有 dùng để nói tồn tại hay có người và vật.,translated_subagent_draft
grammar,boya-elementary-i:lesson-16:audit-grammar-007,几位 dùng để hỏi số người theo cách lịch sự; 位 là lượng từ kính trọng cho người.,translated_subagent_draft
grammar,boya-elementary-i:lesson-16:audit-grammar-008,什么 đặt trước danh từ để hỏi loại món đồ hay thông tin nào.,translated_subagent_draft
grammar,boya-elementary-i:lesson-17:audit-grammar-001,Dùng 是 A 还是 B để hỏi người nghe chọn một trong hai khả năng.,translated_subagent_draft
grammar,boya-elementary-i:lesson-17:audit-grammar-002,会加 động từ nói biết hoặc có khả năng học được; 会不会 dùng để hỏi có biết làm không.,translated_subagent_draft
grammar,boya-elementary-i:lesson-17:audit-grammar-003,Dùng 怎么走 để hỏi đường đi hoặc cách đi đến nơi nào.,translated_subagent_draft
grammar,boya-elementary-i:lesson-17:audit-grammar-004,从加 địa điểm加往加 hướng dẫn đường từ một nơi theo một hướng.,translated_subagent_draft
grammar,boya-elementary-i:lesson-17:audit-grammar-005,看起来加 tính từ diễn tả ấn tượng hay nhận xét dựa trên vẻ bề ngoài.,translated_subagent_draft
grammar,boya-elementary-i:lesson-17:audit-grammar-006,就 都 可以 kết hợp để nhấn mạnh lựa chọn kết quả hoặc khả năng được phép.,translated_subagent_draft
grammar,boya-elementary-i:lesson-18:audit-grammar-001,一般 và 都 cùng dùng để nói điều thường xảy ra hoặc thói quen chung.,translated_subagent_draft
grammar,boya-elementary-i:lesson-18:audit-grammar-002,Không cộng động từ có thể làm chủ ngữ để nói việc không làm một điều gì.,translated_subagent_draft
grammar,boya-elementary-i:lesson-18:audit-grammar-003,对加 đối tượng加不好 diễn tả cách đối xử hay thái độ không tốt với ai hoặc cái gì.,translated_subagent_draft
grammar,boya-elementary-i:lesson-18:audit-grammar-004,得加 động từ diễn tả sự cần thiết: phải làm việc đó.,translated_subagent_draft
grammar,boya-elementary-i:lesson-18:audit-grammar-005,就 và 才 đối chiếu thời điểm; 就 thường sớm còn 才 thường muộn hoặc nhấn mạnh điều kiện.,translated_subagent_draft
grammar,boya-elementary-i:lesson-18:audit-grammar-006,以前 và 以后 đặt sau hoặc trước mốc thời gian để nói trước hoặc sau mốc đó.,translated_subagent_draft
grammar,boya-elementary-i:lesson-18:audit-grammar-007,差不多 nghĩa là gần như; 已经 là đã; 还 là vẫn hoặc còn tùy ngữ cảnh.,translated_subagent_draft
grammar,boya-elementary-i:lesson-18:audit-grammar-008,Dùng 多长时间 để hỏi thời lượng kéo dài bao lâu.,translated_subagent_draft
grammar,boya-elementary-i:lesson-18:audit-grammar-009,有的…有的… dùng để nêu các nhóm khác nhau với đặc điểm hay hành động khác nhau.,translated_subagent_draft
grammar,boya-elementary-i:lesson-19:audit-grammar-001,了 sau động từ đánh dấu hành động đã hoàn thành.,translated_subagent_draft
grammar,boya-elementary-i:lesson-19:audit-grammar-002,了 ở cuối câu báo một tình trạng mới hoặc sự thay đổi đã xảy ra.,translated_subagent_draft
grammar,boya-elementary-i:lesson-19:audit-grammar-003,又加 động từ加了 nói một hành động hoặc tình huống lại xảy ra.,translated_subagent_draft
grammar,boya-elementary-i:lesson-19:audit-grammar-004,Thời lượng cộng 了 cho biết một tình trạng hay hành động đã kéo dài bao lâu.,translated_subagent_draft
grammar,boya-elementary-i:lesson-19:audit-grammar-005,让加 người加 động từ nghĩa là bảo cho phép hoặc khiến ai làm việc gì tùy ngữ cảnh.,translated_subagent_draft
grammar,boya-elementary-i:lesson-19:audit-grammar-006,会 trước động từ diễn tả biết làm hoặc khả năng trong tương lai.,translated_subagent_draft
grammar,boya-elementary-i:lesson-19:audit-grammar-007,一定 trước động từ nhấn mạnh ý định hay kết quả chắc chắn.,translated_subagent_draft
grammar,boya-elementary-i:lesson-20:audit-grammar-001,想加 động từ diễn tả mong muốn hoặc dự định làm một việc.,translated_subagent_draft
grammar,boya-elementary-i:lesson-20:audit-grammar-002,可以吗 dùng để xin phép hoặc hỏi một đề nghị có được không.,translated_subagent_draft
grammar,boya-elementary-i:lesson-20:audit-grammar-003,Dùng 哪儿 cộng tính từ hoặc 不舒服 để hỏi chỗ nào có đặc điểm hay bị khó chịu.,translated_subagent_draft
grammar,boya-elementary-i:lesson-20:audit-grammar-004,好像 cộng mệnh đề diễn tả phỏng đoán dựa trên cảm nhận chứ chưa chắc chắn.,translated_subagent_draft
grammar,boya-elementary-i:lesson-20:audit-grammar-005,如果…的话 nêu điều kiện; vế sau thường nêu việc sẽ làm khi điều kiện đó xảy ra.,translated_subagent_draft
grammar,boya-elementary-i:lesson-20:audit-grammar-006,还加 能 nói vẫn còn khả năng làm việc gì.,translated_subagent_draft
grammar,boya-elementary-i:lesson-20:audit-grammar-007,最好加 động từ dùng để khuyên lựa chọn tốt nhất.,translated_subagent_draft
grammar,boya-elementary-i:lesson-20:audit-grammar-008,跟加 người加一起加 động từ diễn tả cùng ai làm một việc.,translated_subagent_draft
grammar,boya-elementary-i:lesson-20:audit-grammar-009,Câu liên động dùng nhiều động từ nối tiếp để biểu thị các bước hay mục đích của một hành động.,translated_subagent_draft
grammar,boya-elementary-i:lesson-20:audit-grammar-010,了 báo hoàn thành hoặc thay đổi; chọn vị trí theo nghĩa của câu.,translated_subagent_draft
grammar,boya-elementary-i:lesson-21:audit-grammar-001,每加 lượng từ加 danh từ chỉ mỗi đơn vị hay mỗi lần của một nhóm.,translated_subagent_draft
grammar,boya-elementary-i:lesson-21:audit-grammar-002,要加 động từ diễn tả dự định cần hoặc sắp làm.,translated_subagent_draft
grammar,boya-elementary-i:lesson-21:audit-grammar-003,Dùng 多长时间 để hỏi việc gì kéo dài trong bao lâu.,translated_subagent_draft
grammar,boya-elementary-i:lesson-21:audit-grammar-004,这么 đứng trước tính từ để nhấn mạnh mức độ như thế này hoặc quá như vậy.,translated_subagent_draft
grammar,boya-elementary-i:lesson-21:audit-grammar-005,对…来说 nêu góc nhìn: đối với người hay phương diện nào đó.,translated_subagent_draft
grammar,boya-elementary-i:lesson-21:audit-grammar-006,一定 đứng trước tính từ để khẳng định mức độ hay nhận định rất chắc chắn.,translated_subagent_draft
grammar,boya-elementary-i:lesson-21:audit-grammar-007,怎么办 dùng để hỏi nên xử lý một tình huống thế nào.,translated_subagent_draft
grammar,boya-elementary-i:lesson-21:audit-grammar-008,因为…所以… nối nguyên nhân với kết quả.,translated_subagent_draft
grammar,boya-elementary-i:lesson-21:audit-grammar-009,提前 cộng thời lượng nghĩa là làm sớm hơn thời điểm dự kiến từng ấy thời gian.,translated_subagent_draft
grammar,boya-elementary-i:lesson-21:audit-grammar-010,就 nhấn mạnh kết quả xảy ra sớm nhanh hoặc ngay sau điều kiện.,translated_subagent_draft
grammar,boya-elementary-i:lesson-21:audit-grammar-011,还是 dùng để nêu lựa chọn còn lại hoặc đề nghị lựa chọn phù hợp hơn.,translated_subagent_draft
grammar,boya-elementary-i:lesson-21:audit-grammar-012,了 cho biết hành động đã xong hoặc tình trạng đã đổi.,translated_subagent_draft
grammar,boya-elementary-i:lesson-22:audit-grammar-001,Động từ cộng 了 rồi đến tân ngữ cho biết việc với tân ngữ đó đã hoàn thành.,translated_subagent_draft
grammar,boya-elementary-i:lesson-22:audit-grammar-002,别 đứng trước động từ để bảo người khác đừng làm.,translated_subagent_draft
grammar,boya-elementary-i:lesson-22:audit-grammar-003,什么加 danh từ trong câu phản vấn bày tỏ phủ định mạnh hay trách móc.,translated_subagent_draft
grammar,boya-elementary-i:lesson-22:audit-grammar-004,快加 động từ加了 nói việc sắp xảy ra; động từ cộng 死了 có thể nhấn mạnh mức độ cực độ.,translated_subagent_draft
grammar,boya-elementary-i:lesson-22:audit-grammar-005,Động từ cộng 了…就… cho biết làm xong việc trước thì lập tức làm hoặc có kết quả sau.,translated_subagent_draft
grammar,boya-elementary-i:lesson-22:audit-grammar-006,哪儿有… là câu phản vấn để nhấn mạnh thực ra không có điều đó.,translated_subagent_draft
grammar,boya-elementary-i:lesson-22:audit-grammar-007,这么 cộng tính từ nhấn mạnh mức độ như thế này hoặc quá như vậy.,translated_subagent_draft
grammar,boya-elementary-i:lesson-22:audit-grammar-008,…以前 đặt sau hành động hay thời gian để nói trước khi việc đó xảy ra.,translated_subagent_draft
grammar,boya-elementary-i:lesson-22:audit-grammar-009,吧 và 呀 ở cuối câu làm giọng nói mềm hơn; dùng cho đề nghị cảm thán hoặc thúc giục tùy ngữ cảnh.,translated_subagent_draft
grammar,boya-elementary-i:lesson-23:audit-grammar-001,快要加 động từ加了 diễn tả một việc sắp xảy ra.,translated_subagent_draft
grammar,boya-elementary-i:lesson-23:audit-grammar-002,得加 động từ nhấn mạnh nghĩa bắt buộc phải làm.,translated_subagent_draft
grammar,boya-elementary-i:lesson-23:audit-grammar-003,对加 đối tượng加感兴趣 nghĩa là quan tâm hoặc hứng thú với người hay việc gì.,translated_subagent_draft
grammar,boya-elementary-i:lesson-23:audit-grammar-004,打算加 động từ dùng để nói kế hoạch hay dự định.,translated_subagent_draft
grammar,boya-elementary-i:lesson-23:audit-grammar-005,Thời lượng đặt trước 待 cho biết ở lại một nơi trong bao lâu.,translated_subagent_draft
grammar,boya-elementary-i:lesson-23:audit-grammar-006,Tính từ cộng 极了 nhấn mạnh mức độ rất cao.,translated_subagent_draft
grammar,boya-elementary-i:lesson-23:audit-grammar-007,还没加 động từ nghĩa là vẫn chưa làm hoặc việc đó chưa xảy ra.,translated_subagent_draft
grammar,boya-elementary-i:lesson-23:audit-grammar-008,可能…也可能… nêu hai khả năng đều có thể xảy ra.,translated_subagent_draft
grammar,boya-elementary-i:lesson-24:audit-grammar-001,Động từ加得加 tính từ đánh giá mức độ hay kết quả thực hiện hành động.,translated_subagent_draft
grammar,boya-elementary-i:lesson-24:audit-grammar-002,Dùng động từ加得怎么样 để hỏi mức độ hay chất lượng thực hiện.,translated_subagent_draft
grammar,boya-elementary-i:lesson-24:audit-grammar-003,的 biến cụm bổ nghĩa thành danh từ; 都 nói mọi người hoặc mọi thứ thuộc nhóm đó.,translated_subagent_draft
grammar,boya-elementary-i:lesson-24:audit-grammar-004,到 sau động từ làm bổ ngữ kết quả và nói đã đạt đến nơi hay trạng thái đích.,translated_subagent_draft
grammar,boya-elementary-i:lesson-24:audit-grammar-005,都…了 nhấn mạnh tất cả đã hoàn thành hoặc tình trạng đã thay đổi.,translated_subagent_draft
grammar,boya-elementary-i:lesson-24:audit-grammar-006,不加 động từ có thể lược vế điều kiện khi ngữ cảnh đã rõ; ý là nếu không làm thì…,translated_subagent_draft
grammar,boya-elementary-i:lesson-24:audit-grammar-007,真 và 挺 đứng trước tính từ để nhấn mạnh mức độ; 挺 thường dùng trong khẩu ngữ.,translated_subagent_draft
grammar,boya-elementary-i:lesson-24:audit-grammar-008,帮加 người加 động từ nghĩa là giúp ai làm việc gì.,translated_subagent_draft
grammar,boya-elementary-i:lesson-25:audit-grammar-001,好 干净 清楚 sau động từ là bổ ngữ kết quả; cho biết việc đã làm xong với kết quả đó.,translated_subagent_draft
grammar,boya-elementary-i:lesson-25:audit-grammar-002,吗 ở cuối câu tạo câu hỏi có hoặc không.,translated_subagent_draft
grammar,boya-elementary-i:lesson-25:audit-grammar-003,什么 đặt sau vài ví dụ danh từ để nói và những thứ tương tự.,translated_subagent_draft
grammar,boya-elementary-i:lesson-25:audit-grammar-004,都 đứng trước vị ngữ để bao quát toàn bộ người hay vật đã nói đến.,translated_subagent_draft
grammar,boya-elementary-i:lesson-25:audit-grammar-005,会 trước động từ nói biết làm hoặc khả năng có thể xảy ra.,translated_subagent_draft
grammar,boya-elementary-i:lesson-25:audit-grammar-006,好几个 cộng danh từ nghĩa là khá nhiều hơn hai hoặc ba nhưng không nêu số chính xác.,translated_subagent_draft
grammar,boya-elementary-i:lesson-25:audit-grammar-007,Động từ加得更加 tính từ so sánh kết quả thực hiện với mức cao hơn.,translated_subagent_draft
grammar,boya-elementary-i:lesson-25:audit-grammar-008,该加 động từ加了 nghĩa là đã đến lúc nên hoặc phải làm việc đó.,translated_subagent_draft
grammar,boya-elementary-i:lesson-25:audit-grammar-009,为加 đối tượng加 động từ diễn tả làm điều gì vì hoặc cho ai.,translated_subagent_draft
grammar,boya-elementary-i:lesson-25:audit-grammar-010,也加没加 động từ nghĩa là cũng chưa hoặc cũng không hề làm.,translated_subagent_draft
grammar,boya-elementary-i:lesson-25:audit-grammar-011,Từ chỉ thời lượng cho biết hành động hoặc trạng thái kéo dài bao lâu.,translated_subagent_draft
grammar,boya-elementary-ii:lesson-01:audit-grammar-001,想加 động từ nói mong muốn; 要加 động từ nói muốn cần hoặc dự định làm.,translated_subagent_draft
grammar,boya-elementary-ii:lesson-01:audit-grammar-002,订加 số lượng加机票 dùng để đặt số vé máy bay cần mua.,translated_subagent_draft
grammar,boya-elementary-ii:lesson-01:audit-grammar-003,Từ…到… chỉ điểm xuất phát và điểm đến hoặc khoảng thời gian.,translated_subagent_draft
grammar,boya-elementary-ii:lesson-01:audit-grammar-004,Dùng A还是B để hỏi người nghe chọn một trong hai phương án.,translated_subagent_draft
grammar,boya-elementary-ii:lesson-01:audit-grammar-005,…可以吗 dùng để xin phép hay hỏi một việc có được không.,translated_subagent_draft
grammar,boya-elementary-ii:lesson-01:audit-grammar-006,需要 cộng danh từ hoặc động từ diễn tả cần một vật hoặc cần làm việc gì.,translated_subagent_draft
grammar,boya-elementary-ii:lesson-01:audit-grammar-007,一直 đứng trước trạng thái hay động từ để nói việc kéo dài liên tục.,translated_subagent_draft
grammar,boya-elementary-ii:lesson-01:audit-grammar-008,会不会加 động từ dùng để hỏi có biết làm hoặc liệu có xảy ra không.,translated_subagent_draft
grammar,boya-elementary-ii:lesson-01:audit-grammar-009,是否 đứng trước động từ dùng trong văn phong trang trọng để hỏi có hay không.,translated_subagent_draft
grammar,boya-elementary-ii:lesson-01:audit-grammar-010,打折 nghĩa là giảm giá; 打八折 nghĩa là trả 80 phần trăm giá gốc.,translated_subagent_draft
grammar,boya-elementary-ii:lesson-01:audit-grammar-011,Dùng 几点起飞 hoặc 到达 để hỏi giờ máy bay cất cánh hay đến nơi.,translated_subagent_draft
grammar,boya-elementary-ii:lesson-01:audit-grammar-012,正点 nghĩa là đúng giờ; 晚点 nghĩa là bị trễ giờ.,translated_subagent_draft
grammar,boya-elementary-ii:lesson-02:audit-grammar-001,Cấu trúc 有加 danh từ加出租 dùng để nói có thứ gì cho thuê; 是吗 dùng để xác nhận.,translated_subagent_draft
grammar,boya-elementary-ii:lesson-02:audit-grammar-002,离 đứng trước địa điểm rồi dùng 近 hoặc 远 để nói khoảng cách giữa các nơi.,translated_subagent_draft
grammar,boya-elementary-ii:lesson-02:audit-grammar-003,Dạng A不A lặp tính từ để hỏi có đặc điểm đó hay không.,translated_subagent_draft
grammar,boya-elementary-ii:lesson-02:audit-grammar-004,A比B加 tính từ dùng để so sánh A hơn B về một đặc điểm.,translated_subagent_draft
grammar,boya-elementary-ii:lesson-02:audit-grammar-005,A和B比…多了 dùng để nói A khác B rất nhiều về mức độ nào đó.,translated_subagent_draft
grammar,boya-elementary-ii:lesson-02:audit-grammar-006,里 周围 附近 là từ chỉ vị trí: bên trong xung quanh và gần đó.,translated_subagent_draft
grammar,boya-elementary-ii:lesson-02:audit-grammar-007,可以加 động từ dùng để xin phép hoặc nói có thể làm một việc như xem nhà.,translated_subagent_draft
grammar,boya-elementary-ii:lesson-02:audit-grammar-008,如果 mở đầu điều kiện; vế sau nói kết quả hay việc sẽ làm.,translated_subagent_draft
grammar,boya-elementary-ii:lesson-02:audit-grammar-009,对加 đối tượng加满意 nghĩa là hài lòng với người hoặc sự việc nào đó.,translated_subagent_draft
grammar,boya-elementary-ii:lesson-02:audit-grammar-010,和加 người加一起加 động từ nói cùng ai làm một việc.,translated_subagent_draft
grammar,boya-elementary-ii:lesson-02:audit-grammar-011,每个月加 số tiền dùng để nói chi phí hoặc tiền phải trả mỗi tháng.,translated_subagent_draft
grammar,boya-elementary-ii:lesson-03:audit-grammar-001,了 sau động từ cho biết hành động đã xảy ra hoặc hoàn thành như làm mất đồ.,translated_subagent_draft
grammar,boya-elementary-ii:lesson-03:audit-grammar-002,好像 cộng mệnh đề diễn tả suy đoán dựa vào dấu hiệu nhưng chưa chắc.,translated_subagent_draft
grammar,boya-elementary-ii:lesson-03:audit-grammar-003,可能 cộng mệnh đề diễn tả một khả năng có thể đúng.,translated_subagent_draft
grammar,boya-elementary-ii:lesson-03:audit-grammar-004,在加 địa điểm加 động từ cho biết hành động diễn ra ở đâu.,translated_subagent_draft
grammar,boya-elementary-ii:lesson-03:audit-grammar-005,Động từ加的时候 nghĩa là vào lúc làm việc đó và dùng để nêu thời điểm.,translated_subagent_draft
grammar,boya-elementary-ii:lesson-03:audit-grammar-006,着 sau động từ diễn tả trạng thái đang duy trì như đang mặc một bộ đồ.,translated_subagent_draft
grammar,boya-elementary-ii:lesson-03:audit-grammar-007,里面有加 số lượng hoặc đồ vật dùng để nói bên trong có gì.,translated_subagent_draft
grammar,boya-elementary-ii:lesson-03:audit-grammar-008,左右 đứng sau số lượng để nói con số xấp xỉ.,translated_subagent_draft
grammar,boya-elementary-ii:lesson-03:audit-grammar-009,先加 động từ lặp nhẹ như 找找 dùng để nói hãy làm trước hoặc thử tìm xem.,translated_subagent_draft
grammar,boya-elementary-ii:lesson-03:audit-grammar-010,怎么和…联系 dùng để hỏi cách liên lạc với một người hay đơn vị.,translated_subagent_draft
grammar,boya-elementary-ii:lesson-03:audit-grammar-011,可以加 động từ diễn tả sự cho phép hoặc khả năng.,translated_subagent_draft
grammar,boya-elementary-ii:lesson-04:audit-grammar-001,在加 địa điểm加生活 diễn tả sống tại một nơi.,translated_subagent_draft
grammar,boya-elementary-ii:lesson-04:audit-grammar-002,A没有B那么加 tính từ dùng để nói A không bằng B về mức độ đó.,translated_subagent_draft
grammar,boya-elementary-ii:lesson-04:audit-grammar-003,A和B一样 nghĩa là A và B giống nhau về đặc điểm hay tình trạng đã nêu.,translated_subagent_draft
grammar,boya-elementary-ii:lesson-04:audit-grammar-004,像…一样 dùng để so sánh A giống B về một đặc điểm.,translated_subagent_draft
grammar,boya-elementary-ii:lesson-04:audit-grammar-005,有的…有的… chia người hay vật thành các nhóm có hành động hoặc đặc điểm khác nhau.,translated_subagent_draft
grammar,boya-elementary-ii:lesson-04:audit-grammar-006,一…就… diễn tả vừa có việc thứ nhất thì việc thứ hai xảy ra ngay.,translated_subagent_draft
grammar,boya-elementary-ii:lesson-04:audit-grammar-007,一年比一年… diễn tả sự thay đổi tăng hay giảm dần qua từng năm.,translated_subagent_draft
grammar,boya-elementary-ii:lesson-04:audit-grammar-008,比较 đứng trước tính từ để nói mức độ tương đối khá.,translated_subagent_draft
grammar,boya-elementary-ii:lesson-04:audit-grammar-009,就 đứng trước động từ để nhấn mạnh chính hành động đó hoặc sự việc diễn ra sớm.,translated_subagent_draft
grammar,boya-elementary-ii:lesson-05:audit-grammar-001,可以 dùng để xin phép hay nói có thể; 想加 động từ nói muốn làm.,translated_subagent_draft
grammar,boya-elementary-ii:lesson-05:audit-grammar-002,一起 đứng trước động từ để rủ hoặc nói cùng làm việc gì.,translated_subagent_draft
grammar,boya-elementary-ii:lesson-05:audit-grammar-003,又…又… nối hai tính chất hoặc hành động cùng tồn tại.,translated_subagent_draft
grammar,boya-elementary-ii:lesson-05:audit-grammar-004,A比B加 tính từ dùng để nói A hơn B.,translated_subagent_draft
grammar,boya-elementary-ii:lesson-05:audit-grammar-005,A没有B这么加 tính từ dùng để nói A không đạt mức độ như B.,translated_subagent_draft
grammar,boya-elementary-ii:lesson-05:audit-grammar-006,点儿 đi với danh từ chỉ một ít; 有点儿 đứng trước tính từ thường chỉ hơi và có sắc thái chưa hài lòng.,translated_subagent_draft
grammar,boya-elementary-ii:lesson-05:audit-grammar-007,还要 hoặc 再来加 danh từ dùng khi muốn gọi thêm món hay xin thêm đồ.,translated_subagent_draft
grammar,boya-elementary-ii:lesson-05:audit-grammar-008,最主要的是… dùng để nêu lý do hoặc điểm quan trọng nhất.,translated_subagent_draft
grammar,boya-elementary-ii:lesson-05:audit-grammar-009,对加 đối tượng加满意 nghĩa là hài lòng với ai hoặc điều gì.,translated_subagent_draft
grammar,boya-elementary-ii:lesson-05:audit-grammar-010,都 đứng trước vị ngữ để nói tất cả trong phạm vi đều giống nhau.,translated_subagent_draft
grammar,boya-elementary-ii:lesson-05:audit-grammar-011,给加 người加 vật dùng để đưa cho ai; 给加人加打包 là gói mang về cho ai.,translated_subagent_draft
grammar,boya-elementary-ii:lesson-06:audit-grammar-001,不但…而且… nối hai thông tin cùng đúng; vế sau thường bổ sung ý mạnh hơn.,translated_subagent_draft
grammar,boya-elementary-ii:lesson-06:audit-grammar-002,在…上写上… nghĩa là viết hoặc ghi thêm nội dung lên một bề mặt hay tài liệu.,translated_subagent_draft
grammar,boya-elementary-ii:lesson-06:audit-grammar-003,为了… dùng để nêu mục đích hoặc lý do làm việc phía sau.,translated_subagent_draft
grammar,boya-elementary-ii:lesson-06:audit-grammar-004,…就行了 nghĩa là chỉ cần như vậy là đủ hoặc được rồi.,translated_subagent_draft
grammar,boya-elementary-ii:lesson-06:audit-grammar-005,着 sau động từ cho biết một hành động hay trạng thái đang song song với hành động khác.,translated_subagent_draft
grammar,boya-elementary-ii:lesson-06:audit-grammar-006,希望加 động từ diễn tả hy vọng một việc sẽ xảy ra.,translated_subagent_draft
grammar,boya-elementary-ii:lesson-06:audit-grammar-007,带上加 danh từ nghĩa là mang theo một đồ vật khi đi.,translated_subagent_draft
grammar,boya-elementary-ii:lesson-06:audit-grammar-008,可以加 động từ dùng để nói được phép hoặc có thể làm.,translated_subagent_draft
grammar,boya-elementary-ii:lesson-06:audit-grammar-009,报名参加加 hoạt động nghĩa là đăng ký tham gia một hoạt động.,translated_subagent_draft
grammar,boya-elementary-ii:lesson-06:audit-grammar-010,欢迎加 người加参加 dùng để chào đón hay mời ai tham gia.,translated_subagent_draft
grammar,boya-elementary-ii:lesson-07:audit-grammar-001,离…不远 nghĩa là cách một nơi không xa.,translated_subagent_draft
grammar,boya-elementary-ii:lesson-07:audit-grammar-002,Tính từ lặp rồi thêm 的 tạo cách miêu tả sinh động và mềm hơn như 胖胖的.,translated_subagent_draft
grammar,boya-elementary-ii:lesson-07:audit-grammar-003,又…又… dùng để nêu hai đặc điểm hay hai hành động cùng có.,translated_subagent_draft
grammar,boya-elementary-ii:lesson-07:audit-grammar-004,再说 dùng để thêm một lý do nữa hoặc nói tiếp một ý.,translated_subagent_draft
grammar,boya-elementary-ii:lesson-07:audit-grammar-005,虽然…但是… nêu sự trái ngược: dù vế đầu đúng nhưng kết quả vế sau vẫn xảy ra.,translated_subagent_draft
grammar,boya-elementary-ii:lesson-07:audit-grammar-006,Câu 比 dùng để so sánh hai đối tượng về cùng một đặc điểm.,translated_subagent_draft
grammar,boya-elementary-ii:lesson-07:audit-grammar-007,Động từ加得加 trạng thái diễn tả kết quả mạnh đến mức tạo ra trạng thái đó.,translated_subagent_draft
grammar,boya-elementary-ii:lesson-07:audit-grammar-008,一直加 động từ diễn tả làm liên tục không ngắt quãng.,translated_subagent_draft
grammar,boya-elementary-ii:lesson-07:audit-grammar-009,就是 dùng để nhấn mạnh chính là địa điểm hay phán đoán đó.,translated_subagent_draft
grammar,boya-elementary-ii:lesson-07:audit-grammar-010,该加 động từ加了 nói đã đến lúc nên làm việc đó.,translated_subagent_draft
grammar,boya-elementary-ii:lesson-07:audit-grammar-011,Động từ加了就… diễn tả xong việc đầu thì ngay sau đó có việc hay kết quả tiếp theo.,translated_subagent_draft
grammar,boya-elementary-ii:lesson-08:audit-grammar-001,如果…的话 nêu điều kiện với sắc thái đầy đủ hơn; vế sau nêu kết quả.,translated_subagent_draft
grammar,boya-elementary-ii:lesson-08:audit-grammar-002,像…一样 dùng để nói giống như ai hoặc cái gì về một đặc điểm.,translated_subagent_draft
grammar,boya-elementary-ii:lesson-08:audit-grammar-003,只好加 động từ diễn tả không còn lựa chọn nào khác ngoài làm việc đó.,translated_subagent_draft
grammar,boya-elementary-ii:lesson-08:audit-grammar-004,给加 đối tượng加加油 dùng để cổ vũ ai.,translated_subagent_draft
grammar,boya-elementary-ii:lesson-08:audit-grammar-005,都…了 nhấn mạnh mọi việc hay mọi người đều đã ở tình trạng mới.,translated_subagent_draft
grammar,boya-elementary-ii:lesson-08:audit-grammar-006,为了… nêu mục đích phía sau hành động.,translated_subagent_draft
grammar,boya-elementary-ii:lesson-08:audit-grammar-007,好不容易 kèm 才 nhấn mạnh phải rất vất vả hoặc rất lâu mới đạt được kết quả.,translated_subagent_draft
grammar,boya-elementary-ii:lesson-08:audit-grammar-008,起晚了 nghĩa là dậy muộn; 拿起加 danh từ nghĩa là cầm hoặc nhấc vật lên.,translated_subagent_draft
grammar,boya-elementary-ii:lesson-08:audit-grammar-009,一定加 tính từ nhấn mạnh phán đoán rất chắc chắn.,translated_subagent_draft
grammar,boya-elementary-ii:lesson-09:audit-grammar-001,又…又… nêu hai đặc điểm; 又加 động từ加了 nói một việc lại xảy ra.,translated_subagent_draft
grammar,boya-elementary-ii:lesson-09:audit-grammar-002,Bổ ngữ kết quả sau động từ cho biết kết quả như làm hỏng nhìn không rõ hoặc không viết xuống được.,translated_subagent_draft
grammar,boya-elementary-ii:lesson-09:audit-grammar-003,不小心加 động từ nghĩa là vô ý hoặc sơ ý làm việc gì.,translated_subagent_draft
grammar,boya-elementary-ii:lesson-09:audit-grammar-004,一下子 diễn tả việc xảy ra đột ngột hoặc trong chớp mắt.,translated_subagent_draft
grammar,boya-elementary-ii:lesson-09:audit-grammar-005,没加 động từ phủ định việc đã xảy ra; bổ ngữ khả năng như 不下来 hoặc 不清楚 nói không thể làm được.,translated_subagent_draft
grammar,boya-elementary-ii:lesson-09:audit-grammar-006,Động từ lặp với 来去 diễn tả hành động lặp đi lặp lại.,translated_subagent_draft
grammar,boya-elementary-ii:lesson-09:audit-grammar-007,Động từ加的时候 hoặc 上课时 dùng để nói vào thời điểm xảy ra hành động.,translated_subagent_draft
grammar,boya-elementary-ii:lesson-09:audit-grammar-008,忘了加 động từ nghĩa là quên làm một việc.,translated_subagent_draft
grammar,boya-elementary-ii:lesson-09:audit-grammar-009,怎么办 dùng để hỏi cách giải quyết tình huống.,translated_subagent_draft
grammar,boya-elementary-ii:lesson-09:audit-grammar-010,真是加 danh từ hoặc tính từ dùng để cảm thán và nhấn mạnh nhận xét.,translated_subagent_draft
grammar,boya-elementary-ii:lesson-10:audit-grammar-001,着 sau động từ nói trạng thái đang được duy trì.,translated_subagent_draft
grammar,boya-elementary-ii:lesson-10:audit-grammar-002,Bổ ngữ khả năng như 不清楚 不到 不懂 diễn tả không thể nhớ tìm hoặc hiểu được.,translated_subagent_draft
grammar,boya-elementary-ii:lesson-10:audit-grammar-003,往加 hướng加拐或走 dùng để chỉ đường rẽ hoặc đi theo hướng nào.,translated_subagent_draft
grammar,boya-elementary-ii:lesson-10:audit-grammar-004,一边…一边… diễn tả hai hành động xảy ra đồng thời.,translated_subagent_draft
grammar,boya-elementary-ii:lesson-10:audit-grammar-005,过 sau động từ diễn tả đã từng có trải nghiệm như từng đi đâu.,translated_subagent_draft
grammar,boya-elementary-ii:lesson-10:audit-grammar-006,可能加 mệnh đề nói điều được phỏng đoán có thể xảy ra.,translated_subagent_draft
grammar,boya-elementary-ii:lesson-10:audit-grammar-007,所以 dùng để dẫn đến kết quả từ nguyên nhân đã nêu.,translated_subagent_draft
grammar,boya-elementary-ii:lesson-10:audit-grammar-008,才 trước động từ nhấn mạnh việc xảy ra muộn hoặc chỉ sau điều kiện nào đó.,translated_subagent_draft
grammar,boya-elementary-ii:lesson-10:audit-grammar-009,急得加 mệnh đề diễn tả lo hoặc sốt ruột đến mức có phản ứng phía sau.,translated_subagent_draft
grammar,boya-elementary-ii:lesson-10:audit-grammar-010,Động từ lặp với 来去 nói hành động diễn ra qua lại nhiều lần.,translated_subagent_draft
grammar,boya-elementary-ii:lesson-11:audit-grammar-001,Động từ加起来 dùng để nêu cảm nhận khi làm hoặc dùng một việc như ăn thấy thế nào.,translated_subagent_draft
grammar,boya-elementary-ii:lesson-11:audit-grammar-002,先…再…最后… trình bày các bước theo thứ tự đầu tiên tiếp theo và cuối cùng.,translated_subagent_draft
grammar,boya-elementary-ii:lesson-11:audit-grammar-003,又…又… nêu hai tính chất cùng tồn tại.,translated_subagent_draft
grammar,boya-elementary-ii:lesson-11:audit-grammar-004,一…就… nói hễ việc đầu xảy ra thì việc sau xảy ra ngay.,translated_subagent_draft
grammar,boya-elementary-ii:lesson-11:audit-grammar-005,把 đưa tân ngữ lên trước động từ để nói xử lý nguyên liệu hay đồ vật thế nào.,translated_subagent_draft
grammar,boya-elementary-ii:lesson-11:audit-grammar-006,Động từ加成加 kết quả nói biến thứ gì thành trạng thái hay sản phẩm cuối cùng.,translated_subagent_draft
grammar,boya-elementary-ii:lesson-11:audit-grammar-007,着 sau động từ như 点着 diễn tả trạng thái đang cháy hoặc được bật.,translated_subagent_draft
grammar,boya-elementary-ii:lesson-11:audit-grammar-008,再 đứng trước động từ để nói làm bước tiếp theo hoặc làm thêm.,translated_subagent_draft
grammar,boya-elementary-ii:lesson-11:audit-grammar-009,一会儿 chỉ một lát hoặc một khoảng thời gian ngắn.,translated_subagent_draft
grammar,boya-elementary-ii:lesson-11:audit-grammar-010,就 nhấn mạnh kết quả đến ngay sau hành động hay điều kiện trước đó.,translated_subagent_draft
grammar,boya-elementary-ii:lesson-12:audit-grammar-001,Bổ ngữ xu hướng như 进 出 上 走 cho biết hướng di chuyển sau khi làm hành động.,translated_subagent_draft
grammar,boya-elementary-ii:lesson-12:audit-grammar-002,把 đưa đồ vật cần xử lý lên trước động từ để nêu thao tác với nó.,translated_subagent_draft
grammar,boya-elementary-ii:lesson-12:audit-grammar-003,把加 đồ vật加放在加 nơi chốn nói đặt đồ vật vào vị trí cụ thể.,translated_subagent_draft
grammar,boya-elementary-ii:lesson-12:audit-grammar-004,在…里 上 旁边 dùng để chỉ vị trí trong trên hoặc bên cạnh một nơi.,translated_subagent_draft
grammar,boya-elementary-ii:lesson-12:audit-grammar-005,如果…可以… nói nếu điều kiện xảy ra thì có thể làm việc ở vế sau.,translated_subagent_draft
grammar,boya-elementary-ii:lesson-12:audit-grammar-006,放不下 là bổ ngữ khả năng: không thể đặt vừa vì thiếu chỗ.,translated_subagent_draft
grammar,boya-elementary-ii:lesson-12:audit-grammar-007,看起来加 tính từ diễn tả vẻ bên ngoài hoặc nhận xét dựa vào quan sát.,translated_subagent_draft
grammar,boya-elementary-ii:lesson-12:audit-grammar-008,一边…一边… diễn tả làm hai việc cùng lúc.,translated_subagent_draft
grammar,boya-elementary-ii:lesson-12:audit-grammar-009,不但…而且… nối hai ý cùng đúng và nhấn ý sau mạnh hơn.,translated_subagent_draft
grammar,boya-elementary-ii:lesson-12:audit-grammar-010,有个加 danh từ giới thiệu sự tồn tại của một người hoặc vật chưa xác định.,translated_subagent_draft
grammar,boya-elementary-ii:lesson-13:audit-grammar-001,Động từ加不出来 là bổ ngữ khả năng: muốn làm nhưng không thể cho ra kết quả.,translated_subagent_draft
grammar,boya-elementary-ii:lesson-13:audit-grammar-002,Tính từ加得加 kết quả hoặc mức độ diễn tả mức độ mạnh dẫn đến một hệ quả.,translated_subagent_draft
grammar,boya-elementary-ii:lesson-13:audit-grammar-003,越…越… diễn tả sự thay đổi dần: càng… càng….,translated_subagent_draft
grammar,boya-elementary-ii:lesson-13:audit-grammar-004,连…都… nhấn mạnh ngay cả trường hợp cực đoan cũng như vậy.,translated_subagent_draft
grammar,boya-elementary-ii:lesson-13:audit-grammar-005,不管…都… nghĩa là bất kể điều kiện nào thì kết quả vẫn không thay đổi.,translated_subagent_draft
grammar,boya-elementary-ii:lesson-13:audit-grammar-006,为了… dùng để nêu mục đích của hành động.,translated_subagent_draft
grammar,boya-elementary-ii:lesson-13:audit-grammar-007,一遍一遍加 động từ diễn tả làm lặp lại hết lần này đến lần khác.,translated_subagent_draft
grammar,boya-elementary-ii:lesson-13:audit-grammar-008,看起来加 tính từ nói ấn tượng nhận được từ quan sát bên ngoài.,translated_subagent_draft
grammar,boya-elementary-ii:lesson-13:audit-grammar-009,连…都忘了怎么说 nhấn mạnh đến điều cơ bản cũng quên cách nói.,translated_subagent_draft
grammar,boya-elementary-ii:lesson-14:audit-grammar-001,其实 dùng để nêu sự thật hoặc ý giải thích đằng sau bề ngoài.,translated_subagent_draft
grammar,boya-elementary-ii:lesson-14:audit-grammar-002,为了… diễn tả mục đích hoặc động cơ của việc làm.,translated_subagent_draft
grammar,boya-elementary-ii:lesson-14:audit-grammar-003,只要…就… nêu điều kiện đủ: chỉ cần vế đầu đúng thì vế sau xảy ra.,translated_subagent_draft
grammar,boya-elementary-ii:lesson-14:audit-grammar-004,Động từ加下来 như 坚持下来 diễn tả tiếp tục và duy trì đến cuối cùng.,translated_subagent_draft
grammar,boya-elementary-ii:lesson-14:audit-grammar-005,专门 đứng trước động từ để nói cố ý dành riêng cho một mục đích.,translated_subagent_draft
grammar,boya-elementary-ii:lesson-14:audit-grammar-006,过 sau động từ diễn tả đã từng trải qua kinh nghiệm đó.,translated_subagent_draft
grammar,boya-elementary-ii:lesson-14:audit-grammar-007,就 đứng trước kết quả để nhấn mạnh kết quả đến ngay hay tất yếu.,translated_subagent_draft
grammar,boya-elementary-ii:lesson-14:audit-grammar-008,因为…所以… nối nguyên nhân ở vế đầu với kết quả ở vế sau.,translated_subagent_draft
grammar,boya-elementary-ii:lesson-14:audit-grammar-009,当 cộng nghề nghiệp nghĩa là làm nghề hoặc giữ vai trò đó.,translated_subagent_draft
grammar,boya-elementary-ii:lesson-14:audit-grammar-010,必须 hoặc 一定要加 động từ diễn tả yêu cầu bắt buộc hay rất cần thiết.,translated_subagent_draft
grammar,boya-elementary-ii:lesson-15:audit-grammar-001,Động từ加一下儿 làm yêu cầu hay hành động nghe ngắn và nhẹ hơn.,translated_subagent_draft
grammar,boya-elementary-ii:lesson-15:audit-grammar-002,如果…就… nêu điều kiện và kết quả tương ứng.,translated_subagent_draft
grammar,boya-elementary-ii:lesson-15:audit-grammar-003,又…又… mô tả hai đặc điểm hoặc hai việc cùng có.,translated_subagent_draft
grammar,boya-elementary-ii:lesson-15:audit-grammar-004,着 sau động từ diễn tả trạng thái đang tiếp diễn hay đang được duy trì.,translated_subagent_draft
grammar,boya-elementary-ii:lesson-15:audit-grammar-005,越来越… diễn tả mức độ thay đổi ngày càng tăng hoặc giảm.,translated_subagent_draft
grammar,boya-elementary-ii:lesson-15:audit-grammar-006,…就可以了 nghĩa là chỉ cần làm đến đó là được.,translated_subagent_draft
grammar,boya-elementary-ii:lesson-15:audit-grammar-007,不但…而且… thêm một ý cùng đúng và thường nhấn mạnh ý sau.,translated_subagent_draft
grammar,boya-elementary-ii:lesson-15:audit-grammar-008,把加 đồ vật加放在… dùng để nói đặt đồ vật vào vị trí nào.,translated_subagent_draft
grammar,boya-elementary-ii:lesson-15:audit-grammar-009,让加 người加 tính từ nghĩa là làm cho ai có cảm giác hay trở nên thế nào.,translated_subagent_draft
grammar,boya-elementary-ii:lesson-15:audit-grammar-010,可以加 động từ diễn tả cho phép hoặc khả năng.,translated_subagent_draft
grammar,boya-elementary-ii:lesson-16:audit-grammar-001,除了…以外 dùng để nói ngoài người vật hay phạm vi đã nêu ra.,translated_subagent_draft
grammar,boya-elementary-ii:lesson-16:audit-grammar-002,别加 động từ dùng để ngăn hoặc khuyên đừng làm việc gì.,translated_subagent_draft
grammar,boya-elementary-ii:lesson-16:audit-grammar-003,一边…一边… diễn tả hai hành động xảy ra đồng thời.,translated_subagent_draft
grammar,boya-elementary-ii:lesson-16:audit-grammar-004,真是太…了 dùng để cảm thán mức độ rất cao.,translated_subagent_draft
grammar,boya-elementary-ii:lesson-16:audit-grammar-005,一…就… nói hễ việc đầu xảy ra thì việc sau xảy ra ngay.,translated_subagent_draft
grammar,boya-elementary-ii:lesson-16:audit-grammar-006,时 đứng sau hoạt động hoặc mốc thời gian để chỉ lúc đó.,translated_subagent_draft
grammar,boya-elementary-ii:lesson-16:audit-grammar-007,还是 đứng trước danh từ hoặc tính từ để chọn phương án cũ hay phương án tốt hơn.,translated_subagent_draft
grammar,boya-elementary-ii:lesson-16:audit-grammar-008,像…那样 dùng để so sánh với cách hay trạng thái như thế kia.,translated_subagent_draft
grammar,boya-elementary-ii:lesson-16:audit-grammar-009,Động từ加后 nghĩa là sau khi làm việc đó.,translated_subagent_draft
grammar,boya-elementary-ii:lesson-16:audit-grammar-010,有点儿 đứng trước tính từ chỉ mức độ hơi và thường hàm ý chưa như mong muốn.,translated_subagent_draft
grammar,boya-elementary-ii:lesson-16:audit-grammar-011,会加 động từ diễn tả biết làm hoặc khả năng sẽ xảy ra.,translated_subagent_draft
grammar,boya-elementary-ii:lesson-16:audit-grammar-012,可以加 động từ dùng để xin phép hoặc nói có thể làm.,translated_subagent_draft
grammar,boya-elementary-ii:lesson-17:audit-grammar-001,马上就要加 động từ加了 nhấn mạnh sự việc sắp xảy ra rất nhanh.,translated_subagent_draft
grammar,boya-elementary-ii:lesson-17:audit-grammar-002,可得加 động từ nhấn mạnh lời nhắc hoặc yêu cầu rất cần thiết: nhất định phải.,translated_subagent_draft
grammar,boya-elementary-ii:lesson-17:audit-grammar-003,连着加 động từ diễn tả làm liên tiếp không ngừng hoặc đặt nối liền nhau.,translated_subagent_draft
grammar,boya-elementary-ii:lesson-17:audit-grammar-004,把加 tân ngữ加 động từ个遍 nghĩa là làm hành động đó với toàn bộ từng phần của đối tượng.,translated_subagent_draft
grammar,boya-elementary-ii:lesson-17:audit-grammar-005,一个一个地加 động từ nghĩa là làm lần lượt từng cái hoặc từng người.,translated_subagent_draft
grammar,boya-elementary-ii:lesson-17:audit-grammar-006,一方面…另一方面… trình bày hai mặt hay hai lý do song song.,translated_subagent_draft
grammar,boya-elementary-ii:lesson-17:audit-grammar-007,不够加 người hoặc thời gian加 động từ nghĩa là không đủ nguồn lực để làm.,translated_subagent_draft
grammar,boya-elementary-ii:lesson-17:audit-grammar-008,可以加 động từ diễn tả được phép hoặc có thể.,translated_subagent_draft
grammar,boya-elementary-ii:lesson-17:audit-grammar-009,Động từ加 thời lượng cho biết làm việc đó trong bao lâu.,translated_subagent_draft
grammar,boya-elementary-ii:lesson-17:audit-grammar-010,多么加 tính từ加啊 là câu cảm thán nhấn mạnh mức độ rất cao.,translated_subagent_draft
grammar,boya-elementary-ii:lesson-18:audit-grammar-001,虽然…但是… diễn tả dù có điều ở vế đầu nhưng kết quả trái với mong đợi ở vế sau.,translated_subagent_draft
grammar,boya-elementary-ii:lesson-18:audit-grammar-002,Câu bị động dùng 被 để nói chủ thể chịu tác động của hành động từ bên ngoài.,translated_subagent_draft
grammar,boya-elementary-ii:lesson-18:audit-grammar-003,只要…就… nói chỉ cần một điều kiện là kết quả có thể xảy ra.,translated_subagent_draft
grammar,boya-elementary-ii:lesson-18:audit-grammar-004,一边…一边… diễn tả đồng thời làm hai việc.,translated_subagent_draft
grammar,boya-elementary-ii:lesson-18:audit-grammar-005,从来没加 động từ nghĩa là từ trước đến nay chưa từng làm hoặc chưa từng xảy ra.,translated_subagent_draft
grammar,boya-elementary-ii:lesson-18:audit-grammar-006,要是…非…不可 nêu điều kiện rồi nhấn mạnh bắt buộc phải làm điều ở vế sau.,translated_subagent_draft
grammar,boya-elementary-ii:lesson-18:audit-grammar-007,Động từ加得很 diễn tả hành động được thực hiện ở mức độ cao.,translated_subagent_draft
grammar,boya-elementary-ii:lesson-18:audit-grammar-008,应该加 động từ dùng để khuyên hoặc nói việc nên làm.,translated_subagent_draft
grammar,boya-elementary-ii:lesson-18:audit-grammar-009,最好加 động từ đưa ra lời khuyên về lựa chọn tốt nhất.,translated_subagent_draft
grammar,boya-elementary-ii:lesson-18:audit-grammar-010,的时候 đặt sau cụm thời gian hay hành động để nói vào lúc đó.,translated_subagent_draft
grammar,boya-elementary-ii:lesson-18:audit-grammar-011,一件一件地加 động từ nghĩa là làm hoặc xử lý từng việc từng món một.,translated_subagent_draft
grammar,boya-elementary-ii:lesson-18:audit-grammar-012,对…来说 dùng để nêu nhận xét theo góc nhìn của một người hay phương diện.,translated_subagent_draft
grammar,boya-elementary-ii:lesson-18:audit-grammar-013,同时加 động từ diễn tả hai hành động hoặc tình huống xảy ra cùng lúc.,translated_subagent_draft
expression,boya-elementary-i:lesson-01:expression-01,Xin chào,translated_subagent_draft
expression,boya-elementary-i:lesson-01:expression-02,Cảm ơn,translated_subagent_draft
expression,boya-elementary-i:lesson-01:expression-03,Không có gì,translated_subagent_draft
expression,boya-elementary-i:lesson-01:expression-04,Xin lỗi,translated_subagent_draft
expression,boya-elementary-i:lesson-01:expression-05,Không sao,translated_subagent_draft
expression,boya-elementary-i:lesson-01:expression-06,Tạm biệt,translated_subagent_draft
expression,boya-elementary-i:lesson-02:expression-01,Chào buổi sáng,translated_subagent_draft
expression,boya-elementary-i:lesson-02:expression-02,Chào buổi tối,translated_subagent_draft
expression,boya-elementary-i:lesson-02:expression-03,Hẹn gặp ngày mai,translated_subagent_draft
expression,boya-elementary-i:lesson-02:expression-04,Mời vào,translated_subagent_draft
expression,boya-elementary-i:lesson-02:expression-05,Cái gì?; Gì?,translated_subagent_draft
expression,boya-elementary-i:lesson-02:expression-06,Bao nhiêu tiền?,translated_subagent_draft
expression,boya-elementary-i:lesson-03:expression-01,Tôi hiểu rồi,translated_subagent_draft
expression,boya-elementary-i:lesson-03:expression-02,Tôi nghe không hiểu,translated_subagent_draft
expression,boya-elementary-i:lesson-03:expression-03,Xin hãy nói lại một lần nữa,translated_subagent_draft
expression,boya-elementary-i:lesson-03:expression-04,Đắt quá,translated_subagent_draft
expression,boya-elementary-i:lesson-03:expression-05,Rẻ hơn một chút nhé,translated_subagent_draft
expression,boya-elementary-i:lesson-03:expression-06,Nhà vệ sinh ở đâu?,translated_subagent_draft
